# time u2_x
0.005000              0.00000000000000000000
0.010000              0.00000065990207939834
0.015000              0.00000175666641856793
0.020000              0.00000331056969664431
0.025000              0.00000532459877860962
0.030000              0.00000780598107467969
0.035000              0.00001076211579151907
0.040000              0.00001419823644788530
0.045000              0.00001811698109549026
0.050000              0.00002251456107602429
0.055000              0.00002738144303784347
0.060000              0.00003270049600165325
0.065000              0.00003844811965981298
0.070000              0.00004459904568714974
0.075000              0.00005112399342013565
0.080000              0.00005799591026095874
0.085000              0.00006518536918569361
0.090000              0.00007265925097021114
0.095000              0.00008038326801796728
0.100000              0.00008832220619779306
0.105000              0.00009644335607355344
0.110000              0.00010471766176771533
0.115000              0.00011311902211502970
0.120000              0.00012162351429748996
0.125000              0.00013020782421805985
0.130000              0.00013884756366864471
0.135000              0.00014751956584773437
0.140000              0.00015618392297190640
0.145000              0.00016479501669565039
0.150000              0.00017330065207894318
0.155000              0.00018164019586838580
0.160000              0.00018977359667748391
0.165000              0.00019767026286394114
0.170000              0.00020531216687023120
0.175000              0.00021268291510188515
0.180000              0.00021978576234275089
0.185000              0.00022663027332424368
0.190000              0.00023322216870948464
0.195000              0.00023956737783287018
0.200000              0.00024564646398598101
0.205000              0.00025143237245674850
0.210000              0.00025688736547283924
0.215000              0.00026197415934742810
0.220000              0.00026659524837677857
0.225000              0.00027064964292549743
0.230000              0.00027400730012130340
0.235000              0.00027652649592518728
0.240000              0.00027805005861512237
0.245000              0.00027841288882351752
0.250000              0.00027751421745191788
0.255000              0.00027527879306283389
0.260000              0.00027177630711721940
0.265000              0.00026715085479249044
0.270000              0.00026148446013493404
0.275000              0.00025483901594610655
0.280000              0.00024719893943192929
0.285000              0.00023851518283040830
0.290000              0.00022877252821631051
0.295000              0.00021796434035963424
0.300000              0.00020614027167926153
0.305000              0.00019338168233295810
0.310000              0.00017976992742039347
0.315000              0.00016539579459230394
0.320000              0.00015029395286105955
0.325000              0.00013448106243860115
0.330000              0.00011796390169685413
0.335000              0.00010073829018184405
0.340000              0.00008285410835053158
0.345000              0.00006437643853768549
0.350000              0.00004544205661078646
0.355000              0.00002621474505900503
0.360000              0.00000689276020067816
0.365000             -0.00001230488072440758
0.370000             -0.00003133509952371241
0.375000             -0.00005021428279809559
0.380000             -0.00006901458736920276
0.385000             -0.00008784452512258420
0.390000             -0.00010670585355571328
0.395000             -0.00012557062418568711
0.400000             -0.00014429552056094457
0.405000             -0.00016268918663214126
0.410000             -0.00018057750990735453
0.415000             -0.00019778204116255142
0.420000             -0.00021419921694017279
0.425000             -0.00022975176440889387
0.430000             -0.00024439317314711809
0.435000             -0.00025809652263099147
0.440000             -0.00027082228490064061
0.445000             -0.00028252847522913517
0.450000             -0.00029318034334926442
0.455000             -0.00030274921485880067
0.460000             -0.00031124437492869553
0.465000             -0.00031869789972854091
0.470000             -0.00032543024988036594
0.475000             -0.00033188365161083890
0.480000             -0.00033859225899975136
0.485000             -0.00034615880726410441
0.490000             -0.00035510022562534763
0.495000             -0.00036592996073429342
0.500000             -0.00037909820436068747
0.505000             -0.00039501900835348526
0.510000             -0.00041413893387822452
0.515000             -0.00043689591422236022
0.520000             -0.00046350748157809348
0.525000             -0.00049409564773579431
0.530000             -0.00052850558120295303
0.535000             -0.00056643397078771820
0.540000             -0.00060770806452183394
0.545000             -0.00065214145602775653
0.550000             -0.00069918999172525597
0.555000             -0.00074817471034914441
0.560000             -0.00079843263178245455
0.565000             -0.00084925810035202398
0.570000             -0.00090013635077867298
0.575000             -0.00095061720539262257
0.580000             -0.00100031112043687362
0.585000             -0.00104888976612674029
0.590000             -0.00109589578405169526
0.595000             -0.00114088612994417372
0.600000             -0.00118327396142227891
0.605000             -0.00122241452505619103
0.610000             -0.00125779017403297071
0.615000             -0.00128891595386167895
0.620000             -0.00131544502519999567
0.625000             -0.00133708506989844360
0.630000             -0.00135377722785721966
0.635000             -0.00136557913842008140
0.640000             -0.00137255876214442598
0.645000             -0.00137484951883470137
0.650000             -0.00137250574431839988
0.655000             -0.00136556660334205440
0.660000             -0.00135419133798431006
0.665000             -0.00133867186908779006
0.670000             -0.00131974324367896000
0.675000             -0.00129837887319948688
0.680000             -0.00127560699569949625
0.685000             -0.00125254591219519968
0.690000             -0.00122968535592165445
0.695000             -0.00120735864036534577
0.700000             -0.00118548327589234909
0.705000             -0.00116378767127188823
0.710000             -0.00114185450260757392
0.715000             -0.00111919595872776267
0.720000             -0.00109518357214716949
0.725000             -0.00106912846413780471
0.730000             -0.00104015581453545435
0.735000             -0.00100734352926649495
0.740000             -0.00096986548522002408
0.745000             -0.00092695593410890517
0.750000             -0.00087793423702386985
0.755000             -0.00082214206394114653
0.760000             -0.00075930307246482929
0.765000             -0.00068930077017898613
0.770000             -0.00061267390492974463
0.775000             -0.00053027624563211186
0.780000             -0.00044337383110100702
0.785000             -0.00035351160974388969
0.790000             -0.00026169281278910295
0.795000             -0.00016883935687580533
0.800000             -0.00007562647334712145
0.805000              0.00001735457443679505
0.810000              0.00010924856349747346
0.815000              0.00019912772196649622
0.820000              0.00028591925053262447
0.825000              0.00036851030065022927
0.830000              0.00044585455070491215
0.835000              0.00051695926656189332
0.840000              0.00058118884584646140
0.845000              0.00063810766180719721
0.850000              0.00068747850766500600
0.855000              0.00072926023784169395
0.860000              0.00076348800912570257
0.865000              0.00079032624441024600
0.870000              0.00081029764337464498
0.875000              0.00082410415792230347
0.880000              0.00083262358580720494
0.885000              0.00083683061308943989
0.890000              0.00083819612237159933
0.895000              0.00083838393737710438
0.900000              0.00083925565140481877
0.905000              0.00084277981217782043
0.910000              0.00085045480248739668
0.915000              0.00086360621837178230
0.920000              0.00088284511607385262
0.925000              0.00090843581374159719
0.930000              0.00094051376655216628
0.935000              0.00097903524395026999
0.940000              0.00102413275105337582
0.945000              0.00107594339449313694
0.950000              0.00113459274558828493
0.955000              0.00120020424547303216
0.960000              0.00127226890546219720
0.965000              0.00135005254906820716
0.970000              0.00143264813640139269
0.975000              0.00151904436447178348
0.980000              0.00160847854340425149
0.985000              0.00170030484175439527
0.990000              0.00179390459987772673
0.995000              0.00188870503048792692
1.000000              0.00198374457550910084
1.005000              0.00207787824549533848
1.010000              0.00216951166898362267
1.015000              0.00225682903922847476
1.020000              0.00233802977032461414
1.025000              0.00241125774682160194
1.030000              0.00247512554407363326
1.035000              0.00252839446698368154
1.040000              0.00256996476860807616
1.045000              0.00259879360485934735
1.050000              0.00261333918249203288
1.055000              0.00261190075649884263
1.060000              0.00259304103021908280
1.065000              0.00255535481960317452
1.070000              0.00249872544250384415
1.075000              0.00242355587372307781
1.080000              0.00233095401138294460
1.085000              0.00222256518130456437
1.090000              0.00210037495892002705
1.095000              0.00196671637232283215
1.100000              0.00182430875350733678
1.105000              0.00167604158552681179
1.110000              0.00152442023632520275
1.115000              0.00137190839758331070
1.120000              0.00121996350901202645
1.125000              0.00106962199189911795
1.130000              0.00092124157849454897
1.135000              0.00077472371891381655
1.140000              0.00062966855012272364
1.145000              0.00048534222955228792
1.150000              0.00034080159959809536
1.155000              0.00019482237586107375
1.160000              0.00004585058052640354
1.165000             -0.00010796205657842513
1.170000             -0.00026810889994170040
1.175000             -0.00043606422342376978
1.180000             -0.00061254511603223095
1.185000             -0.00079791859053419869
1.190000             -0.00099218821244625673
1.195000             -0.00119500742231837005
1.200000             -0.00140600608682552204
1.205000             -0.00162457419203774957
1.210000             -0.00185002168395967501
1.215000             -0.00208144089701242652
1.220000             -0.00231760396969820509
1.225000             -0.00255700353779806169
1.230000             -0.00279752744880178063
1.235000             -0.00303671207221209568
1.240000             -0.00327173510411613022
1.245000             -0.00349962312706409871
1.250000             -0.00371716342846268926
1.255000             -0.00392116258902400205
1.260000             -0.00410855052109709070
1.265000             -0.00427652407003608747
1.270000             -0.00442299669167266381
1.275000             -0.00454624532673780432
1.280000             -0.00464524645019006883
1.285000             -0.00471947913444078094
1.290000             -0.00476941538593125391
1.295000             -0.00479606717289478811
1.300000             -0.00480131256995175882
1.305000             -0.00478755016579770001
1.310000             -0.00475685720706520068
1.315000             -0.00471122710390420654
1.320000             -0.00465255202937949267
1.325000             -0.00458257586710060071
1.330000             -0.00450343245221593736
1.335000             -0.00441719425507553724
1.340000             -0.00432594794125659449
1.345000             -0.00423153165820223422
1.350000             -0.00413519896727756672
1.355000             -0.00403769363014024659
1.360000             -0.00393891883195050807
1.365000             -0.00383840482774097007
1.370000             -0.00373499272040834140
1.375000             -0.00362721403598130140
1.380000             -0.00351370011670556603
1.385000             -0.00339307621547918232
1.390000             -0.00326435725503201836
1.395000             -0.00312683282010817274
1.400000             -0.00297999702676546773
1.405000             -0.00282359525683532160
1.410000             -0.00265788849015337119
1.415000             -0.00248332792944289896
1.420000             -0.00230122736544689094
1.425000             -0.00211336635336722934
1.430000             -0.00192186909318572117
1.435000             -0.00172914755095493478
1.440000             -0.00153727931382565699
1.445000             -0.00134823186270608504
1.450000             -0.00116344471417374425
1.455000             -0.00098406167113297216
1.460000             -0.00081102280551375542
1.465000             -0.00064503274958732800
1.470000             -0.00048628921107042616
1.475000             -0.00033465278228319857
1.480000             -0.00018946030401482608
1.485000             -0.00004968940806884966
1.490000              0.00008581778501452906
1.495000              0.00021840923125765902
1.500000              0.00034927763835459097
1.505000              0.00047959229643053624
1.510000              0.00061011155566087515
1.515000              0.00074137419871682408
1.520000              0.00087372862817715693
1.525000              0.00100730099793722703
1.530000              0.00114191498504495766
1.535000              0.00127711623190086073
1.540000              0.00141229260361324521
1.545000              0.00154660592323376846
1.550000              0.00167936915691542315
1.555000              0.00180986793042681735
1.560000              0.00193733688978262346
1.565000              0.00206100538563659110
1.570000              0.00217962720968984877
1.575000              0.00229180280675091077
1.580000              0.00239557320360982845
1.585000              0.00248884634388699599
1.590000              0.00257065270835519144
1.595000              0.00264033430569295818
1.600000              0.00269898816284531821
1.605000              0.00274852216553411613
1.610000              0.00279083855907439997
1.615000              0.00282812333639090308
1.620000              0.00286178374354343658
1.625000              0.00289305659402507281
1.630000              0.00292320787500599359
1.635000              0.00295338825077045338
1.640000              0.00298521238587054136
1.645000              0.00302029940513778112
1.650000              0.00306023743367912467
1.655000              0.00310660942627532513
1.660000              0.00316016712205508931
1.665000              0.00322132587754910688
1.670000              0.00328874068725178940
1.675000              0.00336021418429759827
1.680000              0.00343215721288009238
1.685000              0.00350020051774027662
1.690000              0.00356010687179830927
1.695000              0.00360749251716761159
1.700000              0.00363834715161845184
1.705000              0.00364893650345877660
1.710000              0.00363562121561831781
1.715000              0.00359503662486843718
1.720000              0.00352456695024854676
1.725000              0.00342206277325296298
1.730000              0.00328679940579258787
1.735000              0.00311877102595433482
1.740000              0.00291894631028086476
1.745000              0.00268900459764419807
1.750000              0.00243110371363159999
1.755000              0.00214783750526847776
1.760000              0.00184189125863830588
1.765000              0.00151611452646360800
1.770000              0.00117336443447390876
1.775000              0.00081648545842219488
1.780000              0.00044782704445230743
1.785000              0.00006943345266013549
1.790000             -0.00031756247304103459
1.795000             -0.00071258905722225993
1.800000             -0.00111556702022043582
1.805000             -0.00152687441489060397
1.810000             -0.00194649249820127708
1.815000             -0.00237444392073545571
1.820000             -0.00280992679897512556
1.825000             -0.00325182074637280546
1.830000             -0.00369808380557359786
1.835000             -0.00414620091240283477
1.840000             -0.00459325320044334622
1.845000             -0.00503591574045496662
1.850000             -0.00547117991455403282
1.855000             -0.00589592891462830965
1.860000             -0.00630783873871425520
1.865000             -0.00670473796563035660
1.870000             -0.00708421254998198476
1.875000             -0.00744384917536130945
1.880000             -0.00777989816848883263
1.885000             -0.00808834599648424780
1.890000             -0.00836472536701696016
1.895000             -0.00860459652705359776
1.900000             -0.00880397513299858644
1.905000             -0.00895926460904360004
1.910000             -0.00906710045931465036
1.915000             -0.00912445769113044876
1.920000             -0.00912873114975206248
1.925000             -0.00907746977871043935
1.930000             -0.00896924253760132684
1.935000             -0.00880352297128996451
1.940000             -0.00858148505623440583
1.945000             -0.00830519866173546652
1.950000             -0.00797881843754271250
1.955000             -0.00760738720483231014
1.960000             -0.00719742873830553527
1.965000             -0.00675631666879228290
1.970000             -0.00629138086998093458
1.975000             -0.00581012087723063730
1.980000             -0.00531842373846875931
1.985000             -0.00482150535004708704
1.990000             -0.00432282867991027383
1.995000             -0.00382507285807238842
2.000000             -0.00332958212672169107
2.005000             -0.00283686538660487967
2.010000             -0.00234682082932371203
2.015000             -0.00185878581060433599
2.020000             -0.00137214392783757558
2.025000             -0.00088609230907920093
2.030000             -0.00040001384074044418
2.035000              0.00008670814728107304
2.040000              0.00057410826270967350
2.045000              0.00106196876022761257
2.050000              0.00154938239144400197
2.055000              0.00203504708253135925
2.060000              0.00251743743883725514
2.065000              0.00299466160622773167
2.070000              0.00346468709832655451
2.075000              0.00392517461283756804
2.080000              0.00437414325209969056
2.085000              0.00480960039375390690
2.090000              0.00522999568979276835
2.095000              0.00563377881727581461
2.100000              0.00601969744330842389
2.105000              0.00638663606326710098
2.110000              0.00673405433365851114
2.115000              0.00706195641996921076
2.120000              0.00737110789884882871
2.125000              0.00766285834052513135
2.130000              0.00793919091495734128
2.135000              0.00820266113922450517
2.140000              0.00845605317225190528
2.145000              0.00870255232977021689
2.150000              0.00894541011349635033
2.155000              0.00918801580576806241
2.160000              0.00943389466954931179
2.165000              0.00968657832695476832
2.170000              0.00994955778347491465
2.175000              0.01022564427147960864
2.180000              0.01051766979709950998
2.185000              0.01082739688780931520
2.190000              0.01115583718093042520
2.195000              0.01150357503710001603
2.200000              0.01186931874732317926
2.205000              0.01225096863776302045
2.210000              0.01264507416333702887
2.215000              0.01304732503885515545
2.220000              0.01345288839016125886
2.225000              0.01385644763289211288
2.230000              0.01425292953377663326
2.235000              0.01463720852151761433
2.240000              0.01500419737702980878
2.245000              0.01534908031287916634
2.250000              0.01566661246967239116
2.255000              0.01595165009008844489
2.260000              0.01619960910219291408
2.265000              0.01640606297261360327
2.270000              0.01656844582492788751
2.275000              0.01668470548835615866
2.280000              0.01675386608637705055
2.285000              0.01677632049605792125
2.290000              0.01675352516230928929
2.295000              0.01668748748328248085
2.300000              0.01658082938927363248
2.305000              0.01643655885823711721
2.310000              0.01625729335192014832
2.315000              0.01604565785932068195
2.320000              0.01580310048768439335
2.325000              0.01553057431318173760
2.330000              0.01522771741469001322
2.335000              0.01489312435462422125
2.340000              0.01452457382407632176
2.345000              0.01411903125002187190
2.350000              0.01367244363249345979
2.355000              0.01317960846637766630
2.360000              0.01263564270860279524
2.365000              0.01203574362468066983
2.370000              0.01137641575740990819
2.375000              0.01065477455122007880
2.380000              0.00986987979200792780
2.385000              0.00902176590964080642
2.390000              0.00811221865514192945
2.395000              0.00714417979726053500
2.400000              0.00612160374500856936
2.405000              0.00504936943843339869
2.410000              0.00393290817000958252
2.415000              0.00277804104010797659
2.420000              0.00159095805652261727
2.425000              0.00037813529375531438
2.430000             -0.00085369201555127194
2.435000             -0.00209761452082444589
2.440000             -0.00334736145110850264
2.445000             -0.00459701396164229146
2.450000             -0.00584244380440048384
2.455000             -0.00708046803376757850
2.460000             -0.00830773717266481207
2.465000             -0.00952135204463359051
2.470000             -0.01071641201363352641
2.475000             -0.01188763557087340293
2.480000             -0.01302961863440584706
2.485000             -0.01413656877870276760
2.490000             -0.01520400145994461535
2.495000             -0.01622782185825076898
2.500000             -0.01720452867202633060
2.505000             -0.01813063821504851819
2.510000             -0.01900445492950915763
2.515000             -0.01982480670585632168
2.520000             -0.02059180221941887823
2.525000             -0.02130628078185233323
2.530000             -0.02196864406837635911
2.535000             -0.02257934070186950679
2.540000             -0.02313765781573125235
2.545000             -0.02364331486595481341
2.550000             -0.02409367436337281690
2.555000             -0.02448534393193604886
2.560000             -0.02481639450525465265
2.565000             -0.02508562725127726559
2.570000             -0.02529343941763866760
2.575000             -0.02544223990279005990
2.580000             -0.02553383989999990708
2.585000             -0.02557060965295433752
2.590000             -0.02555296611793812095
2.595000             -0.02548112500094820709
2.600000             -0.02535471867726058273
2.605000             -0.02517294165801653091
2.610000             -0.02493538247312006989
2.615000             -0.02464150006916297764
2.620000             -0.02429253234505877879
2.625000             -0.02388962463067292527
2.630000             -0.02343613977600080348
2.635000             -0.02293548810148976144
2.640000             -0.02239067293229116476
2.645000             -0.02180435297227155400
2.650000             -0.02117750725700222325
2.655000             -0.02051044504788511122
2.660000             -0.01980210544553991786
2.665000             -0.01905101619260272938
2.670000             -0.01825527890181855711
2.675000             -0.01741407420066905590
2.680000             -0.01652527568625431278
2.685000             -0.01558678631824152172
2.690000             -0.01459633989030838241
2.695000             -0.01355197582383818426
2.700000             -0.01245331101035362757
2.705000             -0.01130110788831903933
2.710000             -0.01009902609029189255
2.715000             -0.00885197712942886565
2.720000             -0.00756716064059856017
2.725000             -0.00625263199819085704
2.730000             -0.00491762163549481438
2.735000             -0.00357191008531988503
2.740000             -0.00222430175924990961
2.745000             -0.00088334639387154554
2.750000              0.00044369147661837386
2.755000              0.00175014041667290393
2.760000              0.00302997472549866153
2.765000              0.00427768873756005381
2.770000              0.00548874304944848256
2.775000              0.00665926420599331770
2.780000              0.00778762393803661759
2.785000              0.00887324867688707788
2.790000              0.00991895824575872963
2.795000              0.01092928005312824961
2.800000              0.01190975520719392625
2.805000              0.01286702174598405336
2.810000              0.01380583784077182158
2.815000              0.01473069215565190986
2.820000              0.01564260747697259618
2.825000              0.01654095991251713568
2.830000              0.01742217288902036393
2.835000              0.01828084320920128972
2.840000              0.01911154337228314001
2.845000              0.01990811590369995915
2.850000              0.02066420552344576736
2.855000              0.02137312782240375492
2.860000              0.02202797258258927526
2.865000              0.02262162462123519860
2.870000              0.02314842023616827879
2.875000              0.02360349320388911015
2.880000              0.02398361830135349593
2.885000              0.02428697031947164853
2.890000              0.02451125531870328861
2.895000              0.02465554259191093250
2.900000              0.02471748919755876669
2.905000              0.02469507948695136984
2.910000              0.02458581098904343010
2.915000              0.02438756881702425910
2.920000              0.02409945826727648982
2.925000              0.02372134178036885629
2.930000              0.02325456706587889985
2.935000              0.02270176893912897315
2.940000              0.02206702876328272764
2.945000              0.02135489040399793717
2.950000              0.02057162685179919626
2.955000              0.01972400603154410292
2.960000              0.01881894132657138674
2.965000              0.01786335016909194884
2.970000              0.01686237527968002803
2.975000              0.01582055088476866378
2.980000              0.01474188328677429258
2.985000              0.01363005166179379057
2.990000              0.01248777914813833587
2.995000              0.01131755446664359753
3.000000              0.01012067291995399909
3.005000              0.00889834144032638184
3.010000              0.00765082609288455194
3.015000              0.00637853069308567684
3.020000              0.00508102899299885894
3.025000              0.00375773645594490490
3.030000              0.00240824223008865874
3.035000              0.00103238655422687809
3.040000             -0.00036852026175601319
3.045000             -0.00179246084723517661
3.050000             -0.00323572920125732300
3.055000             -0.00469385689179053957
3.060000             -0.00616137153028162732
3.065000             -0.00763236102585447464
3.070000             -0.00910102865236755987
3.075000             -0.01056166007035305374
3.080000             -0.01200850570820046620
3.085000             -0.01343605482303308375
3.090000             -0.01483786940914836976
3.095000             -0.01620802962068153621
3.100000             -0.01754016426480570559
3.105000             -0.01882804694684406255
3.110000             -0.02006596035427721594
3.115000             -0.02124830077042070414
3.120000             -0.02236933640534302659
3.125000             -0.02342430156396235405
3.130000             -0.02440863715266163025
3.135000             -0.02531775445824271595
3.140000             -0.02614770934328311189
3.145000             -0.02689461305397664731
3.150000             -0.02755595640796592791
3.155000             -0.02812948527091480716
3.160000             -0.02861506697144806585
3.165000             -0.02901381948445320991
3.170000             -0.02932814744360401696
3.175000             -0.02956173801070253321
3.180000             -0.02971894763557521302
3.185000             -0.02980493411944232229
3.190000             -0.02982433775751626437
3.195000             -0.02978215381435690354
3.200000             -0.02968376351126821716
3.205000             -0.02953492650731287528
3.210000             -0.02934095538843045636
3.215000             -0.02910845689767409261
3.220000             -0.02884210734399819329
3.225000             -0.02854665626950635832
3.230000             -0.02822476750273832796
3.235000             -0.02787933212940849059
3.240000             -0.02751031409057045490
3.245000             -0.02711624308360444449
3.250000             -0.02669451934662953399
3.255000             -0.02624108037371043756
3.260000             -0.02575059711484732963
3.265000             -0.02521672022586598713
3.270000             -0.02463293437016375251
3.275000             -0.02399236397332688009
3.280000             -0.02328829212445316862
3.285000             -0.02251406991352844153
3.290000             -0.02166397126489372216
3.295000             -0.02073285281921885548
3.300000             -0.01971915676540036272
3.305000             -0.01862304935875177744
3.310000             -0.01744839267127821711
3.315000             -0.01620087330325841249
3.320000             -0.01488598537870886376
3.325000             -0.01351040324146232999
3.330000             -0.01207800961061286649
3.335000             -0.01059250933744240557
3.340000             -0.00905690698190940099
3.345000             -0.00747375501567863060
3.350000             -0.00584680229583984211
3.355000             -0.00417984401833907445
3.360000             -0.00247764000670964166
3.365000             -0.00074488623785169857
3.370000              0.00101319759831007355
3.375000              0.00279182663387855931
3.380000              0.00458573664480902213
3.385000              0.00638986233282156334
3.390000              0.00819885565945057543
3.395000              0.01000731966402563546
3.400000              0.01180985997479774320
3.405000              0.01360100828176730690
3.410000              0.01537458460658412684
3.415000              0.01712500446639069612
3.420000              0.01884584627918688138
3.425000              0.02053032761632856210
3.430000              0.02217188675530215591
3.435000              0.02376369944955654401
3.440000              0.02529936075112496421
3.445000              0.02677334557927612407
3.450000              0.02818121569108373095
3.455000              0.02951905590599473647
3.460000              0.03078420952259110915
3.465000              0.03197487185374764396
3.470000              0.03308979597069684753
3.475000              0.03412873643311297583
3.480000              0.03509149732079869244
3.485000              0.03597819192967606494
3.490000              0.03678863616335799336
3.495000              0.03752315916941895840
3.500000              0.03818168735775911982
3.505000              0.03876537689242274404
3.510000              0.03927519222185144043
3.515000              0.03971243317333199296
3.520000              0.04007925989487200885
3.525000              0.04037683946514753625
3.530000              0.04060651847190848568
3.535000              0.04076904476060586729
3.540000              0.04086440132967650296
3.545000              0.04089164992830493506
3.550000              0.04084824632160821700
3.555000              0.04073141955270925818
3.560000              0.04053817758714286373
3.565000              0.04026437827078763881
3.570000              0.03990532377453701735
3.575000              0.03945533374195738657
3.580000              0.03890939533557075114
3.585000              0.03826218484000474401
3.590000              0.03750833355185686363
3.595000              0.03664358950514323005
3.600000              0.03566533376906617231
3.605000              0.03457182627713949880
3.610000              0.03336443757596277426
3.615000              0.03204502127884897161
3.620000              0.03061754295463820288
3.625000              0.02908762002842533653
3.630000              0.02746188548580980396
3.635000              0.02574756283023983683
3.640000              0.02395230609333586641
3.645000              0.02208341651275329623
3.650000              0.02014819924906307777
3.655000              0.01815332896886649380
3.660000              0.01610426221398440425
3.665000              0.01400556680103407121
3.670000              0.01186036390436460974
3.675000              0.00967032413160001138
3.680000              0.00743607909990428532
3.685000              0.00515734184434820005
3.690000              0.00283319257258643140
3.695000              0.00046231035978999089
3.700000             -0.00195707271488469942
3.705000             -0.00442682365504252703
3.710000             -0.00694771183024979217
3.715000             -0.00951981256185116184
3.720000             -0.01214176671764034127
3.725000             -0.01481098664391021849
3.730000             -0.01752397038506102456
3.735000             -0.02027579757252992443
3.740000             -0.02306011085269609601
3.745000             -0.02586965549211151655
3.750000             -0.02869461879147468947
3.755000             -0.03152355682446280477
3.760000             -0.03434022232775455624
3.765000             -0.03712547115085698679
3.770000             -0.03985489066687914611
3.775000             -0.04250134303677643999
3.780000             -0.04503897830506405076
3.785000             -0.04744190241608424452
3.790000             -0.04968791784225356362
3.795000             -0.05175894986824561977
3.800000             -0.05363880258206688012
3.805000             -0.05531553182575735250
3.810000             -0.05677924152489923632
3.815000             -0.05802243808645119599
3.820000             -0.05904004818081506900
3.825000             -0.05982911982212619356
3.830000             -0.06038722051119716633
3.835000             -0.06071524108931063146
3.840000             -0.06081431751520793155
3.845000             -0.06068711748285612190
3.850000             -0.06033929343067159085
3.855000             -0.05977568724995634825
3.860000             -0.05900540271480647636
3.865000             -0.05804295216176561661
3.870000             -0.05690522208239672669
3.875000             -0.05561117415584971441
3.880000             -0.05417702796750654970
3.885000             -0.05261878838648436502
3.890000             -0.05094900906594522494
3.895000             -0.04917789488829384797
3.900000             -0.04731299677000554843
3.905000             -0.04536040782451897235
3.910000             -0.04332339983785449267
3.915000             -0.04120324846534904190
3.920000             -0.03899743781092421258
3.925000             -0.03670136528688706934
3.930000             -0.03431034898280078960
3.935000             -0.03181715550764818018
3.940000             -0.02921585176256786404
3.945000             -0.02650099711649770221
3.950000             -0.02366753770393100267
3.955000             -0.02071059886389298860
3.960000             -0.01762841011115567208
3.965000             -0.01441998231119145761
3.970000             -0.01108716087342424654
3.975000             -0.00763339659406392541
3.980000             -0.00406514903927861129
3.985000             -0.00039113244088527461
3.990000              0.00337399789099259361
3.995000              0.00721230668410422372
4.000000              0.01109353700885752636
4.005000              0.01498148125725186526
4.010000              0.01883433309275159631
4.015000              0.02260646215329212283
4.020000              0.02625451071685964630
4.025000              0.02973467576246938138
4.030000              0.03301283801517212318
4.035000              0.03605801051154657738
4.040000              0.03885004521190946192
4.045000              0.04137590052384116507
4.050000              0.04362747827421643160
4.055000              0.04560113815350702593
4.060000              0.04730166300697484505
4.065000              0.04873909133482614425
4.070000              0.04993212059655054158
4.075000              0.05090466434367998949
4.080000              0.05168488742790976198
4.085000              0.05230430826781790055
4.090000              0.05279423461935797007
4.095000              0.05318778168285052954
4.100000              0.05351000234503867220
4.105000              0.05378340888951453624
4.110000              0.05402142363401319508
4.115000              0.05423249556356535966
4.120000              0.05441878505878468275
4.125000              0.05457749893446901118
4.130000              0.05469884783904176845
4.135000              0.05476760335118079775
4.140000              0.05476373954495460106
4.145000              0.05466315534948103932
4.150000              0.05444061886824349411
4.155000              0.05406935364222820867
4.160000              0.05352218400843362922
4.165000              0.05277184179483803556
4.170000              0.05180086844553449810
4.175000              0.05059372637540707207
4.180000              0.04915186285638762503
4.185000              0.04748445278109569151
4.190000              0.04561172894504643416
4.195000              0.04356129444441985549
4.200000              0.04136384642270317380
4.205000              0.03905406593092113077
4.210000              0.03666680990046127658
4.215000              0.03423889734145342534
4.220000              0.03180643943950536845
4.225000              0.02940531196353148025
4.230000              0.02707093819358797823
4.235000              0.02483659074980465453
4.240000              0.02273221302789295989
4.245000              0.02078351625751845635
4.250000              0.01900823417089611209
4.255000              0.01741772472447343512
4.260000              0.01601155453945966520
4.265000              0.01478165100273903972
4.270000              0.01370269979488031829
4.275000              0.01273944766324347326
4.280000              0.01184746288480096992
4.285000              0.01097609631384850737
4.290000              0.01008248133112622964
4.295000              0.00912520324471678863
4.300000              0.00807219643145522248
4.305000              0.00689646525529217548
4.310000              0.00557971486160556158
4.315000              0.00411081000648081622
4.320000              0.00248649517315688209
4.325000              0.00071059064021194486
4.330000             -0.00120552569321515373
4.335000             -0.00324407589263164516
4.340000             -0.00538475674993418342
4.345000             -0.00760415289171351757
4.350000             -0.00988009467956111297
4.355000             -0.01219062982352326144
4.360000             -0.01451441758030582764
4.365000             -0.01683194172535463357
4.370000             -0.01912500102945573210
4.375000             -0.02137840526631933774
4.380000             -0.02358078811127085200
4.385000             -0.02572556157403272162
4.390000             -0.02781121524176093096
4.395000             -0.02984065857888154247
4.400000             -0.03182106379577757937
4.405000             -0.03376251787443923513
4.410000             -0.03567645155969074999
4.415000             -0.03757496352643651533
4.420000             -0.03946911751568525639
4.425000             -0.04136760512662444877
4.430000             -0.04327552116803042720
4.435000             -0.04519426853685326595
4.440000             -0.04711852820904229716
4.445000             -0.04903894371416903097
4.450000             -0.05094086843877927706
4.455000             -0.05280580532472416155
4.460000             -0.05461300788433918335
4.465000             -0.05634239492245891184
4.470000             -0.05797477610742948761
4.475000             -0.05949210819266129158
4.480000             -0.06087881920945207442
4.485000             -0.06212235417587572139
4.490000             -0.06321350884272532167
4.495000             -0.06414817318185618567
4.500000             -0.06492596299255616599
4.505000             -0.06555183998414955415
4.510000             -0.06603727874828908828
4.515000             -0.06639991089548888392
4.520000             -0.06665927484690759020
4.525000             -0.06683734120906517640
4.530000             -0.06695512387078919603
4.535000             -0.06703349245410493429
4.540000             -0.06708891258646565436
4.545000             -0.06713769719074046127
4.550000             -0.06719279754759534262
4.555000             -0.06726347846356552085
4.560000             -0.06735505920155819559
4.565000             -0.06747130046982652285
4.570000             -0.06761327624011825854
4.575000             -0.06777710337361501913
4.580000             -0.06795501579085792832
4.585000             -0.06813666310219898548
4.590000             -0.06830789356068349416
4.595000             -0.06845373533322857140
4.600000             -0.06855841312568342061
4.605000             -0.06860678206545467450
4.610000             -0.06858583248276897693
4.615000             -0.06848442225456402577
4.620000             -0.06829297130655191672
4.625000             -0.06800591516830753469
4.630000             -0.06762005918397029358
4.635000             -0.06713692429994290445
4.640000             -0.06655933742252259644
4.645000             -0.06589165076930833531
4.650000             -0.06514095099301589475
4.655000             -0.06431552442916156631
4.660000             -0.06342287285420451781
4.665000             -0.06246842343171508938
4.670000             -0.06145743414667184656
4.675000             -0.06039258115965696894
4.680000             -0.05927490401873786868
4.685000             -0.05810250504756350742
4.690000             -0.05686894869274758402
4.695000             -0.05556472907767003033
4.700000             -0.05417753280249402309
4.705000             -0.05269360669678034570
4.710000             -0.05110025142056048852
4.715000             -0.04938603343016995106
4.720000             -0.04754027831985645908
4.725000             -0.04555383096149542149
4.730000             -0.04341546787818539171
4.735000             -0.04111612871901860339
4.740000             -0.03864950112734903687
4.745000             -0.03601165044042323182
4.750000             -0.03320162077456732114
4.755000             -0.03022131893373228642
4.760000             -0.02707562348441616001
4.765000             -0.02377162121186711038
4.770000             -0.02031826470649385208
4.775000             -0.01672504473721654963
4.780000             -0.01300371166103427879
4.785000             -0.00916563031254869799
4.790000             -0.00522003829634255789
4.795000             -0.00117372480586013699
4.800000              0.00297012559515368122
4.805000              0.00721188430036884872
4.810000              0.01155477550052242189
4.815000              0.01600480253987403290
4.820000              0.02057177765112688100
4.825000              0.02526778810164680492
4.830000              0.03010592430115358042
4.835000              0.03510046997433535765
4.840000              0.04026467736108448742
4.845000              0.04560985020578693649
4.850000              0.05114677886899461623
4.855000              0.05688414039532042193
4.860000              0.06283032337028719716
4.865000              0.06898866463359529244
4.870000              0.07536152578114486966
4.875000              0.08194694912669303610
4.880000              0.08873722790076281342
4.885000              0.09572248961389880073
4.890000              0.10288952481662957950
4.895000              0.11022574145964754433
4.900000              0.11772543053557242565
4.905000              0.12537481853560655809
4.910000              0.13318180779271415748
4.915000              0.14116141030109538579
4.920000              0.14932379661309852503
4.925000              0.15767467407460558637
4.930000              0.16621540790863026382
4.935000              0.17495764666272176080
4.940000              0.18390474512398968798
4.945000              0.19305073883493162334
4.950000              0.20236773011330708161
4.955000              0.21181903744313959614
4.960000              0.22132149148354354762
4.965000              0.23077994931260659150
4.970000              0.24010578053745434968
4.975000              0.24919781403018914645
4.980000              0.25798971515796770282
4.985000              0.26642192423588006989
4.990000              0.27444448074190630482
4.995000              0.28201165422069568445
5.000000              0.28907927752472267757
5.005000              0.29561140625862541986
5.010000              0.30157568018128677600
5.015000              0.30693723175445347673
5.020000              0.31167060134851087838
5.025000              0.31575528735385993695
5.030000              0.31917610276751562370
5.035000              0.32191027963453194838
5.040000              0.32394923920550350305
5.045000              0.32528219368418287427
5.050000              0.32591915379131769503
5.055000              0.32587872243085097557
5.060000              0.32517802078918528474
5.065000              0.32384711916648079022
5.070000              0.32193648021378651336
5.075000              0.31950255396848820100
5.080000              0.31660674568624985747
5.085000              0.31332565369354614671
5.090000              0.30974235407190553460
5.095000              0.30593685398670228404
5.100000              0.30198848677452705402
5.105000              0.29797327795702632791
5.110000              0.29395727933864235215
5.115000              0.28999727151170678896
5.120000              0.28612718943989595699
5.125000              0.28237093265548190990
5.130000              0.27873486799929486635
5.135000              0.27521866117964488563
5.140000              0.27181262695981878164
5.145000              0.26849960792036964286
5.150000              0.26525524674019024252
5.155000              0.26205218009978387128
5.160000              0.25885092272664306234
5.165000              0.25560982812297167177
5.170000              0.25227741015794807877
5.175000              0.24880594804852240731
5.180000              0.24517002690092520867
5.185000              0.24134711463948974042
5.190000              0.23733430499963581450
5.195000              0.23313687554508330524
5.200000              0.22875999633268853661
5.205000              0.22422113561126041925
5.210000              0.21953521229700903583
5.215000              0.21471863880054287144
5.220000              0.20979025157472819263
5.225000              0.20476782506126633976
5.230000              0.19967153862557074362
5.235000              0.19451210428283305376
5.240000              0.18930951091428585564
5.245000              0.18407939903167641615
5.250000              0.17883699748107412253
5.255000              0.17359707241596722405
5.260000              0.16837456995289368233
5.265000              0.16318613987685132161
5.270000              0.15804853166133644993
5.275000              0.15298262076360263917
5.280000              0.14800903845460552932
5.285000              0.14315162676931256214
5.290000              0.13843808640790825071
5.295000              0.13389485020786781599
5.300000              0.12955040781333415634
5.305000              0.12543573309561856233
5.310000              0.12157898978866590878
5.315000              0.11800848877124689440
5.320000              0.11475166680762469151
5.325000              0.11183477772523112148
5.330000              0.10928160408355173938
5.335000              0.10711639651447731059
5.340000              0.10535956984721828178
5.345000              0.10402667660029929486
5.350000              0.10313135491258966503
5.355000              0.10268221468166149890
5.360000              0.10268613059579838331
5.365000              0.10314615931694859352
5.370000              0.10405799517245030439
5.375000              0.10540837523085749838
5.380000              0.10717869946464322894
5.385000              0.10935197946179539552
5.390000              0.11189998614945777244
5.395000              0.11478861536354426076
5.400000              0.11798309578180536661
5.405000              0.12144989843419061459
5.410000              0.12515428664848460283
5.415000              0.12906508681760259227
5.420000              0.13315374942136079528
5.425000              0.13739474730939868485
5.430000              0.14176961276797883649
5.435000              0.14626653266142766729
5.440000              0.15088111873262505247
5.445000              0.15561386637847696157
5.450000              0.16046710611082826148
5.455000              0.16544516754223526078
5.460000              0.17054978171631701711
5.465000              0.17578498936975395228
5.470000              0.18114297564648423888
5.475000              0.18661356893801864243
5.480000              0.19217611474873227961
5.485000              0.19780081854970513189
5.490000              0.20345946000056500114
5.495000              0.20912300068483050119
5.500000              0.21475889774868284210
5.505000              0.22033679454500579298
5.510000              0.22582193554593241180
5.515000              0.23118125363020386454
5.520000              0.23638530718854419699
5.525000              0.24140568802351716760
5.530000              0.24621560580777226979
5.535000              0.25079556050366735853
5.540000              0.25512527364621850889
5.545000              0.25918747107694273257
5.550000              0.26297489062582019015
5.555000              0.26648260398691370199
5.560000              0.26970957313147381207
5.565000              0.27266263624063435955
5.570000              0.27535655912690354397
5.575000              0.27780845034357087853
5.580000              0.28003692215541658994
5.585000              0.28206322714787074313
5.590000              0.28391338503219704092
5.595000              0.28560888193698674709
5.600000              0.28716825389596661866
5.605000              0.28861322292119556687
5.610000              0.28995843150302647029
5.615000              0.29122192396166934891
5.620000              0.29241482823095554799
5.625000              0.29354456248466120893
5.630000              0.29460840386447922912
5.635000              0.29560966664342230859
5.640000              0.29653981575256954661
5.645000              0.29738998007805989010
5.650000              0.29814793506234704701
5.655000              0.29880077594692883158
5.660000              0.29932683466322584920
5.665000              0.29970591586176020815
5.670000              0.29991805113389613524
5.675000              0.29993518406346647565
5.680000              0.29974169774778947062
5.685000              0.29932054916309147607
5.690000              0.29865491729884435790
5.695000              0.29772948984031738506
5.700000              0.29653940835733155756
5.705000              0.29507999998374223605
5.710000              0.29335254326090004495
5.715000              0.29135561547049221298
5.720000              0.28910720488833258068
5.725000              0.28661587746943961719
5.730000              0.28389633372809236489
5.735000              0.28096272479199524419
5.740000              0.27782762068628202856
5.745000              0.27450772418125918284
5.750000              0.27101796618554752083
5.755000              0.26736615870436808429
5.760000              0.26356416411853672566
5.765000              0.25961900949612864986
5.770000              0.25552906793044966038
5.775000              0.25129545557489763041
5.780000              0.24692334750493882822
5.785000              0.24241406808056922828
5.790000              0.23777172184291123225
5.795000              0.23300291915911897078
5.800000              0.22811605368764525936
5.805000              0.22312423300200992515
5.810000              0.21804091404227687878
5.815000              0.21288418215884089002
5.820000              0.20767288609079748163
5.825000              0.20242936924571433566
5.830000              0.19717762186137297031
5.835000              0.19194317391760812308
5.840000              0.18674696868137319328
5.845000              0.18161204443552397825
5.850000              0.17655559769886489119
5.855000              0.17159359782001606942
5.860000              0.16673747674319569501
5.865000              0.16199575028144458377
5.870000              0.15737412204323925069
5.875000              0.15287582467066962444
5.880000              0.14850892013850489071
5.885000              0.14427511857161415265
5.890000              0.14018235050138017073
5.895000              0.13623213451561000387
5.900000              0.13242407597001848440
5.905000              0.12876016751184013454
5.910000              0.12524023809473044944
5.915000              0.12186284936266363055
5.920000              0.11862475688486200098
5.925000              0.11552303495341594008
5.930000              0.11255402026068229981
5.935000              0.10971341473565905666
5.940000              0.10700044209604663015
5.945000              0.10441556366280772827
5.950000              0.10196054867289688906
5.955000              0.09963797017349283747
5.960000              0.09745189792412471685
5.965000              0.09540933441475396570
5.970000              0.09351518196056457510
5.975000              0.09177435655113050372
5.980000              0.09019129189243502154
5.985000              0.08876897907683134470
5.990000              0.08750894036548535759
5.995000              0.08641093780584151174
6.000000              0.08547650073845566854
6.005000              0.08470512354812312350
6.010000              0.08410115141731652755
6.015000              0.08366973039561770298
6.020000              0.08341349285149284032
6.025000              0.08333423299360108449
6.030000              0.08343052360115243982
6.035000              0.08369844685529098660
6.040000              0.08413482275252019693
6.045000              0.08473072118802198183
6.050000              0.08547968192286237166
6.055000              0.08637321233323017045
6.060000              0.08740605658422306856
6.065000              0.08857317419106336409
6.070000              0.08987165113860197396
6.075000              0.09129918947492740577
6.080000              0.09285806502169048626
6.085000              0.09455254528969939121
6.090000              0.09638896304042338103
6.095000              0.09837574235299072212
6.100000              0.10052341485912623387
6.105000              0.10284131569497304004
6.110000              0.10533879478364549520
6.115000              0.10802196223172200185
6.120000              0.11089904795420683914
6.125000              0.11397346503300279097
6.130000              0.11724725452345234611
6.135000              0.12071836870931332286
6.140000              0.12438104000937999505
6.145000              0.12822661226902376530
6.150000              0.13224072028475700180
6.155000              0.13640587324849290374
6.160000              0.14070038995712702556
6.165000              0.14509541767067632434
6.170000              0.14956393227074363250
6.175000              0.15407346964026763514
6.180000              0.15859847896205511719
6.185000              0.16310793063796683033
6.190000              0.16757986525197129946
6.195000              0.17199494816022378729
6.200000              0.17633841537780353681
6.205000              0.18059647968069497681
6.210000              0.18476183343936677939
6.215000              0.18883391134141250256
6.220000              0.19281504270206156759
6.225000              0.19671221977816705229
6.230000              0.20053447774141544557
6.235000              0.20429287104363774707
6.240000              0.20799959547819246719
6.245000              0.21166209713387526548
6.250000              0.21529210275342636205
6.255000              0.21889632557649102429
6.260000              0.22248292486397167056
6.265000              0.22605050336280876899
6.270000              0.22960148784706235769
6.275000              0.23313026872892803065
6.280000              0.23662926298202124897
6.285000              0.24008824595903932586
6.290000              0.24349322974250556251
6.295000              0.24683133207400018150
6.300000              0.25008202787654781885
6.305000              0.25323138811746898069
6.310000              0.25626227021101716241
6.315000              0.25914840986675041767
6.320000              0.26187138715001878619
6.325000              0.26440989549593235663
6.330000              0.26674432842825651635
6.335000              0.26885430841512941713
6.340000              0.27072566163290756602
6.345000              0.27234239413698002608
6.350000              0.27369348899948842124
6.355000              0.27477200947913721363
6.360000              0.27556911367481262687
6.365000              0.27607672129593979760
6.370000              0.27629289866487793947
6.375000              0.27621442921015754157
6.380000              0.27583328995294137398
6.385000              0.27514897231876350725
6.390000              0.27415693281541059223
6.395000              0.27285425963285092621
6.400000              0.27123580647007089484
6.405000              0.26929501146523809885
6.410000              0.26703528598425602114
6.415000              0.26444864309972238026
6.420000              0.26153426219977182754
6.425000              0.25829398607344455918
6.430000              0.25473485089703673534
6.435000              0.25085675640134169617
6.440000              0.24666770300311205433
6.445000              0.24217671138347982018
6.450000              0.23739707281094110658
6.455000              0.23234144115696062083
6.460000              0.22702642985643967100
6.465000              0.22146570814933694282
6.470000              0.21567748221833285549
6.475000              0.20967609895883337900
6.480000              0.20347698438728614723
6.485000              0.19709808115415933250
6.490000              0.19055450963179271229
6.495000              0.18386760336010923855
6.500000              0.17705277327278529098
6.505000              0.17012710723604340668
6.510000              0.16310011045941189001
6.515000              0.15598231852482635773
6.520000              0.14877877018999036141
6.525000              0.14149139457339696135
6.530000              0.13412299869126775853
6.535000              0.12667283358307510066
6.540000              0.11914384257777801968
6.545000              0.11154155335267307292
6.550000              0.10387540494982687445
6.555000              0.09615815283144006631
6.560000              0.08840547524175575156
6.565000              0.08063701497368531979
6.570000              0.07287009149852605172
6.575000              0.06512772159744725786
6.580000              0.05743581111461196209
6.585000              0.04981005681969415816
6.590000              0.04226285916928469027
6.595000              0.03481262931764183416
6.600000              0.02748590536890927610
6.605000              0.02030814405708938203
6.610000              0.01329566994930393709
6.615000              0.00646983562356728565
6.620000             -0.00014418978472664049
6.625000             -0.00651799582214842525
6.630000             -0.01262674061385401017
6.635000             -0.01844596192698233494
6.640000             -0.02395000569284744252
6.645000             -0.02911379871582046169
6.650000             -0.03391592105937781682
6.655000             -0.03833635831366753038
6.660000             -0.04235559618051860237
6.665000             -0.04595619741595719648
6.670000             -0.04912429740765131975
6.675000             -0.05184896721112233764
6.680000             -0.05412165677160865607
6.685000             -0.05593908504149550792
6.690000             -0.05729844050979883419
6.695000             -0.05820904838154138811
6.700000             -0.05868124279707222918
6.705000             -0.05872795403585267388
6.710000             -0.05836663031180308603
6.715000             -0.05761994250321414435
6.720000             -0.05651568000672532732
6.725000             -0.05508185813618672599
6.730000             -0.05334673789769694974
6.735000             -0.05133706975850189924
6.740000             -0.04907798007647009436
6.745000             -0.04659092767745164759
6.750000             -0.04389204293237578686
6.755000             -0.04099363055487060398
6.760000             -0.03790483424660768402
6.765000             -0.03463202704283342703
6.770000             -0.03117918823710057533
6.775000             -0.02754925177436736913
6.780000             -0.02374372299990416477
6.785000             -0.01976418905319917568
6.790000             -0.01561053049423592742
6.795000             -0.01128318549308527860
6.800000             -0.00678495826797589300
6.805000             -0.00212174235130586312
6.810000              0.00269543883867306034
6.815000              0.00765133805897843990
6.820000              0.01272697504345728266
6.825000              0.01790001721949175187
6.830000              0.02314604088478230265
6.835000              0.02843937688700060029
6.840000              0.03375475772532116059
6.845000              0.03906885683505413598
6.850000              0.04436377265361141076
6.855000              0.04962621955105851052
6.860000              0.05484884652832004021
6.865000              0.06002967617137074108
6.870000              0.06517053156629087907
6.875000              0.07027840364559667652
6.880000              0.07536475473313504481
6.885000              0.08044321125781107862
6.890000              0.08552896555078841334
6.895000              0.09063799653922344213
6.900000              0.09578177243254223927
6.905000              0.10096968944630207998
6.910000              0.10620280611126831083
6.915000              0.11147992963162210722
6.920000              0.11679360569573575546
6.925000              0.12213043043696922285
6.930000              0.12747690552861395963
6.935000              0.13282107343741578198
6.940000              0.13814786556411348672
6.945000              0.14344061284063147621
6.950000              0.14868191546265197012
6.955000              0.15385235613444644964
6.960000              0.15893773074971520587
6.965000              0.16391972274378865948
6.970000              0.16878075038337486680
6.975000              0.17350805256966977952
6.980000              0.17807906970481118814
6.985000              0.18247495873104666031
6.990000              0.18667793583228167731
6.995000              0.19067313069131752723
7.000000              0.19445279568539217130
7.005000              0.19801093306307868125
7.010000              0.20134456957602830940
7.015000              0.20445325372342887382
7.020000              0.20733762689310555882
7.025000              0.21000159431073070482
7.030000              0.21245100657226409502
7.035000              0.21469480969893500744
7.040000              0.21674354926617347972
7.045000              0.21860877541498974219
7.050000              0.22030341125867405894
7.055000              0.22184109154354125781
7.060000              0.22323134480834724847
7.065000              0.22448318774817599408
7.070000              0.22560399062005731530
7.075000              0.22659477792706966826
7.080000              0.22745911917294811544
7.085000              0.22819581973337152436
7.090000              0.22880078504378251192
7.095000              0.22926501560845752303
7.100000              0.22957731139484732763
7.105000              0.22972389213172506039
7.110000              0.22969230819917907382
7.115000              0.22946875362819726951
7.120000              0.22903797356177246769
7.125000              0.22838081871888035734
7.130000              0.22748207150977470259
7.135000              0.22632680932466864299
7.140000              0.22489921932470832711
7.145000              0.22318290631105910937
7.150000              0.22116954467421570674
7.155000              0.21885233779006640908
7.160000              0.21622663770231526081
7.165000              0.21329610433441784090
7.170000              0.21006168482229267691
7.175000              0.20653099777205558008
7.180000              0.20271266735521201174
7.185000              0.19861735706788852251
7.190000              0.19425578901172679824
7.195000              0.18963976918874553279
7.200000              0.18478279709025743904
7.205000              0.17969792819449842414
7.210000              0.17439747309444553203
7.215000              0.16889277569448429839
7.220000              0.16319169864452848229
7.225000              0.15730240488508007157
7.230000              0.15122685666261592718
7.235000              0.14497177148241974232
7.240000              0.13853893073014772463
7.245000              0.13193121616196518131
7.250000              0.12515155328711508043
7.255000              0.11819845354796257308
7.260000              0.11107058503058314658
7.265000              0.10376453133674209961
7.270000              0.09627605018592598485
7.275000              0.08860297172988146341
7.280000              0.08074298370214355591
7.285000              0.07269694042794755395
7.290000              0.06446770123449171996
7.295000              0.05606323061861015478
7.300000              0.04749494637954145004
7.305000              0.03877629495801230425
7.310000              0.02992220493555831570
7.315000              0.02094724430794103059
7.320000              0.01186357699058451093
7.325000              0.00268536841366432896
7.330000             -0.00657516164382925591
7.335000             -0.01591926315047765064
7.340000             -0.02534400379499415074
7.345000             -0.03483975557935425904
7.350000             -0.04439671196944703496
7.355000             -0.05400024816781096026
7.360000             -0.06364436025238937034
7.365000             -0.07332068965364885171
7.370000             -0.08301565991098333597
7.375000             -0.09271686067174102208
7.380000             -0.10241007792653905595
7.385000             -0.11208391342922828515
7.390000             -0.12172394090885127471
7.395000             -0.13131394208302302196
7.400000             -0.14083923193441572064
7.405000             -0.15028547568505828957
7.410000             -0.15963537264335753152
7.415000             -0.16887344843347301682
7.420000             -0.17798391405123581421
7.425000             -0.18695105656137112060
7.430000             -0.19575906728701231163
7.435000             -0.20439672380018455988
7.440000             -0.21284594965627717800
7.445000             -0.22108607991798132075
7.450000             -0.22910116539842154126
7.455000             -0.23686650421915478315
7.460000             -0.24436944750385614089
7.465000             -0.25159396570388881109
7.470000             -0.25853079287301999889
7.475000             -0.26516844964661057116
7.480000             -0.27149873493756326859
7.485000             -0.27751341930257772406
7.490000             -0.28320572515102448996
7.495000             -0.28856948619686539903
7.500000             -0.29360454355687565231
7.505000             -0.29830984863295528786
7.510000             -0.30268482273747460143
7.515000             -0.30673357868033740425
7.520000             -0.31045654990086934966
7.525000             -0.31385567070731579253
7.530000             -0.31693339900649147856
7.535000             -0.31969104992235880536
7.540000             -0.32212850185814512205
7.545000             -0.32424490825621554713
7.550000             -0.32603619736500843995
7.555000             -0.32750085104311443818
7.560000             -0.32863644729992763649
7.565000             -0.32944292007063691319
7.570000             -0.32991100922860316924
7.575000             -0.33004465343190908522
7.580000             -0.32983911556944101040
7.585000             -0.32929825950807600776
7.590000             -0.32841279071681744872
7.595000             -0.32720223982577084643
7.600000             -0.32566709540850802274
7.605000             -0.32380592590688334065
7.610000             -0.32163792803678104004
7.615000             -0.31917308009346112563
7.620000             -0.31642890950315444298
7.625000             -0.31342619422782408423
7.630000             -0.31019645779346677328
7.635000             -0.30677562540782782330
7.640000             -0.30319366311322548668
7.645000             -0.29949139345419845126
7.650000             -0.29570575581284591626
7.655000             -0.29186638181332752451
7.660000             -0.28800109370603382830
7.665000             -0.28413127190478376649
7.670000             -0.28027881195219200849
7.675000             -0.27646000254965952259
7.680000             -0.27268642939432335970
7.685000             -0.26897061968817487232
7.690000             -0.26532107581422609277
7.695000             -0.26174619341284238727
7.700000             -0.25825175930866506313
7.705000             -0.25484563250735831064
7.710000             -0.25153161371434984428
7.715000             -0.24831248988433166081
7.720000             -0.24519157136367003558
7.725000             -0.24217169290798440384
7.730000             -0.23925428500511136676
7.735000             -0.23644302673644740365
7.740000             -0.23374121958956595169
7.745000             -0.23115133263263193397
7.750000             -0.22867654883920204845
7.755000             -0.22631907306438531213
7.760000             -0.22407997536991539067
7.765000             -0.22196043673651383310
7.770000             -0.21995906129243922300
7.775000             -0.21807583332064378601
7.780000             -0.21630723361735870736
7.785000             -0.21464788532211417915
7.790000             -0.21309285658745855119
7.795000             -0.21163515032452692721
7.800000             -0.21026800685569296823
7.805000             -0.20898498602125323287
7.810000             -0.20777736428592308293
7.815000             -0.20663586243925174957
7.820000             -0.20555417136473977391
7.825000             -0.20452120657573841234
7.830000             -0.20352995548371957679
7.835000             -0.20257310818043455791
7.840000             -0.20164362545989611419
7.845000             -0.20073364104098784244
7.850000             -0.19983904690244772007
7.855000             -0.19895297289474414559
7.860000             -0.19807035772034689569
7.865000             -0.19718812171000099642
7.870000             -0.19630255063266249804
7.875000             -0.19541169994326429427
7.880000             -0.19451559619292912995
7.885000             -0.19361401741839040502
7.890000             -0.19270702017844368314
7.895000             -0.19179851523884472453
7.900000             -0.19088913396232895514
7.905000             -0.18998021098428205522
7.910000             -0.18907272771370786657
7.915000             -0.18816847860257587821
7.920000             -0.18726814894642726528
7.925000             -0.18637092840414007378
7.930000             -0.18547687064900514331
7.935000             -0.18458566771606274570
7.940000             -0.18369390524931672459
7.945000             -0.18279824682320963691
7.950000             -0.18189398519720104130
7.955000             -0.18097717936853552345
7.960000             -0.18004134976428773363
7.965000             -0.17908002418978150039
7.970000             -0.17808812884509750418
7.975000             -0.17705805438090480020
7.980000             -0.17598669681502535078
7.985000             -0.17487221668784813655
7.990000             -0.17372198986995232572
7.995000             -0.17254555497692794508
8.000000             -0.17135848773444109505
8.005000             -0.17018034161956921424
8.010000             -0.16903008683858486427
8.015000             -0.16792795410001593037
8.020000             -0.16689621071757473891
8.025000             -0.16595399287703047064
8.030000             -0.16512353517683572846
8.035000             -0.16442739171084019834
8.040000             -0.16388693091759148901
8.045000             -0.16352076950087618412
8.050000             -0.16334179563802744828
8.055000             -0.16336561558513554293
8.060000             -0.16360056213282597737
8.065000             -0.16405315605317266625
8.070000             -0.16472342633588984984
8.075000             -0.16561389518352656602
8.080000             -0.16672426497629969089
8.085000             -0.16805210380367108236
8.090000             -0.16959179884419722795
8.095000             -0.17133606857886196639
8.100000             -0.17327579814629470722
8.105000             -0.17540387242365110265
8.110000             -0.17770960362156931756
8.115000             -0.18018113561010098977
8.120000             -0.18281013679089541668
8.125000             -0.18558486844700586293
8.130000             -0.18849137690961736968
8.135000             -0.19152039403117057659
8.140000             -0.19466470715972042371
8.145000             -0.19791522165925529153
8.150000             -0.20126864293026555663
8.155000             -0.20472176654287929654
8.160000             -0.20827286375783654604
8.165000             -0.21192177673029610752
8.170000             -0.21566544483061145243
8.175000             -0.21950072205704537764
8.180000             -0.22341418932270748487
8.185000             -0.22739414192485268851
8.190000             -0.23142148585888222545
8.195000             -0.23547534311363921278
8.200000             -0.23952838084064545510
8.205000             -0.24354929606733805025
8.210000             -0.24750467033423709240
8.215000             -0.25136143891371431902
8.220000             -0.25508501862850929687
8.225000             -0.25864269131513029087
8.230000             -0.26200112174035999901
8.235000             -0.26513136554666205669
8.240000             -0.26801178657857144261
8.245000             -0.27062215974724579404
8.250000             -0.27294705719807105249
8.255000             -0.27497451145866941280
8.260000             -0.27669444393141157112
8.265000             -0.27809651674449703540
8.270000             -0.27917968389855213340
8.275000             -0.27994204236005015840
8.280000             -0.28038999313005186220
8.285000             -0.28052990203528632707
8.290000             -0.28036962018607902714
8.295000             -0.27992402334443161616
8.300000             -0.27920600203948769957
8.305000             -0.27822941085350227919
8.310000             -0.27701136710118856588
8.315000             -0.27556992711524552764
8.320000             -0.27391797847963994528
8.325000             -0.27207029239363306194
8.330000             -0.27003805269773339948
8.335000             -0.26783025593446019297
8.340000             -0.26545494778706363315
8.345000             -0.26291163532145500614
8.350000             -0.26020387275380973957
8.355000             -0.25732883670971040679
8.360000             -0.25428313074867442412
8.365000             -0.25106338530209243443
8.370000             -0.24766670319080252849
8.375000             -0.24408821535466110331
8.380000             -0.24033147776328622758
8.385000             -0.23640003327024036728
8.390000             -0.23229951221577860299
8.395000             -0.22803785897627437684
8.400000             -0.22363121409193922884
8.405000             -0.21909394298093812226
8.410000             -0.21444479880907865721
8.415000             -0.20970642203754755184
8.420000             -0.20490800996532226863
8.425000             -0.20007906107070574930
8.430000             -0.19525218167371188871
8.435000             -0.19045962904739852095
8.440000             -0.18573159446181400356
8.445000             -0.18109604607964979728
8.450000             -0.17657687421949536111
8.455000             -0.17219556447831277368
8.460000             -0.16796527332591759674
8.465000             -0.16389787999606461599
8.470000             -0.16000074382211970647
8.475000             -0.15627966962895839531
8.480000             -0.15273200450873253287
8.485000             -0.14935703287704940601
8.490000             -0.14615428410318312413
8.495000             -0.14312166783094448785
8.500000             -0.14025727866382237119
8.505000             -0.13755988840372482263
8.510000             -0.13503196499366001970
8.515000             -0.13267686222092198167
8.520000             -0.13049393491590674521
8.525000             -0.12848908044483844937
8.530000             -0.12666824221133485273
8.535000             -0.12503576738883331876
8.540000             -0.12360201513128825368
8.545000             -0.12237304488207688402
8.550000             -0.12135857110771067213
8.555000             -0.12056809033422112576
8.560000             -0.12001305673223672255
8.565000             -0.11970524746912884761
8.570000             -0.11965603247695739964
8.575000             -0.11987615297924859858
8.580000             -0.12037281978055852649
8.585000             -0.12115261295085544280
8.590000             -0.12221804568500914401
8.595000             -0.12356464980802069065
8.600000             -0.12518676062020223094
8.605000             -0.12707393582648074393
8.610000             -0.12921315807579702994
8.615000             -0.13158809305516847021
8.620000             -0.13418456500178282953
8.625000             -0.13698577637367864712
8.630000             -0.13997714093404337032
8.635000             -0.14314299155562124066
8.640000             -0.14647285284439612307
8.645000             -0.14995579054847194000
8.650000             -0.15358323721677102913
8.655000             -0.15734841151581199781
8.660000             -0.16124535721475033445
8.665000             -0.16526736760318813668
8.670000             -0.16940816933349725493
8.675000             -0.17366059618765664063
8.680000             -0.17801082720597458109
8.685000             -0.18244296736745932441
8.690000             -0.18693774454225298154
8.695000             -0.19147441071710427640
8.700000             -0.19603061725174431018
8.705000             -0.20058235850221795005
8.710000             -0.20510092811102381694
8.715000             -0.20956072054942515015
8.720000             -0.21393001978154210785
8.725000             -0.21818045249179709999
8.730000             -0.22228268596311120953
8.735000             -0.22620877422921803479
8.740000             -0.22993295503014873904
8.745000             -0.23343163519296961095
8.750000             -0.23668486236833888303
8.755000             -0.23967577244443444284
8.760000             -0.24239081109584192930
8.765000             -0.24481955532562560407
8.770000             -0.24695535077001526392
8.775000             -0.24879277311791803129
8.780000             -0.25033251710820914049
8.785000             -0.25157922625281264883
8.790000             -0.25254249886399382508
8.795000             -0.25323881438043049918
8.800000             -0.25369061663732589418
8.805000             -0.25392078987987964922
8.810000             -0.25395607661700914104
8.815000             -0.25382087715869061650
8.820000             -0.25353150301603016858
8.825000             -0.25310566119731781054
8.830000             -0.25255954169067806880
8.835000             -0.25190561945196138227
8.840000             -0.25115692305300185705
8.845000             -0.25032361342557774009
8.850000             -0.24941388787183349507
8.855000             -0.24843676826568192317
8.860000             -0.24739651387864991516
8.865000             -0.24629274389358099540
8.870000             -0.24512735659432238755
8.875000             -0.24389723082964201439
8.880000             -0.24260077066258023404
8.885000             -0.24123385846132866517
8.890000             -0.23979521729462954793
8.895000             -0.23828395122362527880
8.900000             -0.23669943786047922818
8.905000             -0.23504273385526577855
8.910000             -0.23331540187051552637
8.915000             -0.23151680612984112950
8.920000             -0.22965316491468548699
8.925000             -0.22772824370590546983
8.930000             -0.22574616162731842017
8.935000             -0.22371444496410577973
8.940000             -0.22164446069044738130
8.945000             -0.21954548588778760587
8.950000             -0.21743158805950169032
8.955000             -0.21531576744881067431
8.960000             -0.21321156511912625620
8.965000             -0.21113023462257785035
8.970000             -0.20908225300796276502
8.975000             -0.20708016446374893915
8.980000             -0.20512654856761736166
8.985000             -0.20322812334668319267
8.990000             -0.20138342430058409072
8.995000             -0.19959197830340602575
9.000000             -0.19785071635675663404
9.005000             -0.19615310195124829873
9.010000             -0.19449294342387221657
9.015000             -0.19286438466807032110
9.020000             -0.19125892790110943231
9.025000             -0.18967127472983688619
9.030000             -0.18809794033603405294
9.035000             -0.18653143457823317952
9.040000             -0.18496997956350666459
9.045000             -0.18341030492707630084
9.050000             -0.18185500812276836347
9.055000             -0.18030633504098292352
9.060000             -0.17876616881419557514
9.065000             -0.17724026350053700973
9.070000             -0.17573525951967247649
9.075000             -0.17425812247716016001
9.080000             -0.17281358912087468882
9.085000             -0.17140729784469946329
9.090000             -0.17004499700812791829
9.095000             -0.16873141492180293577
9.100000             -0.16747158314235130461
9.105000             -0.16626975970943344563
9.110000             -0.16512808506017223609
9.115000             -0.16405094003589215657
9.120000             -0.16304810615195680645
9.125000             -0.16211820415661168382
9.130000             -0.16127221511327372028
9.135000             -0.16051575049838742726
9.140000             -0.15986125999900535621
9.145000             -0.15931380896989202900
9.150000             -0.15888267232074460011
9.155000             -0.15857703042761345236
9.160000             -0.15840530024929705410
9.165000             -0.15837595328345618895
9.170000             -0.15849619375081272499
9.175000             -0.15877241946187434229
9.180000             -0.15920995824234410176
9.185000             -0.15981179849256851866
9.190000             -0.16058135549294511035
9.195000             -0.16151973662428839584
9.200000             -0.16262589764198692732
9.205000             -0.16389782448673720361
9.210000             -0.16533001640618755212
9.215000             -0.16691542069822992711
9.220000             -0.16864693462501972876
9.225000             -0.17051216887668457778
9.230000             -0.17249436852466984438
9.235000             -0.17457644095268043394
9.240000             -0.17673958612374793264
9.245000             -0.17896255257355442314
9.250000             -0.18122624199623627028
9.255000             -0.18351173794553818364
9.260000             -0.18580059086984737626
9.265000             -0.18807442488606201936
9.270000             -0.19031373322743103116
9.275000             -0.19250361861942308361
9.280000             -0.19463201427782594877
9.285000             -0.19668841270133682886
9.290000             -0.19867107474701711789
9.295000             -0.20057469765587293553
9.300000             -0.20239976448416224786
9.305000             -0.20414620557796642197
9.310000             -0.20582083185677305104
9.315000             -0.20743059849763012537
9.320000             -0.20898293469535955680
9.325000             -0.21048809610382243629
9.330000             -0.21195375712286790293
9.335000             -0.21338764569746415667
9.340000             -0.21479747793627454455
9.345000             -0.21618914335264866056
9.350000             -0.21756654738975941821
9.355000             -0.21893249790825619616
9.360000             -0.22028590921510041167
9.365000             -0.22162581964006117241
9.370000             -0.22294814296647244567
9.375000             -0.22424647292300933787
9.380000             -0.22551771058002909043
9.385000             -0.22675665207868631046
9.390000             -0.22795762457666055023
9.395000             -0.22911368510008622845
9.400000             -0.23021987920505157521
9.405000             -0.23126989421896557153
9.410000             -0.23225709789186121945
9.415000             -0.23317894749735476601
9.420000             -0.23402972770261026847
9.425000             -0.23480695435761478329
9.430000             -0.23551012963306447445
9.435000             -0.23613813765600460970
9.440000             -0.23669289700679577160
9.445000             -0.23717508871473036436
9.450000             -0.23758776870192890862
9.455000             -0.23793319420406511266
9.460000             -0.23821636800370601939
9.465000             -0.23843978954411806925
9.470000             -0.23861060540283915432
9.475000             -0.23873156704267534112
9.480000             -0.23880807113694690891
9.485000             -0.23884416197763005951
9.490000             -0.23884328553785849625
9.495000             -0.23880837861367484876
9.500000             -0.23874008776186786407
9.505000             -0.23864421507407360123
9.510000             -0.23851946919920483103
9.515000             -0.23836710866768678896
9.520000             -0.23818810088841918526
9.525000             -0.23798329171243187696
9.530000             -0.23775303173583836602
9.535000             -0.23749790738551918023
9.540000             -0.23721758489932012748
9.545000             -0.23691273642592844406
9.550000             -0.23658294534524448860
9.555000             -0.23622701096568365919
9.560000             -0.23584434259050549021
9.565000             -0.23543382685382671649
9.570000             -0.23498762341835957579
9.575000             -0.23450495399782184114
9.580000             -0.23397862418948711660
9.585000             -0.23340492055768682911
9.590000             -0.23277664861642807792
9.595000             -0.23208851997621560148
9.600000             -0.23133811095800610458
9.605000             -0.23052137269065475778
9.610000             -0.22963512793763685149
9.615000             -0.22867950104531739597
9.620000             -0.22765356401751998816
9.625000             -0.22655746747097937899
9.630000             -0.22539445662508023061
9.635000             -0.22416819752773953223
9.640000             -0.22288449562425888262
9.645000             -0.22154717871339846269
9.650000             -0.22016712599649582160
9.655000             -0.21874996154338655074
9.660000             -0.21730394762879093329
9.665000             -0.21584075061554020003
9.670000             -0.21436903990599068259
9.675000             -0.21290234480741307421
9.680000             -0.21144750741597523325
9.685000             -0.21001595601497399790
9.690000             -0.20861106554767705479
9.695000             -0.20724367666267459742
9.700000             -0.20591625652931702661
9.705000             -0.20463201698883809465
9.710000             -0.20339228467230768826
9.715000             -0.20219776445529502595
9.720000             -0.20104360685217426141
9.725000             -0.19992456855120477321
9.730000             -0.19883286770789079800
9.735000             -0.19776044925001828867
9.740000             -0.19669945441669528519
9.745000             -0.19564154659107235723
9.750000             -0.19457799625977756364
9.755000             -0.19350060937578325571
9.760000             -0.19240205532932716515
9.765000             -0.19127588303798356839
9.770000             -0.19011880721575438735
9.775000             -0.18892800472089854580
9.780000             -0.18770474835810357916
9.785000             -0.18645105757683685943
9.790000             -0.18517111146399653498
9.795000             -0.18386972771607676402
9.800000             -0.18255388574185002493
9.805000             -0.18123094411710613527
9.810000             -0.17991008969376506843
9.815000             -0.17860060458839949193
9.820000             -0.17730920778242065250
9.825000             -0.17604502608347269432
9.830000             -0.17481278224941454447
9.835000             -0.17362126178697900869
9.840000             -0.17248018236895260036
9.845000             -0.17139388500200986032
9.850000             -0.17036435408754704857
9.855000             -0.16939307637754758007
9.860000             -0.16847948012327895739
9.865000             -0.16762072346301540304
9.870000             -0.16681363630368159501
9.875000             -0.16605461005669899799
9.880000             -0.16533779461744174677
9.885000             -0.16465994492652813452
9.890000             -0.16401445955252275111
9.895000             -0.16339884027782192177
9.900000             -0.16280233978775440762
9.905000             -0.16222589720272989622
9.910000             -0.16166941482822216880
9.915000             -0.16112922728600698186
9.920000             -0.16060898013111310489
9.925000             -0.16011087005178395448
9.930000             -0.15963405518323603438
9.935000             -0.15918306548607946693
9.940000             -0.15876024766604476812
9.945000             -0.15836783107951368788
9.950000             -0.15800904100695245535
9.955000             -0.15768663959169884614
9.960000             -0.15740010871487686295
9.965000             -0.15715201913855625371
9.970000             -0.15694242709421502013
9.975000             -0.15677217825353928493
9.980000             -0.15664190364878899375
9.985000             -0.15655220324054666681
9.990000             -0.15650554325190343952
9.995000             -0.15650531642556517187
10.000000             -0.15655682846009458253
10.005000             -0.15666833500309648719
10.010000             -0.15684244952221487734
10.015000             -0.15708957225806766123
10.020000             -0.15741743184828921320
10.025000             -0.15783115875324507660
10.030000             -0.15833875383283671501
10.035000             -0.15894503199806339633
10.040000             -0.15965709875948483343
10.045000             -0.16047678870038586951
10.050000             -0.16140586909121579229
10.055000             -0.16244712070662278847
10.060000             -0.16360156873016229451
10.065000             -0.16486869991276567604
10.070000             -0.16624728322142870440
10.075000             -0.16773310193854479300
10.080000             -0.16932032386435316718
10.085000             -0.17100811077674885063
10.090000             -0.17278900875608160792
10.095000             -0.17465812872602595740
10.100000             -0.17660846146954894964
10.105000             -0.17863339939204048168
10.110000             -0.18072716709594677242
10.115000             -0.18287877601146942941
10.120000             -0.18508196068485840979
10.125000             -0.18733012674194909897
10.130000             -0.18961747134889664346
10.135000             -0.19193925783034126997
10.140000             -0.19429453860466386339
10.145000             -0.19668045663422920044
10.150000             -0.19909614609867151702
10.155000             -0.20154100187555384904
10.160000             -0.20401258205360064957
10.165000             -0.20651114293454295168
10.170000             -0.20903067698912558559
10.175000             -0.21156731485851656971
10.180000             -0.21411155570625853284
10.185000             -0.21665759337051013200
10.190000             -0.21919120230222044476
10.195000             -0.22170042739366796480
10.200000             -0.22417308375748468130
10.205000             -0.22659687991227739357
10.210000             -0.22895723026248701593
10.215000             -0.23124199894293964719
10.220000             -0.23343900881244564194
10.225000             -0.23553343227915002345
10.230000             -0.23751267695598016205
10.235000             -0.23936475427913311842
10.240000             -0.24107940766790614262
10.245000             -0.24263852461832546847
10.250000             -0.24403327820497497380
10.255000             -0.24525258583704886983
10.260000             -0.24628727379881892867
10.265000             -0.24712772861699991434
10.270000             -0.24777042332469537134
10.275000             -0.24820997377642789461
10.280000             -0.24844249851288108255
10.285000             -0.24846989349150191972
10.290000             -0.24829106636704681432
10.295000             -0.24790797964827931965
10.300000             -0.24732256559869952861
10.305000             -0.24653718468476928938
10.310000             -0.24555302373877674338
10.315000             -0.24437143439450334514
10.320000             -0.24299552129552301483
10.325000             -0.24142180691236142520
10.330000             -0.23965494840543319355
10.335000             -0.23769903027678640495
10.340000             -0.23555452176898553085
10.345000             -0.23322315498145912427
10.350000             -0.23071160754785083324
10.355000             -0.22802530302446716304
10.360000             -0.22517297439752825827
10.365000             -0.22216238287195783085
10.370000             -0.21900420044971369293
10.375000             -0.21571214922190978802
10.380000             -0.21229648495651196050
10.385000             -0.20877138810048062600
10.390000             -0.20515288740852746785
10.395000             -0.20145537734178606271
10.400000             -0.19769560214007000920
10.405000             -0.19388802047020478603
10.410000             -0.19005106735547716568
10.415000             -0.18620037771485978273
10.420000             -0.18234854177037612688
10.425000             -0.17850992544056945577
10.430000             -0.17469616271585802769
10.435000             -0.17091902819473098196
10.440000             -0.16718946272824633525
10.445000             -0.16351720260496740988
10.450000             -0.15990996952485661553
10.455000             -0.15637540750383430166
10.460000             -0.15292535619315830719
10.465000             -0.14956082023917113832
10.470000             -0.14628731558705634908
10.475000             -0.14311060521571258852
10.480000             -0.14003791810902849191
10.485000             -0.13707211457166154633
10.490000             -0.13421917832773314072
10.495000             -0.13148544542609108543
10.500000             -0.12888015530485308346
10.505000             -0.12641277738872336300
10.510000             -0.12409638475206050123
10.515000             -0.12194442931462844137
10.520000             -0.11997209096351652002
10.525000             -0.11819313821439891843
10.530000             -0.11662206017202784991
10.535000             -0.11526665067118585517
10.540000             -0.11414269928534798160
10.545000             -0.11325635111422593937
10.550000             -0.11260991925392996316
10.555000             -0.11220729060121993614
10.560000             -0.11205731660017710649
10.565000             -0.11216196629948203822
10.570000             -0.11251577308609397865
10.575000             -0.11311696761885579876
10.580000             -0.11396534906766017659
10.585000             -0.11505310578228679363
10.590000             -0.11637466469829677029
10.595000             -0.11792078550504347945
10.600000             -0.11968183015283995196
10.605000             -0.12164481789344681884
10.610000             -0.12379703720133028444
10.615000             -0.12612421699222378657
10.620000             -0.12860880797377732820
10.625000             -0.13123545159329236265
10.630000             -0.13398749321459332839
10.635000             -0.13685114158108582783
10.640000             -0.13980911810905788384
10.645000             -0.14284878631604377985
10.650000             -0.14595690330221550157
10.655000             -0.14911968203118175502
10.660000             -0.15232274446806512436
10.665000             -0.15555213864304914817
10.670000             -0.15879469375304630652
10.675000             -0.16203866995653862237
10.680000             -0.16527287773646862079
10.685000             -0.16848294569482830108
10.690000             -0.17166030041912211379
10.695000             -0.17479217657574916411
10.700000             -0.17787229239186569396
10.705000             -0.18088425363571564164
10.710000             -0.18382140134028518430
10.715000             -0.18667540017669775887
10.720000             -0.18943880411306057709
10.725000             -0.19210514178528848017
10.730000             -0.19466993877675950464
10.735000             -0.19712970494907705588
10.740000             -0.19948529534991737977
10.745000             -0.20173808170446008714
10.750000             -0.20388999563533408144
10.755000             -0.20594419396951585410
10.760000             -0.20790359762644494701
10.765000             -0.20977073219270431226
10.770000             -0.21154807425426039313
10.775000             -0.21323721479611074114
10.780000             -0.21483806690724732702
10.785000             -0.21635080258577010781
10.790000             -0.21777669372703475914
10.795000             -0.21911285943907846119
10.800000             -0.22035831459233115592
10.805000             -0.22150963218265509735
10.810000             -0.22256343585850393851
10.815000             -0.22351319029832733554
10.820000             -0.22435477889628030468
10.825000             -0.22507950049641528567
10.830000             -0.22568541471310454849
10.835000             -0.22616076288508127345
10.840000             -0.22650175219413948291
10.845000             -0.22670481329767791512
10.850000             -0.22676510548611120144
10.855000             -0.22667754201112272350
10.860000             -0.22644527938383612886
10.865000             -0.22606989296933202582
10.870000             -0.22555647544486648326
10.875000             -0.22491221835683050667
10.880000             -0.22414486619123596967
10.885000             -0.22326467879479000578
10.890000             -0.22228400837070011464
10.895000             -0.22121323706746442994
10.900000             -0.22006143378760853468
10.905000             -0.21883813513706662501
10.910000             -0.21755254372898435999
10.915000             -0.21621140683108300284
10.920000             -0.21482162810082636173
10.925000             -0.21339110531224908529
10.930000             -0.21192009678853404586
10.935000             -0.21041190364342624020
10.940000             -0.20886786036212715012
10.945000             -0.20728682600515691004
10.950000             -0.20566715497213272634
10.955000             -0.20400514223509047529
10.960000             -0.20229693966617637302
10.965000             -0.20053842780475425456
10.970000             -0.19872616369708284711
10.975000             -0.19685526663805474890
10.980000             -0.19492639912486939280
10.985000             -0.19293899545937476248
10.990000             -0.19089382977235594407
10.995000             -0.18879326911178290205
11.000000             -0.18664285924190343602
11.005000             -0.18444840564715486719
11.010000             -0.18222199920686127372
11.015000             -0.17997250319814306341
11.020000             -0.17771471054943643875
11.025000             -0.17546189709163684256
11.030000             -0.17323033258932366008
11.035000             -0.17104109125113761691
11.040000             -0.16890837540113223803
11.045000             -0.16685028907965060441
11.050000             -0.16487961045360205459
11.055000             -0.16300688284344633239
11.060000             -0.16123995340193436610
11.065000             -0.15958559468586658303
11.070000             -0.15804967283372528541
11.075000             -0.15663440070477863131
11.080000             -0.15534275431568281278
11.085000             -0.15417567109979435358
11.090000             -0.15313236738517344016
11.095000             -0.15221114258644788397
11.100000             -0.15141082995976185011
11.105000             -0.15072765833296183913
11.110000             -0.15015668570310616858
11.115000             -0.14969453335852000997
11.120000             -0.14933543566477874842
11.125000             -0.14907662665913334887
11.130000             -0.14891441644254821419
11.135000             -0.14884772155279957229
11.140000             -0.14887623858663437404
11.145000             -0.14900076964848904537
11.150000             -0.14922209326951460517
11.155000             -0.14954214109260402510
11.160000             -0.14995679714584583819
11.165000             -0.15046938742966947666
11.170000             -0.15108142597556301068
11.175000             -0.15179532231286901878
11.180000             -0.15260852310633987727
11.185000             -0.15352062456643189581
11.190000             -0.15452946581331072906
11.195000             -0.15563284852455150364
11.200000             -0.15682685373948479501
11.205000             -0.15810871771292192567
11.210000             -0.15947365570259616763
11.215000             -0.16091574604131236859
11.220000             -0.16242908592407465096
11.225000             -0.16400818101193673226
11.230000             -0.16564649834020589436
11.235000             -0.16733822088675204265
11.240000             -0.16907846874025464490
11.245000             -0.17086073104151247581
11.250000             -0.17267966960465558346
11.255000             -0.17453085100751508651
11.260000             -0.17640995110700072313
11.265000             -0.17831248960494910927
11.270000             -0.18023476520396658485
11.275000             -0.18217203897256648015
11.280000             -0.18412186311192527133
11.285000             -0.18607955917313154237
11.290000             -0.18804237994807607159
11.295000             -0.19000664343363007913
11.300000             -0.19196637606839875301
11.305000             -0.19391653625236779379
11.310000             -0.19584763140669991799
11.315000             -0.19775625755275072493
11.320000             -0.19963330108824739462
11.325000             -0.20147221058318592890
11.330000             -0.20326525424809904763
11.335000             -0.20500519199334879539
11.340000             -0.20668324303763124794
11.345000             -0.20829791350510060144
11.350000             -0.20984055032611850788
11.355000             -0.21130429580754439556
11.360000             -0.21268804550424777466
11.365000             -0.21398528142627420978
11.370000             -0.21519160348582894171
11.375000             -0.21630372192666577624
11.380000             -0.21731899704508647608
11.385000             -0.21823013218949754988
11.390000             -0.21903896713573872690
11.395000             -0.21974137134379903569
11.400000             -0.22033517153594325833
11.405000             -0.22081891666143110831
11.410000             -0.22119296305222035937
11.415000             -0.22145554870085085164
11.420000             -0.22160569616686101591
11.425000             -0.22164509273667437617
11.430000             -0.22157213927255950403
11.435000             -0.22138759212028275014
11.440000             -0.22109127058385294462
11.445000             -0.22068470992324368263
11.450000             -0.22016926611051265694
11.455000             -0.21954549533111933357
11.460000             -0.21881460291997012479
11.465000             -0.21797816436741807022
11.470000             -0.21703874587057445100
11.475000             -0.21599818887784816290
11.480000             -0.21485842171067351392
11.485000             -0.21362301988540671749
11.490000             -0.21229384066824119603
11.495000             -0.21087322682783446459
11.500000             -0.20936354446766408666
11.505000             -0.20776609727971076524
11.510000             -0.20608491182750027226
11.515000             -0.20432122714107917028
11.520000             -0.20247588451578940605
11.525000             -0.20055236142750909600
11.530000             -0.19855392860876158734
11.535000             -0.19648696566822221321
11.540000             -0.19435324961058900173
11.545000             -0.19215777045203244477
11.550000             -0.18990638507860349571
11.555000             -0.18760444545461740784
11.560000             -0.18525902102704622232
11.565000             -0.18287600776670207003
11.570000             -0.18046243219908081334
11.575000             -0.17802547453371866948
11.580000             -0.17557280480522033383
11.585000             -0.17310970573026890351
11.590000             -0.17064300454128106255
11.595000             -0.16818141208862694147
11.600000             -0.16573112950066001825
11.605000             -0.16330024650603933156
11.610000             -0.16089511886733592894
11.615000             -0.15852344769245904632
11.620000             -0.15619524451176902691
11.625000             -0.15391668623700344165
11.630000             -0.15169822257461390569
11.635000             -0.14955000880997751378
11.640000             -0.14747902822401806611
11.645000             -0.14549400706974502384
11.650000             -0.14360398451673919706
11.655000             -0.14182128790820813791
11.660000             -0.14015143448796021919
11.665000             -0.13860307137485813889
11.670000             -0.13718348663650872798
11.675000             -0.13590057678812184072
11.680000             -0.13475986400396700038
11.685000             -0.13376901949607278297
11.690000             -0.13293317251654337974
11.695000             -0.13225714936413274225
11.700000             -0.13174331744272624323
11.705000             -0.13139495118854480071
11.710000             -0.13121300027007118394
11.715000             -0.13119659631510485753
11.720000             -0.13134625326339577356
11.725000             -0.13166050654196531644
11.730000             -0.13213526899708705198
11.735000             -0.13276699146028425602
11.740000             -0.13355168935157235577
11.745000             -0.13448341996112522789
11.750000             -0.13555748146328974735
11.755000             -0.13676696056728615547
11.760000             -0.13810504092790323871
11.765000             -0.13956448430853019005
11.770000             -0.14113790784276272761
11.775000             -0.14281784971958735864
11.780000             -0.14459939514333344790
11.785000             -0.14647652121853763085
11.790000             -0.14844526621984127646
11.795000             -0.15050180196569440394
11.800000             -0.15264356201592441109
11.805000             -0.15486844867436508344
11.810000             -0.15717476261167942497
11.815000             -0.15956098852366057406
11.820000             -0.16202353352721829416
11.825000             -0.16456117445704948610
11.830000             -0.16717016879854743050
11.835000             -0.16984605313365103152
11.840000             -0.17258239165724581499
11.845000             -0.17537733922088777350
11.850000             -0.17822721857135689905
11.855000             -0.18111898389598543591
11.860000             -0.18404858484795871831
11.865000             -0.18700622289481594329
11.870000             -0.18998218380753220669
11.875000             -0.19296677132029854684
11.880000             -0.19594993137421448659
11.885000             -0.19892124651741716068
11.890000             -0.20186800559608308880
11.895000             -0.20478082746493023181
11.900000             -0.20764956573204404466
11.905000             -0.21046347189910313835
11.910000             -0.21321204095702592229
11.915000             -0.21588743302518775824
11.920000             -0.21847989703094911063
11.925000             -0.22098083845524166269
11.930000             -0.22338247253842782869
11.935000             -0.22567973360631096713
11.940000             -0.22786357381944052913
11.945000             -0.22992854447886529323
11.950000             -0.23187274079232073065
11.955000             -0.23369575371444842316
11.960000             -0.23539706641676008680
11.965000             -0.23697272626663262729
11.970000             -0.23842694170801548292
11.975000             -0.23975669492573409292
11.980000             -0.24095999243466159623
11.985000             -0.24203497988378200323
11.990000             -0.24298131654664209544
11.995000             -0.24378983941991261286
12.000000             -0.24445828891997192778
12.005000             -0.24498309840709997509
12.010000             -0.24535709734411859095
12.015000             -0.24557884489326609057
12.020000             -0.24564189864549476616
12.025000             -0.24554531928201855928
12.030000             -0.24529002036654187768
12.035000             -0.24487402196206986549
12.040000             -0.24429687266608568486
12.045000             -0.24356015910042622119
12.050000             -0.24266520259703608375
12.055000             -0.24161477750121573838
12.060000             -0.24041179232151391187
12.065000             -0.23905886146553098626
12.070000             -0.23755967259530583191
12.075000             -0.23591900319786174300
12.080000             -0.23414026270949975239
12.085000             -0.23222650047637941051
12.090000             -0.23018284419759110770
12.095000             -0.22801318277427426451
12.100000             -0.22572158269430178668
12.105000             -0.22331215667874051989
12.110000             -0.22078883348560873756
12.115000             -0.21815604762866122601
12.120000             -0.21541904476004730684
12.125000             -0.21258286373033635774
12.130000             -0.20965392343585290136
12.135000             -0.20664005001184623800
12.140000             -0.20355037545116136388
12.145000             -0.20039267065480195762
12.150000             -0.19718010187411294520
12.155000             -0.19392125040847044137
12.160000             -0.19062693467137992176
12.165000             -0.18730861115097799385
12.170000             -0.18397748574874106531
12.175000             -0.18064794620150861904
12.180000             -0.17733064455630345724
12.185000             -0.17403719804701706098
12.190000             -0.17077926913839391876
12.195000             -0.16756659816747540570
12.200000             -0.16440969416093256794
12.205000             -0.16131650626078075650
12.210000             -0.15829498386681534194
12.215000             -0.15535249350100965859
12.220000             -0.15249601537350021552
12.225000             -0.14973007385276557168
12.230000             -0.14705688610131539829
12.235000             -0.14448182713448889936
12.240000             -0.14200624725137386828
12.245000             -0.13963232981748593953
12.250000             -0.13736114904571325446
12.255000             -0.13519157462434203132
12.260000             -0.13312517267621354344
12.265000             -0.13116253032357969022
12.270000             -0.12930403798369694002
12.275000             -0.12755372996820468767
12.280000             -0.12591468679603434744
12.285000             -0.12439112401773030903
12.290000             -0.12298704976988927839
12.295000             -0.12170821104846683836
12.300000             -0.12055960517387780129
12.305000             -0.11954618393675131571
12.310000             -0.11867291986261359338
12.315000             -0.11794564614834907035
12.320000             -0.11736600416795042734
12.325000             -0.11693698118521800300
12.330000             -0.11666185687334243437
12.335000             -0.11654063823833289704
12.340000             -0.11657269813813891934
12.345000             -0.11675582658742408859
12.350000             -0.11708680103939363149
12.355000             -0.11755950988119211187
12.360000             -0.11817035855038773851
12.365000             -0.11891345289795762774
12.370000             -0.11978456559625071109
12.375000             -0.12077697767242591420
12.380000             -0.12188607853340541198
12.385000             -0.12310685630936588075
12.390000             -0.12443458632249804197
12.395000             -0.12586668979052220707
12.400000             -0.12740092024335555876
12.405000             -0.12903494051944736087
12.410000             -0.13076785342032071213
12.415000             -0.13259878512548112228
12.420000             -0.13452914036676011378
12.425000             -0.13655734302846228578
12.430000             -0.13868322636215960064
12.435000             -0.14090743824803628192
12.440000             -0.14322828029312509313
12.445000             -0.14564398198726052902
12.450000             -0.14815020003198428600
12.455000             -0.15074341827282364270
12.460000             -0.15341737558352899762
12.465000             -0.15616500858663398543
12.470000             -0.15897689100440701160
12.475000             -0.16184516817114336096
12.480000             -0.16475877092016505410
12.485000             -0.16770644990670155461
12.490000             -0.17067745067984049778
12.495000             -0.17366104346152824722
12.500000             -0.17664449206628723976
12.505000             -0.17961769013910697246
12.510000             -0.18256931973005288694
12.515000             -0.18549081464384784002
12.520000             -0.18837343169418707678
12.525000             -0.19120444418085080773
12.530000             -0.19398263427363818256
12.535000             -0.19669939757121301938
12.540000             -0.19935005800651198204
12.545000             -0.20192948423550557968
12.550000             -0.20443484705665063150
12.555000             -0.20686218606182818491
12.560000             -0.20920851312524418875
12.565000             -0.21147136202736138699
12.570000             -0.21364817380086897902
12.575000             -0.21573833759564556289
12.580000             -0.21773832833634707007
12.585000             -0.21964988838067434074
12.590000             -0.22147123824597053643
12.595000             -0.22319988763791576147
12.600000             -0.22483411165622357863
12.605000             -0.22637224099402641908
12.610000             -0.22781071910063277475
12.615000             -0.22914658006240018473
12.620000             -0.23037628530951662076
12.625000             -0.23149593185830061315
12.630000             -0.23250333338420070550
12.635000             -0.23339323882494666940
12.640000             -0.23416475700142930227
12.645000             -0.23481665566639686737
12.650000             -0.23534495618506662273
12.655000             -0.23575116598755896380
12.660000             -0.23603544031488093990
12.665000             -0.23619550503392239271
12.670000             -0.23623115930212060243
12.675000             -0.23614479922451181437
12.680000             -0.23593889777273127639
12.685000             -0.23561391752490384865
12.690000             -0.23517212567430378911
12.695000             -0.23461450361567490197
12.700000             -0.23394320642484556227
12.705000             -0.23315942902515379709
12.710000             -0.23226404465701239177
12.715000             -0.23125887062030667241
12.720000             -0.23014523576193912646
12.725000             -0.22892503847422590590
12.730000             -0.22759928578213442507
12.735000             -0.22616808905864854706
12.740000             -0.22463663113089682444
12.745000             -0.22300664637096165310
12.750000             -0.22127837825626792134
12.755000             -0.21945544010951176239
12.760000             -0.21754082576727692966
12.765000             -0.21553763896675084966
12.770000             -0.21345155076150329476
12.775000             -0.21128845047432354143
12.780000             -0.20905453736409282395
12.785000             -0.20675882560760777684
12.790000             -0.20440834185278081159
12.795000             -0.20201289005888908856
12.800000             -0.19958339518773754451
12.805000             -0.19712819504703962825
12.810000             -0.19465701058154624703
12.815000             -0.19218099616177014566
12.820000             -0.18970911693650460705
12.825000             -0.18725107034153087859
12.830000             -0.18481601382497561681
12.835000             -0.18241291852327295997
12.840000             -0.18004955356556004431
12.845000             -0.17773378647895293758
12.850000             -0.17547411746268290478
12.855000             -0.17327812623822363980
12.860000             -0.17114747907463265242
12.865000             -0.16908894573900584701
12.870000             -0.16710651771520793063
12.875000             -0.16520439540035133930
12.880000             -0.16338676073637059538
12.885000             -0.16165732051933526248
12.890000             -0.16001839527388311835
12.895000             -0.15847549518608713970
12.900000             -0.15702829941339782605
12.905000             -0.15568089127921327930
12.910000             -0.15443498343920386562
12.915000             -0.15329309690842540803
12.920000             -0.15225679457829047192
12.925000             -0.15133170399161563480
12.930000             -0.15051792881472225716
12.935000             -0.14981874137615755482
12.940000             -0.14923768452580021826
12.945000             -0.14877761080761472967
12.950000             -0.14844225007024067220
12.955000             -0.14823283323859012817
12.960000             -0.14815371650723233032
12.965000             -0.14820751712824070667
12.970000             -0.14839701696312282420
12.975000             -0.14872483596957261631
12.980000             -0.14919214245248979545
12.985000             -0.14979907947177767413
12.990000             -0.15054542291376765695
12.995000             -0.15142996788446697054
13.000000             -0.15245087211995941856
13.005000             -0.15360480065396114879
13.010000             -0.15488651086713764449
13.015000             -0.15629156362698243266
13.020000             -0.15781307948310457911
13.025000             -0.15944497115081601724
13.030000             -0.16117857560730411426
13.035000             -0.16300618644362702137
13.040000             -0.16491565635550542446
13.045000             -0.16689972843623959720
13.050000             -0.16894853387864663952
13.055000             -0.17105062040879429053
13.060000             -0.17319583741283511857
13.065000             -0.17537172032375525355
13.070000             -0.17756675584927483769
13.075000             -0.17976862992790101914
13.080000             -0.18196494957330527908
13.085000             -0.18414637395617888815
13.090000             -0.18630094490028348275
13.095000             -0.18841950255918415991
13.100000             -0.19049340874293319015
13.105000             -0.19251324767739091959
13.110000             -0.19447408564806550890
13.115000             -0.19636949784645196804
13.120000             -0.19819520161789785928
13.125000             -0.19994634054725460293
13.130000             -0.20162101274423249730
13.135000             -0.20321428720313933214
13.140000             -0.20472881727147926312
13.145000             -0.20616171828253582188
13.150000             -0.20750956995654543102
13.155000             -0.20877375789925764482
13.160000             -0.20995182133656231649
13.165000             -0.21104476135437746920
13.170000             -0.21205163870738677478
13.175000             -0.21297353501641619333
13.180000             -0.21380996089568646279
13.185000             -0.21455850256371006290
13.190000             -0.21522210651698786554
13.195000             -0.21579816966712053738
13.200000             -0.21628630851745800356
13.205000             -0.21668692416581802895
13.210000             -0.21699898575611631379
13.215000             -0.21722178826359156423
13.220000             -0.21735553082625963528
13.225000             -0.21740005207117049646
13.230000             -0.21735672437491607156
13.235000             -0.21722611673472186355
13.240000             -0.21701179163386863369
13.245000             -0.21671284966085177515
13.250000             -0.21633501632590779185
13.255000             -0.21587609733486409769
13.260000             -0.21534210550221674629
13.265000             -0.21473339698517784901
13.270000             -0.21405357630979685024
13.275000             -0.21330518630265971058
13.280000             -0.21249255471081521240
13.285000             -0.21161684273194752981
13.290000             -0.21068247212307322780
13.295000             -0.20969378599023891230
13.300000             -0.20865277104541030129
13.305000             -0.20756613988161676243
13.310000             -0.20643441621488825555
13.315000             -0.20526305612156162117
13.320000             -0.20405585756460289937
13.325000             -0.20281601705664695223
13.330000             -0.20154555478493166309
13.335000             -0.20025003401753968535
13.340000             -0.19893181829153969153
13.345000             -0.19759230516493322960
13.350000             -0.19623319110374637386
13.355000             -0.19485518089159109545
13.360000             -0.19345677849717063390
13.365000             -0.19204174335629586867
13.370000             -0.19060665781275212827
13.375000             -0.18915076426176791191
13.380000             -0.18767447744531307041
13.385000             -0.18617580846544259932
13.390000             -0.18465651261468177258
13.395000             -0.18311792777397059573
13.400000             -0.18156072034881645672
13.405000             -0.17998827961245209006
13.410000             -0.17840454463451313472
13.415000             -0.17681347392988694400
13.420000             -0.17522230994574813923
13.425000             -0.17363560758459781197
13.430000             -0.17206186410810417331
13.435000             -0.17050675104918991409
13.440000             -0.16898158628372556000
13.445000             -0.16749237435550981545
13.450000             -0.16604730428655284369
13.455000             -0.16465360126617722969
13.460000             -0.16331834388029883853
13.465000             -0.16204723104673196543
13.470000             -0.16084511375298951585
13.475000             -0.15971652039636460851
13.480000             -0.15866243967474022436
13.485000             -0.15768532358784639880
13.490000             -0.15678468681389531869
13.495000             -0.15596071591026952619
13.500000             -0.15521152355849235360
13.505000             -0.15453700791717753238
13.510000             -0.15393252849532307325
13.515000             -0.15339516985617845934
13.520000             -0.15292413959386308431
13.525000             -0.15251257122027267465
13.530000             -0.15215958544797070218
13.535000             -0.15186218191630557195
13.540000             -0.15161811814999123782
13.545000             -0.15142546080036373146
13.550000             -0.15128314133712023049
13.555000             -0.15119014444651493467
13.560000             -0.15114834828043677284
13.565000             -0.15115777048500894653
13.570000             -0.15121790078290828219
13.575000             -0.15133057112789727316
13.580000             -0.15149924555699353923
13.585000             -0.15172273526850404979
13.590000             -0.15200391784011735297
13.595000             -0.15234403889133762977
13.600000             -0.15274480203871498851
13.605000             -0.15320672180804387197
13.610000             -0.15372988050607433452
13.615000             -0.15431523246847295150
13.620000             -0.15496376501518110969
13.625000             -0.15567505793898434030
13.630000             -0.15644733984817446593
13.635000             -0.15728155518001310509
13.640000             -0.15817692133399713361
13.645000             -0.15913131245138673053
13.650000             -0.16014398750260877557
13.655000             -0.16121236493897558861
13.660000             -0.16233527923268925575
13.665000             -0.16351070709700199490
13.670000             -0.16473681686892421849
13.675000             -0.16601221725831122322
13.680000             -0.16733366357863008189
13.685000             -0.16870009833944427102
13.690000             -0.17010862128621073719
13.695000             -0.17155944406218825993
13.700000             -0.17305032153177499210
13.705000             -0.17457842485463395676
13.710000             -0.17614335900428193527
13.715000             -0.17774285524476157727
13.720000             -0.17937362583340299427
13.725000             -0.18103613909094923295
13.730000             -0.18272542423905316356
13.735000             -0.18443656546612710589
13.740000             -0.18616616519451709144
13.745000             -0.18791101126596201909
13.750000             -0.18966295226069460056
13.755000             -0.19141650321021508319
13.760000             -0.19316474986737594555
13.765000             -0.19490144074095863691
13.770000             -0.19661867077655140190
13.775000             -0.19830904697918702584
13.780000             -0.19996651699721623707
13.785000             -0.20158660901168676260
13.790000             -0.20316404473920451901
13.795000             -0.20469134027479590765
13.800000             -0.20616551733791174672
13.805000             -0.20758225349866840648
13.810000             -0.20893944803309796865
13.815000             -0.21023383632411643540
13.820000             -0.21146520258791326463
13.825000             -0.21263150717707751669
13.830000             -0.21373130178007365698
13.835000             -0.21476292965152976588
13.840000             -0.21572542339994171812
13.845000             -0.21661652100690448330
13.850000             -0.21743430118083353908
13.855000             -0.21817793682161362723
13.860000             -0.21884348061102706917
13.865000             -0.21942802950148257435
13.870000             -0.21993217908318341003
13.875000             -0.22035171011135101793
13.880000             -0.22068478089151938315
13.885000             -0.22092894331222440174
13.890000             -0.22108125606111642125
13.895000             -0.22113965762808387994
13.900000             -0.22110279258904852462
13.905000             -0.22096841556173696386
13.910000             -0.22073551716120323740
13.915000             -0.22040395755958402946
13.920000             -0.21997321336112179990
13.925000             -0.21944475266557594839
13.930000             -0.21881917015193372289
13.935000             -0.21809950329639626876
13.940000             -0.21728838980961837080
13.945000             -0.21638676860056843543
13.950000             -0.21540207021157173339
13.955000             -0.21433510152173279595
13.960000             -0.21319095519085873303
13.965000             -0.21197517033341298220
13.970000             -0.21069076466611563747
13.975000             -0.20934358715177570076
13.980000             -0.20793770963859339873
13.985000             -0.20647657636050062435
13.990000             -0.20496636087039296625
13.995000             -0.20341056786962505298
14.000000             -0.20181229444050144406
14.005000             -0.20017506541234880713
14.010000             -0.19850241060787626735
14.015000             -0.19679699961775432016
14.020000             -0.19506378986363459571
14.025000             -0.19330330401710951738
14.030000             -0.19152117808451288306
14.035000             -0.18972204705218229104
14.040000             -0.18790643542426713197
14.045000             -0.18607864885815439404
14.050000             -0.18424232353812042273
14.055000             -0.18240184406499360126
14.060000             -0.18056456791268452045
14.065000             -0.17873400887221410627
14.070000             -0.17691488980665931452
14.075000             -0.17511544856138261395
14.080000             -0.17334218063380182895
14.085000             -0.17160167780824492345
14.090000             -0.16989872492125615566
14.095000             -0.16824062387612551128
14.100000             -0.16663025777905285385
14.105000             -0.16507760242877206336
14.110000             -0.16358616891080185463
14.115000             -0.16216061111281296347
14.120000             -0.16080453898812122060
14.125000             -0.15952140083500726542
14.130000             -0.15831402097395735895
14.135000             -0.15718483432451008097
14.140000             -0.15613298730208863274
14.145000             -0.15516460737830053973
14.150000             -0.15428043062936511176
14.155000             -0.15347732163346589074
14.160000             -0.15276073640930243336
14.165000             -0.15212855078245801632
14.170000             -0.15158522212784580896
14.175000             -0.15112589305715834476
14.180000             -0.15075596605986094079
14.185000             -0.15047675696010062718
14.190000             -0.15028839999812643180
14.195000             -0.15019144427057171121
14.200000             -0.15018796319643742954
14.205000             -0.15027853543656669033
14.210000             -0.15046221819913099815
14.215000             -0.15074017771774020358
14.220000             -0.15111150548201482402
14.225000             -0.15157838402871437467
14.230000             -0.15213955184413641142
14.235000             -0.15279615445718847111
14.240000             -0.15354871925306029512
14.245000             -0.15439820951216531864
14.250000             -0.15534374446790169544
14.255000             -0.15638664692635756426
14.260000             -0.15752669657510820489
14.265000             -0.15876305435533466515
14.270000             -0.16009518600044431169
14.275000             -0.16152029719374758066
14.280000             -0.16303820154446937996
14.285000             -0.16464656562089785563
14.290000             -0.16634106443338672610
14.295000             -0.16811897227522995535
14.300000             -0.16997501990511856840
14.305000             -0.17190362710464576756
14.310000             -0.17389875563942872039
14.315000             -0.17595172788336790881
14.320000             -0.17805550676450984660
14.325000             -0.18019958330073887476
14.330000             -0.18237417124672378188
14.335000             -0.18457056417751480093
14.340000             -0.18678016662632174194
14.345000             -0.18899433737424345403
14.350000             -0.19120462858793688121
14.355000             -0.19340340464340308180
14.360000             -0.19558334904838070578
14.365000             -0.19773695001282742822
14.370000             -0.19985856647291547206
14.375000             -0.20193970143872852496
14.380000             -0.20397506626693895360
14.385000             -0.20595756430240597101
14.390000             -0.20788008381481995479
14.395000             -0.20973863570118173039
14.400000             -0.21152796687461142278
14.405000             -0.21324259572817608199
14.410000             -0.21488157554244621816
14.415000             -0.21643964295842854639
14.420000             -0.21791418544364965504
14.425000             -0.21930128038175772387
14.430000             -0.22060074443582380899
14.435000             -0.22180903888260422585
14.440000             -0.22292940216293821720
14.445000             -0.22396041110024933474
14.450000             -0.22490046856772494266
14.455000             -0.22575102463484469917
14.460000             -0.22651084671817012239
14.465000             -0.22717581840982806196
14.470000             -0.22775029774796973214
14.475000             -0.22823041674537553058
14.480000             -0.22861538298302475081
14.485000             -0.22890773971203010051
14.490000             -0.22910365239599833620
14.495000             -0.22920512641047752211
14.500000             -0.22920855900922143533
14.505000             -0.22911607583218837614
14.510000             -0.22892726935738524907
14.515000             -0.22864177078593708736
14.520000             -0.22826306676196925216
14.525000             -0.22779435938290715224
14.530000             -0.22723445555746343838
14.535000             -0.22658655259830220996
14.540000             -0.22585298344769913492
14.545000             -0.22503684843938795423
14.550000             -0.22414019943545718250
14.555000             -0.22316651579683818851
14.560000             -0.22211665684577752700
14.565000             -0.22099451390403834772
14.570000             -0.21980084531097554557
14.575000             -0.21853820896208528413
14.580000             -0.21720415194968500927
14.585000             -0.21580164801485579584
14.590000             -0.21433139890489974477
14.595000             -0.21279465197595656689
14.600000             -0.21119174080220895484
14.605000             -0.20952404334985155754
14.610000             -0.20779553722158305984
14.615000             -0.20600526457559764637
14.620000             -0.20415729021067346993
14.625000             -0.20225426689422065785
14.630000             -0.20030013854053219102
14.635000             -0.19829598063625319959
14.640000             -0.19624702895865725472
14.645000             -0.19415691879642038575
14.650000             -0.19203076124757262333
14.655000             -0.18987267511281918919
14.660000             -0.18768844680806520686
14.665000             -0.18548312851708026461
14.670000             -0.18326220595612741082
14.675000             -0.18103187048820354454
14.680000             -0.17880011872357953751
14.685000             -0.17657196542514516646
14.690000             -0.17435255053630369093
14.695000             -0.17215279858463761187
14.700000             -0.16997544305969017331
14.705000             -0.16782781665199603127
14.710000             -0.16571426848282982958
14.715000             -0.16364137682926879758
14.720000             -0.16161360581709763307
14.725000             -0.15963674439359454293
14.730000             -0.15771166950815659891
14.735000             -0.15584186807061947699
14.740000             -0.15403237796014257466
14.745000             -0.15228681817264311249
14.750000             -0.15060699480313866072
14.755000             -0.14899465007289108831
14.760000             -0.14745203173364718197
14.765000             -0.14597939326903713875
14.770000             -0.14457809932665485753
14.775000             -0.14324976211595147335
14.780000             -0.14199522729871211224
14.785000             -0.14081459887098712880
14.790000             -0.13970831394965424477
14.795000             -0.13867748311978947418
14.800000             -0.13772164792235844222
14.805000             -0.13684084755071179718
14.810000             -0.13603801902201825835
14.815000             -0.13531091472480791249
14.820000             -0.13466403652699657223
14.825000             -0.13410047297024324520
14.830000             -0.13362091870699593921
14.835000             -0.13322856228333304629
14.840000             -0.13292698417957476975
14.845000             -0.13272420177266389119
14.850000             -0.13262312044468080319
14.855000             -0.13263030409745224514
14.860000             -0.13275080944705225372
14.865000             -0.13299044829042253046
14.870000             -0.13335279402416946870
14.875000             -0.13384400592007700270
14.880000             -0.13446484469064476364
14.885000             -0.13521656550110613959
14.890000             -0.13610143885253001006
14.895000             -0.13711683017193732059
14.900000             -0.13826122859711112434
14.905000             -0.13953062181200778791
14.910000             -0.14092307508755524958
14.915000             -0.14243432504843672737
14.920000             -0.14405531332556006929
14.925000             -0.14578325429771649135
14.930000             -0.14760823882948723162
14.935000             -0.14952376127538985484
14.940000             -0.15152072041988690065
14.945000             -0.15359047979480885959
14.950000             -0.15572627590152474109
14.955000             -0.15791934762052800556
14.960000             -0.16015934863183808878
14.965000             -0.16243969333684019074
14.970000             -0.16475256564999715692
14.975000             -0.16709163938041696196
14.980000             -0.16945069372198112712
14.985000             -0.17182374042407042025
14.990000             -0.17420486810578958425
14.995000             -0.17658837408945413094
15.000000             -0.17897081902589434543
15.005000             -0.18134700731639971649
15.010000             -0.18371324233939242965
15.015000             -0.18606293401987933356
15.020000             -0.18839666129853194221
15.025000             -0.19070847908126872805
15.030000             -0.19299451622115842975
15.035000             -0.19524936747465171383
15.040000             -0.19747048299126235271
15.045000             -0.19965227053462047957
15.050000             -0.20179002741190063541
15.055000             -0.20388031204589823764
15.060000             -0.20591970410721824325
15.065000             -0.20790294220014510218
15.070000             -0.20982806237222251244
15.075000             -0.21169305072249486321
15.080000             -0.21349262271330282648
15.085000             -0.21522382229877770610
15.090000             -0.21688209975236352745
15.095000             -0.21846827762741022338
15.100000             -0.21997372518522356755
15.105000             -0.22139701624075391884
15.110000             -0.22273534196209002212
15.115000             -0.22398651970802599398
15.120000             -0.22514629070650316045
15.125000             -0.22621361689812100049
15.130000             -0.22718619042141385833
15.135000             -0.22806241631339438380
15.140000             -0.22884015487182615689
15.145000             -0.22951713940499740563
15.150000             -0.23009175650154001236
15.155000             -0.23056249450637950060
15.160000             -0.23092654718330429819
15.165000             -0.23118169752281930718
15.170000             -0.23132736609096873903
15.175000             -0.23136033915077974799
15.180000             -0.23127613547718797737
15.185000             -0.23107628928720064243
15.190000             -0.23075887910093362265
15.195000             -0.23032348856096568346
15.200000             -0.22977057062153266598
15.205000             -0.22910029316846422520
15.210000             -0.22831502467480177532
15.215000             -0.22741802994470455834
15.220000             -0.22641240314828200986
15.225000             -0.22530003778293550276
15.230000             -0.22409061964598075978
15.235000             -0.22278819523712509176
15.240000             -0.22139630021815742689
15.245000             -0.21991732224173773935
15.250000             -0.21836012011847463765
15.255000             -0.21673195649854176681
15.260000             -0.21503670858036100233
15.265000             -0.21328025312691356596
15.270000             -0.21146845741062303414
15.275000             -0.20960765321882024459
15.280000             -0.20770446642464249210
15.285000             -0.20576481558811784978
15.290000             -0.20379086253674688622
15.295000             -0.20178837278892666762
15.300000             -0.19976133746561378079
15.305000             -0.19771644505454474827
15.310000             -0.19565374159288981271
15.315000             -0.19358060129054596721
15.320000             -0.19150139268031565742
15.325000             -0.18941991172684760625
15.330000             -0.18734321979337850705
15.335000             -0.18527830284432506014
15.340000             -0.18323012208788380661
15.345000             -0.18120639065067645213
15.350000             -0.17921382302947996834
15.355000             -0.17726052188448324087
15.360000             -0.17535219793117839959
15.365000             -0.17349605483741159517
15.370000             -0.17170109843537853522
15.375000             -0.16997167413374339451
15.380000             -0.16831484027776186241
15.385000             -0.16673708283351731940
15.390000             -0.16524312141637603757
15.395000             -0.16383823393932561707
15.400000             -0.16252539860195699961
15.405000             -0.16131127722474056241
15.410000             -0.16019391490431689196
15.415000             -0.15917599519821434839
15.420000             -0.15825878117683181423
15.425000             -0.15744179835777080689
15.430000             -0.15672443115197987051
15.435000             -0.15610315224819737434
15.440000             -0.15557854597809184227
15.445000             -0.15514736032025797097
15.450000             -0.15480719596795800008
15.455000             -0.15455487544860921356
15.460000             -0.15438712151315653331
15.465000             -0.15430095014536587827
15.470000             -0.15429379688774055857
15.475000             -0.15436210902773150888
15.480000             -0.15450529932146148115
15.485000             -0.15472252335608138729
15.490000             -0.15501382852247483357
15.495000             -0.15537796890505636838
15.500000             -0.15581625981199428987
15.505000             -0.15633045632647546430
15.510000             -0.15692096436750457844
15.515000             -0.15758966322469039611
15.520000             -0.15833767659526573612
15.525000             -0.15916584909901970724
15.530000             -0.16007306314220803856
15.535000             -0.16106264878111392624
15.540000             -0.16213094325345744906
15.545000             -0.16327617702570809688
15.550000             -0.16449763367051264962
15.555000             -0.16579496049651873402
15.560000             -0.16716363980668541567
15.565000             -0.16860174469267025232
15.570000             -0.17010224664824896701
15.575000             -0.17166253732820568878
15.580000             -0.17327617009795401315
15.585000             -0.17493769212087187381
15.590000             -0.17664080671683179968
15.595000             -0.17837764537602868176
15.600000             -0.18014263587433235192
15.605000             -0.18192861452310465920
15.610000             -0.18372857716185095334
15.615000             -0.18553490860738386381
15.620000             -0.18734136200620105095
15.625000             -0.18914168396723105015
15.630000             -0.19092993512199252226
15.635000             -0.19269922918686055446
15.640000             -0.19444440563075712780
15.645000             -0.19616029813898522294
15.650000             -0.19784285054864431119
15.655000             -0.19948906483276590551
15.660000             -0.20109463523227302795
15.665000             -0.20265554640997598956
15.670000             -0.20417016786946418083
15.675000             -0.20563211196123967750
15.680000             -0.20704299555333607885
15.685000             -0.20839514505146100598
15.690000             -0.20968713515911785450
15.695000             -0.21091455783560120185
15.700000             -0.21207505043466118311
15.705000             -0.21316446256864393649
15.710000             -0.21417971476792777019
15.715000             -0.21511946528321326810
15.720000             -0.21597932700468261413
15.725000             -0.21675539041645580651
15.730000             -0.21744425480147089313
15.735000             -0.21804509829891305372
15.740000             -0.21855622232974580843
15.745000             -0.21897725953927446585
15.750000             -0.21930615383250059991
15.755000             -0.21954230469197993925
15.760000             -0.21968578194998217290
15.765000             -0.21973594416118863437
15.770000             -0.21969426948540873856
15.775000             -0.21956146624999053896
15.780000             -0.21933941139155199718
15.785000             -0.21902922156606408066
15.790000             -0.21863253776203439571
15.795000             -0.21815056107272137731
15.800000             -0.21758492586557046100
15.805000             -0.21693678458505694095
15.810000             -0.21620959407719875234
15.815000             -0.21540520538143068108
15.820000             -0.21452607153106678650
15.825000             -0.21357435412115544082
15.830000             -0.21255277686693321848
15.835000             -0.21146149569311259442
15.840000             -0.21030454620448077452
15.845000             -0.20908355663385533307
15.850000             -0.20780068875395427130
15.855000             -0.20645487473625703800
15.860000             -0.20505108364649765607
15.865000             -0.20359108644383444586
15.870000             -0.20207527526942398177
15.875000             -0.20050447187337727684
15.880000             -0.19888331313700208236
15.885000             -0.19721329594373296357
15.890000             -0.19549742524542032540
15.895000             -0.19373896726337769270
15.900000             -0.19194224052249611590
15.905000             -0.19011052210384010719
15.910000             -0.18825081783696961946
15.915000             -0.18636807286854834009
15.920000             -0.18446963825479648080
15.925000             -0.18256343645538930520
15.930000             -0.18065641520815156618
15.935000             -0.17875686699966919502
15.940000             -0.17687268201646808019
15.945000             -0.17501125225788910500
15.950000             -0.17318039572870208564
15.955000             -0.17138735960448112094
15.960000             -0.16963596594853863619
15.965000             -0.16793538134637817083
15.970000             -0.16629404517004575670
15.975000             -0.16471815291088001687
15.980000             -0.16321406918968672795
15.985000             -0.16178669726994329703
15.990000             -0.16044313716563024519
15.995000             -0.15918813909135587359
16.000000             -0.15802561610679005666
16.005000             -0.15696023440698278484
16.010000             -0.15599521209887887152
16.015000             -0.15513142688238543143
16.020000             -0.15437124482232583711
16.025000             -0.15371551115472656401
16.030000             -0.15316487764796701820
16.035000             -0.15271626993168471720
16.040000             -0.15237242258481853430
16.045000             -0.15212683879466173953
16.050000             -0.15197565626053907706
16.055000             -0.15191807353116937307
16.060000             -0.15195116496982269405
16.065000             -0.15207225726541151456
16.070000             -0.15227940620021893081
16.075000             -0.15257154532149067028
16.080000             -0.15294767424400093625
16.085000             -0.15340133254833870913
16.090000             -0.15393143254800695230
16.095000             -0.15453741203750506750
16.100000             -0.15521612229647982484
16.105000             -0.15596449306809581636
16.110000             -0.15678120863891398251
16.115000             -0.15766337860403339954
16.120000             -0.15860873834217800726
16.125000             -0.15961459015644199888
16.130000             -0.16067713781665760031
16.135000             -0.16179282268244732368
16.140000             -0.16295825798459193101
16.145000             -0.16416953588826163624
16.150000             -0.16542509063874188957
16.155000             -0.16672009028786602403
16.160000             -0.16804784198744873724
16.165000             -0.16940257295258370762
16.170000             -0.17078239223030386440
16.175000             -0.17217781139684401603
16.180000             -0.17358365833237604514
16.185000             -0.17499750912362710409
16.190000             -0.17640926400872555813
16.195000             -0.17781480697016710524
16.200000             -0.17920888695348155539
16.205000             -0.18058754489782083419
16.210000             -0.18194786436850213240
16.215000             -0.18328474765559082948
16.220000             -0.18459449206039052482
16.225000             -0.18587914010018713462
16.230000             -0.18713206833272200136
16.235000             -0.18835305722679457352
16.240000             -0.18954068691841027827
16.245000             -0.19069506995012375228
16.250000             -0.19181657078457445276
16.255000             -0.19290429623686861094
16.260000             -0.19396029534296507779
16.265000             -0.19498260327504554623
16.270000             -0.19597512455743329451
16.275000             -0.19693566023237116247
16.280000             -0.19786569949110457967
16.285000             -0.19876554687346126293
16.290000             -0.19963694075366164582
16.295000             -0.20047925015424711281
16.300000             -0.20129572498091050092
16.305000             -0.20208577309408456979
16.310000             -0.20284746684726492894
16.315000             -0.20358187346418715746
16.320000             -0.20428644138165205635
16.325000             -0.20496104566708542305
16.330000             -0.20560296371026304252
16.335000             -0.20621093384358638034
16.340000             -0.20678085782484473265
16.345000             -0.20731197742276177842
16.350000             -0.20780048600256356695
16.355000             -0.20824252366497048028
16.360000             -0.20863370454174803847
16.365000             -0.20897087857305526870
16.370000             -0.20925202781104970673
16.375000             -0.20947540304181233584
16.380000             -0.20963747709849861467
16.385000             -0.20973846599460138629
16.390000             -0.20977715850802755582
16.395000             -0.20975284000441346555
16.400000             -0.20966509152621429224
16.405000             -0.20951805174298485102
16.410000             -0.20931273086907539738
16.415000             -0.20905147090002548782
16.420000             -0.20873937459328018029
16.425000             -0.20838272945545227577
16.430000             -0.20798448176054806780
16.435000             -0.20755033729380184537
16.440000             -0.20708552348161418655
16.445000             -0.20659223701411255636
16.450000             -0.20607480327342586612
16.455000             -0.20553582994940325368
16.460000             -0.20497742819749351084
16.465000             -0.20440179956755816226
16.470000             -0.20380894669614146864
16.475000             -0.20320000361677928447
16.480000             -0.20257436699087055798
16.485000             -0.20193143713858840993
16.490000             -0.20126930937939152555
16.495000             -0.20058958458273415393
16.500000             -0.19989135869719981686
16.505000             -0.19917064774497181268
16.510000             -0.19842676513791693282
16.515000             -0.19765912698996807029
16.520000             -0.19686794987976327653
16.525000             -0.19605319445731000938
16.530000             -0.19521491816314170964
16.535000             -0.19435365971111573380
16.540000             -0.19347298250406108622
16.545000             -0.19257993934740733066
16.550000             -0.19167304362333859036
16.555000             -0.19076050227024998751
16.560000             -0.18984500048678851214
16.565000             -0.18893227222426953182
16.570000             -0.18802646118434490630
16.575000             -0.18713371842213397112
16.580000             -0.18625839860298140649
16.585000             -0.18540689308632660182
16.590000             -0.18458206391240650213
16.595000             -0.18378723865767349066
16.600000             -0.18302637096476589984
16.605000             -0.18230298933526489780
16.610000             -0.18161788162705633232
16.615000             -0.18097217210476976290
16.620000             -0.18036542083899803623
16.625000             -0.17979741728669204615
16.630000             -0.17926666656836154345
16.635000             -0.17877079603705728350
16.640000             -0.17830705906813040795
16.645000             -0.17787187148104274814
16.650000             -0.17746165570237015796
16.655000             -0.17707074563029562286
16.660000             -0.17669716790913078674
16.665000             -0.17633599103832198196
16.670000             -0.17598476306330076979
16.675000             -0.17564065887990990000
16.680000             -0.17530609732796789690
16.685000             -0.17497508151377177965
16.690000             -0.17465001681147451773
16.695000             -0.17433037410515953014
16.700000             -0.17401723087670756263
16.705000             -0.17371274435039299466
16.710000             -0.17341331756215558335
16.715000             -0.17312744421562287211
16.720000             -0.17285796437823322536
16.725000             -0.17260475691942511745
16.730000             -0.17237027567616364232
16.735000             -0.17215699063214948139
16.740000             -0.17196688263150511355
16.745000             -0.17180317771293479590
16.750000             -0.17166555315153414485
16.755000             -0.17155682268319319417
16.760000             -0.17147720500648086506
16.765000             -0.17142766078414550801
16.770000             -0.17140903348339042722
16.775000             -0.17142354002771556520
16.780000             -0.17147100357836850271
16.785000             -0.17155152065792073079
16.790000             -0.17166469828077582371
16.795000             -0.17180865919559676347
16.800000             -0.17198383070388983951
16.805000             -0.17218271821162936530
16.810000             -0.17240646244754506689
16.815000             -0.17265255142070770611
16.820000             -0.17291678210297684037
16.825000             -0.17319662498112831095
16.830000             -0.17348879884248410987
16.835000             -0.17378897750973590353
16.840000             -0.17409623053137160409
16.845000             -0.17440644069850538833
16.850000             -0.17471800830024161733
16.855000             -0.17502688234254418220
16.860000             -0.17533448702417844811
16.865000             -0.17563930185610043821
16.870000             -0.17593713499583582549
16.875000             -0.17622984541530342661
16.880000             -0.17651683699026196606
16.885000             -0.17679704152787303895
16.890000             -0.17707246726568284800
16.895000             -0.17734281543529398228
16.900000             -0.17761089883042585624
16.905000             -0.17787807260954840993
16.910000             -0.17814479528398080577
16.915000             -0.17841352995736070586
16.920000             -0.17868476204046479516
16.925000             -0.17895851752930011513
16.930000             -0.17923595613411785754
16.935000             -0.17951533506691041975
16.940000             -0.17979697399954716608
16.945000             -0.18008066514730905472
16.950000             -0.18036501148007458295
16.955000             -0.18064852376792595035
16.960000             -0.18093122004382469759
16.965000             -0.18121143119627983187
16.970000             -0.18148749797238442061
16.975000             -0.18175681744941965534
16.980000             -0.18202035210361935946
16.985000             -0.18227747573592786856
16.990000             -0.18252542555423403869
16.995000             -0.18276232492892460768
17.000000             -0.18299118098916997144
17.005000             -0.18321232629361183797
17.010000             -0.18342587592566933496
17.015000             -0.18363425337854824559
17.020000             -0.18383890631563173934
17.025000             -0.18404202730625512929
17.030000             -0.18424601967255244128
17.035000             -0.18445210113359428172
17.040000             -0.18466445276741688675
17.045000             -0.18488300201887847285
17.050000             -0.18511057898523738952
17.055000             -0.18534820838203397431
17.060000             -0.18559769972011885830
17.065000             -0.18585887683357774081
17.070000             -0.18613160069469347757
17.075000             -0.18641444602505966022
17.080000             -0.18670603919908415613
17.085000             -0.18700312739230381953
17.090000             -0.18730257673385697359
17.095000             -0.18760310491053183712
17.100000             -0.18790098676604741201
17.105000             -0.18819176315082553064
17.110000             -0.18847182315403493424
17.115000             -0.18873836516261588425
17.120000             -0.18899035901185129438
17.125000             -0.18922469924882726056
17.130000             -0.18943921279574865713
17.135000             -0.18963270991934261245
17.140000             -0.18980656557219272029
17.145000             -0.18995855144546308635
17.150000             -0.19008722732434463198
17.155000             -0.19019376085871356197
17.160000             -0.19028203069366433908
17.165000             -0.19034826390588216460
17.170000             -0.19039568740426116022
17.175000             -0.19042641001902699260
17.180000             -0.19044155274356397434
17.185000             -0.19044339613174773862
17.190000             -0.19043409880786438260
17.195000             -0.19041508146103430787
17.200000             -0.19038765169032423330
17.205000             -0.19035260814176285793
17.210000             -0.19031211317054955168
17.215000             -0.19026452486923683960
17.220000             -0.19020933263598477359
17.225000             -0.19014698886544217915
17.230000             -0.19007751699511510335
17.235000             -0.19000118756475700699
17.240000             -0.18991564935229648947
17.245000             -0.18982206766665407627
17.250000             -0.18972138617941716743
17.255000             -0.18961114119564842495
17.260000             -0.18949245516782220466
17.265000             -0.18936699462713105224
17.270000             -0.18923390890900684824
17.275000             -0.18909429115377973663
17.280000             -0.18894850830582748946
17.285000             -0.18879669771963794589
17.290000             -0.18864099407669512876
17.295000             -0.18848151627262194063
17.300000             -0.18831959423617550264
17.305000             -0.18815560123305327678
17.310000             -0.18799148730115727846
17.315000             -0.18782780813744309745
17.320000             -0.18766757982254525516
17.325000             -0.18751305282273059150
17.330000             -0.18736427881766387626
17.335000             -0.18722207177944047429
17.340000             -0.18708874591577798197
17.345000             -0.18696355992065377682
17.350000             -0.18684808440504357963
17.355000             -0.18674366801117642245
17.360000             -0.18664947691161748455
17.365000             -0.18656605400056824884
17.370000             -0.18649322291158032527
17.375000             -0.18643082484326786719
17.380000             -0.18637795868777326525
17.385000             -0.18633516452236259520
17.390000             -0.18629929401283923385
17.395000             -0.18627068914463623672
17.400000             -0.18624798293688621387
17.405000             -0.18622630953756860728
17.410000             -0.18620626502124323909
17.415000             -0.18618496524755900889
17.420000             -0.18615980566428699805
17.425000             -0.18612725838849164539
17.430000             -0.18608564697120247300
17.435000             -0.18603184450913121117
17.440000             -0.18596331662043327770
17.445000             -0.18587958254111924816
17.450000             -0.18577733471709637070
17.455000             -0.18565462684028738449
17.460000             -0.18551005334728173923
17.465000             -0.18534420629837403127
17.470000             -0.18515517454372254491
17.475000             -0.18494296039398350207
17.480000             -0.18470884493516911973
17.485000             -0.18445388211568891634
17.490000             -0.18417805234057746389
17.495000             -0.18388541994229454235
17.500000             -0.18357754488507330159
17.505000             -0.18325656064912751453
17.510000             -0.18292374541759462425
17.515000             -0.18258119342405593200
17.520000             -0.18223140359430839430
17.525000             -0.18187607202688826913
17.530000             -0.18151697724453208505
17.535000             -0.18115508958020384855
17.540000             -0.18079106371253830798
17.545000             -0.18042476794662712369
17.550000             -0.18005415935100285707
17.555000             -0.17968346087727413152
17.560000             -0.17931084926718382500
17.565000             -0.17893509504239926700
17.570000             -0.17855692894781241553
17.575000             -0.17817883876214993255
17.580000             -0.17779832527341618564
17.585000             -0.17741750324945629314
17.590000             -0.17703767106134055132
17.595000             -0.17666187531112634290
17.600000             -0.17629121526440527656
17.605000             -0.17592938347871819871
17.610000             -0.17558014555994885808
17.615000             -0.17524816981504701130
17.620000             -0.17493746117626729486
17.625000             -0.17465326544204839987
17.630000             -0.17439787388247338096
17.635000             -0.17417643731761314752
17.640000             -0.17399200774789577717
17.645000             -0.17385049450041276109
17.650000             -0.17375107318538299261
17.655000             -0.17369616282695921061
17.660000             -0.17368614176539928784
17.665000             -0.17372125988701211941
17.670000             -0.17380187848123732075
17.675000             -0.17392700979590905441
17.680000             -0.17409509828435967838
17.685000             -0.17430468270604349001
17.690000             -0.17455374013273794453
17.695000             -0.17484124105617046552
17.700000             -0.17516318924037213578
17.705000             -0.17551924488533249269
17.710000             -0.17590610768081813009
17.715000             -0.17632310065923059716
17.720000             -0.17677042957035749016
17.725000             -0.17724852296884213709
17.730000             -0.17775248249064654060
17.735000             -0.17828232254307796456
17.740000             -0.17884050684046659541
17.745000             -0.17942411979491337815
17.750000             -0.18003385333030014204
17.755000             -0.18066744698809489300
17.760000             -0.18132838672673692870
17.765000             -0.18201168240662071729
17.770000             -0.18271701502977197307
17.775000             -0.18344520291520341471
17.780000             -0.18419371796560699006
17.785000             -0.18496037534709802719
17.790000             -0.18574372213801221276
17.795000             -0.18654235482414491254
17.800000             -0.18735415020689277776
17.805000             -0.18817432182736401614
17.810000             -0.18899994686835849822
17.815000             -0.18982904506814887724
17.820000             -0.19065698219397711477
17.825000             -0.19148029339078243005
17.830000             -0.19229908800520140177
17.835000             -0.19310249006735033528
17.840000             -0.19389552467466725227
17.845000             -0.19467390267995299258
17.850000             -0.19543472006022161169
17.855000             -0.19617314657259862787
17.860000             -0.19689106127967723192
17.865000             -0.19758695508033291555
17.870000             -0.19825658835000972702
17.875000             -0.19889698351822857059
17.880000             -0.19950994033709290587
17.885000             -0.20008919758771365194
17.890000             -0.20063443916921835930
17.895000             -0.20114525000658423082
17.900000             -0.20161780888918334753
17.905000             -0.20205290538913528442
17.910000             -0.20244596366467568216
17.915000             -0.20279328324335901823
17.920000             -0.20309572781361762139
17.925000             -0.20335137702355723932
17.930000             -0.20356026427559650860
17.935000             -0.20372089125988879221
17.940000             -0.20383408764264454582
17.945000             -0.20389884679645067789
17.950000             -0.20391511698744024805
17.955000             -0.20388500725808567093
17.960000             -0.20380935714955447646
17.965000             -0.20369058831773245721
17.970000             -0.20353030531071675258
17.975000             -0.20333059046565088446
17.980000             -0.20309316349489331399
17.985000             -0.20282093748855867243
17.990000             -0.20251645151324382255
17.995000             -0.20218136275954437520
18.000000             -0.20181722111978916967
18.005000             -0.20142563511930067222
18.010000             -0.20100846726805154940
18.015000             -0.20056489006713409950
18.020000             -0.20009308236904879696
18.025000             -0.19959285426987297130
18.030000             -0.19906374245766031428
18.035000             -0.19850571495631796903
18.040000             -0.19791527050318721836
18.045000             -0.19729191808049265089
18.050000             -0.19663554040778072340
18.055000             -0.19594472206314417217
18.060000             -0.19522006310361680881
18.065000             -0.19446159734998069712
18.070000             -0.19366997522229514872
18.075000             -0.19284690407165469561
18.080000             -0.19199340596970437822
18.085000             -0.19111287809858623632
18.090000             -0.19020850849565662521
18.095000             -0.18928267744509266746
18.100000             -0.18833866622518150025
18.105000             -0.18737924695234603467
18.110000             -0.18640597420075166735
18.115000             -0.18542360625681131303
18.120000             -0.18443154299675434959
18.125000             -0.18343516199664763877
18.130000             -0.18243496744695336664
18.135000             -0.18143238114940860028
18.140000             -0.18042929825679035472
18.145000             -0.17942665510743216473
18.150000             -0.17842589753060678071
18.155000             -0.17742701148577186276
18.160000             -0.17642968294040320409
18.165000             -0.17543823169668365525
18.170000             -0.17445238967774726047
18.175000             -0.17347419680349202009
18.180000             -0.17250648267224508170
18.185000             -0.17155181446631007081
18.190000             -0.17061296839238787593
18.195000             -0.16969328238205089177
18.200000             -0.16879751921746355414
18.205000             -0.16792983295975555391
18.210000             -0.16709491044379012892
18.215000             -0.16629670695950257708
18.220000             -0.16553853728703341042
18.225000             -0.16482293850360016374
18.230000             -0.16415437218887526938
18.235000             -0.16353606051773159069
18.240000             -0.16297057318933180770
18.245000             -0.16246047095776783298
18.250000             -0.16200675004668541046
18.255000             -0.16160874275916331522
18.260000             -0.16126840203395573226
18.265000             -0.16098553905660167862
18.270000             -0.16076068599287551830
18.275000             -0.16059337747420271425
18.280000             -0.16048371400012423349
18.285000             -0.16043122502144144259
18.290000             -0.16043619124768709883
18.295000             -0.16050009111744834023
18.300000             -0.16062544800242944953
18.305000             -0.16081068577427914956
18.310000             -0.16105647211082643744
18.315000             -0.16136503720273567830
18.320000             -0.16173890955318975804
18.325000             -0.16218003274334363839
18.330000             -0.16268756781722307214
18.335000             -0.16326527765123910463
18.340000             -0.16391429816694777499
18.345000             -0.16463436617139665108
18.350000             -0.16542766861623450780
18.355000             -0.16629277444378123829
18.360000             -0.16722618521750290399
18.365000             -0.16822670637678577288
18.370000             -0.16929287170624909842
18.375000             -0.17042166206110306859
18.380000             -0.17160778175723115369
18.385000             -0.17284708555203789904
18.390000             -0.17413619844853039931
18.395000             -0.17546619979879515827
18.400000             -0.17683254957014660214
18.405000             -0.17823006550433093120
18.410000             -0.17964821979682035757
18.415000             -0.18108382966417227444
18.420000             -0.18252911113913294905
18.425000             -0.18397764934280552707
18.430000             -0.18542536012289237424
18.435000             -0.18686686462422560928
18.440000             -0.18829720765977520092
18.445000             -0.18971365387269559233
18.450000             -0.19111323533400739749
18.455000             -0.19249188962178223616
18.460000             -0.19384820300157951101
18.465000             -0.19518042704925853137
18.470000             -0.19648756736554909286
18.475000             -0.19776689537415240161
18.480000             -0.19901444064563036940
18.485000             -0.20022874449681510312
18.490000             -0.20140671076854890775
18.495000             -0.20254537041975734235
18.500000             -0.20364225791910911534
18.505000             -0.20469301387044219753
18.510000             -0.20569480124400052468
18.515000             -0.20664538277134650301
18.520000             -0.20753989227440128307
18.525000             -0.20837395715335724211
18.530000             -0.20914585746256586507
18.535000             -0.20985186676153716467
18.540000             -0.21048971654001552567
18.545000             -0.21105707112197719111
18.550000             -0.21155233654002708610
18.555000             -0.21197510585273490746
18.560000             -0.21232530685596168185
18.565000             -0.21260155857234705468
18.570000             -0.21280568034829530633
18.575000             -0.21293653613169713501
18.580000             -0.21299460038780249072
18.585000             -0.21298173465096378876
18.590000             -0.21289604949347026852
18.595000             -0.21273959691359051183
18.600000             -0.21251360694075330238
18.605000             -0.21221668103566246333
18.610000             -0.21184997445628966917
18.615000             -0.21141423137888817885
18.620000             -0.21090792230588617517
18.625000             -0.21033120398911456239
18.630000             -0.20968617732432434653
18.635000             -0.20897381363393455200
18.640000             -0.20819593120306179035
18.645000             -0.20735497653757145597
18.650000             -0.20645304318076371231
18.655000             -0.20549145321104550499
18.660000             -0.20447409183481596306
18.665000             -0.20340470956872006014
18.670000             -0.20228760157931599539
18.675000             -0.20112873904042286033
18.680000             -0.19993286578413763110
18.685000             -0.19870337272193211442
18.690000             -0.19744095441869127794
18.695000             -0.19615321084887293868
18.700000             -0.19484272191517906792
18.705000             -0.19351429920053975220
18.710000             -0.19217254951322870760
18.715000             -0.19081954777052889671
18.720000             -0.18945871364931232694
18.725000             -0.18809358135405582213
18.730000             -0.18672597342416086263
18.735000             -0.18535729364939743102
18.740000             -0.18399177688915868689
18.745000             -0.18262930918999420449
18.750000             -0.18127248431673689821
18.755000             -0.17992223629283127240
18.760000             -0.17857980059733388756
18.765000             -0.17724529088699272905
18.770000             -0.17592104630398300302
18.775000             -0.17460904073084457244
18.780000             -0.17331085207139024229
18.785000             -0.17203107010847570879
18.790000             -0.17077105103264378361
18.795000             -0.16953224779335418493
18.800000             -0.16831686168527629222
18.805000             -0.16712762429782881957
18.810000             -0.16596799168125841994
18.815000             -0.16484092792388502224
18.820000             -0.16375122254974194824
18.825000             -0.16270178745146823829
18.830000             -0.16169533401862473676
18.835000             -0.16073526906907237288
18.840000             -0.15982425177181233678
18.845000             -0.15896526976145189392
18.850000             -0.15815985694955791985
18.855000             -0.15741117085582251311
18.860000             -0.15672156910945142516
18.865000             -0.15609213996004983604
18.870000             -0.15552527004429081425
18.875000             -0.15502119794217641968
18.880000             -0.15458219062474970462
18.885000             -0.15420802040574160818
18.890000             -0.15390037241496087872
18.895000             -0.15366086322122438079
18.900000             -0.15348905499999421220
18.905000             -0.15338492030050285275
18.910000             -0.15335260940859365975
18.915000             -0.15339189142066725347
18.920000             -0.15350043743336369562
18.925000             -0.15368024367719831935
18.930000             -0.15393112435969277807
18.935000             -0.15425309444664345171
18.940000             -0.15464536563810302172
18.945000             -0.15510769172737209898
18.950000             -0.15563635129661254619
18.955000             -0.15623167583080049825
18.960000             -0.15688943009598005363
18.965000             -0.15760779217338916069
18.970000             -0.15838201984700869818
18.975000             -0.15921189718254119549
18.980000             -0.16009372802247831546
18.985000             -0.16102239392173653409
18.990000             -0.16199518890032410523
18.995000             -0.16300846538418914400
19.000000             -0.16405967885418232255
19.005000             -0.16514628875494011262
19.010000             -0.16626145731732824840
19.015000             -0.16740594731581254218
19.020000             -0.16857356224141220591
19.025000             -0.16976284791126605711
19.030000             -0.17097546740250640918
19.035000             -0.17220860527041620402
19.040000             -0.17346032692919061136
19.045000             -0.17473055701382639304
19.050000             -0.17601806160050326167
19.055000             -0.17732183555452787904
19.060000             -0.17864163024985332817
19.065000             -0.17997517267070242686
19.070000             -0.18132175798004904199
19.075000             -0.18268002631389013146
19.080000             -0.18404770459834401963
19.085000             -0.18542222539077762855
19.090000             -0.18679999223502594119
19.095000             -0.18817774715111124095
19.100000             -0.18955207060753992421
19.105000             -0.19091798563144515843
19.110000             -0.19227098339694073670
19.115000             -0.19360707994489873007
19.120000             -0.19492121168245843399
19.125000             -0.19620977935246350365
19.130000             -0.19746886631813165280
19.135000             -0.19869326936681230844
19.140000             -0.19988116234862560172
19.145000             -0.20102828547820372762
19.150000             -0.20213261874713192578
19.155000             -0.20318831988251159770
19.160000             -0.20419597448748383339
19.165000             -0.20515198307599671890
19.170000             -0.20605673338528490701
19.175000             -0.20690675928993568222
19.180000             -0.20770044538378876209
19.185000             -0.20843803850295117286
19.190000             -0.20911778578517761784
19.195000             -0.20973712411027969904
19.200000             -0.21029877727154661082
19.205000             -0.21079953623721534028
19.210000             -0.21123817101762398796
19.215000             -0.21161454702665202787
19.220000             -0.21192700721568416555
19.225000             -0.21217434322061562435
19.230000             -0.21235570852116686380
19.235000             -0.21246969781064178884
19.240000             -0.21251267726752950948
19.245000             -0.21248454095876539993
19.250000             -0.21238466851649903666
19.255000             -0.21221500249845826058
19.260000             -0.21197388093866836867
19.265000             -0.21166221845507907084
19.270000             -0.21128215328295435471
19.275000             -0.21083370211891030999
19.280000             -0.21031742744497405884
19.285000             -0.20973600272247333587
19.290000             -0.20909079788442822001
19.295000             -0.20838410314363445264
19.300000             -0.20761814358713914785
19.305000             -0.20679750578825642493
19.310000             -0.20592343433909010564
19.315000             -0.20499887627395899092
19.320000             -0.20402785870324638418
19.325000             -0.20301208216294713838
19.330000             -0.20195523658072583872
19.335000             -0.20085884443772589192
19.340000             -0.19972540952176334739
19.345000             -0.19855916861961364628
19.350000             -0.19736064502679775967
19.355000             -0.19613487029057366517
19.360000             -0.19488332915350242702
19.365000             -0.19360952650367355132
19.370000             -0.19231666881533657221
19.375000             -0.19100643331514233214
19.380000             -0.18968367294356502928
19.385000             -0.18835214172973785418
19.390000             -0.18701687505186953553
19.395000             -0.18567975873361550199
19.400000             -0.18434481027330434921
19.405000             -0.18301637900731618225
19.410000             -0.18169796486109107692
19.415000             -0.18039253216634962285
19.420000             -0.17910450216086135078
19.425000             -0.17783616402503527043
19.430000             -0.17659178315819318295
19.435000             -0.17537452578768825129
19.440000             -0.17418726905709597252
19.445000             -0.17303265218834870676
19.450000             -0.17191316504568163182
19.455000             -0.17083142686897556661
19.460000             -0.16978917625726583362
19.465000             -0.16878790725569539632
19.470000             -0.16783155771757179986
19.475000             -0.16692090188160429998
19.480000             -0.16605873252015021513
19.485000             -0.16524627889497231492
19.490000             -0.16448451904119043565
19.495000             -0.16377627385672657856
19.500000             -0.16312421687106740120
19.505000             -0.16252901518301696160
19.510000             -0.16199413500970083479
19.515000             -0.16151869587090264546
19.520000             -0.16110507679447996776
19.525000             -0.16075578960360273340
19.530000             -0.16047052535237205095
19.535000             -0.16025117089785601010
19.540000             -0.16009785163125081486
19.545000             -0.16001140862537624465
19.550000             -0.15999232309208824554
19.555000             -0.16003963247107289014
19.560000             -0.16015452005870603469
19.565000             -0.16033608088495010513
19.570000             -0.16058367150340782659
19.575000             -0.16089592386871803820
19.580000             -0.16127100530406263124
19.585000             -0.16170799023667720151
19.590000             -0.16220588081849429685
19.595000             -0.16276173242819880205
19.600000             -0.16337609705921893322
19.605000             -0.16404685004411706517
19.610000             -0.16476976096056500376
19.615000             -0.16554272436010297742
19.620000             -0.16636557831330014978
19.625000             -0.16723375226887321476
19.630000             -0.16814650354849558500
19.635000             -0.16910200400948505184
19.640000             -0.17009793401393005774
19.645000             -0.17113168651348800720
19.650000             -0.17219942133302870713
19.655000             -0.17329920773150550573
19.660000             -0.17442996049190484520
19.665000             -0.17558872190157628901
19.670000             -0.17677252626721953743
19.675000             -0.17797847017219628474
19.680000             -0.17920336448400669971
19.685000             -0.18044402987174906761
19.690000             -0.18169721153808840453
19.695000             -0.18295761506068800029
19.700000             -0.18422416538893915394
19.705000             -0.18549461484074561413
19.710000             -0.18676174907418713333
19.715000             -0.18802636559674673622
19.720000             -0.18928469684843679532
19.725000             -0.19053215613910132187
19.730000             -0.19176423885981411233
19.735000             -0.19297886501257152658
19.740000             -0.19417288288090878146
19.745000             -0.19534334529749403098
19.750000             -0.19648777889404259178
19.755000             -0.19760457551073629112
19.760000             -0.19868879479750281569
19.765000             -0.19973813148302518861
19.770000             -0.20075145542877315119
19.775000             -0.20172696723465546875
19.780000             -0.20266156161555445858
19.785000             -0.20355203020013415416
19.790000             -0.20439869135595117866
19.795000             -0.20520093117540849637
19.800000             -0.20595382858997973718
19.805000             -0.20665525565048958878
19.810000             -0.20730456792903467766
19.815000             -0.20789878527743463343
19.820000             -0.20843743274422707468
19.825000             -0.20891922144790942006
19.830000             -0.20934281627893502886
19.835000             -0.20970544801917997968
19.840000             -0.21000724697642464411
19.845000             -0.21024688994428927802
19.850000             -0.21042455146113886455
19.855000             -0.21053956402479220844
19.860000             -0.21059174613594541792
19.865000             -0.21058135361942845187
19.870000             -0.21050746157768357447
19.875000             -0.21037054639997626593
19.880000             -0.21017212195978998701
19.885000             -0.20991181523187124602
19.890000             -0.20959164767145763153
19.895000             -0.20921194647563237656
19.900000             -0.20877513090732532919
19.905000             -0.20828137263946044921
19.910000             -0.20773180102100366473
19.915000             -0.20712936290229988501
19.920000             -0.20647762301767111359
19.925000             -0.20577577506962582699
19.930000             -0.20502556235257901607
19.935000             -0.20422747600048590799
19.940000             -0.20338467302930482439
19.945000             -0.20250140162935736932
19.950000             -0.20157551321714137216
19.955000             -0.20061133165177208459
19.960000             -0.19961016992603911047
19.965000             -0.19857434657302822090
19.970000             -0.19750695642278723319
19.975000             -0.19640783138696768506
19.980000             -0.19528250129918689471
19.985000             -0.19413270191782669438
19.990000             -0.19296153922339404074
19.995000             -0.19177271535904763522
20.000000             -0.19057118104530484937
20.005000             -0.18935617705392804311
20.010000             -0.18813320259759705455
20.015000             -0.18690236128647466640
20.020000             -0.18566888092745259531
20.025000             -0.18443681295148556254
20.030000             -0.18320927619781698925
20.035000             -0.18198926823021666088
20.040000             -0.18077874788409689644
20.045000             -0.17958194927407014618
20.050000             -0.17840141662951711221
20.055000             -0.17724179288434593893
20.060000             -0.17610264315728879625
20.065000             -0.17498730686216856789
20.070000             -0.17389845000997680713
20.075000             -0.17283857054740950354
20.080000             -0.17180888832678864464
20.085000             -0.17081403900612324165
20.090000             -0.16985510220278421389
20.095000             -0.16893521881744036350
20.100000             -0.16805539297961055722
20.105000             -0.16721750262085752214
20.110000             -0.16642531635739704621
20.115000             -0.16568034912195467312
20.120000             -0.16498507923367630723
20.125000             -0.16434175322222341342
20.130000             -0.16375093211156738215
20.135000             -0.16321361733654254911
20.140000             -0.16273204977022956430
20.145000             -0.16230722841076564156
20.150000             -0.16193921330889654575
20.155000             -0.16162903490009822294
20.160000             -0.16137802532767361874
20.165000             -0.16118599032505218083
20.170000             -0.16105358463747618258
20.175000             -0.16098064806309944630
20.180000             -0.16096712247654729189
20.185000             -0.16101302203059331131
20.190000             -0.16111723761807411615
20.195000             -0.16128202085818574285
20.200000             -0.16150540394534912414
20.205000             -0.16178664132561734745
20.210000             -0.16212369759546271797
20.215000             -0.16251818266368334154
20.220000             -0.16296797502317866835
20.225000             -0.16347139868079610392
20.230000             -0.16402679579578838265
20.235000             -0.16463286967607632105
20.240000             -0.16529207642590904026
20.245000             -0.16599638736482372203
20.250000             -0.16674653638330039218
20.255000             -0.16754035367578881677
20.260000             -0.16837567406900771916
20.265000             -0.16925147209078425514
20.270000             -0.17016334398883106727
20.275000             -0.17111185036295778472
20.280000             -0.17209440850391102829
20.285000             -0.17310295321383106781
20.290000             -0.17413752957497730112
20.295000             -0.17519792388315166831
20.300000             -0.17627998232680611168
20.305000             -0.17737954069997372009
20.310000             -0.17849796194339898059
20.315000             -0.17963061092254897777
20.320000             -0.18077360984812748668
20.325000             -0.18192530860671768389
20.330000             -0.18308239319773550458
20.335000             -0.18424151487519066506
20.340000             -0.18540086163233221450
20.345000             -0.18655898336799178749
20.350000             -0.18771140540024514043
20.355000             -0.18885465184401117877
20.360000             -0.18998680956097122041
20.365000             -0.19110363563385895924
20.370000             -0.19220308315172066060
20.375000             -0.19328228762841612176
20.380000             -0.19433853530412725785
20.385000             -0.19536899653573489011
20.390000             -0.19637129970868247297
20.395000             -0.19734325802159069507
20.400000             -0.19828215682426866828
20.405000             -0.19918524843061635732
20.410000             -0.20004861164427220621
20.415000             -0.20087292517088109478
20.420000             -0.20165599097158382058
20.425000             -0.20239638490481343114
20.430000             -0.20309137938812343860
20.435000             -0.20374028535223345782
20.440000             -0.20434134786212554413
20.445000             -0.20489333120284811129
20.450000             -0.20539559246174377005
20.455000             -0.20584618128110074298
20.460000             -0.20624396595643013086
20.465000             -0.20658844079686927708
20.470000             -0.20687824218920478070
20.475000             -0.20711322931142947534
20.480000             -0.20729253393069110856
20.485000             -0.20741611160899184330
20.490000             -0.20748358934716512603
20.495000             -0.20749581709347508784
20.500000             -0.20745036607782835203
20.505000             -0.20735131818304808338
20.510000             -0.20719411487695207907
20.515000             -0.20698172825650287820
20.520000             -0.20671524097392995900
20.525000             -0.20639323084991351154
20.530000             -0.20602051716544694804
20.535000             -0.20559531236509193119
20.540000             -0.20511739435991938052
20.545000             -0.20459177820334895070
20.550000             -0.20401740140638585652
20.555000             -0.20339962176499959412
20.560000             -0.20273722805109070655
20.565000             -0.20203276611572087984
20.570000             -0.20128745786380577987
20.575000             -0.20050255182980894486
20.580000             -0.19968056021258931421
20.585000             -0.19882406471415703386
20.590000             -0.19793465592604131409
20.595000             -0.19701369152897901804
20.600000             -0.19606627711020022109
20.605000             -0.19509285143729243606
20.610000             -0.19409241921385328444
20.615000             -0.19307223890374808351
20.620000             -0.19203264437083428229
20.625000             -0.19097688467045431659
20.630000             -0.18990618999836544889
20.635000             -0.18882489142709127372
20.640000             -0.18773611678723647889
20.645000             -0.18664211780611780767
20.650000             -0.18554575994641761549
20.655000             -0.18445004142627610677
20.660000             -0.18335741519800455301
20.665000             -0.18227146242803676790
20.670000             -0.18119448335002677486
20.675000             -0.18013068061230300132
20.680000             -0.17908089199476615039
20.685000             -0.17804892120329149363
20.690000             -0.17703612819472711037
20.695000             -0.17604564495632055166
20.700000             -0.17507995168057668978
20.705000             -0.17413842128246428964
20.710000             -0.17322442098833895630
20.715000             -0.17234234374284032598
20.720000             -0.17149255166985261090
20.725000             -0.17067784926074397456
20.730000             -0.16989863448128950107
20.735000             -0.16915623812031449491
20.740000             -0.16845404096703811558
20.745000             -0.16779291397348450321
20.750000             -0.16717510142181024602
20.755000             -0.16660193886155721943
20.760000             -0.16607521838868408159
20.765000             -0.16559515722557163753
20.770000             -0.16516430660868208768
20.775000             -0.16478466662748875171
20.780000             -0.16445464836199188974
20.785000             -0.16417681041449702639
20.790000             -0.16395134376023345890
20.795000             -0.16377896311295431220
20.800000             -0.16366052494044253107
20.805000             -0.16359550241036097118
20.810000             -0.16358396398713467845
20.815000             -0.16362615416677767088
20.820000             -0.16372177092190798309
20.825000             -0.16387064640094484158
20.830000             -0.16406992734931441502
20.835000             -0.16431927804179716213
20.840000             -0.16461888889737569253
20.845000             -0.16496769160797827847
20.850000             -0.16536419501175761426
20.855000             -0.16580819145406855419
20.860000             -0.16629902736348414760
20.865000             -0.16683483303146576238
20.870000             -0.16741460664742538467
20.875000             -0.16803719698536681570
20.880000             -0.16870057172047123184
20.885000             -0.16940221078514505759
20.890000             -0.17014086232110298136
20.895000             -0.17091609981121058670
20.900000             -0.17172333525219307671
20.905000             -0.17256268923412304561
20.910000             -0.17343308808075094674
20.915000             -0.17433138890319088699
20.920000             -0.17525515108453035285
20.925000             -0.17620230361602062796
20.930000             -0.17717016404652033423
20.935000             -0.17815677653339678788
20.940000             -0.17915794983143587538
20.945000             -0.18017163866404548034
20.950000             -0.18119632213541941868
20.955000             -0.18222840895848510523
20.960000             -0.18326523118026583070
20.965000             -0.18430472164808403557
20.970000             -0.18534284175744242251
20.975000             -0.18637690884657950874
20.980000             -0.18740449447111315329
20.985000             -0.18842583201125978620
20.990000             -0.18943581320999319795
20.995000             -0.19043149273894682816
21.000000             -0.19141192885981850313
21.005000             -0.19237343939884862798
21.010000             -0.19331425863619752792
21.015000             -0.19423287521042484349
21.020000             -0.19512764805659374434
21.025000             -0.19599509310938084683
21.030000             -0.19683622160979177829
21.035000             -0.19764525823818077099
21.040000             -0.19842233186982555226
21.045000             -0.19916509506232113469
21.050000             -0.19987238336206392120
21.055000             -0.20054052309512260255
21.060000             -0.20116868198428036751
21.065000             -0.20175806746076221931
21.070000             -0.20230400317024765933
21.075000             -0.20280447993658162753
21.080000             -0.20326008058270259027
21.085000             -0.20367072054558787997
21.090000             -0.20403288823566773091
21.095000             -0.20434547498637739560
21.100000             -0.20460704249254094145
21.105000             -0.20482052053030155858
21.110000             -0.20498357890355997646
21.115000             -0.20509372532243519416
21.120000             -0.20515404173881793271
21.125000             -0.20516498934106533469
21.130000             -0.20512453639383729231
21.135000             -0.20503491619547786762
21.140000             -0.20489547903612953528
21.145000             -0.20470856357375030732
21.150000             -0.20447230781172753833
21.155000             -0.20418894376988272477
21.160000             -0.20385927101515396997
21.165000             -0.20348386906437448962
21.170000             -0.20306389953681930338
21.175000             -0.20260060425310963406
21.180000             -0.20209510119803678063
21.185000             -0.20154815193095138026
21.190000             -0.20096237786742354725
21.195000             -0.20033853272491275455
21.200000             -0.19967791597122097613
21.205000             -0.19898199108033834404
21.210000             -0.19825154149583271157
21.215000             -0.19748924447512350433
21.220000             -0.19669542697590183811
21.225000             -0.19587427344524294126
21.230000             -0.19502500247043078052
21.235000             -0.19415020044150699263
21.240000             -0.19325459024465946323
21.245000             -0.19233910408546367465
21.250000             -0.19140684815866554347
21.255000             -0.19045951824791840234
21.260000             -0.18950040605234702573
21.265000             -0.18853171341947219664
21.270000             -0.18755641799788763668
21.275000             -0.18657730139201214592
21.280000             -0.18559744013225557002
21.285000             -0.18461841579353172049
21.290000             -0.18364189188312171619
21.295000             -0.18267162172337944592
21.300000             -0.18170978365174056401
21.305000             -0.18075788533127104540
21.310000             -0.17981884012683316265
21.315000             -0.17889494941961506247
21.320000             -0.17798729188515960420
21.325000             -0.17709914664439554977
21.330000             -0.17623221386045395676
21.335000             -0.17538740773930400207
21.340000             -0.17456772496667991024
21.345000             -0.17377498647429878709
21.350000             -0.17301072626550467737
21.355000             -0.17227678464445803086
21.360000             -0.17157524031617524263
21.365000             -0.17090742879389983488
21.370000             -0.17027564104003078960
21.375000             -0.16968239054292930112
21.380000             -0.16912698751606969338
21.385000             -0.16861217701687322701
21.390000             -0.16814037052692548668
21.395000             -0.16771255833512760391
21.400000             -0.16732823494334059244
21.405000             -0.16698926367934521786
21.410000             -0.16669767231249843498
21.415000             -0.16645190528409709030
21.420000             -0.16625337705024931245
21.425000             -0.16610098864605088442
21.430000             -0.16599526841671916055
21.435000             -0.16593855967121753925
21.440000             -0.16592800217433789634
21.445000             -0.16596372238453041548
21.450000             -0.16604596146252090239
21.455000             -0.16617390808154863802
21.460000             -0.16634705262110877078
21.465000             -0.16656446772303451498
21.470000             -0.16682592533312598504
21.475000             -0.16713097567641826968
21.480000             -0.16747867020996001775
21.485000             -0.16786742003417859381
21.490000             -0.16829708236296012092
21.495000             -0.16876610446089554407
21.500000             -0.16927396782399281583
21.505000             -0.16982003211058591119
21.510000             -0.17040306333087734680
21.515000             -0.17101997667136178971
21.520000             -0.17167232396786338833
21.525000             -0.17235692058620588618
21.530000             -0.17307419783373689803
21.535000             -0.17382036939453474056
21.540000             -0.17459548049588316521
21.545000             -0.17539518974768927850
21.550000             -0.17621833576984677339
21.555000             -0.17706060438108806032
21.560000             -0.17792228240379856508
21.565000             -0.17879848614756504999
21.570000             -0.17968902902310185388
21.575000             -0.18058978423978405692
21.580000             -0.18149798609157691276
21.585000             -0.18241139296794489644
21.590000             -0.18332680697255640534
21.595000             -0.18424352337872862417
21.600000             -0.18515948991979058746
21.605000             -0.18607208253580101442
21.610000             -0.18697933762248003520
21.615000             -0.18787999320722817420
21.620000             -0.18876977841934167168
21.625000             -0.18965005690256692139
21.630000             -0.19051674224134912405
21.635000             -0.19136994995736572589
21.640000             -0.19220604533896196164
21.645000             -0.19302427785052897469
21.650000             -0.19382251663579638801
21.655000             -0.19459641047538145386
21.660000             -0.19534910041938902125
21.665000             -0.19607464164651708383
21.670000             -0.19677246026631350917
21.675000             -0.19744061572192453391
21.680000             -0.19807645665693357495
21.685000             -0.19867706780338986738
21.690000             -0.19924236084678795256
21.695000             -0.19977225548038241021
21.700000             -0.20026415527509169867
21.705000             -0.20071560728475401625
21.710000             -0.20112751763518488257
21.715000             -0.20149654216666876283
21.720000             -0.20182311492214130566
21.725000             -0.20210560425567877796
21.730000             -0.20234418127604639204
21.735000             -0.20253919255353489137
21.740000             -0.20268939922761505801
21.745000             -0.20279590963729141051
21.750000             -0.20285758504459480700
21.755000             -0.20287602258734080407
21.760000             -0.20285214896744066526
21.765000             -0.20278426204176561165
21.770000             -0.20267414089651264453
21.775000             -0.20252154769580721361
21.780000             -0.20232832634582895159
21.785000             -0.20209377346276460874
21.790000             -0.20181885825294962333
21.795000             -0.20150253422526878677
21.800000             -0.20114665378075802238
21.805000             -0.20075134415224507589
21.810000             -0.20031507477683552221
21.815000             -0.19984092973026645890
21.820000             -0.19932997343861849626
21.825000             -0.19878363773273002857
21.830000             -0.19820236683526534782
21.835000             -0.19758767186220560497
21.840000             -0.19694319699430351545
21.845000             -0.19626769887910178181
21.850000             -0.19556420840052768373
21.855000             -0.19483517713844125674
21.860000             -0.19408423692678744565
21.865000             -0.19331177403405944148
21.870000             -0.19252041970185576614
21.875000             -0.19171266486769369952
21.880000             -0.19089078973493225910
21.885000             -0.19005635093434558591
21.890000             -0.18921193640244221568
21.895000             -0.18836086968540918796
21.900000             -0.18750442223018626287
21.905000             -0.18664266247153385447
21.910000             -0.18577873434139538511
21.915000             -0.18491508441035992005
21.920000             -0.18405314275717182815
21.925000             -0.18319517937002088859
21.930000             -0.18234310547382642786
21.935000             -0.18149761022771798702
21.940000             -0.18066146748780911868
21.945000             -0.17983769234342383836
21.950000             -0.17902300622659961249
21.955000             -0.17822476191612965368
21.960000             -0.17744263325919687468
21.965000             -0.17668003361168563292
21.970000             -0.17593807012216108876
21.975000             -0.17522126324888720461
21.980000             -0.17452977764713514808
21.985000             -0.17386551177039741289
21.990000             -0.17323063980011085827
21.995000             -0.17262743871566835208
22.000000             -0.17205670859670704753
22.005000             -0.17152077898734835459
22.010000             -0.17101998861349390624
22.015000             -0.17055594873835094871
22.020000             -0.17013105783878343380
22.025000             -0.16974481170806360320
22.030000             -0.16939806922286212987
22.035000             -0.16909074257000039632
22.040000             -0.16882218944416862993
22.045000             -0.16859460038144846727
22.050000             -0.16840724338965551432
22.055000             -0.16826051442510825407
22.060000             -0.16815441263148475648
22.065000             -0.16808847536632909314
22.070000             -0.16806261846800379933
22.075000             -0.16807689565651698360
22.080000             -0.16813210705774059295
22.085000             -0.16822805608674157307
22.090000             -0.16836429880420775151
22.095000             -0.16854305684609874327
22.100000             -0.16876164852582831166
22.105000             -0.16902037002131847787
22.110000             -0.16931783543792369717
22.115000             -0.16965389541626049730
22.120000             -0.17003020128245133202
22.125000             -0.17044333471782091571
22.130000             -0.17089329301804659367
22.135000             -0.17137834330789464277
22.140000             -0.17189786397004414020
22.145000             -0.17244900229555770732
22.150000             -0.17303002647883411469
22.155000             -0.17364027096704851005
22.160000             -0.17427584239722659909
22.165000             -0.17493926797065664780
22.170000             -0.17562492634656412527
22.175000             -0.17633085285532687503
22.180000             -0.17705552247655126363
22.185000             -0.17779743511672943534
22.190000             -0.17855235817886833116
22.195000             -0.17932212472116143553
22.200000             -0.18010375348413484864
22.205000             -0.18089469541711789002
22.210000             -0.18169348674580115821
22.215000             -0.18249850895411234841
22.220000             -0.18330925781932919105
22.225000             -0.18412178680168439504
22.230000             -0.18493545140547143490
22.235000             -0.18574848888534059577
22.240000             -0.18655915782741336328
22.245000             -0.18736476948127053777
22.250000             -0.18816446538385808718
22.255000             -0.18895645672899821776
22.260000             -0.18973819311380488162
22.265000             -0.19050752118682343084
22.270000             -0.19126260486160479024
22.275000             -0.19200141756211269728
22.280000             -0.19272265069596605791
22.285000             -0.19342228552355292259
22.290000             -0.19409921201570795590
22.295000             -0.19475161083069389423
22.300000             -0.19537718082055463564
22.305000             -0.19597428353116397304
22.310000             -0.19654356604494060967
22.315000             -0.19708145832767076655
22.320000             -0.19758692769069019501
22.325000             -0.19805900428537145941
22.330000             -0.19849643561384155976
22.335000             -0.19889774657881886810
22.340000             -0.19926410165470542779
22.345000             -0.19959393633664790357
22.350000             -0.19988618663527887853
22.355000             -0.20014128469634448471
22.360000             -0.20035867126265305416
22.365000             -0.20053926883225350886
22.370000             -0.20068180896296122784
22.375000             -0.20078695206553351382
22.380000             -0.20085233723180984100
22.385000             -0.20088118968933788011
22.390000             -0.20087157560220167407
22.395000             -0.20082286603354715382
22.400000             -0.20073544434842394146
22.405000             -0.20060964362426286778
22.410000             -0.20044470009167081326
22.415000             -0.20024227957212434315
22.420000             -0.19999936408999280379
22.425000             -0.19971911488630689213
22.430000             -0.19940092100702627720
22.435000             -0.19904436260586003127
22.440000             -0.19865340909631448718
22.445000             -0.19822699588222186806
22.450000             -0.19776641818729617794
22.455000             -0.19727353912501613409
22.460000             -0.19674921416059024115
22.465000             -0.19620026269372864425
22.470000             -0.19562321906264515392
22.475000             -0.19501995735730384696
22.480000             -0.19439473608801330351
22.485000             -0.19374693085510241719
22.490000             -0.19308112008258859760
22.495000             -0.19239745671138477889
22.500000             -0.19169795746643528145
22.505000             -0.19098587044678316804
22.510000             -0.19026090664898415161
22.515000             -0.18952495189448351209
22.520000             -0.18877799517768678594
22.525000             -0.18802223571539150582
22.530000             -0.18725986731609667313
22.535000             -0.18649262093273177854
22.540000             -0.18572101812365010565
22.545000             -0.18494735045700178011
22.550000             -0.18417348981542155939
22.555000             -0.18340202661426252551
22.560000             -0.18263477683855763867
22.565000             -0.18187178268888071209
22.570000             -0.18111820594898578318
22.575000             -0.18037635902952564582
22.580000             -0.17964851682851643022
22.585000             -0.17893506649830748234
22.590000             -0.17823948314049592456
22.595000             -0.17756321804387278918
22.600000             -0.17690877983752079095
22.605000             -0.17627589255298853343
22.610000             -0.17566762753651182782
22.615000             -0.17508470124426939174
22.620000             -0.17452837607085183724
22.625000             -0.17400084187802677960
22.630000             -0.17350249464619668660
22.635000             -0.17303474346688757501
22.640000             -0.17259715660100882761
22.645000             -0.17219095618347918242
22.650000             -0.17181641467008645918
22.655000             -0.17147458140606322563
22.660000             -0.17116623351753260107
22.665000             -0.17088935800124771536
22.670000             -0.17064927395808818233
22.675000             -0.17044116316810839495
22.680000             -0.17026653356691059948
22.685000             -0.17012656188976310601
22.690000             -0.17002431562435232903
22.695000             -0.16995547854767514839
22.700000             -0.16992241122440540635
22.705000             -0.16992669133085244737
22.710000             -0.16996880997534413726
22.715000             -0.17005032060764219137
22.720000             -0.17016699436144405722
22.725000             -0.17032134792899353282
22.730000             -0.17051447653842552454
22.735000             -0.17074393939900064932
22.740000             -0.17101108693466449129
22.745000             -0.17131398911881282054
22.750000             -0.17165156269648376708
22.755000             -0.17202734438886257973
22.760000             -0.17243258794189506022
22.765000             -0.17286868588159973181
22.770000             -0.17333391933358613390
22.775000             -0.17382750503237162643
22.780000             -0.17434488449394883181
22.785000             -0.17488665518690196810
22.790000             -0.17545103762183092422
22.795000             -0.17603550439729626076
22.800000             -0.17663991387791311283
22.805000             -0.17726301460960033896
22.810000             -0.17790331261381048256
22.815000             -0.17855768976202127107
22.820000             -0.17922883163717751032
22.825000             -0.17991199112282413308
22.830000             -0.18060700267711185529
22.835000             -0.18131308395962261737
22.840000             -0.18202889833159227595
22.845000             -0.18275263540481420654
22.850000             -0.18348227563923646954
22.855000             -0.18421612812473134313
22.860000             -0.18495118951313233024
22.865000             -0.18568735515858958429
22.870000             -0.18642128719261646941
22.875000             -0.18714974753078747471
22.880000             -0.18787153302748529904
22.885000             -0.18858519873406759393
22.890000             -0.18928692172533911897
22.895000             -0.18997610987323731990
22.900000             -0.19064872774370666964
22.905000             -0.19130408077711547055
22.910000             -0.19194210801062680516
22.915000             -0.19255858953648888332
22.920000             -0.19315379555049308480
22.925000             -0.19372571533863253146
22.930000             -0.19427475773575203499
22.935000             -0.19480114934955680694
22.940000             -0.19530108978095311878
22.945000             -0.19577529485003225540
22.950000             -0.19622273966508718690
22.955000             -0.19664261691933973553
22.960000             -0.19703365978451417573
22.965000             -0.19739500012569194398
22.970000             -0.19772674037021673032
22.975000             -0.19802745576236738256
22.980000             -0.19829650669292922527
22.985000             -0.19853289694596851223
22.990000             -0.19873497296982628457
22.995000             -0.19890216384372050307
23.000000             -0.19903351432143412403
23.005000             -0.19913149157041018511
23.010000             -0.19919235994583470162
23.015000             -0.19921627429496643891
23.020000             -0.19920550930149982793
23.025000             -0.19915947559399058142
23.030000             -0.19907463227803207095
23.035000             -0.19895531853548162338
23.040000             -0.19879967571080708888
23.045000             -0.19860884567123904265
23.050000             -0.19838415483526705696
23.055000             -0.19812564377393532267
23.060000             -0.19783551634002641273
23.065000             -0.19751393887174492625
23.070000             -0.19716344424984355577
23.075000             -0.19678514319287274126
23.080000             -0.19637711844363958669
23.085000             -0.19594283247382371371
23.090000             -0.19548232639070575734
23.095000             -0.19499730878533222400
23.100000             -0.19448893637709721571
23.105000             -0.19395931215756892496
23.110000             -0.19340822331478818574
23.115000             -0.19283634989125589265
23.120000             -0.19224645023465622429
23.125000             -0.19163851625310565630
23.130000             -0.19101287075680054017
23.135000             -0.19037468599897636179
23.140000             -0.18972305794416741143
23.145000             -0.18906006742585504399
23.150000             -0.18838707482121544445
23.155000             -0.18770588704339064012
23.160000             -0.18702068063143412191
23.165000             -0.18632902697251138568
23.170000             -0.18563522743853405617
23.175000             -0.18494007648176963299
23.180000             -0.18424751835107769371
23.185000             -0.18355801092245466188
23.190000             -0.18287325255276054570
23.195000             -0.18219523469047910202
23.200000             -0.18152592558018376678
23.205000             -0.18086719268002790506
23.210000             -0.18021946597078541963
23.215000             -0.17958580810022922725
23.220000             -0.17896706476021073673
23.225000             -0.17836510429947702305
23.230000             -0.17778145393740080182
23.235000             -0.17721594721655392624
23.240000             -0.17667037680277131173
23.245000             -0.17614870564622878146
23.250000             -0.17564849433037882376
23.255000             -0.17517162698878285809
23.260000             -0.17471883115974098932
23.265000             -0.17429151281719476585
23.270000             -0.17389176794816030291
23.275000             -0.17351910088415528621
23.280000             -0.17317164901791082254
23.285000             -0.17285630390562081726
23.290000             -0.17257011038703107264
23.295000             -0.17231405033686128525
23.300000             -0.17209060333486189687
23.305000             -0.17189921806973562646
23.310000             -0.17174185970378136323
23.315000             -0.17161669575679550093
23.320000             -0.17152521706865778151
23.325000             -0.17146778814269050817
23.330000             -0.17144636970353205330
23.335000             -0.17145744078161484492
23.340000             -0.17150383085112261283
23.345000             -0.17158277265425603275
23.350000             -0.17169673683752748050
23.355000             -0.17184333160840187249
23.360000             -0.17202079584852417171
23.365000             -0.17222868718007197653
23.370000             -0.17246869766598812990
23.375000             -0.17273900096219532707
23.380000             -0.17303836144919113038
23.385000             -0.17336608699793157329
23.390000             -0.17372127172019080632
23.395000             -0.17410397460770773992
23.400000             -0.17451230720323060441
23.405000             -0.17494552480525507598
23.410000             -0.17540363724537674783
23.415000             -0.17588513467679570135
23.420000             -0.17638753419153171964
23.425000             -0.17690912036239325733
23.430000             -0.17745133268538981763
23.435000             -0.17801265102153396302
23.440000             -0.17858971286707056580
23.445000             -0.17918257897070608009
23.450000             -0.17978942538206107993
23.455000             -0.18040722771179584782
23.460000             -0.18103613192191420067
23.465000             -0.18167369985712922276
23.470000             -0.18231783836203224736
23.475000             -0.18296675131565892647
23.480000             -0.18361876253846223794
23.485000             -0.18427264047380084722
23.490000             -0.18492653492921970471
23.495000             -0.18557899129494156987
23.500000             -0.18622811805618635916
23.505000             -0.18687214127934687058
23.510000             -0.18750940966633461437
23.515000             -0.18813778861925223307
23.520000             -0.18875663533674352790
23.525000             -0.18936517217938764190
23.530000             -0.18996063785327199636
23.535000             -0.19054368520022418876
23.540000             -0.19111165839874347250
23.545000             -0.19166312431629783930
23.550000             -0.19219856597339274318
23.555000             -0.19271548877383057330
23.560000             -0.19321077453894205944
23.565000             -0.19368667280379084361
23.570000             -0.19414002844127575820
23.575000             -0.19457025019748683259
23.580000             -0.19497608813457942278
23.585000             -0.19535692109230914926
23.590000             -0.19570998303889050596
23.595000             -0.19603598438216049415
23.600000             -0.19633307768379024139
23.605000             -0.19660088329393093920
23.610000             -0.19684119711398428976
23.615000             -0.19704977117164937384
23.620000             -0.19722770681169740636
23.625000             -0.19737459587611178025
23.630000             -0.19749061583041294110
23.635000             -0.19757363409498471252
23.640000             -0.19762405884552763924
23.645000             -0.19764436166892290769
23.650000             -0.19763092922257310957
23.655000             -0.19758672384574590963
23.660000             -0.19751198844833672830
23.665000             -0.19740579937227359375
23.670000             -0.19726969650630316044
23.675000             -0.19710345418109320725
23.680000             -0.19690694014746837337
23.685000             -0.19668111257222903321
23.690000             -0.19642679222939740669
23.695000             -0.19614452296247814056
23.700000             -0.19583537021431823844
23.705000             -0.19549893304117116344
23.710000             -0.19513684398818351151
23.715000             -0.19474912438440236673
23.720000             -0.19433753023809996474
23.725000             -0.19390317031435175266
23.730000             -0.19344665335914648652
23.735000             -0.19296917384113551619
23.740000             -0.19247195998102545333
23.745000             -0.19195659892325003804
23.750000             -0.19142411681029164461
23.755000             -0.19087766510049025692
23.760000             -0.19031692785657630673
23.765000             -0.18974304352439685939
23.770000             -0.18915965813269280948
23.775000             -0.18856556499001975169
23.780000             -0.18796454612164845144
23.785000             -0.18735703458175864689
23.790000             -0.18674450820993612754
23.795000             -0.18612892233106745343
23.800000             -0.18551166602294771879
23.805000             -0.18489534638648399967
23.810000             -0.18427964642154068264
23.815000             -0.18366831091039426127
23.820000             -0.18306240150095953734
23.825000             -0.18246115494495951381
23.830000             -0.18186848825110468741
23.835000             -0.18128503924987696139
23.840000             -0.18071255196044283542
23.845000             -0.18014961000866597240
23.850000             -0.17959944245679856922
23.855000             -0.17906331673363537482
23.860000             -0.17854095513039233700
23.865000             -0.17803436265027949847
23.870000             -0.17754588406110485832
23.875000             -0.17707535895854462082
23.880000             -0.17662477944824314657
23.885000             -0.17619570052754104927
23.890000             -0.17578808033243453757
23.895000             -0.17540724063961304902
23.900000             -0.17505041346459562779
23.905000             -0.17471889017065084238
23.910000             -0.17441479465505532742
23.915000             -0.17413687331942340197
23.920000             -0.17388533036471856552
23.925000             -0.17366303899235954744
23.930000             -0.17346752188208192091
23.935000             -0.17330186932941765710
23.940000             -0.17316299663841117074
23.945000             -0.17305259917506821132
23.950000             -0.17297142199228873749
23.955000             -0.17292074210671562473
23.960000             -0.17289767265540328944
23.965000             -0.17290460718993577727
23.970000             -0.17294111760882191486
23.975000             -0.17300726982233913254
23.980000             -0.17310204174392443410
23.985000             -0.17322279716930530369
23.990000             -0.17337691179180381162
23.995000             -0.17355921622051828646
24.000000             -0.17376918919161293831
24.005000             -0.17400633593928532816
24.010000             -0.17427206140171674909
24.015000             -0.17456342733007540469
24.020000             -0.17487902802224691845
24.025000             -0.17521765055917351561
24.030000             -0.17558050230259808488
24.035000             -0.17596565782857256921
24.040000             -0.17637155058558159904
24.045000             -0.17679735666329643440
24.050000             -0.17724352650005220644
24.055000             -0.17770739636539872874
24.060000             -0.17818857205041099823
24.065000             -0.17868616593024164163
24.070000             -0.17919833368055906875
24.075000             -0.17972444226531181233
24.080000             -0.18025987185728167828
24.085000             -0.18080874251955600385
24.090000             -0.18136757291779462276
24.095000             -0.18193466121327778184
24.100000             -0.18250774971187527784
24.105000             -0.18308651575538675838
24.110000             -0.18366905369853755992
24.115000             -0.18425364672482169581
24.120000             -0.18483981251362918696
24.125000             -0.18542475130200941624
24.130000             -0.18600602366929261389
24.135000             -0.18658400984183073912
24.140000             -0.18715628006747703216
24.145000             -0.18772104127555311326
24.150000             -0.18827783414259904871
24.155000             -0.18882431035426458510
24.160000             -0.18935788405209191820
24.165000             -0.18988095525302411959
24.170000             -0.19039187478857003133
24.175000             -0.19088722241012928693
24.180000             -0.19136717790029350583
24.185000             -0.19183099561687394496
24.190000             -0.19227768647224705023
24.195000             -0.19270590170816212505
24.200000             -0.19311465029989668962
24.205000             -0.19350303155193257498
24.210000             -0.19386897341231132397
24.215000             -0.19421303902017220122
24.220000             -0.19453479160350514721
24.225000             -0.19483149058086246530
24.230000             -0.19510350460128855765
24.235000             -0.19534977733679312339
24.240000             -0.19556976160019198807
24.245000             -0.19576219224050767087
24.250000             -0.19592644405976314403
24.255000             -0.19606387208504322262
24.260000             -0.19617395496028514068
24.265000             -0.19625531132591766958
24.270000             -0.19630760278585812628
24.275000             -0.19633116193497013313
24.280000             -0.19632399319713172980
24.285000             -0.19629391867170001285
24.290000             -0.19623302390237828963
24.295000             -0.19614412183221574537
24.300000             -0.19602728103046956898
24.305000             -0.19588280757001308441
24.310000             -0.19571141533339647678
24.315000             -0.19551375154039968285
24.320000             -0.19529412479133850811
24.325000             -0.19504874574141628507
24.330000             -0.19477766058645598624
24.335000             -0.19448387220511070828
24.340000             -0.19416674681567916427
24.345000             -0.19382783936058536889
24.350000             -0.19346743205994318404
24.355000             -0.19308545136877020010
24.360000             -0.19268428933704567774
24.365000             -0.19226346879609113039
24.370000             -0.19182551889101759346
24.375000             -0.19137083498490145561
24.380000             -0.19090044235617165125
24.385000             -0.19041442010002643248
24.390000             -0.18991682202351750641
24.395000             -0.18940593873743158393
24.400000             -0.18888560260908751620
24.405000             -0.18835620248560924761
24.410000             -0.18781950238806807696
24.415000             -0.18727722807641658531
24.420000             -0.18673041746158369758
24.425000             -0.18617956996103948719
24.430000             -0.18562696499311617804
24.435000             -0.18507379389843309214
24.440000             -0.18452150118965254810
24.445000             -0.18397230969732300543
24.450000             -0.18342678716122201577
24.455000             -0.18288643078733618497
24.460000             -0.18235250904753522172
24.465000             -0.18182591226335939605
24.470000             -0.18130782060236300124
24.475000             -0.18079956174592104468
24.480000             -0.18030344850726659489
24.485000             -0.17981866966460599566
24.490000             -0.17934664277660014586
24.495000             -0.17888866247841145318
24.500000             -0.17844662929820873098
24.505000             -0.17802078283584049645
24.510000             -0.17761234426388555763
24.515000             -0.17722287865637201265
24.520000             -0.17685228340643835421
24.525000             -0.17650268067171509534
24.530000             -0.17617465811194388259
24.535000             -0.17586919085686791853
24.540000             -0.17558706238451785020
24.545000             -0.17532890062822834021
24.550000             -0.17509577850168533963
24.555000             -0.17488753386700628401
24.560000             -0.17470464716313308107
24.565000             -0.17454737523098370899
24.570000             -0.17441624134622965570
24.575000             -0.17431239396312300793
24.580000             -0.17423462458297342415
24.585000             -0.17418273639950476728
24.590000             -0.17415775217401066599
24.595000             -0.17416025196408257969
24.600000             -0.17418875484268095399
24.605000             -0.17424319624791789751
24.610000             -0.17431907818956757228
24.615000             -0.17442349969012466149
24.620000             -0.17455287828196722200
24.625000             -0.17470758144735457074
24.630000             -0.17488662497634718807
24.635000             -0.17509023285684835458
24.640000             -0.17531825022231162237
24.645000             -0.17557041079435087294
24.650000             -0.17584756524693717639
24.655000             -0.17614631125556517999
24.660000             -0.17646676740605363176
24.665000             -0.17681011089660686464
24.670000             -0.17717186176319621449
24.675000             -0.17755329329451566278
24.680000             -0.17795424241018109601
24.685000             -0.17837079003531999821
24.690000             -0.17880386887921248529
24.695000             -0.17925236990614648591
24.700000             -0.17971307742196132584
24.705000             -0.18018620043527908137
24.710000             -0.18067083377954715195
24.715000             -0.18116546774770994621
24.720000             -0.18166783766135724543
24.725000             -0.18217685584220935646
24.730000             -0.18269175344902405245
24.735000             -0.18320910960867953232
24.740000             -0.18373117522995899287
24.745000             -0.18425513715816577154
24.750000             -0.18477955362697542907
24.755000             -0.18530401655910971881
24.760000             -0.18582684181439151905
24.765000             -0.18634636282693844977
24.770000             -0.18686327312733425066
24.775000             -0.18737458003479445789
24.780000             -0.18787943329520909175
24.785000             -0.18837621603948392912
24.790000             -0.18886404707475409892
24.795000             -0.18934098258064716025
24.800000             -0.18980594969700867458
24.805000             -0.19025763110240359599
24.810000             -0.19069506459360682782
24.815000             -0.19111487989401268472
24.820000             -0.19151763457678677716
24.825000             -0.19190399121124768200
24.830000             -0.19227106573326904759
24.835000             -0.19261950913797190599
24.840000             -0.19295025776782756544
24.845000             -0.19325954150493782069
24.850000             -0.19354786721126152060
24.855000             -0.19381529462364138761
24.860000             -0.19406187061431198759
24.865000             -0.19428779297054313280
24.870000             -0.19448672715561352020
24.875000             -0.19466068022553090211
24.880000             -0.19480754271491376728
24.885000             -0.19493154008592286641
24.890000             -0.19502880206028003207
24.895000             -0.19510104162132616001
24.900000             -0.19514967326949095305
24.905000             -0.19517173196137163615
24.910000             -0.19516760338145713871
24.915000             -0.19513852007658943899
24.920000             -0.19508518299605109858
24.925000             -0.19500683527344292445
24.930000             -0.19490326012137368372
24.935000             -0.19477516788254689573
24.940000             -0.19462142713570526609
24.945000             -0.19444484809357776012
24.950000             -0.19424590175894046462
24.955000             -0.19402481171111382596
24.960000             -0.19378086348338979805
24.965000             -0.19351972562855687676
24.970000             -0.19323449026507344417
24.975000             -0.19292989259670181856
24.980000             -0.19260712156642093018
24.985000             -0.19226700289847120651
24.990000             -0.19190909395852379093
