# time u2_x
0.005000              0.00000000000000000000
0.010000              0.00000060516698756347
0.015000              0.00000166501872713408
0.020000              0.00000317870749195944
0.025000              0.00000515188616349508
0.030000              0.00000759331043636627
0.035000              0.00001050842790994232
0.040000              0.00001390386044534196
0.045000              0.00001778328307762272
0.050000              0.00002214239836808682
0.055000              0.00002697251376344564
0.060000              0.00003225666531838292
0.065000              0.00003797130910564937
0.070000              0.00004409151272718774
0.075000              0.00005058782335467901
0.080000              0.00005743265758801529
0.085000              0.00006459647146736037
0.090000              0.00007204602140334526
0.095000              0.00007974657763768701
0.100000              0.00008766340756117072
0.105000              0.00009576293613311061
0.110000              0.00010401600000709161
0.115000              0.00011239724653679601
0.120000              0.00012088149015549694
0.125000              0.00012944696292795839
0.130000              0.00013806889600252888
0.135000              0.00014672454727437787
0.140000              0.00015537446412863589
0.145000              0.00016397620871073403
0.150000              0.00017247456802878892
0.155000              0.00018080992640407298
0.160000              0.00018894593497535857
0.165000              0.00019684953020750260
0.170000              0.00020450219570361587
0.175000              0.00021188708088515200
0.180000              0.00021900779674231122
0.185000              0.00022587157738369323
0.190000              0.00023248341479006958
0.195000              0.00023884788029163371
0.200000              0.00024494432248761195
0.205000              0.00025074666364552291
0.210000              0.00025621582234917656
0.215000              0.00026131073746632179
0.220000              0.00026594015309344232
0.225000              0.00027000187262725471
0.230000              0.00027336495307814273
0.235000              0.00027589101633933457
0.240000              0.00027742199067186244
0.245000              0.00027779419974320629
0.250000              0.00027691128533147076
0.255000              0.00027469344619422345
0.260000              0.00027122359182232169
0.265000              0.00026663024395527890
0.270000              0.00026099021811016080
0.275000              0.00025437708953022858
0.280000              0.00024676758959864790
0.285000              0.00023811772553902085
0.290000              0.00022841054894612249
0.295000              0.00021763732307524808
0.300000              0.00020585305985779085
0.305000              0.00019313277097095290
0.310000              0.00017955988371311390
0.315000              0.00016522384041880043
0.320000              0.00015015750751119457
0.325000              0.00013438009652843132
0.330000              0.00011789636402918811
0.335000              0.00010070421637039467
0.340000              0.00008285502708464101
0.345000              0.00006441095107150421
0.350000              0.00004551178694189245
0.355000              0.00002631746865721953
0.360000              0.00000702936300249058
0.365000             -0.00001213694000472157
0.370000             -0.00003114520559831995
0.375000             -0.00005000130516842618
0.380000             -0.00006878363911278649
0.385000             -0.00008759408006060509
0.390000             -0.00010643159811817123
0.395000             -0.00012527240893812647
0.400000             -0.00014396661424000089
0.405000             -0.00016232976607763607
0.410000             -0.00018018631316595734
0.415000             -0.00019735818677769099
0.420000             -0.00021374505816663857
0.425000             -0.00022926546334683863
0.430000             -0.00024387703299804774
0.435000             -0.00025755021791847916
0.440000             -0.00027024434812119203
0.445000             -0.00028191982519586660
0.450000             -0.00029254173224408509
0.455000             -0.00030208032976991849
0.460000             -0.00031054804237374254
0.465000             -0.00031797354948206785
0.470000             -0.00032469285163099263
0.475000             -0.00033112942794800813
0.480000             -0.00033782804824987467
0.485000             -0.00034538529072424424
0.490000             -0.00035432091673249534
0.495000             -0.00036515029908575829
0.500000             -0.00037831585363165560
0.505000             -0.00039424482607948496
0.510000             -0.00041337873276849546
0.515000             -0.00043615691107970700
0.520000             -0.00046278801820468868
0.525000             -0.00049340746399785941
0.530000             -0.00052784393113083049
0.535000             -0.00056581366719455229
0.540000             -0.00060713930991309728
0.545000             -0.00065162669622514078
0.550000             -0.00069872472869457773
0.555000             -0.00074775997558864369
0.560000             -0.00079806366077867332
0.565000             -0.00084892926872051091
0.570000             -0.00089984704195819392
0.575000             -0.00095034578726159392
0.580000             -0.00100004591653836666
0.585000             -0.00104860715764284605
0.590000             -0.00109557921906367015
0.595000             -0.00114051544996738468
0.600000             -0.00118281575210018057
0.605000             -0.00122187549700398124
0.610000             -0.00125716965640502651
0.615000             -0.00128822495391012009
0.620000             -0.00131470102725512344
0.625000             -0.00133632145816429070
0.630000             -0.00135303202874183909
0.635000             -0.00136485565211528635
0.640000             -0.00137188892410851967
0.645000             -0.00137425923579672120
0.650000             -0.00137201611646731582
0.655000             -0.00136518605016790672
0.660000             -0.00135396260928621480
0.665000             -0.00133856770896872306
0.670000             -0.00131978643363453224
0.675000             -0.00129854515797703067
0.680000             -0.00127588022678633219
0.685000             -0.00125287894184054720
0.690000             -0.00123002950771236900
0.695000             -0.00120768422181945071
0.700000             -0.00118573092307207111
0.705000             -0.00116392894879232471
0.710000             -0.00114186472238238831
0.715000             -0.00111906180187066164
0.720000             -0.00109490349810066503
0.725000             -0.00106871500491523838
0.730000             -0.00103963351261542655
0.735000             -0.00100671935536419737
0.740000             -0.00096918339826643132
0.745000             -0.00092624588633148121
0.750000             -0.00087722543773009515
0.755000             -0.00082145946124143889
0.760000             -0.00075868442517726419
0.765000             -0.00068875269869939884
0.770000             -0.00061223257389953455
0.775000             -0.00052992827196595088
0.780000             -0.00044312867180085707
0.785000             -0.00035333811022673461
0.790000             -0.00026154316332886886
0.795000             -0.00016869185358405544
0.800000             -0.00007544038383438269
0.805000              0.00001758785066039557
0.810000              0.00010953052681170036
0.815000              0.00019945477110533860
0.820000              0.00028627080322027749
0.825000              0.00036886406223836615
0.830000              0.00044617637280498443
0.835000              0.00051721562599123076
0.840000              0.00058135442145252432
0.845000              0.00063813936971322143
0.850000              0.00068735384588216100
0.855000              0.00072894018577262273
0.860000              0.00076295936889229660
0.865000              0.00078958583735669276
0.870000              0.00080936818425604703
0.875000              0.00082300279318038734
0.880000              0.00083139023880288154
0.885000              0.00083550925160993743
0.890000              0.00083686482600163253
0.895000              0.00083708631538711835
0.900000              0.00083805998455325191
0.905000              0.00084171873461845784
0.910000              0.00084954617194628670
0.915000              0.00086287297034933689
0.920000              0.00088226324126608273
0.925000              0.00090801606722411157
0.930000              0.00094022630664255299
0.935000              0.00097885376632667097
0.940000              0.00102402518048882291
0.945000              0.00107585502653499416
0.950000              0.00113447141375249273
0.955000              0.00119998695991258941
0.960000              0.00127187264976438754
0.965000              0.00134943610394132503
0.970000              0.00143176093621863454
0.975000              0.00151786716096154119
0.980000              0.00160701683237145904
0.985000              0.00169854704799219042
0.990000              0.00179187175197900424
0.995000              0.00188645500705325120
1.000000              0.00198130202611148092
1.005000              0.00207532008866637011
1.010000              0.00216688845201716855
1.015000              0.00225423598618753728
1.020000              0.00233554312182174565
1.025000              0.00240893945006393070
1.030000              0.00247305322224622252
1.035000              0.00252660993908103990
1.040000              0.00256848430786151471
1.045000              0.00259758952773734815
1.050000              0.00261235554420305134
1.055000              0.00261110054743957185
1.060000              0.00259234749966869103
1.065000              0.00255468737479587525
1.070000              0.00249803786775344098
1.075000              0.00242272569652798734
1.080000              0.00232993506799715304
1.085000              0.00222121423565908079
1.090000              0.00209864242265802789
1.095000              0.00196459219533707272
1.100000              0.00182176570712493384
1.105000              0.00167309526838243659
1.110000              0.00152110729681724445
1.115000              0.00136832500528734770
1.120000              0.00121616883590140333
1.125000              0.00106577916625432648
1.130000              0.00091745459711601880
1.135000              0.00077116467318075589
1.140000              0.00062646995339382596
1.145000              0.00048264167346192405
1.150000              0.00033869255750130627
1.155000              0.00019336321040803390
1.160000              0.00004504273967972412
1.165000             -0.00010815024619377839
1.170000             -0.00026774770796667127
1.175000             -0.00043530291384660791
1.180000             -0.00061151620525689676
1.185000             -0.00079684584615113952
1.190000             -0.00099126716023290994
1.195000             -0.00119447053013824666
1.200000             -0.00140605856041121956
1.205000             -0.00162537319157237846
1.210000             -0.00185169306052586119
1.215000             -0.00208403043244342065
1.220000             -0.00232108799810184976
1.225000             -0.00256128484910313897
1.230000             -0.00280241070711522312
1.235000             -0.00304197778266006302
1.240000             -0.00327709376519287696
1.245000             -0.00350475397341689027
1.250000             -0.00372172614385520408
1.255000             -0.00392482944278646842
1.260000             -0.00411107334696633828
1.265000             -0.00427771171581052458
1.270000             -0.00442269448223681777
1.275000             -0.00454439408390317889
1.280000             -0.00464192524917986585
1.285000             -0.00471483971384404829
1.290000             -0.00476370544326978635
1.295000             -0.00478954357728694075
1.300000             -0.00479433112407254107
1.305000             -0.00478041159400939206
1.310000             -0.00474986644804263787
1.315000             -0.00470473945992188908
1.320000             -0.00464686651808187984
1.325000             -0.00457793439206110632
1.330000             -0.00450000396625544179
1.335000             -0.00441508242157692080
1.340000             -0.00432510843766211253
1.345000             -0.00423186630647474915
1.350000             -0.00413641353892143984
1.355000             -0.00403950670118917790
1.360000             -0.00394096086385230769
1.365000             -0.00384027126875269688
1.370000             -0.00373624669169015169
1.375000             -0.00362749442294569733
1.380000             -0.00351266398517625618
1.385000             -0.00339045290504513732
1.390000             -0.00325999308635415309
1.395000             -0.00312063296619818952
1.400000             -0.00297199948251792526
1.405000             -0.00281393315900817318
1.410000             -0.00264676019625098872
1.415000             -0.00247106411932930493
1.420000             -0.00228826476617050804
1.425000             -0.00210010666345701678
1.430000             -0.00190877816082668755
1.435000             -0.00171665804752152082
1.440000             -0.00152576291985838169
1.445000             -0.00133802378954313403
1.450000             -0.00115476206161655684
1.455000             -0.00097706095181340075
1.460000             -0.00080573843823988380
1.465000             -0.00064140201244455126
1.470000             -0.00048412825497991133
1.475000             -0.00033370254684698703
1.480000             -0.00018936716967632750
1.485000             -0.00005007229522159713
1.490000              0.00008537765373985849
1.495000              0.00021832585324605533
1.500000              0.00034992349514134614
1.505000              0.00048130160860438879
1.510000              0.00061311646590576213
1.515000              0.00074584126843048988
1.520000              0.00087970639213118241
1.525000              0.00101474094720952228
1.530000              0.00115064748767144780
1.535000              0.00128687834381689030
1.540000              0.00142273011133798666
1.545000              0.00155729997050027395
1.550000              0.00168987351741515493
1.555000              0.00181968483256478232
1.560000              0.00194601326129171691
1.565000              0.00206814576440489568
1.570000              0.00218486183020669654
1.575000              0.00229488831927195883
1.580000              0.00239634969506390648
1.585000              0.00248733272619891272
1.590000              0.00256695954250931108
1.595000              0.00263475283918261855
1.600000              0.00269193471275880033
1.605000              0.00274035132555990827
1.610000              0.00278199650151646129
1.615000              0.00281908922388527435
1.620000              0.00285301288426147853
1.625000              0.00288501100620425091
1.630000              0.00291624848010038195
1.635000              0.00294781860492710586
1.640000              0.00298122144692378318
1.645000              0.00301794829640149916
1.650000              0.00305951026354623007
1.655000              0.00310727938412478505
1.660000              0.00316192492071771429
1.665000              0.00322377512085906398
1.670000              0.00329133612797984695
1.675000              0.00336248480290925753
1.680000              0.00343354740236834514
1.685000              0.00350028890683248654
1.690000              0.00355849932205734099
1.695000              0.00360387375987001376
1.700000              0.00363256323165566742
1.705000              0.00364086536861559298
1.710000              0.00362531868134168163
1.715000              0.00358265681293235428
1.720000              0.00351040698987384846
1.725000              0.00340649949164487618
1.730000              0.00327029644080798322
1.735000              0.00310178760526581008
1.740000              0.00290202595726015387
1.745000              0.00267262465058971423
1.750000              0.00241571929666821840
1.755000              0.00213381692385501221
1.760000              0.00182951585782079886
1.765000              0.00150557518990558181
1.770000              0.00116472970934163012
1.775000              0.00080972208149383308
1.780000              0.00044276569322335819
1.785000              0.00006584059785768726
1.790000             -0.00032004717528753439
1.795000             -0.00071433774861876193
1.800000             -0.00111701373341214420
1.805000             -0.00152844360104176734
1.810000             -0.00194856081187255964
1.815000             -0.00237739009035373931
1.820000             -0.00281400009098082670
1.825000             -0.00325728650265844381
1.830000             -0.00370504350242923611
1.835000             -0.00415469597011228382
1.840000             -0.00460319380921667305
1.845000             -0.00504713783105633675
1.850000             -0.00548345637415665731
1.855000             -0.00590888017018772766
1.860000             -0.00632109861540668810
1.865000             -0.00671781285255654628
1.870000             -0.00709666804124862213
1.875000             -0.00745519177321537531
1.880000             -0.00778969473152333995
1.885000             -0.00809618982188165144
1.890000             -0.00837031575982521286
1.895000             -0.00860773258178685989
1.900000             -0.00880459005864289018
1.905000             -0.00895741549866866174
1.910000             -0.00906298918893348217
1.915000             -0.00911849391893117256
1.920000             -0.00912125201861483346
1.925000             -0.00906894332561671013
1.930000             -0.00896032844915232128
1.935000             -0.00879469500130690245
1.940000             -0.00857329502007351911
1.945000             -0.00829807114313000672
1.950000             -0.00797314877399159065
1.955000             -0.00760334781526770306
1.960000             -0.00719523031026329547
1.965000             -0.00675589675959958457
1.970000             -0.00629260123669607950
1.975000             -0.00581268698275149744
1.980000             -0.00532185013988817519
1.985000             -0.00482533306127270935
1.990000             -0.00432651366906567237
1.995000             -0.00382815696009420519
2.000000             -0.00333152584331312647
2.005000             -0.00283730899398513441
2.010000             -0.00234540862293040279
2.015000             -0.00185532351792969184
2.020000             -0.00136654122282018893
2.025000             -0.00087838515303746299
2.030000             -0.00039035849591111311
2.035000              0.00009806547673121667
2.040000              0.00058680810661946973
2.045000              0.00107561836886017437
2.050000              0.00156352565956838392
2.055000              0.00204925344490738829
2.060000              0.00253125063039673576
2.065000              0.00300770576449832169
2.070000              0.00347661974523627570
2.075000              0.00393575553168459477
2.080000              0.00438322105634138606
2.085000              0.00481707151064425174
2.090000              0.00523582812599117809
2.095000              0.00563810534086470541
2.100000              0.00602267147088262744
2.105000              0.00638843206765246641
2.110000              0.00673498470733105165
2.115000              0.00706229929705067677
2.120000              0.00737118378216204857
2.125000              0.00766294141762013329
2.130000              0.00793956337875329279
2.135000              0.00820351261694732964
2.140000              0.00845756119538774304
2.145000              0.00870479535193801474
2.150000              0.00894842135325878141
2.155000              0.00919178673240733310
2.160000              0.00943835107097156477
2.165000              0.00969156723765852990
2.170000              0.00995475791002220674
2.175000              0.01023104751312475282
2.180000              0.01052289097765710633
2.185000              0.01083231057545928737
2.190000              0.01116030575072640002
2.195000              0.01150730387428249707
2.200000              0.01187203370166402955
2.205000              0.01225249322943092536
2.210000              0.01264517907854767129
2.215000              0.01304595828737057164
2.220000              0.01344996176347498275
2.225000              0.01385200041587542584
2.230000              0.01424699421593478461
2.235000              0.01462991185418208509
2.240000              0.01499570381372497020
2.245000              0.01533948566810112470
2.250000              0.01565605932002330641
2.255000              0.01594039291577372189
2.260000              0.01618781492100472216
2.265000              0.01639400375621811665
2.270000              0.01655618039277733169
2.275000              0.01667221243577909559
2.280000              0.01674148783543229907
2.285000              0.01676402080072367240
2.290000              0.01674126189037060050
2.295000              0.01667520384686732235
2.300000              0.01656846319064089398
2.305000              0.01642392467466720352
2.310000              0.01624422961277178362
2.315000              0.01603197785756809574
2.320000              0.01578861884250828268
2.325000              0.01551524388100274619
2.330000              0.01521131337964597152
2.335000              0.01487573219915009660
2.340000              0.01450610528356956891
2.345000              0.01409953020404033225
2.350000              0.01365173607814512691
2.355000              0.01315795309561307476
2.360000              0.01261330592367838899
2.365000              0.01201280041110784624
2.370000              0.01135306209729478565
2.375000              0.01063118889583402824
2.380000              0.00984629169987070833
2.385000              0.00899825607516858451
2.390000              0.00808894275800519681
2.395000              0.00712113253536833524
2.400000              0.00609885202992404077
2.405000              0.00502694626749759441
2.410000              0.00391071694259097040
2.415000              0.00275604742599437581
2.420000              0.00156908720109896760
2.425000              0.00035637704289477140
2.430000             -0.00087530557325790626
2.435000             -0.00211899673124834372
2.440000             -0.00336844133997651982
2.445000             -0.00461766024940055662
2.450000             -0.00586256089019154825
2.455000             -0.00709986119691153900
2.460000             -0.00832618951917842368
2.465000             -0.00953864630630321328
2.470000             -0.01073229525966141670
2.475000             -0.01190210452249209142
2.480000             -0.01304247897569870383
2.485000             -0.01414789790984811654
2.490000             -0.01521390605566593467
2.495000             -0.01623637698037382754
2.500000             -0.01721185680476904067
2.505000             -0.01813698334426231198
2.510000             -0.01901011918636415568
2.515000             -0.01982986894989339360
2.520000             -0.02059649430751905874
2.525000             -0.02131052384897443724
2.530000             -0.02197237187621654819
2.535000             -0.02258237112377453962
2.540000             -0.02314003440762232508
2.545000             -0.02364470908233215138
2.550000             -0.02409368608134195011
2.555000             -0.02448389117974903578
2.560000             -0.02481323469847675559
2.565000             -0.02508009773637970286
2.570000             -0.02528553512372973960
2.575000             -0.02543166932918647372
2.580000             -0.02552046959536367204
2.585000             -0.02555432104782348265
2.590000             -0.02553379725834066527
2.595000             -0.02545929585690231284
2.600000             -0.02533037925780751154
2.605000             -0.02514646706624691988
2.610000             -0.02490717496119192187
2.615000             -0.02461208809392858785
2.620000             -0.02426234547039739231
2.625000             -0.02385931460034832613
2.630000             -0.02340602398166155215
2.635000             -0.02290578673894759498
2.640000             -0.02236144940177807461
2.645000             -0.02177567644621490953
2.650000             -0.02114928171717360764
2.655000             -0.02048258277945552014
2.660000             -0.01977432088075224345
2.665000             -0.01902286455137769394
2.670000             -0.01822671029165640055
2.675000             -0.01738450294448710617
2.680000             -0.01649426838892466968
2.685000             -0.01555409304912441608
2.690000             -0.01456182857211032848
2.695000             -0.01351546805182860835
2.700000             -0.01241499811980152461
2.705000             -0.01126110497806643435
2.710000             -0.01005764874881111617
2.715000             -0.00880954038838655668
2.720000             -0.00752406271435219522
2.725000             -0.00620937228694784255
2.730000             -0.00487472608216727495
2.735000             -0.00352988500541249160
2.740000             -0.00218358091649585020
2.745000             -0.00084440358494621763
2.750000              0.00048052913809512512
2.755000              0.00178453442343022377
2.760000              0.00306173718212267429
2.765000              0.00430667329268210816
2.770000              0.00551495499276504451
2.775000              0.00668276299329365487
2.780000              0.00780859371966613914
2.785000              0.00889190618037921307
2.790000              0.00993572598320658154
2.795000              0.01094442960912909817
2.800000              0.01192368902330911799
2.805000              0.01287996231136071326
2.810000              0.01381798630340860291
2.815000              0.01474232630254751486
2.820000              0.01565366492968804646
2.825000              0.01655164767340938300
2.830000              0.01743233353963816179
2.835000              0.01829048271518404767
2.840000              0.01912047402912708111
2.845000              0.01991600947306754188
2.850000              0.02067081272584706322
2.855000              0.02137809049294720279
2.860000              0.02203093513071426729
2.865000              0.02262203605460196693
2.870000              0.02314589910485712748
2.875000              0.02359740062752109166
2.880000              0.02397362570705518711
2.885000              0.02427255704145667159
2.890000              0.02449237369336518602
2.895000              0.02463198398318621266
2.900000              0.02468910656543384791
2.905000              0.02466195125657283035
2.910000              0.02454813451172240674
2.915000              0.02434583886732301708
2.920000              0.02405423091896915014
2.925000              0.02367325114408863965
2.930000              0.02320460614859641904
2.935000              0.02265072162289548732
2.940000              0.02201571191342889186
2.945000              0.02130411556690153113
2.950000              0.02052213846587141663
2.955000              0.01967618634326083124
2.960000              0.01877303786606491706
2.965000              0.01781925214951578587
2.970000              0.01681987769935434224
2.975000              0.01577925729636626972
2.980000              0.01470126474099205625
2.985000              0.01358940948447938737
2.990000              0.01244635889162272642
2.995000              0.01127454896088905291
3.000000              0.01007534357260199930
3.005000              0.00884999899114760624
3.010000              0.00759902543232834470
3.015000              0.00632303592609170621
3.020000              0.00502169702608075592
3.025000              0.00369477194297930219
3.030000              0.00234207296695960196
3.035000              0.00096368896033440161
3.040000             -0.00043881518650325891
3.045000             -0.00186333270121626505
3.050000             -0.00330598482418801827
3.055000             -0.00476237230625013806
3.060000             -0.00622698733056553915
3.065000             -0.00769407947453665253
3.070000             -0.00915799664182352299
3.075000             -0.01061325329162545773
3.080000             -0.01205433152971231194
3.085000             -0.01347591989268675378
3.090000             -0.01487205861532562429
3.095000             -0.01623681249917737629
3.100000             -0.01756421642805848851
3.105000             -0.01884840102849456162
3.110000             -0.02008358515510343806
3.115000             -0.02126405032172526063
3.120000             -0.02238446544070739688
3.125000             -0.02343957936149173443
3.130000             -0.02442462849163067051
3.135000             -0.02533494782324223829
3.140000             -0.02616627181419021314
3.145000             -0.02691445175980068660
3.150000             -0.02757660921480695193
3.155000             -0.02815028993451665698
3.160000             -0.02863525676781256482
3.165000             -0.02903209305524028644
3.170000             -0.02934345601302351669
3.175000             -0.02957295149266724044
3.180000             -0.02972503608497818403
3.185000             -0.02980488816283450096
3.190000             -0.02981738594994644970
3.195000             -0.02976779236065454567
3.200000             -0.02966173704937981673
3.205000             -0.02950526141151494849
3.210000             -0.02930445385176948594
3.215000             -0.02906557757342244017
3.220000             -0.02879382959651505952
3.225000             -0.02849408232772386584
3.230000             -0.02816935541396289530
3.235000             -0.02782191519632894183
3.240000             -0.02745165636004833973
3.245000             -0.02705742504108638730
3.250000             -0.02663610729229245674
3.255000             -0.02618358624329333514
3.260000             -0.02569417950857615790
3.265000             -0.02516139009728507112
3.270000             -0.02457838659036463980
3.275000             -0.02393803584854894625
3.280000             -0.02323337174226280596
3.285000             -0.02245755284591203355
3.290000             -0.02160480590925981451
3.295000             -0.02066999962667678825
3.300000             -0.01965179585210057381
3.305000             -0.01855045417329483082
3.310000             -0.01737005682603746937
3.315000             -0.01611652311251266650
3.320000             -0.01479578224027481258
3.325000             -0.01341461733023657961
3.330000             -0.01197734879453627062
3.335000             -0.01048818250047409487
3.340000             -0.00895018886065630792
3.345000             -0.00736621026468534026
3.350000             -0.00574006708064533130
3.355000             -0.00407554098918486499
3.360000             -0.00237732783963090239
3.365000             -0.00064986250505178324
3.370000              0.00110196555925071355
3.375000              0.00287373098558198464
3.380000              0.00466050777443778076
3.385000              0.00645772595070635835
3.390000              0.00826031976004824170
3.395000              0.01006331628041583735
3.400000              0.01186152298888892842
3.405000              0.01364957930520860688
3.410000              0.01542181463246572459
3.415000              0.01717207993482942202
3.420000              0.01889396019091493448
3.425000              0.02058040280623882334
3.430000              0.02222447856705079064
3.435000              0.02381873868362415284
3.440000              0.02535681553362583926
3.445000              0.02683228818149207412
3.450000              0.02824045531813405494
3.455000              0.02957711018844797965
3.460000              0.03083937366271677361
3.465000              0.03202518066902353827
3.470000              0.03313339824498138381
3.475000              0.03416391500242330070
3.480000              0.03511663365485408889
3.485000              0.03599237034794194878
3.490000              0.03679118367152117708
3.495000              0.03751372627009462446
3.500000              0.03816080190267073097
3.505000              0.03873372283179688652
3.510000              0.03923402488156352286
3.515000              0.03966340409557009977
3.520000              0.04002378610300869749
3.525000              0.04031688187591334072
3.530000              0.04054401853329763633
3.535000              0.04070589453796185503
3.540000              0.04080199639507308546
3.545000              0.04083087554089621235
3.550000              0.04078994646751570724
3.555000              0.04067580144707590856
3.560000              0.04048433267086610360
3.565000              0.04021100815425416447
3.570000              0.03985073005377898214
3.575000              0.03939839603786529643
3.580000              0.03884817733715303922
3.585000              0.03819455738884232343
3.590000              0.03743257467619651169
3.595000              0.03655814486693514942
3.600000              0.03556903431321045694
3.605000              0.03446434229501073310
3.610000              0.03324537710473806501
3.615000              0.03191483177736568339
3.620000              0.03047747118922570012
3.625000              0.02893920178199614265
3.630000              0.02730709373861118019
3.635000              0.02558881647625296796
3.640000              0.02379201628209537400
3.645000              0.02192428252304598826
3.650000              0.01999258419754618155
3.655000              0.01800337684033046295
3.660000              0.01596169975318511430
3.665000              0.01387171040884477985
3.670000              0.01173572891730059395
3.675000              0.00955506411932895497
3.680000              0.00732966603910042199
3.685000              0.00505873028279722921
3.690000              0.00274088747634251796
3.695000              0.00037448779556077455
3.700000             -0.00204242932014480748
3.705000             -0.00451171792163099303
3.710000             -0.00703401498048384418
3.715000             -0.00960918945907271102
3.720000             -0.01223536848144298785
3.725000             -0.01490956234416597644
3.730000             -0.01762749895804975944
3.735000             -0.02038386881582153129
3.740000             -0.02317169525337146527
3.745000             -0.02598301480984247305
3.750000             -0.02880750046883432183
3.755000             -0.03163389732458594256
3.760000             -0.03444509568754113016
3.765000             -0.03722241350241484864
3.770000             -0.03994108287052898498
3.775000             -0.04257479062004210918
3.780000             -0.04509794507722424822
3.785000             -0.04748527435278516312
3.790000             -0.04971580836025296657
3.795000             -0.05177036939371021385
3.800000             -0.05363579700838187747
3.805000             -0.05529969362289078455
3.810000             -0.05675190594895104107
3.815000             -0.05798608856975278475
3.820000             -0.05899663022350942060
3.825000             -0.05978043831697755356
3.830000             -0.06033558872826651209
3.835000             -0.06066122980575196222
3.840000             -0.06075866134104931232
3.845000             -0.06062926245665599401
3.850000             -0.06027802181148333993
3.855000             -0.05970952001770921114
3.860000             -0.05893393263998009113
3.865000             -0.05796415419102281946
3.870000             -0.05681651687595832417
3.875000             -0.05550989009120525786
3.880000             -0.05406062031768037873
3.885000             -0.05248523404030699946
3.890000             -0.05079578658242740741
3.895000             -0.04900338633286221990
3.900000             -0.04711589730432391709
3.905000             -0.04514009606087125703
3.910000             -0.04307940264492748222
3.915000             -0.04093591961468676099
3.920000             -0.03870743951508962694
3.925000             -0.03639005733124279357
3.930000             -0.03397867532664039514
3.935000             -0.03146723455080644577
3.940000             -0.02884985688568349887
3.945000             -0.02612031871344691267
3.950000             -0.02327346703498086797
3.955000             -0.02030441397198332401
3.960000             -0.01721070701413988588
3.965000             -0.01399095451812982886
3.970000             -0.01064654958210357362
3.975000             -0.00718046541885201776
3.980000             -0.00359901192297577225
3.985000              0.00008952358795465994
3.990000              0.00387034186717621171
3.995000              0.00772578582369909568
4.000000              0.01162480488864923826
4.005000              0.01553173207859432151
4.010000              0.01940387645718564050
4.015000              0.02319557679220479035
4.020000              0.02686288075728011926
4.025000              0.03036174922667541493
4.030000              0.03365740302227100689
4.035000              0.03671788737349412912
4.040000              0.03952316190817354441
4.045000              0.04205971808928955780
4.050000              0.04432038019986198757
4.055000              0.04629937056940447437
4.060000              0.04800336049842986175
4.065000              0.04944182185145407082
4.070000              0.05063269843305025913
4.075000              0.05160143012126466866
4.080000              0.05237640084467549972
4.085000              0.05298887599037501589
4.090000              0.05347164375654902407
4.095000              0.05385816687968424110
4.100000              0.05417416552932891038
4.105000              0.05444322906138069490
4.110000              0.05467849694253750642
4.115000              0.05488880454037097650
4.120000              0.05507553448515344063
4.125000              0.05523590045354770384
4.130000              0.05535875215737930122
4.135000              0.05542869628349023081
4.140000              0.05542501663541231360
4.145000              0.05532292757118034005
4.150000              0.05509651374859914075
4.155000              0.05471813102463538026
4.160000              0.05416045985572476990
4.165000              0.05339652696873875559
4.170000              0.05240742553446569446
4.175000              0.05117808781420721265
4.180000              0.04971120120077623938
4.185000              0.04801532750285962547
4.190000              0.04611215695221902028
4.195000              0.04403009850347765208
4.200000              0.04180049905917607861
4.205000              0.03945939753084686669
4.210000              0.03704261126050064495
4.215000              0.03458818968598721677
4.220000              0.03213285029934960513
4.225000              0.02971338791368388632
4.230000              0.02736513090326790978
4.235000              0.02512161552557608257
4.240000              0.02301206906828622348
4.245000              0.02106169168594597754
4.250000              0.01928694501879223144
4.255000              0.01769827099002036983
4.260000              0.01629370151397066535
4.265000              0.01506425444102553989
4.270000              0.01398247109961363137
4.275000              0.01301303407133583105
4.280000              0.01211003334217944198
4.285000              0.01122287601377457492
4.290000              0.01030847845010097324
4.295000              0.00932565637233250498
4.300000              0.00824298632041093118
4.305000              0.00703385629944095446
4.310000              0.00568172052386562137
4.315000              0.00417634289206880900
4.320000              0.00251636470583163196
4.325000              0.00070695995946023062
4.330000             -0.00123867608790442091
4.335000             -0.00330155918120099510
4.340000             -0.00546030411348563151
4.345000             -0.00769057718437603580
4.350000             -0.00996995962736368403
4.355000             -0.01227629194205610667
4.360000             -0.01458880390231331349
4.365000             -0.01688894460883664725
4.370000             -0.01915963583643262927
4.375000             -0.02138744464807984524
4.380000             -0.02356285532847558067
4.385000             -0.02568112147393619010
4.390000             -0.02774247581495475901
4.395000             -0.02975174522424271079
4.400000             -0.03171733265960688386
4.405000             -0.03365054297027213204
4.410000             -0.03556330782894125131
4.415000             -0.03746782869272621830
4.420000             -0.03937438103998863737
4.425000             -0.04129095449008319402
4.430000             -0.04322109234760816709
4.435000             -0.04516404957521710783
4.440000             -0.04711311347864203386
4.445000             -0.04905690873774738725
4.450000             -0.05097941940658004545
4.455000             -0.05285858808250316204
4.460000             -0.05467337900218634250
4.465000             -0.05640339537943472176
4.470000             -0.05802809928674778489
4.475000             -0.05952776096778793907
4.480000             -0.06088861702658290853
4.485000             -0.06209918513427369058
4.490000             -0.06315130625163241362
4.495000             -0.06404197823563152758
4.500000             -0.06477405899676597079
4.505000             -0.06535481844752422109
4.510000             -0.06579796306585350418
4.515000             -0.06612363221845496408
4.520000             -0.06635267519596607655
4.525000             -0.06650848741095403971
4.530000             -0.06661425845988451500
4.535000             -0.06668966517771636460
4.540000             -0.06675195568447021832
4.545000             -0.06681689503096786831
4.550000             -0.06689432621573300486
4.555000             -0.06699203029850656077
4.560000             -0.06711459670483742312
4.565000             -0.06726174783105053068
4.570000             -0.06743138862519756915
4.575000             -0.06761719057895870799
4.580000             -0.06780946305403513785
4.585000             -0.06799573087138000016
4.590000             -0.06816107790785395915
4.595000             -0.06829035097451405245
4.600000             -0.06836864350434149196
4.605000             -0.06838266750304484998
4.610000             -0.06832049710666129871
4.615000             -0.06817282240011014738
4.620000             -0.06793261706310983750
4.625000             -0.06759822599708155411
4.630000             -0.06717044757079819461
4.635000             -0.06665022193691724772
4.640000             -0.06604305361780526962
4.645000             -0.06535871601339098003
4.650000             -0.06460255318810446956
4.655000             -0.06378442396740816034
4.660000             -0.06291101686866003295
4.665000             -0.06198680332516708080
4.670000             -0.06101570007340013924
4.675000             -0.05999769108385494265
4.680000             -0.05893106194204954934
4.685000             -0.05781049793983066010
4.690000             -0.05662675921897541292
4.695000             -0.05536701172001316784
4.700000             -0.05401664877145832128
4.705000             -0.05255931416850750937
4.710000             -0.05098159025200282857
4.715000             -0.04927139806480044376
4.720000             -0.04741785781365408237
4.725000             -0.04541274562020648775
4.730000             -0.04324689943159649996
4.735000             -0.04091422853423349465
4.740000             -0.03841071611727202989
4.745000             -0.03573624599016194531
4.750000             -0.03289294357690778631
4.755000             -0.02988619185811127940
4.760000             -0.02672333817193408775
4.765000             -0.02341349434103018670
4.770000             -0.01996704368363459020
4.775000             -0.01639429253020332003
4.780000             -0.01270649748279701306
4.785000             -0.00891331591227775485
4.790000             -0.00502207934874298548
4.795000             -0.00103687253134804661
4.800000              0.00304243384027247767
4.805000              0.00721979916500954232
4.810000              0.01150182044859038993
4.815000              0.01589779639923802335
4.820000              0.02042041912547113910
4.825000              0.02508388455015949509
4.830000              0.02990289828107397727
4.835000              0.03489143390749724349
4.840000              0.04006323081523597424
4.845000              0.04542968569286232744
4.850000              0.05099735782796182421
4.855000              0.05677358202549612903
4.860000              0.06276262215823395774
4.865000              0.06896504910824487189
4.870000              0.07537920930685601539
4.875000              0.08200127816662231006
4.880000              0.08881930328467832481
4.885000              0.09582029578446459028
4.890000              0.10299011707753658040
4.895000              0.11032213245004750257
4.900000              0.11780767094152783114
4.905000              0.12543315055883647036
4.910000              0.13321882249684877109
4.915000              0.14117766048746802077
4.920000              0.14931196235608559797
4.925000              0.15762199643734856047
4.930000              0.16613976174815633935
4.935000              0.17485295403383163682
4.940000              0.18377485377865987459
4.945000              0.19289649804043473846
4.950000              0.20219258631558612027
4.955000              0.21163378143490299554
4.960000              0.22113539589032912835
4.965000              0.23060173038671152868
4.970000              0.23993858012638177857
4.975000              0.24904858183835515417
4.980000              0.25786560829994625843
4.985000              0.26632702215434339577
4.990000              0.27438357641717686652
4.995000              0.28198496047426002686
5.000000              0.28908722371213907421
5.005000              0.29564798224603705545
5.010000              0.30163146409676627746
5.015000              0.30700475295179718849
5.020000              0.31174464378413468957
5.025000              0.31582318017953425748
5.030000              0.31922408341816865818
5.035000              0.32192756944720263279
5.040000              0.32392324096986202520
5.045000              0.32520791744590410444
5.050000              0.32578722692665812444
5.055000              0.32567543477148841458
5.060000              0.32488144561696602475
5.065000              0.32348688744729581224
5.070000              0.32148152045108813191
5.075000              0.31897178931790631795
5.080000              0.31599858839264893806
5.085000              0.31265497849819290366
5.090000              0.30902071951381626658
5.095000              0.30517388742936657486
5.100000              0.30119829973157330461
5.105000              0.29716654393486391372
5.110000              0.29314276123310867295
5.115000              0.28918029762063940380
5.120000              0.28530953004523751382
5.125000              0.28154853606059476734
5.130000              0.27790140012876618503
5.135000              0.27436463985501602370
5.140000              0.27092346656650601044
5.145000              0.26755963538696853066
5.150000              0.26424661439148172670
5.155000              0.26095779734480634149
5.160000              0.25765271466086558938
5.165000              0.25429114236426664242
5.170000              0.25082761049380430940
5.175000              0.24721925394951588251
5.180000              0.24344177010054895982
5.185000              0.23947895855996054193
5.190000              0.23533179201559359384
5.195000              0.23100823041968074345
5.200000              0.22652228600482121612
5.205000              0.22188707190570083894
5.210000              0.21712070945838152225
5.215000              0.21224032426877645352
5.220000              0.20726252991992527575
5.225000              0.20220584637830765762
5.230000              0.19708308737349686246
5.235000              0.19190853722805373271
5.240000              0.18669353815793451878
5.245000              0.18145299293082656211
5.250000              0.17619927439785007528
5.255000              0.17094124811632760430
5.260000              0.16569366706399107914
5.265000              0.16046820873498712778
5.270000              0.15528352716157298175
5.275000              0.15015863911601912140
5.280000              0.14511316349196312636
5.285000              0.14017380962680581202
5.290000              0.13536615920690914239
5.295000              0.13072224111889527154
5.300000              0.12627527492985993196
5.305000              0.12205538479450726841
5.310000              0.11809483119311221799
5.315000              0.11442612812738398032
5.320000              0.11107459775864006457
5.325000              0.10807504727460646998
5.330000              0.10545129695268226633
5.335000              0.10323252279991594615
5.340000              0.10143647355053425629
5.345000              0.10008054912021172034
5.350000              0.09917754719172815203
5.355000              0.09873957061670744773
5.360000              0.09877024862236948033
5.365000              0.09927335345324775351
5.370000              0.10024163349268992718
5.375000              0.10163738420293130793
5.380000              0.10348766559092184569
5.385000              0.10570584591363969829
5.390000              0.10831474983898162212
5.395000              0.11123630467739142880
5.400000              0.11445788940319176485
5.405000              0.11793071698798660019
5.410000              0.12162467206421744004
5.415000              0.12550788944779117662
5.420000              0.12955392079261868199
5.425000              0.13374125472347481169
5.430000              0.13805590681941198872
5.435000              0.14249086742230096525
5.440000              0.14704679151860627906
5.445000              0.15173032470919373127
5.450000              0.15654861178271786692
5.455000              0.16151041400985347019
5.460000              0.16662153603645080135
5.465000              0.17188575974311051664
5.470000              0.17729678641016660690
5.475000              0.18284214463363271386
5.480000              0.18849814273077705740
5.485000              0.19423300054142342286
5.490000              0.20001367098743938477
5.495000              0.20580440826041035418
5.500000              0.21157138993272187055
5.505000              0.21727583033482636421
5.510000              0.22287943713751182107
5.515000              0.22834493531509358899
5.520000              0.23363845625491325153
5.525000              0.23873172929293831612
5.530000              0.24359637806257958270
5.535000              0.24821476964901989515
5.540000              0.25256049062113189452
5.545000              0.25663036210549255989
5.550000              0.26041278766651121401
5.555000              0.26390702816182426416
5.560000              0.26712196351197275979
5.565000              0.27006834698475640222
5.570000              0.27276271554409814435
5.575000              0.27522586016371086703
5.580000              0.27748064247609133259
5.585000              0.27955679167509756011
5.590000              0.28146720535089192472
5.595000              0.28324938174772512633
5.600000              0.28490797974894283007
5.605000              0.28647026449812090787
5.610000              0.28794335082963279371
5.615000              0.28934143900914305325
5.620000              0.29066991529535579630
5.625000              0.29193422209723624006
5.630000              0.29313531191829506062
5.635000              0.29426529580837451627
5.640000              0.29531989721444795727
5.645000              0.29628394565709931241
5.650000              0.29714567144430720225
5.655000              0.29788867068734620203
5.660000              0.29849209279770733128
5.665000              0.29893725291437250879
5.670000              0.29920008769249500924
5.675000              0.29925828528119546856
5.680000              0.29909441767026090364
5.685000              0.29869307635554248614
5.690000              0.29804122031334606691
5.695000              0.29713762444343044811
5.700000              0.29596322655515755473
5.705000              0.29453608114339085988
5.710000              0.29284390736216892037
5.715000              0.29090720389646601562
5.720000              0.28873045470753533337
5.725000              0.28632963147527956682
5.730000              0.28371686493603687218
5.735000              0.28090519498470400972
5.740000              0.27790618960706187091
5.745000              0.27473019478348426059
5.750000              0.27138653032789772368
5.755000              0.26788260413180459141
5.760000              0.26422219535434687820
5.765000              0.26040693094131878160
5.770000              0.25643519508485018710
5.775000              0.25230428171830276973
5.780000              0.24801395827916289383
5.785000              0.24356537619116280791
5.790000              0.23896376156756887754
5.795000              0.23421719357346096335
5.800000              0.22933735053743642407
5.805000              0.22433920312084529303
5.810000              0.21924111422680822581
5.815000              0.21406459858632900795
5.820000              0.20883375993820654792
5.825000              0.20357500020484919911
5.830000              0.19831704468532554420
5.835000              0.19308748130322325731
5.840000              0.18790877077262804762
5.845000              0.18280479460299522976
5.850000              0.17779491542465572507
5.855000              0.17289234978185774594
5.860000              0.16810717887673359838
5.865000              0.16344427669990491125
5.870000              0.15890427769298440253
5.875000              0.15449010103433769014
5.880000              0.15020318291691314716
5.885000              0.14604462109527605040
5.890000              0.14201560755194209129
5.895000              0.13811578883708910959
5.900000              0.13434465877465653905
5.905000              0.13070202374002318213
5.910000              0.12718604315163140051
5.915000              0.12379706595060736840
5.920000              0.12053303201740267481
5.925000              0.11739436286344955007
5.930000              0.11437977254698153406
5.935000              0.11148959435628839898
5.940000              0.10872536575660668445
5.945000              0.10609213771474733379
5.950000              0.10359460874760642590
5.955000              0.10123809772201268486
5.960000              0.09903132120815992534
5.965000              0.09698028722252068079
5.970000              0.09509151797929142613
5.975000              0.09337077275362576367
5.980000              0.09182072534209176351
5.985000              0.09044403261122688220
5.990000              0.08923776805199468143
5.995000              0.08820212487363381093
6.000000              0.08733520981445357101
6.005000              0.08663522845901971969
6.010000              0.08610221996363351393
6.015000              0.08573847450454886998
6.020000              0.08554267296724610281
6.025000              0.08551038687659903714
6.030000              0.08564859527663531980
6.035000              0.08593757644203006696
6.040000              0.08638479585241766456
6.045000              0.08697336864054711070
6.050000              0.08770162045686814845
6.055000              0.08856263698941636842
6.060000              0.08955459549555536136
6.065000              0.09067568821088674291
6.070000              0.09192795769350550761
6.075000              0.09331383887406244360
6.080000              0.09483899569847718813
6.085000              0.09651050802167235321
6.090000              0.09833803167603001605
6.095000              0.10033233163846638769
6.100000              0.10250347104846851964
6.105000              0.10486103089582414494
6.110000              0.10741271535696687855
6.115000              0.11016482413228810555
6.120000              0.11312064892363918323
6.125000              0.11628135311889258030
6.130000              0.11964371636162907109
6.135000              0.12320182118619592282
6.140000              0.12694587080247016209
6.145000              0.13086358784302348779
6.150000              0.13493793762611033804
6.155000              0.13914958208978669973
6.160000              0.14347402331217273819
6.165000              0.14788485831650385882
6.170000              0.15235363708030458252
6.175000              0.15685134732678820968
6.180000              0.16135207126361045260
6.185000              0.16583125020885527978
6.190000              0.17026985780669984250
6.195000              0.17465140488578090316
6.200000              0.17896460913634618106
6.205000              0.18320091615062528145
6.210000              0.18735622791436365442
6.215000              0.19143239813817325423
6.220000              0.19543472715226273273
6.225000              0.19936788866586180324
6.230000              0.20324178577972071280
6.235000              0.20706480390457276952
6.240000              0.21084563803135863980
6.245000              0.21459079953140092201
6.250000              0.21830496930124351773
6.255000              0.22199296506209992286
6.260000              0.22565544185084857043
6.265000              0.22929226336540947662
6.270000              0.23290038172219346135
6.275000              0.23647347980321092864
6.280000              0.24000224722897273155
6.285000              0.24347630854239832310
6.290000              0.24688314199219557610
6.295000              0.25020871066020894391
6.300000              0.25343750279782756296
6.305000              0.25655659329870666996
6.310000              0.25954760354366507302
6.315000              0.26239345912858164089
6.320000              0.26507716391035635040
6.325000              0.26758143689851865421
6.330000              0.26988774822912253715
6.335000              0.27198049044091882065
6.340000              0.27384247517186610654
6.345000              0.27546223010588638536
6.350000              0.27682884145990416247
6.355000              0.27793238075341880622
6.360000              0.27876531838627766069
6.365000              0.27931960178859771560
6.370000              0.27958846415364202453
6.375000              0.27956455776212735254
6.380000              0.27924002091799926539
6.385000              0.27860931209617523230
6.390000              0.27766279478193506280
6.395000              0.27639537770172439846
6.400000              0.27479719638263117032
6.405000              0.27286735648645177310
6.410000              0.27059635626216466120
6.415000              0.26798685627243834517
6.420000              0.26503607227097258914
6.425000              0.26174806863278210489
6.430000              0.25812773011597700545
6.435000              0.25418304194957647146
6.440000              0.24992500190463998178
6.445000              0.24536706442518219085
6.450000              0.24052503197142169333
6.455000              0.23541643831172795465
6.460000              0.23005852101094356743
6.465000              0.22446912561255163987
6.470000              0.21866448167301369421
6.475000              0.21266072409587874481
6.480000              0.20647288695496290867
6.485000              0.20011565999849806330
6.490000              0.19360363476561173735
6.495000              0.18695106466246683152
6.500000              0.18017228235036075734
6.505000              0.17328113359495803114
6.510000              0.16628262278549182929
6.515000              0.15918112107727686033
6.520000              0.15198343217359486235
6.525000              0.14468725305628879485
6.530000              0.13729648203006336593
6.535000              0.12981121309253587648
6.540000              0.12223322462855847059
6.545000              0.11457165128612789573
6.550000              0.10683807576953315011
6.555000              0.09904977003698743621
6.560000              0.09122586524905004768
6.565000              0.08338464212486788874
6.570000              0.07555593797679550916
6.575000              0.06774952828064299826
6.580000              0.06001112950185188977
6.585000              0.05233071760676208384
6.590000              0.04473158924592691293
6.595000              0.03724350675656934451
6.600000              0.02990327033934893700
6.605000              0.02269660323338887342
6.610000              0.01567676833971104813
6.615000              0.00884344705334045612
6.620000              0.00223531753227825545
6.625000             -0.00412626361984791325
6.630000             -0.01021934497086122301
6.635000             -0.01601674232237016576
6.640000             -0.02149695239897713231
6.645000             -0.02663407009461844777
6.650000             -0.03140724495145882228
6.655000             -0.03579697536725147400
6.660000             -0.03978533086328486790
6.665000             -0.04335883453461485126
6.670000             -0.04650319788086418327
6.675000             -0.04920828306758157772
6.680000             -0.05146667408678298056
6.685000             -0.05327380097977094803
6.690000             -0.05463036212490036958
6.695000             -0.05555009573891636632
6.700000             -0.05603240314025249857
6.705000             -0.05608908119459782293
6.710000             -0.05574451532333447867
6.715000             -0.05500716127240091319
6.720000             -0.05391574355076520636
6.725000             -0.05247837451903410860
6.730000             -0.05073433589875437494
6.735000             -0.04870350025212428352
6.740000             -0.04640927428085570017
6.745000             -0.04387349420532375699
6.750000             -0.04111138285303541501
6.755000             -0.03813569782510439765
6.760000             -0.03495714182785739782
6.765000             -0.03158327031430044340
6.770000             -0.02802046544964459374
6.775000             -0.02427453738338620007
6.780000             -0.02034942040100751887
6.785000             -0.01624983800285541291
6.790000             -0.01197783099646754223
6.795000             -0.00753689114405554309
6.800000             -0.00293174190962858889
6.805000              0.00182993197514945481
6.810000              0.00673622286271320213
6.815000              0.01177162866385337604
6.820000              0.01691738248391116278
6.825000              0.02215215899169153957
6.830000              0.02745307179104756329
6.835000              0.03279637515228649158
6.840000              0.03815942589332672885
6.845000              0.04352076421056998157
6.850000              0.04886552719486775970
6.855000              0.05418443130044892780
6.860000              0.05947178361761293330
6.865000              0.06472799135967829964
6.870000              0.06995430840882808921
6.875000              0.07515889202852983619
6.880000              0.08035374733511016498
6.885000              0.08555143260778191872
6.890000              0.09076333732656391429
6.895000              0.09600283310639241841
6.900000              0.10127894719533162005
6.905000              0.10659850646235111138
6.910000              0.11196051755997755983
6.915000              0.11736187708093123727
6.920000              0.12279138092860217291
6.925000              0.12823461911779410194
6.930000              0.13368186935561732209
6.935000              0.13911916151816114406
6.940000              0.14452797719895862927
6.945000              0.14989973106605319897
6.950000              0.15521336989563133679
6.955000              0.16045258152142574670
6.960000              0.16560561111265778567
6.965000              0.17065387383374749919
6.970000              0.17558371003875861138
6.975000              0.18037662408367124978
6.980000              0.18501271027981316952
6.985000              0.18947217718506495499
6.990000              0.19374090096523091664
6.995000              0.19780307017998255414
7.000000              0.20165047683882558749
7.005000              0.20527637040934676449
7.010000              0.20867884876341244449
7.015000              0.21185835307005382311
7.020000              0.21481700903508421652
7.025000              0.21755704246271276303
7.030000              0.22008507912869723633
7.035000              0.22240857701668625968
7.040000              0.22453905918123323593
7.045000              0.22648899500831776166
7.050000              0.22827022946747935195
7.055000              0.22989486811517856335
7.060000              0.23137163908627736419
7.065000              0.23270935953002780394
7.070000              0.23391141841338078389
7.075000              0.23498187752097840497
7.080000              0.23592031477933320116
7.085000              0.23672639905749709444
7.090000              0.23739463059202212114
7.095000              0.23791682472273820159
7.100000              0.23828253793102116553
7.105000              0.23847928030921669573
7.110000              0.23849444496147506611
7.115000              0.23831369748976494183
7.120000              0.23792154465022671839
7.125000              0.23730367400773413888
7.130000              0.23644346514017552940
7.135000              0.23532403589106989927
7.140000              0.23393044527346784633
7.145000              0.23224694071348983559
7.150000              0.23026202608639975700
7.155000              0.22797867011771191792
7.160000              0.22537385347344657260
7.165000              0.22247580345557724235
7.170000              0.21926204134154603231
7.175000              0.21576149133481145603
7.180000              0.21196901985120614187
7.185000              0.20790212458385204375
7.190000              0.20356904874816961204
7.195000              0.19898284784713876627
7.200000              0.19415571502391196224
7.205000              0.18910050365249386761
7.210000              0.18382848043053975906
7.215000              0.17834948022738467133
7.220000              0.17267146935844371325
7.225000              0.16680020261547479077
7.230000              0.16073993461200938859
7.235000              0.15449318760584729304
7.240000              0.14806251563965833196
7.245000              0.14144986741759074667
7.250000              0.13465842976077443960
7.255000              0.12768802930635209103
7.260000              0.12053511593179658257
7.265000              0.11319699104939065504
7.270000              0.10567253499941099693
7.275000              0.09796057351389828027
7.280000              0.09005973702128713954
7.285000              0.08197048396051766217
7.290000              0.07369900279147326150
7.295000              0.06525412133466011733
7.300000              0.05664814109481536991
7.305000              0.04789687114325660161
7.310000              0.03901061689659830745
7.315000              0.03001464418607514145
7.320000              0.02090157544566017059
7.325000              0.01170156676355193874
7.330000              0.00242051009997892560
7.335000             -0.00694894732736610603
7.340000             -0.01639704603669788624
7.345000             -0.02592096899609239863
7.350000             -0.03550179906702635724
7.355000             -0.04513488617401214403
7.360000             -0.05481183504403986523
7.365000             -0.06452199430648088152
7.370000             -0.07425569042920578122
7.375000             -0.08399893336053300408
7.380000             -0.09373528231313338344
7.385000             -0.10345475398541879863
7.390000             -0.11313940633051319806
7.395000             -0.12277705194131897926
7.400000             -0.13235026636509300557
7.405000             -0.14184178959129636888
7.410000             -0.15123918435776476099
7.415000             -0.16052683286430921572
7.420000             -0.16968667741090906476
7.425000             -0.17870159442346517098
7.430000             -0.18755642175628123303
7.435000             -0.19623600397712520627
7.440000             -0.20472204912355418394
7.445000             -0.21299747836052240757
7.450000             -0.22104495306207735950
7.455000             -0.22884417508661067386
7.460000             -0.23637869774546871326
7.465000             -0.24363359727844793867
7.470000             -0.25059680600009981433
7.475000             -0.25725819277431916099
7.480000             -0.26361183720562814115
7.485000             -0.26964991389897047247
7.490000             -0.27536704632623842937
7.495000             -0.28075902213525105733
7.500000             -0.28582372891418467153
7.505000             -0.29056060414853052132
7.510000             -0.29497107586571796878
7.515000             -0.29905644775780554356
7.520000             -0.30281856903650078428
7.525000             -0.30625884059896679723
7.530000             -0.30937844328848840281
7.535000             -0.31217807069316810820
7.540000             -0.31465709423269327960
7.545000             -0.31681910410295155422
7.550000             -0.31865760742312648768
7.555000             -0.32017046446472774424
7.560000             -0.32135182701736725308
7.565000             -0.32220004132909502159
7.570000             -0.32270980622982781139
7.575000             -0.32287653191998288982
7.580000             -0.32269652721828018249
7.585000             -0.32216855777848174558
7.590000             -0.32130195272193518008
7.595000             -0.32008893783581776615
7.600000             -0.31854216171421384507
7.605000             -0.31667049527148100063
7.610000             -0.31448580696822681091
7.615000             -0.31200335641031889944
7.620000             -0.30924356138396119631
7.625000             -0.30622911669406588375
7.630000             -0.30299134248361248023
7.635000             -0.29956518029921658242
7.640000             -0.29598722525512993764
7.645000             -0.29229564763997939458
7.650000             -0.28852438201298558074
7.655000             -0.28470633630592057095
7.660000             -0.28086643269237343556
7.665000             -0.27702713854772548219
7.670000             -0.27320477305197332640
7.675000             -0.26941343254650335082
7.680000             -0.26566385273340287210
7.685000             -0.26196528705724031472
7.690000             -0.25832550840001899939
7.695000             -0.25475149722193357604
7.700000             -0.25124947024756810743
7.705000             -0.24782527020145053709
7.710000             -0.24448385220558441211
7.715000             -0.24122994620675244914
7.720000             -0.23806806870733798753
7.725000             -0.23500277606054323365
7.730000             -0.23203881349269642187
7.735000             -0.22918109949045786800
7.740000             -0.22643492756789423970
7.745000             -0.22380560027361245945
7.750000             -0.22129664241037977357
7.755000             -0.21891068581556127892
7.760000             -0.21665099553291394807
7.765000             -0.21451725939351531935
7.770000             -0.21250735911503310094
7.775000             -0.21062142883156306783
7.780000             -0.20885304651170044643
7.785000             -0.20719629387883206628
7.790000             -0.20564425896625926349
7.795000             -0.20418873136907447763
7.800000             -0.20282121885034168352
7.805000             -0.20153247486414763157
7.810000             -0.20031276723151569819
7.815000             -0.19915207979816162975
7.820000             -0.19804163631492893716
7.825000             -0.19697234329341675729
7.830000             -0.19593674173237524139
7.835000             -0.19492814891328907878
7.840000             -0.19394099239399592571
7.845000             -0.19296985562177221274
7.850000             -0.19201022487787910986
7.855000             -0.19105810723227184544
7.860000             -0.19011033718094405565
7.865000             -0.18916480147811487456
7.870000             -0.18822027687274150987
7.875000             -0.18727585136824081991
7.880000             -0.18633178700339322886
7.885000             -0.18538908319361718791
7.890000             -0.18444920281534527007
7.895000             -0.18351366438695690397
7.900000             -0.18258328349224411946
7.905000             -0.18165847504959717340
7.910000             -0.18073899367731655063
7.915000             -0.17982406595018635143
7.920000             -0.17891257240281041585
7.925000             -0.17800283185686990861
7.930000             -0.17709263077938147690
7.935000             -0.17617923444375468978
7.940000             -0.17525915672714259541
7.945000             -0.17432849726746771357
7.950000             -0.17338275798049593290
7.955000             -0.17241722163261533063
7.960000             -0.17142689197241767207
7.965000             -0.17040675246539196963
7.970000             -0.16935201274110547875
7.975000             -0.16825828469761647255
7.980000             -0.16712406828305312323
7.985000             -0.16594906495758657283
7.990000             -0.16474184238518596590
7.995000             -0.16351384902790899734
8.000000             -0.16228239036132655060
8.005000             -0.16106713886874252095
8.010000             -0.15988747896927685277
8.015000             -0.15876362525268583603
8.020000             -0.15771480811155511037
8.025000             -0.15676093101976068533
8.030000             -0.15592244443190986236
8.035000             -0.15522121003608715939
8.040000             -0.15467658425953678680
8.045000             -0.15430623410228222481
8.050000             -0.15412413498039004289
8.055000             -0.15414195383480494561
8.060000             -0.15436766477957028498
8.065000             -0.15480598606062931366
8.070000             -0.15545903361713064861
8.075000             -0.15632841442747674732
8.080000             -0.15741469362519200370
8.085000             -0.15871262613666664576
8.090000             -0.16022168965446959010
8.095000             -0.16193374602445465005
8.100000             -0.16384355110139414702
8.105000             -0.16594287356041373394
8.110000             -0.16822343397342839899
8.115000             -0.17067629601879416579
8.120000             -0.17329126080413556621
8.125000             -0.17605789327220000562
8.130000             -0.17896546681552319424
8.135000             -0.18200364975685998092
8.140000             -0.18516378612064796072
8.145000             -0.18843805000765712077
8.150000             -0.19182130694588700459
8.155000             -0.19530919848510785997
8.160000             -0.19889944244067003787
8.165000             -0.20259004305177399918
8.170000             -0.20637611398371616400
8.175000             -0.21025143883036262471
8.180000             -0.21420376012371006302
8.185000             -0.21821828080939628669
8.190000             -0.22227597131016313403
8.195000             -0.22635554423262074786
8.200000             -0.23042910898507040773
8.205000             -0.23446609609881632896
8.210000             -0.23843447097641232157
8.215000             -0.24230110302515581178
8.220000             -0.24603314764419931260
8.225000             -0.24959781254765037173
8.230000             -0.25296526870365659834
8.235000             -0.25610802682779909567
8.240000             -0.25900536071468843735
8.245000             -0.26163715781990398712
8.250000             -0.26398743375162242453
8.255000             -0.26604577030136600246
8.260000             -0.26779920612148916392
8.265000             -0.26924177172695945570
8.270000             -0.27037123132281487559
8.275000             -0.27118376748798167508
8.280000             -0.27168395358248476068
8.285000             -0.27187667415654243053
8.290000             -0.27177035477951938525
8.295000             -0.27137567685362795622
8.300000             -0.27070728217654438374
8.305000             -0.26977961592662030865
8.310000             -0.26860596252696372632
8.315000             -0.26720324230461933723
8.320000             -0.26558479921954869507
8.325000             -0.26376450201038276200
8.330000             -0.26175397377751169481
8.335000             -0.25956302780074863579
8.340000             -0.25719783541022106510
8.345000             -0.25466305560746316239
8.350000             -0.25195991175095266978
8.355000             -0.24908854670370256246
8.360000             -0.24604647995930320481
8.365000             -0.24283049419004726355
8.370000             -0.23943825800188686670
8.375000             -0.23586787377554016554
8.380000             -0.23212107946340143627
8.385000             -0.22820110832700341019
8.390000             -0.22411478008789686989
8.395000             -0.21987070584933085526
8.400000             -0.21548162504736970146
8.405000             -0.21096234048175904752
8.410000             -0.20633166637561398127
8.415000             -0.20161044431059199633
8.420000             -0.19682566388611966168
8.425000             -0.19200670974419237202
8.430000             -0.18718473830770565591
8.435000             -0.18239194602783323496
8.440000             -0.17765790642506856800
8.445000             -0.17301153578937994437
8.450000             -0.16847773621984760140
8.455000             -0.16407476260937048362
8.460000             -0.15981849681859883194
8.465000             -0.15572399405227124736
8.470000             -0.15179813994081500783
8.475000             -0.14804716937045694913
8.480000             -0.14446835662143228673
8.485000             -0.14106665852628547109
8.490000             -0.13783854134136927505
8.495000             -0.13478440217448772742
8.500000             -0.13190185731174647321
8.505000             -0.12918998193165373567
8.510000             -0.12665198481799483377
8.515000             -0.12428631001354775720
8.520000             -0.12209531580102304937
8.525000             -0.12008396544567312425
8.530000             -0.11825549587707995247
8.535000             -0.11661595525614293356
8.540000             -0.11517243993161033200
8.545000             -0.11393290999575222955
8.550000             -0.11290813533792826151
8.555000             -0.11210588863591629261
8.560000             -0.11153873210432439789
8.565000             -0.11121810248906235929
8.570000             -0.11115419076086940908
8.575000             -0.11135770727616992049
8.580000             -0.11183866390417335213
8.585000             -0.11260097275508075543
8.590000             -0.11364932191492138625
8.595000             -0.11497590729781616281
8.600000             -0.11658806441782491869
8.605000             -0.11845513689044707972
8.610000             -0.12058743040222970333
8.615000             -0.12294936530074321301
8.620000             -0.12554016465464704067
8.625000             -0.12833578590170072187
8.630000             -0.13132504145136467133
8.635000             -0.13449163565808713861
8.640000             -0.13782399910049975000
8.645000             -0.14131030767027452644
8.650000             -0.14494169593362879467
8.655000             -0.14871051660746353873
8.660000             -0.15261024388528840467
8.665000             -0.15663573290731708232
8.670000             -0.16077965266412730383
8.675000             -0.16503470534628705835
8.680000             -0.16938704343553512288
8.685000             -0.17382094684936025275
8.690000             -0.17831760051795458866
8.695000             -0.18285634968516589760
8.700000             -0.18741519083395391521
8.705000             -0.19197028337410215748
8.710000             -0.19649512279987782493
8.715000             -0.20096095032993194218
8.720000             -0.20533902071649978716
8.725000             -0.20959931996846262181
8.730000             -0.21371193059487472721
8.735000             -0.21765065484444365285
8.740000             -0.22139000011974199755
8.745000             -0.22490357997640492149
8.750000             -0.22817302976782233292
8.755000             -0.23117910602932059683
8.760000             -0.23390947338117845655
8.765000             -0.23635088628570000147
8.770000             -0.23849597085599036350
8.775000             -0.24034166281321522884
8.780000             -0.24188689626436307711
8.785000             -0.24313469420387551212
8.790000             -0.24409824291005388641
8.795000             -0.24479399077738511759
8.800000             -0.24524549611008461536
8.805000             -0.24547870809498370526
8.810000             -0.24551722977223836009
8.815000             -0.24538636097282953696
8.820000             -0.24510600041194607890
8.825000             -0.24469074955573513752
8.830000             -0.24415730997627874133
8.835000             -0.24351912884791374059
8.840000             -0.24278627297868146662
8.845000             -0.24197058294452244986
8.850000             -0.24107924517635012651
8.855000             -0.24011846769330769114
8.860000             -0.23909175244055411169
8.865000             -0.23800054134013282070
8.870000             -0.23684400361420449022
8.875000             -0.23562027069088672948
8.880000             -0.23432659865409324884
8.885000             -0.23296034055366318660
8.890000             -0.23151972510046597842
8.895000             -0.23000417992437005577
8.900000             -0.22841382916407015902
8.905000             -0.22675038876240616315
8.910000             -0.22501557246432879467
8.915000             -0.22321245772680500807
8.920000             -0.22134467475411459536
8.925000             -0.21941693945917503661
8.930000             -0.21743572390064988542
8.935000             -0.21540829280947643154
8.940000             -0.21334493897127090878
8.945000             -0.21125645692131408970
8.950000             -0.20915541815100363587
8.955000             -0.20705411895848316317
8.960000             -0.20496488091078921001
8.965000             -0.20289903155064353824
8.970000             -0.20086676050526511284
8.975000             -0.19887697013977703731
8.980000             -0.19693499967997932232
8.985000             -0.19504453961449061405
8.990000             -0.19320538687610838702
8.995000             -0.19141594619003293731
9.000000             -0.18967213561914111897
9.005000             -0.18796925414108905938
9.010000             -0.18630094963650359330
9.015000             -0.18466083770002889031
9.020000             -0.18304275973618006068
9.025000             -0.18144119608323378001
9.030000             -0.17985173531094059141
9.035000             -0.17827086982202536292
9.040000             -0.17669641565670343719
9.045000             -0.17512698933548873081
9.050000             -0.17356394381427980855
9.055000             -0.17200951637494799051
9.060000             -0.17046802176953143593
9.065000             -0.16894424369950164500
9.070000             -0.16744362834295548059
9.075000             -0.16597147693411856695
9.080000             -0.16453333441776094026
9.085000             -0.16313432452086443214
9.090000             -0.16177914262599837891
9.095000             -0.16047188157156852539
9.100000             -0.15921612825693184923
9.105000             -0.15801494676894872748
9.110000             -0.15687184307220033985
9.115000             -0.15579024469882232773
9.120000             -0.15477541293453497828
9.125000             -0.15383315591007298839
9.130000             -0.15297115038601138970
9.135000             -0.15219788242375853482
9.140000             -0.15152207607902803965
9.145000             -0.15095294881724766189
9.150000             -0.15050011667166104945
9.155000             -0.15017361708050169788
9.160000             -0.14998272712502030979
9.165000             -0.14993663555353031747
9.170000             -0.15004288339604576752
9.175000             -0.15030833120668277147
9.180000             -0.15073796822619017766
9.185000             -0.15133566388150215820
9.190000             -0.15210358891175232432
9.195000             -0.15304255186708096148
9.200000             -0.15415100692680472338
9.205000             -0.15542575709776168535
9.210000             -0.15686113712047267121
9.215000             -0.15844983886720406807
9.220000             -0.16018177120982779460
9.225000             -0.16204534073532828042
9.230000             -0.16402462206878001827
9.235000             -0.16610210214270768048
9.240000             -0.16825828850342050558
9.245000             -0.17047299278462096916
9.250000             -0.17272672168757449707
9.255000             -0.17500035734981650437
9.260000             -0.17727559134260584273
9.265000             -0.17953484416806467228
9.270000             -0.18176177480197669434
9.275000             -0.18394100115946407370
9.280000             -0.18606171419675529566
9.285000             -0.18811492480522160053
9.290000             -0.19009578685031425227
9.295000             -0.19200117836344446354
9.300000             -0.19383102167206225919
9.305000             -0.19558651675686281046
9.310000             -0.19727274543929168571
9.315000             -0.19889607106286408267
9.320000             -0.20046420307905471470
9.325000             -0.20198534573147125526
9.330000             -0.20346677950798894297
9.335000             -0.20491547360499867692
9.340000             -0.20633789367031621365
9.345000             -0.20774012359540530714
9.350000             -0.20912537111852483318
9.355000             -0.21049581530641672811
9.360000             -0.21185081285788506800
9.365000             -0.21318862694054555029
9.370000             -0.21450633654973458309
9.375000             -0.21580040657764851253
9.380000             -0.21706660008286141061
9.385000             -0.21830036377344005927
9.390000             -0.21949665346561669788
9.395000             -0.22065033800840766487
9.400000             -0.22175582187361492226
9.405000             -0.22280759102172445485
9.410000             -0.22380046609019138559
9.415000             -0.22472966532131427586
9.420000             -0.22559134709685441100
9.425000             -0.22638229846370874765
9.430000             -0.22710079410400740851
9.435000             -0.22774588718102217744
9.440000             -0.22831781834225281513
9.445000             -0.22881748432192897114
9.450000             -0.22924670932369597964
9.455000             -0.22960779458902180750
9.460000             -0.22990418324837758046
9.465000             -0.23013972601357890468
9.470000             -0.23031853200410218330
9.475000             -0.23044479754141017347
9.480000             -0.23052296142137829182
9.485000             -0.23055745025043192231
9.490000             -0.23055212870591620944
9.495000             -0.23051061899772484765
9.500000             -0.23043571526567827035
9.505000             -0.23032988976023963112
9.510000             -0.23019524244978317729
9.515000             -0.23003370534785655410
9.520000             -0.22984675099624113370
9.525000             -0.22963574194309072096
9.530000             -0.22940145745818080192
9.535000             -0.22914459606918374801
9.540000             -0.22886531491874251287
9.545000             -0.22856373804068208511
9.550000             -0.22823903040545373555
9.555000             -0.22789022153235177770
9.560000             -0.22751479851484679440
9.565000             -0.22710991004039962626
9.570000             -0.22667116127160988337
9.575000             -0.22619372682912544659
9.580000             -0.22567192463514099132
9.585000             -0.22509974253640469000
9.590000             -0.22447144612856606560
9.595000             -0.22378124770144899869
9.600000             -0.22302513948388100196
9.605000             -0.22219952018820479656
9.610000             -0.22130300310634687389
9.615000             -0.22033488604762471730
9.620000             -0.21929576436767891923
9.625000             -0.21818685650125571596
9.630000             -0.21701127747325160700
9.635000             -0.21577303378653686639
9.640000             -0.21447781280714911523
9.645000             -0.21313224300842942283
9.650000             -0.21174384017762890031
9.655000             -0.21032084424844765813
9.660000             -0.20887262668048758862
9.665000             -0.20740921182909938247
9.670000             -0.20594074121918543030
9.675000             -0.20447756684603521360
9.680000             -0.20302861348235018424
9.685000             -0.20160234680021130171
9.690000             -0.20020569249763173203
9.695000             -0.19884479611306188351
9.700000             -0.19752392470043042549
9.705000             -0.19624629338852170313
9.710000             -0.19501217239013560190
9.715000             -0.19382041856944834390
9.720000             -0.19266669186322707419
9.725000             -0.19154517890028491256
9.730000             -0.19044889470152134847
9.735000             -0.18937004639139046192
9.740000             -0.18830085318056519195
9.745000             -0.18723335037159230532
9.750000             -0.18615951453537510352
9.755000             -0.18507145857229789776
9.760000             -0.18396246903084564894
9.765000             -0.18282654879574353202
9.770000             -0.18166063458487799465
9.775000             -0.18046304708863272759
9.780000             -0.17923471695701467810
9.785000             -0.17797798620680485571
9.790000             -0.17669675757605132760
9.795000             -0.17539597343850316102
9.800000             -0.17408210959920719652
9.805000             -0.17276241384053950267
9.810000             -0.17144511139686188783
9.815000             -0.17013875234046788032
9.820000             -0.16885163983428752577
9.825000             -0.16759176439749798315
9.830000             -0.16636681740897091286
9.835000             -0.16518388944809656027
9.840000             -0.16404881312188426823
9.845000             -0.16296646189283472972
9.850000             -0.16193939053837316799
9.855000             -0.16096891843396596289
9.860000             -0.16005418939923843347
9.865000             -0.15919325813286180904
9.870000             -0.15838288269044792367
9.875000             -0.15761918638257244041
9.880000             -0.15689765342412975713
9.885000             -0.15621358489350314902
9.890000             -0.15556232471756006874
9.895000             -0.15493945454825922003
9.900000             -0.15434159622566487324
9.905000             -0.15376602985953091718
9.910000             -0.15321166628516497132
9.915000             -0.15267829159817547513
9.920000             -0.15216644531519005201
9.925000             -0.15167725318808142343
9.930000             -0.15121215143938873671
9.935000             -0.15077283525962972832
9.940000             -0.15036140715218032637
9.945000             -0.14998000083063764420
9.950000             -0.14963050283201739798
9.955000             -0.14931444306508526165
9.960000             -0.14903320394564151252
9.965000             -0.14878762061871159128
9.970000             -0.14857878869108903652
9.975000             -0.14840746072070445938
9.980000             -0.14827458766761761333
9.985000             -0.14818089018348040709
9.990000             -0.14812953296209163678
9.995000             -0.14812395978400430541
10.000000             -0.14817036143445438956
10.005000             -0.14827586392613037458
10.010000             -0.14844746458331856132
10.015000             -0.14869257024656956645
10.020000             -0.14901859541469372750
10.025000             -0.14943332208285367568
10.030000             -0.14994341234449770628
10.035000             -0.15055556940760492224
10.040000             -0.15127378703667826443
10.045000             -0.15210140393723770025
10.050000             -0.15304038454943569292
10.055000             -0.15409196056384505402
10.060000             -0.15525609829790593119
10.065000             -0.15653176626618128808
10.070000             -0.15791679410343620327
10.075000             -0.15940783715415129951
10.080000             -0.16100099473312176612
10.085000             -0.16269132380679501848
10.090000             -0.16447338315360124361
10.095000             -0.16634090464340023363
10.100000             -0.16828729437911021938
10.105000             -0.17030551103831068072
10.110000             -0.17238828991273585922
10.115000             -0.17452834400913935786
10.120000             -0.17671890545180954368
10.125000             -0.17895372565399728093
10.130000             -0.18122835792968758351
10.135000             -0.18353944819739853589
10.140000             -0.18588486102761167529
10.145000             -0.18826348845932702747
10.150000             -0.19067412890215543197
10.155000             -0.19311609733586984627
10.160000             -0.19558760900946439709
10.165000             -0.19808677062803339841
10.170000             -0.20060926113665036863
10.175000             -0.20314986762054929037
10.180000             -0.20570004582227696677
10.185000             -0.20824970273246024011
10.190000             -0.21078704454206659280
10.195000             -0.21329888797355581187
10.200000             -0.21577199328598928307
10.205000             -0.21819223063485115865
10.210000             -0.22054677473100220420
10.215000             -0.22282261837097216972
10.220000             -0.22500715020957187673
10.225000             -0.22708789706995954893
10.230000             -0.22905199241118884279
10.235000             -0.23088702943481342889
10.240000             -0.23258066220551854020
10.245000             -0.23412153200904647909
10.250000             -0.23549864181836313581
10.255000             -0.23670228611090499138
10.260000             -0.23772384314364469748
10.265000             -0.23855612777611176489
10.270000             -0.23919354775382398182
10.275000             -0.23963182530791679592
10.280000             -0.23986844568925982935
10.285000             -0.23990186008605596246
10.290000             -0.23973208340275328765
10.295000             -0.23935963296926385246
10.300000             -0.23878558368218338881
10.305000             -0.23801093596073036318
10.310000             -0.23703672024005351116
10.315000             -0.23586359409076146365
10.320000             -0.23449263846174958625
10.325000             -0.23292472822495935425
10.330000             -0.23116126534478353971
10.335000             -0.22920375826178410184
10.340000             -0.22705470084696136035
10.345000             -0.22471719782639151819
10.350000             -0.22219641992676453235
10.355000             -0.21949882564172074062
10.360000             -0.21663290533381868164
10.365000             -0.21360873895943066625
10.370000             -0.21043786953079465785
10.375000             -0.20713335709637298310
10.380000             -0.20370888779194687435
10.385000             -0.20017926289491588809
10.390000             -0.19655969929771502369
10.395000             -0.19286606648826773447
10.400000             -0.18911428096017085521
10.405000             -0.18532031496803300086
10.410000             -0.18149928526261682737
10.415000             -0.17766563883950214908
10.420000             -0.17383293458735318837
10.425000             -0.17001367503190592534
10.430000             -0.16621951103466839350
10.435000             -0.16246091690357250537
10.440000             -0.15874765005245958238
10.445000             -0.15508844541172087106
10.450000             -0.15149169391970873644
10.455000             -0.14796518522711288313
10.460000             -0.14451703134055335354
10.465000             -0.14115269394219814858
10.470000             -0.13787685668492799529
10.475000             -0.13469747182192925994
10.480000             -0.13161858269714465930
10.485000             -0.12864676383309608942
10.490000             -0.12578787804328597777
10.495000             -0.12304783119947376724
10.500000             -0.12043843369740722671
10.505000             -0.11797046837064911751
10.510000             -0.11565748985464102683
10.515000             -0.11351371148464214911
10.520000             -0.11155348478395547829
10.525000             -0.10979104906166217703
10.530000             -0.10823871382291137822
10.535000             -0.10690795720313280015
10.540000             -0.10580817480152081289
10.545000             -0.10494396606759916202
10.550000             -0.10431623152034455448
10.555000             -0.10393873265079477120
10.560000             -0.10381095656975884711
10.565000             -0.10392872712872917862
10.570000             -0.10430205688567108224
10.575000             -0.10491852229395677576
10.580000             -0.10577752995428137128
10.585000             -0.10688383480178684226
10.590000             -0.10820999355375043871
10.595000             -0.10977328846342963853
10.600000             -0.11153930109025686490
10.605000             -0.11351377063777699783
10.610000             -0.11567305585251044797
10.615000             -0.11800789965002318749
10.620000             -0.12050045188972904886
10.625000             -0.12313643986130330676
10.630000             -0.12589975124966870657
10.635000             -0.12877586866716109193
10.640000             -0.13175033098569022272
10.645000             -0.13480912325731178592
10.650000             -0.13793839268212554350
10.655000             -0.14112428517929098692
10.660000             -0.14435294479017099500
10.665000             -0.14761032916493255218
10.670000             -0.15088342260423556751
10.675000             -0.15415908037787243168
10.680000             -0.15742512343108056028
10.685000             -0.16066924737842935844
10.690000             -0.16387972922558582956
10.695000             -0.16704477757944555250
10.700000             -0.17015331415731413389
10.705000             -0.17319445566962624050
10.710000             -0.17615842059459760338
10.715000             -0.17903601192294588129
10.720000             -0.18181987639347890751
10.725000             -0.18450371048580155309
10.730000             -0.18708365608698682148
10.735000             -0.18955725861128458476
10.740000             -0.19192486257445257047
10.745000             -0.19418837559029855644
10.750000             -0.19635078248227780251
10.755000             -0.19841610275065582614
10.760000             -0.20038746409061672371
10.765000             -0.20226823598879586918
10.770000             -0.20406067400955010815
10.775000             -0.20576708854384492819
10.780000             -0.20738783555917639223
10.785000             -0.20892288672074743605
10.790000             -0.21037140309069571331
10.795000             -0.21173180213948852857
10.800000             -0.21300107533097303869
10.805000             -0.21417564691505136532
10.810000             -0.21525031727674046045
10.815000             -0.21621926310934175275
10.820000             -0.21707638111091809296
10.825000             -0.21781474579529092050
10.830000             -0.21842762871766269184
10.835000             -0.21890806502366633168
10.840000             -0.21925006282695017057
10.845000             -0.21944913530441653715
10.850000             -0.21950172776862716950
10.855000             -0.21940591427943811897
10.860000             -0.21916262195310501348
10.865000             -0.21877608413229793216
10.870000             -0.21825024186794050873
10.875000             -0.21759247461519348743
10.880000             -0.21681432666450009550
10.885000             -0.21592476411972466588
10.890000             -0.21493598707836333861
10.895000             -0.21385906254822248385
10.900000             -0.21270365689794734632
10.905000             -0.21147925173890003148
10.910000             -0.21019383387681828124
10.915000             -0.20885443125073432924
10.920000             -0.20746691807939987573
10.925000             -0.20603595558975440483
10.930000             -0.20456451378255038898
10.935000             -0.20305431386075370459
10.940000             -0.20150529019407140141
10.945000             -0.19991632937780420831
10.950000             -0.19828478775835481351
10.955000             -0.19660748660511165320
10.960000             -0.19488068972196170847
10.965000             -0.19310086134071596797
10.970000             -0.19126494847930280985
10.975000             -0.18937075802837141647
10.980000             -0.18741733556867204435
10.985000             -0.18540499297588375338
10.990000             -0.18333590386216874757
10.995000             -0.18121364477621720868
11.000000             -0.17904407866110083614
11.005000             -0.17683434417921339854
11.010000             -0.17459393082580015877
11.015000             -0.17233324699905727684
11.020000             -0.17006569026504206321
11.025000             -0.16780533519966656097
11.030000             -0.16556907261738051940
11.035000             -0.16337412947388238460
11.040000             -0.16123700328525608638
11.045000             -0.15917344126182508823
11.050000             -0.15719582276419069577
11.055000             -0.15531494471026471849
11.060000             -0.15353856243406377446
11.065000             -0.15187291090138849148
11.070000             -0.15032265250851950533
11.075000             -0.14889147421498460933
11.080000             -0.14758151960971535588
11.085000             -0.14639423376457089132
11.090000             -0.14532950302240379981
11.095000             -0.14438673155764797373
11.100000             -0.14356407081871175313
11.105000             -0.14285941536904908644
11.110000             -0.14226931665748862588
11.115000             -0.14179009154614630184
11.120000             -0.14141794048964811958
11.125000             -0.14114906803633037180
11.130000             -0.14098104111478726441
11.135000             -0.14091171482642977919
11.140000             -0.14094079591588287714
11.145000             -0.14106831556860352506
11.150000             -0.14129491927894935466
11.155000             -0.14162117332764437294
11.160000             -0.14204733334761290853
11.165000             -0.14257324065678622649
11.170000             -0.14319867350188500432
11.175000             -0.14392302212942129080
11.180000             -0.14474538611208470629
11.185000             -0.14566447557949221969
11.190000             -0.14667832618447898541
11.195000             -0.14778456901656381040
11.200000             -0.14898010888851029310
11.205000             -0.15026152306351900356
11.210000             -0.15162438084230664415
11.215000             -0.15306393396793394057
11.220000             -0.15457492784769114036
11.225000             -0.15615195593852290723
11.230000             -0.15778968707171514563
11.235000             -0.15948281227216359879
11.240000             -0.16122622815155826514
11.245000             -0.16301488688120793769
11.250000             -0.16484369640200774443
11.255000             -0.16670752401746180560
11.260000             -0.16860143313602826698
11.265000             -0.17052045975397220334
11.270000             -0.17246028855368056298
11.275000             -0.17441667664872556598
11.280000             -0.17638556703308100326
11.285000             -0.17836287704991066194
11.290000             -0.18034415617139204491
11.295000             -0.18232480195440717297
11.300000             -0.18429920266846003263
11.305000             -0.18626145228049448277
11.310000             -0.18820492003614494592
11.315000             -0.19012277177378705817
11.320000             -0.19200784494930073221
11.325000             -0.19385292292347253151
11.330000             -0.19565113388040480946
11.335000             -0.19739578051067840914
11.340000             -0.19908071821712516880
11.345000             -0.20070010007405539310
11.350000             -0.20224842653523300573
11.355000             -0.20372049392105084920
11.360000             -0.20511143572870413343
11.365000             -0.20641670067377820841
11.370000             -0.20763202407905675950
11.375000             -0.20875345155800434371
11.380000             -0.20977724334929009897
11.385000             -0.21069993961583408093
11.390000             -0.21151837378255511357
11.395000             -0.21222965517782643730
11.400000             -0.21283166539139533602
11.405000             -0.21332266654365508729
11.410000             -0.21370150972573501158
11.415000             -0.21396738646996621425
11.420000             -0.21411968527624222758
11.425000             -0.21415803188172238825
11.430000             -0.21408239156865954689
11.435000             -0.21389300097081517804
11.440000             -0.21359042126902322289
11.445000             -0.21317550044933725184
11.450000             -0.21264965674610039614
11.455000             -0.21201467424205328038
11.460000             -0.21127262977224484097
11.465000             -0.21042591554790154862
11.470000             -0.20947681783972615932
11.475000             -0.20842782515348146077
11.480000             -0.20728130860456378537
11.485000             -0.20603980301609595149
11.490000             -0.20470550079799057497
11.495000             -0.20328066017049092884
11.500000             -0.20176699677205892081
11.505000             -0.20016618435461286385
11.510000             -0.19847981222038993399
11.515000             -0.19670949441098128929
11.520000             -0.19485746569809830886
11.525000             -0.19292616090681757868
11.530000             -0.19091903613529490058
11.535000             -0.18883988932886994205
11.540000             -0.18669322681738378944
11.545000             -0.18448387513672973026
11.550000             -0.18221737134243212730
11.555000             -0.17989961514695138045
11.560000             -0.17753698729164671399
11.565000             -0.17513620701827883885
11.570000             -0.17270429199608341997
11.575000             -0.17024854320361873516
11.580000             -0.16777628155132753851
11.585000             -0.16529498891472416133
11.590000             -0.16281197917549566911
11.595000             -0.16033458465367192436
11.600000             -0.15787021017602365092
11.605000             -0.15542622747590142951
11.610000             -0.15301029312499553336
11.615000             -0.15062999275788518938
11.620000             -0.14829335530736309501
11.625000             -0.14600831874506836616
11.630000             -0.14378353099750468269
11.635000             -0.14162760180756495121
11.640000             -0.13954950912019822851
11.645000             -0.13755813663046725925
11.650000             -0.13566236962596159299
11.655000             -0.13387093938759983547
11.660000             -0.13219254305896990798
11.665000             -0.13063574423284893267
11.670000             -0.12920853913654706258
11.675000             -0.12791866700494103348
11.680000             -0.12677286893409769886
11.685000             -0.12577747162462152297
11.690000             -0.12493760282959284758
11.695000             -0.12425783511879473497
11.700000             -0.12374150935038530363
11.705000             -0.12339129220805014620
11.710000             -0.12320840464496887745
11.715000             -0.12319323270090128120
11.720000             -0.12334476202811756052
11.725000             -0.12366107194837858141
11.730000             -0.12413927883788619666
11.735000             -0.12477568480013226382
11.740000             -0.12556591919039819527
11.745000             -0.12650493315209251910
11.750000             -0.12758667037004361999
11.755000             -0.12880442712296613639
11.760000             -0.13015098565862526225
11.765000             -0.13161873612979696491
11.770000             -0.13320054592140495586
11.775000             -0.13488930642920424208
11.780000             -0.13667903482733489984
11.785000             -0.13856410032701979573
11.790000             -0.14054044491332814970
11.795000             -0.14260458797219260907
11.800000             -0.14475416131900842309
11.805000             -0.14698729775519578378
11.810000             -0.14930221292439924130
11.815000             -0.15169729248258181920
11.820000             -0.15417022910399000302
11.825000             -0.15671852578698830527
11.830000             -0.15933891136567526758
11.835000             -0.16202771065429361075
11.840000             -0.16478030459044984424
11.845000             -0.16759146867683130666
11.850000             -0.17045477543015377653
11.855000             -0.17336302749434517878
11.860000             -0.17630814411488321403
11.865000             -0.17928135034412726045
11.870000             -0.18227321263705051346
11.875000             -0.18527377701246600106
11.880000             -0.18827244067578047249
11.885000             -0.19125827856604404875
11.890000             -0.19422018332862095447
11.895000             -0.19714707207190299010
11.900000             -0.20002823486310492007
11.905000             -0.20285335822621883284
11.910000             -0.20561255128810138060
11.915000             -0.20829650495377652342
11.920000             -0.21089642776692094084
11.925000             -0.21340419624000173116
11.930000             -0.21581204728711875229
11.935000             -0.21811280481555378463
11.940000             -0.22029975928337361402
11.945000             -0.22236668465325629129
11.950000             -0.22431296849638326929
11.955000             -0.22613767366077217047
11.960000             -0.22783657988158548258
11.965000             -0.22940972898441588934
11.970000             -0.23086062884168118137
11.975000             -0.23218602087485751273
11.980000             -0.23338320587711880449
11.985000             -0.23445205989936729329
11.990000             -0.23538761496586130262
11.995000             -0.23618678027432585265
12.000000             -0.23684453405475716647
12.005000             -0.23735619325290921444
12.010000             -0.23771827926617578042
12.015000             -0.23792750199753981422
12.020000             -0.23797932108523031647
12.025000             -0.23787106017355030829
12.030000             -0.23760127383274348700
12.035000             -0.23717030229765681537
12.040000             -0.23657657452413688448
12.045000             -0.23582066319671896037
12.050000             -0.23490700905102063212
12.055000             -0.23383547799633505604
12.060000             -0.23261058543109919272
12.065000             -0.23123538831543674621
12.070000             -0.22971366910627530333
12.075000             -0.22805002640372609712
12.080000             -0.22624883485397886962
12.085000             -0.22431438641615372709
12.090000             -0.22225090447473472288
12.095000             -0.22006222686126650223
12.100000             -0.21775254282947217876
12.105000             -0.21532587434323929854
12.110000             -0.21278647219291516035
12.115000             -0.21013854878590107478
12.120000             -0.20738722835494319274
12.125000             -0.20453807787696989817
12.130000             -0.20159763608906908217
12.135000             -0.19857323291417661171
12.140000             -0.19547310154332547816
12.145000             -0.19230643443428374617
12.150000             -0.18908284350964066345
12.155000             -0.18581279485991183953
12.160000             -0.18250725185439287124
12.165000             -0.17917787339718421746
12.170000             -0.17583674353318842765
12.175000             -0.17249631477547738845
12.180000             -0.16916895698041944929
12.185000             -0.16586690029930048484
12.190000             -0.16260148749708022708
12.195000             -0.15938334966769407419
12.200000             -0.15622220460284383381
12.205000             -0.15312678667292420331
12.210000             -0.15010509143550301858
12.215000             -0.14716410690636297365
12.220000             -0.14430983647629008759
12.225000             -0.14154733406742364688
12.230000             -0.13888086466894414284
12.235000             -0.13631328807014309046
12.240000             -0.13384520037331218423
12.245000             -0.13147812555461393935
12.250000             -0.12921347396957222342
12.255000             -0.12705013642344734071
12.260000             -0.12498950592877587640
12.265000             -0.12303295516088101624
12.270000             -0.12118159049008475625
12.275000             -0.11943790832389154788
12.280000             -0.11780568950273415108
12.285000             -0.11628935400005444012
12.290000             -0.11489341704952021894
12.295000             -0.11362314730179098876
12.300000             -0.11248420386389887393
12.305000             -0.11148195524576347271
12.310000             -0.11062123719606421768
12.315000             -0.10990662841114490211
12.320000             -0.10934233506902522881
12.325000             -0.10893074189893926784
12.330000             -0.10867319273600244134
12.335000             -0.10856922982364836106
12.340000             -0.10861850666273427379
12.345000             -0.10881926385928356038
12.350000             -0.10916623651124501837
12.355000             -0.10965447348371969161
12.360000             -0.11028020295127496930
12.365000             -0.11103670039877847064
12.370000             -0.11191781941819120560
12.375000             -0.11291939826516252110
12.380000             -0.11403529292064737422
12.385000             -0.11526134437730127524
12.390000             -0.11659387193365557123
12.395000             -0.11802981132711756751
12.400000             -0.11956722442525566374
12.405000             -0.12120483419412683701
12.410000             -0.12294195839863715503
12.415000             -0.12477833101104023050
12.420000             -0.12671411721107506132
12.425000             -0.12874941278957449664
12.430000             -0.13088431058308147570
12.435000             -0.13311837048423696972
12.440000             -0.13545012177665163855
12.445000             -0.13787702652092295730
12.450000             -0.14039515584279441129
12.455000             -0.14299929572446679060
12.460000             -0.14568297510809388728
12.465000             -0.14843858657444494731
12.470000             -0.15125705857587037895
12.475000             -0.15412843255781671914
12.480000             -0.15704195082745209255
12.485000             -0.15998652319291770119
12.490000             -0.16295098268953639442
12.495000             -0.16592442593957967834
12.500000             -0.16889600513936933734
12.505000             -0.17185548337060796431
12.510000             -0.17479303694478356968
12.515000             -0.17769966850799659430
12.520000             -0.18056681815180405937
12.525000             -0.18338669767016946288
12.530000             -0.18615258148668839544
12.535000             -0.18885844811904148322
12.540000             -0.19149940660903194689
12.545000             -0.19407100481455327734
12.550000             -0.19656951214423129537
12.555000             -0.19899125097457626143
12.560000             -0.20133328521524906929
12.565000             -0.20359254179095839787
12.570000             -0.20576661784371372277
12.575000             -0.20785292885950032438
12.580000             -0.20984974153019209098
12.585000             -0.21175609654953198024
12.590000             -0.21356984798959433025
12.595000             -0.21528834081839240411
12.600000             -0.21691039229517736220
12.605000             -0.21843367386047443657
12.610000             -0.21985436108115152809
12.615000             -0.22117003981645272370
12.620000             -0.22237687334433262065
12.625000             -0.22347207995997600549
12.630000             -0.22445343020550215241
12.635000             -0.22531837070469679096
12.640000             -0.22606526103094767843
12.645000             -0.22669310076840451518
12.650000             -0.22720088037025459871
12.655000             -0.22758771185459827913
12.660000             -0.22785345454517710873
12.665000             -0.22799824379463640156
12.670000             -0.22802225936644074378
12.675000             -0.22792679457002601451
12.680000             -0.22771185004558397447
12.685000             -0.22737881614596722191
12.690000             -0.22692920424548201908
12.695000             -0.22636317189172253106
12.700000             -0.22568253593328835294
12.705000             -0.22488764877379091578
12.710000             -0.22397951299003387993
12.715000             -0.22295917232217829507
12.720000             -0.22182765434720622122
12.725000             -0.22058638647816158906
12.730000             -0.21923700371134649534
12.735000             -0.21778150994586409350
12.740000             -0.21622213120801470065
12.745000             -0.21456151068070375421
12.750000             -0.21280246999785784601
12.755000             -0.21094825969359737305
12.760000             -0.20900283514256895456
12.765000             -0.20697067538076774351
12.770000             -0.20485734770643973524
12.775000             -0.20266898122268495186
12.780000             -0.20041289201534742692
12.785000             -0.19809689054645318596
12.790000             -0.19572957490087508625
12.795000             -0.19331983004340649868
12.800000             -0.19087727129395071213
12.805000             -0.18841168282231637865
12.810000             -0.18593272345591357886
12.815000             -0.18344993663194664180
12.820000             -0.18097244803062970120
12.825000             -0.17850913073240309847
12.830000             -0.17606843109161440797
12.835000             -0.17365852356004063406
12.840000             -0.17128740418717094962
12.845000             -0.16896287641899737642
12.850000             -0.16669203371517263279
12.855000             -0.16448167563889962151
12.860000             -0.16233760665385846278
12.865000             -0.16026526439889077214
12.870000             -0.15826968042459707564
12.875000             -0.15635565785215294055
12.880000             -0.15452756504928957804
12.885000             -0.15278953208745094106
12.890000             -0.15114520346569182419
12.895000             -0.14959793574091084789
12.900000             -0.14815057516260990433
12.905000             -0.14680562820005538249
12.910000             -0.14556562007031983996
12.915000             -0.14443283144102389559
12.920000             -0.14340945047221004272
12.925000             -0.14249738777077830543
12.930000             -0.14169900967188575613
12.935000             -0.14101654579638095433
12.940000             -0.14045268562212359642
12.945000             -0.14001002977643095537
12.950000             -0.13969120096463005787
12.955000             -0.13949866163093543880
12.960000             -0.13943526711273063201
12.965000             -0.13950382850714568295
12.970000             -0.13970710753669404736
12.975000             -0.14004773726507396825
12.980000             -0.14052721310637705798
12.985000             -0.14114659141016694388
12.990000             -0.14190564604057823161
12.995000             -0.14280358202226750564
13.000000             -0.14383830008799206035
13.005000             -0.14500704027618147030
13.010000             -0.14630573460952517317
13.015000             -0.14772957602172440139
13.020000             -0.14927246204850722067
13.025000             -0.15092751073761453973
13.030000             -0.15268648839893200764
13.035000             -0.15454037522161634399
13.040000             -0.15647925914067642439
13.045000             -0.15849262286160870072
13.050000             -0.16056989066800292365
13.055000             -0.16270023128202826257
13.060000             -0.16487211746326022044
13.065000             -0.16707378508766529412
13.070000             -0.16929281776151086647
13.075000             -0.17151670136720389981
13.080000             -0.17373378551779433687
13.085000             -0.17593282857174866174
13.090000             -0.17810381459702995244
13.095000             -0.18023735584910813290
13.100000             -0.18232516105663454375
13.105000             -0.18435957645192660448
13.110000             -0.18633428665738593910
13.115000             -0.18824365232829237682
13.120000             -0.19008325164693984366
13.125000             -0.19184925702753302668
13.130000             -0.19353881193586264242
13.135000             -0.19514950923121152093
13.140000             -0.19667962754978923767
13.145000             -0.19812773955292753425
13.150000             -0.19949265607082183882
13.155000             -0.20077330481477623225
13.160000             -0.20196860854995016266
13.165000             -0.20307750907662497353
13.170000             -0.20409949186528617004
13.175000             -0.20503421326830578719
13.180000             -0.20588119534338986116
13.185000             -0.20664002971637324135
13.190000             -0.20730987774050546602
13.195000             -0.20788993994579510471
13.200000             -0.20837949429229607468
13.205000             -0.20877803749173115544
13.210000             -0.20908518840636686198
13.215000             -0.20930085146715476929
13.220000             -0.20942521544168993253
13.225000             -0.20945880867190472263
13.230000             -0.20940279594568600441
13.235000             -0.20925875989112321940
13.240000             -0.20902862372687575077
13.245000             -0.20871462309321303641
13.250000             -0.20831874007914352731
13.255000             -0.20784304727270397350
13.260000             -0.20728994301288772295
13.265000             -0.20666197981335501788
13.270000             -0.20596211287941101897
13.275000             -0.20519344110454862395
13.280000             -0.20435904137267310587
13.285000             -0.20346200735653899305
13.290000             -0.20250578548084599562
13.295000             -0.20149392960029219313
13.300000             -0.20043019164412825828
13.305000             -0.19931843507309240926
13.310000             -0.19816231315350418818
13.315000             -0.19696551997192182637
13.320000             -0.19573184251027433977
13.325000             -0.19446520241144737984
13.330000             -0.19316927062910399515
13.335000             -0.19184778221967124789
13.340000             -0.19050332813625292516
13.345000             -0.18913829699552373032
13.350000             -0.18775386110279854157
13.355000             -0.18635088028825116946
13.360000             -0.18492950426606999392
13.365000             -0.18348961827847479200
13.370000             -0.18203047829152496639
13.375000             -0.18055104735757498968
13.380000             -0.17905091906820036485
13.385000             -0.17752969740668286813
13.390000             -0.17598800620128893235
13.395000             -0.17442665906116350261
13.400000             -0.17284776491302317192
13.405000             -0.17125379737484686116
13.410000             -0.16964865925355501752
13.415000             -0.16803677690112553411
13.420000             -0.16642399095209742255
13.425000             -0.16481676713875742513
13.430000             -0.16322275858966206474
13.435000             -0.16165023404329814660
13.440000             -0.16010745325399289296
13.445000             -0.15860294550783682332
13.450000             -0.15714439226019671914
13.455000             -0.15573936491710205221
13.460000             -0.15439445434841103655
13.465000             -0.15311588340302290101
13.470000             -0.15190832388504907358
13.475000             -0.15077571207371945339
13.480000             -0.14972024109056861207
13.485000             -0.14874312036837580853
13.490000             -0.14784442674040415566
13.495000             -0.14702331226316528445
13.500000             -0.14627830706873987121
13.505000             -0.14560719891616977217
13.510000             -0.14500732473782190768
13.515000             -0.14447549125826542049
13.520000             -0.14400858194867588447
13.525000             -0.14360332254220661841
13.530000             -0.14325689669636856860
13.535000             -0.14296669505939260669
13.540000             -0.14273066316515781171
13.545000             -0.14254719150961062124
13.550000             -0.14241530463877757895
13.555000             -0.14233459179996238442
13.560000             -0.14230524974646532876
13.565000             -0.14232800137571699484
13.570000             -0.14240389704696787554
13.575000             -0.14253428561705053235
13.580000             -0.14272078403962804027
13.585000             -0.14296505194401007421
13.590000             -0.14326872787805994269
13.595000             -0.14363317469594549802
13.600000             -0.14405952792431478415
13.605000             -0.14454839905621558183
13.610000             -0.14510022675563533090
13.615000             -0.14571485461954009066
13.620000             -0.14639223399297759953
13.625000             -0.14713184765936973553
13.630000             -0.14793301140406894811
13.635000             -0.14879467878961513683
13.640000             -0.14971567011787481616
13.645000             -0.15069467317821647057
13.650000             -0.15173003134141990755
13.655000             -0.15282012487798340983
13.660000             -0.15396312771189488156
13.665000             -0.15515742960635220404
13.670000             -0.15640122679698340025
13.675000             -0.15769297749044688950
13.680000             -0.15903102921479839171
13.685000             -0.16041393306731252522
13.690000             -0.16184015795164297113
13.695000             -0.16330821552858015844
13.700000             -0.16481675699445685890
13.705000             -0.16636432743404125367
13.710000             -0.16794947102556964658
13.715000             -0.16957041832141891979
13.720000             -0.17122471558064672470
13.725000             -0.17290931387040389677
13.730000             -0.17462070922961062114
13.735000             -0.17635484014084665261
13.740000             -0.17810699058232332126
13.745000             -0.17987194894955710334
13.750000             -0.18164355011483729330
13.755000             -0.18341523085834324225
13.760000             -0.18517987709271560570
13.765000             -0.18693027680514989752
13.770000             -0.18865926870221785827
13.775000             -0.19035994537866263165
13.780000             -0.19202603939046852810
13.785000             -0.19365183224787493876
13.790000             -0.19523197024735133853
13.795000             -0.19676163565908100228
13.800000             -0.19823691423041134296
13.805000             -0.19965450357378533575
13.810000             -0.20101204990137766515
13.815000             -0.20230771881076695107
13.820000             -0.20353999504803602094
13.825000             -0.20470757029719333087
13.830000             -0.20580894852679096352
13.835000             -0.20684254477338234746
13.840000             -0.20780656110829914818
13.845000             -0.20869898779520837384
13.850000             -0.20951746374307914089
13.855000             -0.21025935530967712617
13.860000             -0.21092203264533584961
13.865000             -0.21150274199174354250
13.870000             -0.21199895303339863495
13.875000             -0.21240821489140920830
13.880000             -0.21272805466804303731
13.885000             -0.21295619360084763749
13.890000             -0.21309020026492442312
13.895000             -0.21312794924014100140
13.900000             -0.21306778769066889168
13.905000             -0.21290861964487378666
13.910000             -0.21264984796910371689
13.915000             -0.21229147587093030736
13.920000             -0.21183420458396981512
13.925000             -0.21127932538950200403
13.930000             -0.21062877155922027361
13.935000             -0.20988493648973466366
13.940000             -0.20905078517081562839
13.945000             -0.20812957438080120776
13.950000             -0.20712497397514284536
13.955000             -0.20604076711137289668
13.960000             -0.20488087402894783473
13.965000             -0.20364916332581184388
13.970000             -0.20234993590010227904
13.975000             -0.20098748598423893386
13.980000             -0.19956595442410995922
13.985000             -0.19808938091096237044
13.990000             -0.19656138988988083871
13.995000             -0.19498550811296744278
14.000000             -0.19336509239576302188
14.005000             -0.19170355663073618269
14.010000             -0.19000416431774902470
14.015000             -0.18827033000384352235
14.020000             -0.18650567313802834946
14.025000             -0.18471409426341914295
14.030000             -0.18289952204795839608
14.035000             -0.18106611592387975018
14.040000             -0.17921818703608136114
14.045000             -0.17736023256082764088
14.050000             -0.17549702331309102732
14.055000             -0.17363344502381092282
14.060000             -0.17177474406539164353
14.065000             -0.16992619546542142572
14.070000             -0.16809357016489814840
14.075000             -0.16628261643676037207
14.080000             -0.16449951131638221313
14.085000             -0.16275035224281422797
14.090000             -0.16104123369518810738
14.095000             -0.15937806137598581335
14.100000             -0.15776641299463134427
14.105000             -0.15621161814727130279
14.110000             -0.15471834117412860965
14.115000             -0.15329095162782141459
14.120000             -0.15193299306775148727
14.125000             -0.15064770238757421716
14.130000             -0.14943792104694225698
14.135000             -0.14830630614599402128
14.140000             -0.14725503945985365939
14.145000             -0.14628610263152785897
14.150000             -0.14540098517410729451
14.155000             -0.14460093512015578798
14.160000             -0.14388724248523648841
14.165000             -0.14326104366131950374
14.170000             -0.14272369269700088679
14.175000             -0.14227640853816006516
14.180000             -0.14192038826271538565
14.185000             -0.14165661169782656215
14.190000             -0.14148602785953076633
14.195000             -0.14140935320707881395
14.200000             -0.14142726164063407213
14.205000             -0.14154020619956786398
14.210000             -0.14174838485022903112
14.215000             -0.14205174910908241470
14.220000             -0.14245025130754898623
14.225000             -0.14294369097733583551
14.230000             -0.14353211572381940897
14.235000             -0.14421552569640003205
14.240000             -0.14499427767362832453
14.245000             -0.14586874256146623030
14.250000             -0.14683925967003516599
14.255000             -0.14790609520415054501
14.260000             -0.14906911059444657996
14.265000             -0.15032796900760025949
14.270000             -0.15168194956222072478
14.275000             -0.15313008538047870322
14.280000             -0.15467084946734169226
14.285000             -0.15630237265365687360
14.290000             -0.15802159352939271209
14.295000             -0.15982489161962742941
14.300000             -0.16170724972280886567
14.305000             -0.16366298306378004868
14.310000             -0.16568498733684960955
14.315000             -0.16776546890976154480
14.320000             -0.16989550918357143594
14.325000             -0.17206560411709664882
14.330000             -0.17426628497553101060
14.335000             -0.17648788173539239899
14.340000             -0.17872125219494014448
14.345000             -0.18095734053799966690
14.350000             -0.18318786288734975609
14.355000             -0.18540484786000491213
14.360000             -0.18760081636844458397
14.365000             -0.18976867153709159330
14.370000             -0.19190154192555794466
14.375000             -0.19399294258411137193
14.380000             -0.19603653919317234888
14.385000             -0.19802636590510910852
14.390000             -0.19995668905178209940
14.395000             -0.20182210488893190248
14.400000             -0.20361778509583769448
14.405000             -0.20533922468347651225
14.410000             -0.20698272747504339875
14.415000             -0.20854489248128441070
14.420000             -0.21002293470048744028
14.425000             -0.21141425476698905150
14.430000             -0.21271709722869067138
14.435000             -0.21392992881089004098
14.440000             -0.21505197290347033423
14.445000             -0.21608270213390123882
14.450000             -0.21702145705131825615
14.455000             -0.21786767847678595311
14.460000             -0.21862059019422216966
14.465000             -0.21927955433367235516
14.470000             -0.21984380937159139768
14.475000             -0.22031282209587405019
14.480000             -0.22068581178154830780
14.485000             -0.22096222868423387453
14.490000             -0.22114122920761092317
14.495000             -0.22122217066805732744
14.500000             -0.22120500465115333633
14.505000             -0.22109005957496249972
14.510000             -0.22087837123281500729
14.515000             -0.22057134674673864461
14.520000             -0.22017062506291748547
14.525000             -0.21967803928495627241
14.530000             -0.21909586638561612260
14.535000             -0.21842657277902291502
14.540000             -0.21767263955473645232
14.545000             -0.21683661380389612772
14.550000             -0.21592081503675134013
14.555000             -0.21492755538549035421
14.560000             -0.21385880611458088496
14.565000             -0.21271651381348241627
14.570000             -0.21150188048297516308
14.575000             -0.21021600179665692054
14.580000             -0.20885964328247932920
14.585000             -0.20743357920341409795
14.590000             -0.20593869275587375900
14.595000             -0.20437601932371712854
14.600000             -0.20274676126406512844
14.605000             -0.20105231435613266089
14.610000             -0.19929469634857358007
14.615000             -0.19747624180786807480
14.620000             -0.19559974778188701783
14.625000             -0.19366829798414877950
14.630000             -0.19168533129663448134
14.635000             -0.18965452409913680087
14.640000             -0.18757997631981879194
14.645000             -0.18546601099941459334
14.650000             -0.18331731044141102993
14.655000             -0.18113873035778796372
14.660000             -0.17893540447170194763
14.665000             -0.17671258001229298018
14.670000             -0.17447614409684786274
14.675000             -0.17223215638414526851
14.680000             -0.16998694837792230339
14.685000             -0.16774692043116251616
14.690000             -0.16551843341120198172
14.695000             -0.16330780983041581766
14.700000             -0.16112113510794290328
14.705000             -0.15896437927831283399
14.710000             -0.15684318144774514470
14.715000             -0.15476301471877468297
14.720000             -0.15272870005037006425
14.725000             -0.15074478196778115513
14.730000             -0.14881526024593844104
14.735000             -0.14694384707894109221
14.740000             -0.14513373607374935315
14.745000             -0.14338781735532188377
14.750000             -0.14170856516226870703
14.755000             -0.14009815986724563630
14.760000             -0.13855825024375389987
14.765000             -0.13709015899867127430
14.770000             -0.13569493597536608220
14.775000             -0.13437337386535569417
14.780000             -0.13312625284959145322
14.785000             -0.13195418994871860319
14.790000             -0.13085793992200242530
14.795000             -0.12983817013631190895
14.800000             -0.12889562639298604574
14.805000             -0.12803079117780621909
14.810000             -0.12724453800499108125
14.815000             -0.12653751334840099285
14.820000             -0.12591110117828344106
14.825000             -0.12536730980250362921
14.830000             -0.12490889811340893933
14.835000             -0.12453897389390597428
14.840000             -0.12426168359438094502
14.845000             -0.12408160061581433031
14.850000             -0.12400453776380584991
14.855000             -0.12403639380953880578
14.860000             -0.12418272498998626785
14.865000             -0.12444854627541158953
14.870000             -0.12483832407022828204
14.875000             -0.12535610488443491017
14.880000             -0.12600392382286446091
14.885000             -0.12678348516977125393
14.890000             -0.12769482303719348337
14.895000             -0.12873697851103368950
14.900000             -0.12990791511614188658
14.905000             -0.13120471401354427687
14.910000             -0.13262340801817429359
14.915000             -0.13415932229780241913
14.920000             -0.13580663582899449304
14.925000             -0.13755886068873532380
14.930000             -0.13940864031838340331
14.935000             -0.14134814338967238712
14.940000             -0.14336907022213693508
14.945000             -0.14546289442981896745
14.950000             -0.14762091138426691739
14.955000             -0.14983438773617932527
14.960000             -0.15209497788439871324
14.965000             -0.15439454341710232010
14.970000             -0.15672562564457104273
14.975000             -0.15908110385365029082
14.980000             -0.16145491050345525674
14.985000             -0.16384141415611769288
14.990000             -0.16623539079858959400
14.995000             -0.16863185641488481759
15.000000             -0.17102604814548805212
15.005000             -0.17341330683629288534
15.010000             -0.17578929679040788958
15.015000             -0.17814973568244321656
15.020000             -0.18049057568372214866
15.025000             -0.18280775617610262040
15.030000             -0.18509724540978106377
15.035000             -0.18735493672688136035
15.040000             -0.18957665234880541338
15.045000             -0.19175814327526816139
15.050000             -0.19389523158779040091
15.055000             -0.19598377153003970763
15.060000             -0.19801992766961534764
15.065000             -0.20000005264904363589
15.070000             -0.20192062626994364272
15.075000             -0.20377836528924497816
15.080000             -0.20556980488557805020
15.085000             -0.20729169200806829565
15.090000             -0.20894053655946281944
15.095000             -0.21051304968107692472
15.100000             -0.21200584299982624947
15.105000             -0.21341573050939224854
15.110000             -0.21473956208291217207
15.115000             -0.21597436712841683315
15.120000             -0.21711764957988718971
15.125000             -0.21816714394261194077
15.130000             -0.21912087910461625073
15.135000             -0.21997703697546194812
15.140000             -0.22073389736073131817
15.145000             -0.22138982349814900763
15.150000             -0.22194290920342707452
15.155000             -0.22239128645381420202
15.160000             -0.22273289670295634557
15.165000             -0.22296550834689440879
15.170000             -0.22308685113989581983
15.175000             -0.22309504467791727023
15.180000             -0.22298791705611273328
15.185000             -0.22276404105270514178
15.190000             -0.22242273405561677202
15.195000             -0.22196325695761587316
15.200000             -0.22138609334021336350
15.205000             -0.22069223125752171488
15.210000             -0.21988356256817107037
15.215000             -0.21896291582200760883
15.220000             -0.21793369051410491077
15.225000             -0.21679982156586857789
15.230000             -0.21556588723349326409
15.235000             -0.21423686167602964958
15.240000             -0.21281832191328578507
15.245000             -0.21131620065089495863
15.250000             -0.20973646195723799623
15.255000             -0.20808518455217575593
15.260000             -0.20636827695056300658
15.265000             -0.20459161057242586379
15.270000             -0.20276102254660768875
15.275000             -0.20088228999037383016
15.280000             -0.19896092881755209070
15.285000             -0.19700231835639675504
15.290000             -0.19501130707069755377
15.295000             -0.19299254119935210783
15.300000             -0.19095052513735430444
15.305000             -0.18888968748835494038
15.310000             -0.18681456175631028227
15.315000             -0.18472972927691544420
15.320000             -0.18264015857938176168
15.325000             -0.18055099350781536605
15.330000             -0.17846809380648456789
15.335000             -0.17639761988072702459
15.340000             -0.17434620254885613289
15.345000             -0.17232072338698598002
15.350000             -0.17032824631830667528
15.355000             -0.16837596632519385986
15.360000             -0.16647094716977381412
15.365000             -0.16462021598631432218
15.370000             -0.16283053101162456300
15.375000             -0.16110846403508796709
15.380000             -0.15946028566599990128
15.385000             -0.15789196087641554911
15.390000             -0.15640859863746434111
15.395000             -0.15501477362132470850
15.400000             -0.15371421955492184375
15.405000             -0.15251007307014552428
15.410000             -0.15140474169438397634
15.415000             -0.15040006368567088169
15.420000             -0.14949682741477363090
15.425000             -0.14869521731320631264
15.430000             -0.14799433219119370597
15.435000             -0.14739272001334888240
15.440000             -0.14688834490869298599
15.445000             -0.14647883010917520097
15.450000             -0.14616114518205403083
15.455000             -0.14593199139178783530
15.460000             -0.14578817964461729395
15.465000             -0.14572649814945601299
15.470000             -0.14574422579314857962
15.475000             -0.14583876715321980599
15.480000             -0.14600838785729527980
15.485000             -0.14625158734650600678
15.490000             -0.14656814522106734189
15.495000             -0.14695817642119515800
15.500000             -0.14742258326581542116
15.505000             -0.14796245993029696897
15.510000             -0.14857920868296067840
15.515000             -0.14927424195339403235
15.520000             -0.15004879700420101218
15.525000             -0.15090393046941777411
15.530000             -0.15184008152354186438
15.535000             -0.15285732773201327062
15.540000             -0.15395502052411239036
15.545000             -0.15513206680187965891
15.550000             -0.15638650433092762815
15.555000             -0.15771586856553412859
15.560000             -0.15911686857012144469
15.565000             -0.16058572936594325831
15.570000             -0.16211790374403903248
15.575000             -0.16370841727755330863
15.580000             -0.16535140849873700142
15.585000             -0.16704062395962446241
15.590000             -0.16876942286886273403
15.595000             -0.17053096965104688754
15.600000             -0.17231833554127543029
15.605000             -0.17412456190463052041
15.610000             -0.17594272617030673467
15.615000             -0.17776598139848837077
15.620000             -0.17958781022893469115
15.625000             -0.18140189314121477060
15.630000             -0.18320225644751378380
15.635000             -0.18498315632100165162
15.640000             -0.18673950264266139798
15.645000             -0.18846651081998683219
15.650000             -0.19015988921184207028
15.655000             -0.19181560229206864876
15.660000             -0.19342951956681517234
15.665000             -0.19499758315619633575
15.670000             -0.19651607683154193040
15.675000             -0.19798142152631875712
15.680000             -0.19939017339438508403
15.685000             -0.20073897197958642802
15.690000             -0.20202439027932730942
15.695000             -0.20324303087037229321
15.700000             -0.20439154924412969438
15.705000             -0.20546667854978675760
15.710000             -0.20646544658846671672
15.715000             -0.20738506554788446734
15.720000             -0.20822262190132512227
15.725000             -0.20897533485068858772
15.730000             -0.20964075046224808774
15.735000             -0.21021669333861239815
15.740000             -0.21070156556219291066
15.745000             -0.21109415853123575380
15.750000             -0.21139358972194252639
15.755000             -0.21159932387403795895
15.760000             -0.21171110437315393549
15.765000             -0.21172899236100137244
15.770000             -0.21165374796799443780
15.775000             -0.21148652652001831420
15.780000             -0.21122874689979626028
15.785000             -0.21088208591797907854
15.790000             -0.21044809630496486008
15.795000             -0.20992843104410502386
15.800000             -0.20932503045472425351
15.805000             -0.20863998797460614476
15.810000             -0.20787565990375275748
15.815000             -0.20703453989190251372
15.820000             -0.20611908806328083088
15.825000             -0.20513182351119138569
15.830000             -0.20407493758296041397
15.835000             -0.20295060820170307547
15.840000             -0.20176072660799287961
15.845000             -0.20050718887136281809
15.850000             -0.19919179066126446731
15.855000             -0.19781639819263449609
15.860000             -0.19638260154787401390
15.865000             -0.19489203374755309506
15.870000             -0.19334656285459228542
15.875000             -0.19174822800089280639
15.880000             -0.19009927337544732517
15.885000             -0.18840211807525922283
15.890000             -0.18665984355226608593
15.895000             -0.18487581196708210984
15.900000             -0.18305431798396465393
15.905000             -0.18120000993767720887
15.910000             -0.17931851273822288495
15.915000             -0.17741581508124673605
15.920000             -0.17549896153659969023
15.925000             -0.17357537089765873173
15.930000             -0.17165291406470398194
15.935000             -0.16973966453942707089
15.940000             -0.16784349254851374522
15.945000             -0.16597224491467824081
15.950000             -0.16413332495067664563
15.955000             -0.16233396899662408397
15.960000             -0.16058133446270256295
15.965000             -0.15888242637838911886
15.970000             -0.15724406093502152348
15.975000             -0.15567282273001575854
15.980000             -0.15417494901207060010
15.985000             -0.15275635808886503519
15.990000             -0.15142244844586771890
15.995000             -0.15017822968546198914
16.000000             -0.14902800905412136312
16.005000             -0.14797565217501773560
16.010000             -0.14702394479375671676
16.015000             -0.14617514092912786694
16.020000             -0.14543052950131674095
16.025000             -0.14479090224181401236
16.030000             -0.14425609725176538611
16.035000             -0.14382547914418383761
16.040000             -0.14349736681840494223
16.045000             -0.14326959526516527821
16.050000             -0.14313983897463766759
16.055000             -0.14310552346212851438
16.060000             -0.14316421683424598865
16.065000             -0.14331336203242525662
16.070000             -0.14355042044320340255
16.075000             -0.14387273028494279581
16.080000             -0.14427781256544264243
16.085000             -0.14476312771169322358
16.090000             -0.14532630383569977717
16.095000             -0.14596492995317633667
16.100000             -0.14667668623659185778
16.105000             -0.14745920561063396992
16.110000             -0.14830991505218776849
16.115000             -0.14922611664836510359
16.120000             -0.15020524113457500714
16.125000             -0.15124466200397640447
16.130000             -0.15234135408475876772
16.135000             -0.15349209742862146566
16.140000             -0.15469321386264112128
16.145000             -0.15594078346757025977
16.150000             -0.15723063233403661298
16.155000             -0.15855838661964563596
16.160000             -0.15991924897579384846
16.165000             -0.16130819065815260593
16.170000             -0.16271990621294707413
16.175000             -0.16414891315820076545
16.180000             -0.16558948702152853638
16.185000             -0.16703577838931293886
16.190000             -0.16848195243922106656
16.195000             -0.16992216640450344411
16.200000             -0.17135130517605451361
16.205000             -0.17276449537476246121
16.210000             -0.17415743942376535336
16.215000             -0.17552612558631738859
16.220000             -0.17686708133929798792
16.225000             -0.17817715165549938283
16.230000             -0.17945405901091462941
16.235000             -0.18069595050304168571
16.240000             -0.18190187860638118433
16.245000             -0.18307133461185753909
16.250000             -0.18420401909494008019
16.255000             -0.18529986398059339336
16.260000             -0.18635936119393362032
16.265000             -0.18738325040871589566
16.270000             -0.18837260715694459368
16.275000             -0.18932865170004856137
16.280000             -0.19025261402288909385
16.285000             -0.19114572895687523268
16.290000             -0.19200911352782612518
16.295000             -0.19284381456759405737
16.300000             -0.19365055391507762783
16.305000             -0.19442991662790859442
16.310000             -0.19518160453799396348
16.315000             -0.19590504303804170960
16.320000             -0.19659892609145787623
16.325000             -0.19726171550746698924
16.330000             -0.19789124452284415079
16.335000             -0.19848517796557149651
16.340000             -0.19904026686343026520
16.345000             -0.19955305852905963482
16.350000             -0.20001985774570008036
16.355000             -0.20043695942725364700
16.360000             -0.20080106193061239561
16.365000             -0.20110907161550450883
16.370000             -0.20135852713511526169
16.375000             -0.20154728670003541069
16.380000             -0.20167363563142615135
16.385000             -0.20173616038272215722
16.390000             -0.20173451622421340046
16.395000             -0.20166883270821928109
16.400000             -0.20154066011922799895
16.405000             -0.20135213989214420516
16.410000             -0.20110641774438933749
16.415000             -0.20080713074163480947
16.420000             -0.20045861154121627501
16.425000             -0.20006556906570260868
16.430000             -0.19963262026509359659
16.435000             -0.19916449957539159032
16.440000             -0.19866517703670200090
16.445000             -0.19813847037964771314
16.450000             -0.19758744790816956671
16.455000             -0.19701492371221682176
16.460000             -0.19642288580999997527
16.465000             -0.19581297585523863014
16.470000             -0.19518597930220243919
16.475000             -0.19454228328921996383
16.480000             -0.19388162800561406507
16.485000             -0.19320340967487312223
16.490000             -0.19250678094465825674
16.495000             -0.19179070846881290935
16.500000             -0.19105432810985839565
16.505000             -0.19029679444896219209
16.510000             -0.18951761067023265017
16.515000             -0.18871646162534810864
16.520000             -0.18789354249718773215
16.525000             -0.18704937012892763892
16.530000             -0.18618512294476027846
16.535000             -0.18530240074915865778
16.540000             -0.18440382706882843533
16.545000             -0.18349254930518285600
16.550000             -0.18257241140457131090
16.555000             -0.18164766097187826088
16.560000             -0.18072285577480223795
16.565000             -0.17980275305885273784
16.570000             -0.17889214079900522814
16.575000             -0.17799579940782844778
16.580000             -0.17711839307488608242
16.585000             -0.17626440948405194820
16.590000             -0.17543798486980671791
16.595000             -0.17464292237965495236
16.600000             -0.17388259183044724177
16.605000             -0.17315996152164550570
16.610000             -0.17247680594260247910
16.615000             -0.17183431497914114505
16.620000             -0.17123253140416669349
16.625000             -0.17067095685123689908
16.630000             -0.17014815774916047797
16.635000             -0.16966229703747504054
16.640000             -0.16921049362007675732
16.645000             -0.16878952937893648700
16.650000             -0.16839546120456508338
16.655000             -0.16802415894877995028
16.660000             -0.16767174047960450856
16.665000             -0.16733444282793336066
16.670000             -0.16700950492029104089
16.675000             -0.16669453384117527417
16.680000             -0.16638803206623117847
16.685000             -0.16608887183646617314
16.690000             -0.16579654120874101619
16.695000             -0.16551080401430584566
16.700000             -0.16523231570355229048
16.705000             -0.16496202976508733684
16.710000             -0.16470174490525130162
16.715000             -0.16445350831605778930
16.720000             -0.16421949190929860385
16.725000             -0.16400188551095573608
16.730000             -0.16380293788709551772
16.735000             -0.16362483739143762751
16.740000             -0.16346969872984815075
16.745000             -0.16333951452429273932
16.750000             -0.16323602120554903117
16.755000             -0.16316077362052797128
16.760000             -0.16311505004155482657
16.765000             -0.16309994446792805411
16.770000             -0.16311644834157662531
16.775000             -0.16316543470747585376
16.780000             -0.16324739045178821018
16.785000             -0.16336264463103963851
16.790000             -0.16351042253880121446
16.795000             -0.16368961725991737488
16.800000             -0.16389820042661679134
16.805000             -0.16413383442276874291
16.810000             -0.16439359945556819564
16.815000             -0.16467434529387683928
16.820000             -0.16497261449640385211
16.825000             -0.16528478701557899888
16.830000             -0.16560741815170243463
16.835000             -0.16593703309928570233
16.840000             -0.16627065470510987710
16.845000             -0.16660539541147692533
16.850000             -0.16693894428145628073
16.855000             -0.16726915225411784216
16.860000             -0.16759438521402006406
16.865000             -0.16791320883759550120
16.870000             -0.16822457793917081070
16.875000             -0.16852765788080245613
16.880000             -0.16882247725132146221
16.885000             -0.16910942049532698417
16.890000             -0.16938964645987836244
16.895000             -0.16966466895580692431
16.900000             -0.16993605693441857230
16.905000             -0.17020552548123502046
16.910000             -0.17047462441423344437
16.915000             -0.17074491683175049839
16.920000             -0.17101722970613661423
16.925000             -0.17129217378755509649
16.930000             -0.17156962340041054249
16.935000             -0.17184913770298501645
16.940000             -0.17212994844065157563
16.945000             -0.17241101944043382699
16.950000             -0.17269124946678821031
16.955000             -0.17296933846726081363
16.960000             -0.17324366060763179975
16.965000             -0.17351237243636341567
16.970000             -0.17377398902605550868
16.975000             -0.17402705521639347253
16.980000             -0.17427077973012236600
16.985000             -0.17450460590935937266
16.990000             -0.17472820472277644788
16.995000             -0.17494147925226832818
17.000000             -0.17514479451632616880
17.005000             -0.17533885600448501085
17.010000             -0.17552502557059784793
17.015000             -0.17570507156357070833
17.020000             -0.17588107623325108242
17.025000             -0.17605539917859452936
17.030000             -0.17623034297591927411
17.035000             -0.17640828606678807255
17.040000             -0.17659145733448453064
17.045000             -0.17678200468567747961
17.050000             -0.17698169631092000587
17.055000             -0.17719204228103285770
17.060000             -0.17741379691481312664
17.065000             -0.17764727292240242718
17.070000             -0.17789169798040585513
17.075000             -0.17814573488685220282
17.080000             -0.17840723509172037864
17.085000             -0.17867357725737822993
17.090000             -0.17894193860115834016
17.095000             -0.17920927856713836368
17.100000             -0.17947247268701152501
17.105000             -0.17972835821594462802
17.110000             -0.17997392102495690658
17.115000             -0.18020630800644510394
17.120000             -0.18042317953791431329
17.125000             -0.18062256522678402093
17.130000             -0.18080323855993721271
17.135000             -0.18096446650049255456
17.140000             -0.18110558870007345544
17.145000             -0.18122625800808545016
17.150000             -0.18132625631204690730
17.155000             -0.18140558716011723206
17.160000             -0.18146493377393088653
17.165000             -0.18150521940229116802
17.170000             -0.18152797318325941678
17.175000             -0.18153484084293169953
17.180000             -0.18152795826808901247
17.185000             -0.18150946018584396269
17.190000             -0.18148129012110744696
17.195000             -0.18144517916215974207
17.200000             -0.18140229883663738786
17.205000             -0.18135350967293184521
17.210000             -0.18129917277822121813
17.215000             -0.18123940046574024687
17.220000             -0.18117409766782316405
17.225000             -0.18110308233130498201
17.230000             -0.18102609479182971142
17.235000             -0.18094292135643239017
17.240000             -0.18085330804498589430
17.245000             -0.18075713112664107407
17.250000             -0.18065429690288245523
17.255000             -0.18054489128636452833
17.260000             -0.18042901414061932042
17.265000             -0.18030692469465189887
17.270000             -0.18017902414495207131
17.275000             -0.18004584532245046513
17.280000             -0.17990809980531924372
17.285000             -0.17976656210259692181
17.290000             -0.17962226354790364335
17.295000             -0.17947623992189118414
17.300000             -0.17932966565130994963
17.305000             -0.17918363700218259416
17.310000             -0.17903964101968258826
17.315000             -0.17889913235390927926
17.320000             -0.17876345129555190616
17.325000             -0.17863381053255983355
17.330000             -0.17851127596715060664
17.335000             -0.17839681482740823992
17.340000             -0.17829127952688444969
17.345000             -0.17819549371084703049
17.350000             -0.17811006096102871554
17.355000             -0.17803558317096193631
17.360000             -0.17797217298733475355
17.365000             -0.17791989427471247009
17.370000             -0.17787857490851369247
17.375000             -0.17784803975294097289
17.380000             -0.17782781198471472872
17.385000             -0.17781736214819671149
17.390000             -0.17781562748677473551
17.395000             -0.17782137191423508238
17.400000             -0.17783269468312262740
17.405000             -0.17784741892342553760
17.410000             -0.17786318434090941931
17.415000             -0.17787743083953236334
17.420000             -0.17788757215487913110
17.425000             -0.17789087424235794366
17.430000             -0.17788466320926957231
17.435000             -0.17786618573988172143
17.440000             -0.17783295341930105415
17.445000             -0.17778253042357763936
17.450000             -0.17771274658646032951
17.455000             -0.17762158352337956146
17.460000             -0.17750762726392654844
17.465000             -0.17736978692572666350
17.470000             -0.17720742492350907704
17.475000             -0.17702025399000984041
17.480000             -0.17680883557449975085
17.485000             -0.17657418925338189131
17.490000             -0.17631793359717773395
17.495000             -0.17604205961408878056
17.500000             -0.17574864540664270063
17.505000             -0.17543992667371893779
17.510000             -0.17511789567975633020
17.515000             -0.17478449799856407565
17.520000             -0.17444194173261096115
17.525000             -0.17409240564177339006
17.530000             -0.17373760170083768495
17.535000             -0.17337897065765908722
17.540000             -0.17301711932005314765
17.545000             -0.17265223697579246132
17.550000             -0.17228456531151839504
17.555000             -0.17191416498309178285
17.560000             -0.17154094944689887714
17.565000             -0.17116469925390787044
17.570000             -0.17078537391418219249
17.575000             -0.17040297812176599668
17.580000             -0.17001819757646141618
17.585000             -0.16963200751134346889
17.590000             -0.16924578776718929296
17.595000             -0.16886123257358892635
17.600000             -0.16848080155672370828
17.605000             -0.16810738145546597067
17.610000             -0.16774462582242916087
17.615000             -0.16739659835640746666
17.620000             -0.16706766177194085077
17.625000             -0.16676238534594994833
17.630000             -0.16648526865779977868
17.635000             -0.16624078489029164851
17.640000             -0.16603269723288582860
17.645000             -0.16586442898919098732
17.650000             -0.16573842074107184019
17.655000             -0.16565656157472608001
17.660000             -0.16561978972039878566
17.665000             -0.16562841875334041730
17.670000             -0.16568219441162426731
17.675000             -0.16578033650901707885
17.680000             -0.16592182082756737338
17.685000             -0.16610526931142363671
17.690000             -0.16632906224069202161
17.695000             -0.16659137127114473365
17.700000             -0.16689016116656513189
17.705000             -0.16722334901592059153
17.710000             -0.16758904953189926457
17.715000             -0.16798556287432359069
17.720000             -0.16841138949620088061
17.725000             -0.16886530169942440271
17.730000             -0.16934631121262844200
17.735000             -0.16985371058452553017
17.740000             -0.17038677744296773509
17.745000             -0.17094493204130764563
17.750000             -0.17152744892353471995
17.755000             -0.17213357663911879603
17.760000             -0.17276286413403899034
17.765000             -0.17341480525136829249
17.770000             -0.17408915476387509802
17.775000             -0.17478551113348023138
17.780000             -0.17550331998281226698
17.785000             -0.17624172037378926792
17.790000             -0.17699931347850877961
17.795000             -0.17777430697074142474
17.800000             -0.17856433680693728494
17.805000             -0.17936670595947212803
17.810000             -0.18017818202222926627
17.815000             -0.18099532387034328318
17.820000             -0.18181454359690385481
17.825000             -0.18263226818227379367
17.830000             -0.18344498607982404059
17.835000             -0.18424936792715038147
17.840000             -0.18504217211779852570
17.845000             -0.18582040818340872512
17.850000             -0.18658119535532058375
17.855000             -0.18732190707578522115
17.860000             -0.18804017356334232214
17.865000             -0.18873386045306861369
17.870000             -0.18940110523436406997
17.875000             -0.19004019971947400114
17.880000             -0.19064960757131596547
17.885000             -0.19122782810130298237
17.890000             -0.19177335254478741766
17.895000             -0.19228458798414016506
17.900000             -0.19275965006887460507
17.905000             -0.19319646280306704278
17.910000             -0.19359341093815832235
17.915000             -0.19394889508896287489
17.920000             -0.19426183954239609197
17.925000             -0.19453130238155369458
17.930000             -0.19475638818572865718
17.935000             -0.19493632249870440631
17.940000             -0.19507047688352080472
17.945000             -0.19515845481123192395
17.950000             -0.19520035250489470302
17.955000             -0.19519665673155514596
17.960000             -0.19514824089646148897
17.965000             -0.19505636942668880263
17.970000             -0.19492228648962545146
17.975000             -0.19474747887741961083
17.980000             -0.19453368753618710540
17.985000             -0.19428286380215595286
17.990000             -0.19399699893796218397
17.995000             -0.19367813617234871937
18.000000             -0.19332807451818481703
18.005000             -0.19294847954873456386
18.010000             -0.19254020215259187720
18.015000             -0.19210372884755666512
18.020000             -0.19163921009663220651
18.025000             -0.19114650924607676230
18.030000             -0.19062534794787217018
18.035000             -0.19007525998286678437
18.040000             -0.18949558370734514989
18.045000             -0.18888554985263797392
18.050000             -0.18824437735066942845
18.055000             -0.18757133806176864987
18.060000             -0.18686609114134836163
18.065000             -0.18612856854749171287
18.070000             -0.18535925013791404448
18.075000             -0.18455902243709440547
18.080000             -0.18372945207520510746
18.085000             -0.18287257856850341886
18.090000             -0.18199067691312226236
18.095000             -0.18108634880803461953
18.100000             -0.18016197220865901030
18.105000             -0.17922002206399448299
18.110000             -0.17826285571275482522
18.115000             -0.17729280471730790580
18.120000             -0.17631230822647081524
18.125000             -0.17532370929157403694
18.130000             -0.17432923297866478873
18.135000             -0.17333086843087369688
18.140000             -0.17233062975822635576
18.145000             -0.17133030002067972664
18.150000             -0.17033156244459934925
18.155000             -0.16933588564767534934
18.160000             -0.16834473197054786175
18.165000             -0.16735946524423528370
18.170000             -0.16638179375507855529
18.175000             -0.16541354095991211981
18.180000             -0.16445685692533770772
18.185000             -0.16351412457331554462
18.190000             -0.16258801730253985562
18.195000             -0.16168149761171046741
18.200000             -0.16079782699867015139
18.205000             -0.15994055602642742731
18.210000             -0.15911324473706806026
18.215000             -0.15831959647909890632
18.220000             -0.15756313416821085549
18.225000             -0.15684733909772780036
18.230000             -0.15617568387136293584
18.235000             -0.15555148976835656005
18.240000             -0.15497764896095478360
18.245000             -0.15445667188139139414
18.250000             -0.15399041550429060088
18.255000             -0.15358020588101764514
18.260000             -0.15322722343647299237
18.265000             -0.15293223349451093296
18.270000             -0.15269578667717059739
18.275000             -0.15251808535483873941
18.280000             -0.15239924265344584331
18.285000             -0.15233917640408536909
18.290000             -0.15233811996427776281
18.295000             -0.15239636240229956221
18.300000             -0.15251428539007771956
18.305000             -0.15269240454665222728
18.310000             -0.15293148288714850103
18.315000             -0.15323251440383900412
18.320000             -0.15359672720742001406
18.325000             -0.15402557061055588417
18.330000             -0.15452032211232161196
18.335000             -0.15508228981441823935
18.340000             -0.15571254295281392044
18.345000             -0.15641201186432798775
18.350000             -0.15718120374671354367
18.355000             -0.15802028442788634832
18.360000             -0.15892870338845077605
18.365000             -0.15990536303653676842
18.370000             -0.16094825275971036405
18.375000             -0.16205469271449166047
18.380000             -0.16322120627077363331
18.385000             -0.16444368952278362594
18.390000             -0.16571707459360029979
18.395000             -0.16703572361114096823
18.400000             -0.16839319837502567112
18.405000             -0.16978267709347022452
18.410000             -0.17119734786823459505
18.415000             -0.17263039832446758215
18.420000             -0.17407497218724787835
18.425000             -0.17552437852062621748
18.430000             -0.17697232943948612571
18.435000             -0.17841291607626280635
18.440000             -0.17984126637283079364
18.445000             -0.18125309519111065804
18.450000             -0.18264497360042514229
18.455000             -0.18401399570590545873
18.460000             -0.18535781901641573688
18.465000             -0.18667444835996999108
18.470000             -0.18796229700745190061
18.475000             -0.18921995102476785178
18.480000             -0.19044607393802553963
18.485000             -0.19163929141708446746
18.490000             -0.19279766030522735298
18.495000             -0.19391893832231579808
18.500000             -0.19500051362492448748
18.505000             -0.19603947874032953691
18.510000             -0.19703261390325865765
18.515000             -0.19797646751988318137
18.520000             -0.19886742562448933569
18.525000             -0.19970178696337231861
18.530000             -0.20047593187689999317
18.535000             -0.20118636092861860720
18.540000             -0.20182989479919699605
18.545000             -0.20240368369954589434
18.550000             -0.20290537251224036175
18.555000             -0.20333309260570428534
18.560000             -0.20368547743548562345
18.565000             -0.20396169656035570417
18.570000             -0.20416135493551801350
18.575000             -0.20428454531651044079
18.580000             -0.20433181342305439809
18.585000             -0.20430409993266912538
18.590000             -0.20420255358293210035
18.595000             -0.20402852415645761353
18.600000             -0.20378334372352374659
18.605000             -0.20346834649607187240
18.610000             -0.20308482188211596231
18.615000             -0.20263394829368633343
18.620000             -0.20211688417068876533
18.625000             -0.20153464518726105226
18.630000             -0.20088859524819285829
18.635000             -0.20018008670994483222
18.640000             -0.19941081627308704372
18.645000             -0.19858257944269502859
18.650000             -0.19769718507356653925
18.655000             -0.19675658470368256880
18.660000             -0.19576293469895231225
18.665000             -0.19471868767858288574
18.670000             -0.19362672193881436122
18.675000             -0.19249034282913607408
18.680000             -0.19131301114176404998
18.685000             -0.19009855268711242648
18.690000             -0.18885084735037013792
18.695000             -0.18757403260937741130
18.700000             -0.18627232833155674130
18.705000             -0.18495008753288141867
18.710000             -0.18361168117945267375
18.715000             -0.18226144839201777192
18.720000             -0.18090332251674978714
18.725000             -0.17954096212209200156
18.730000             -0.17817775425554333024
18.735000             -0.17681674892842416669
18.740000             -0.17546064296900887314
18.745000             -0.17411176650228821217
18.750000             -0.17277179000087045102
18.755000             -0.17144199178997460153
18.760000             -0.17012324988394239567
18.765000             -0.16881621109181776941
18.770000             -0.16752173249192253701
18.775000             -0.16624073081508858318
18.780000             -0.16497435241292676689
18.785000             -0.16372394339777035510
18.790000             -0.16249108552543731210
18.795000             -0.16127763306888875938
18.800000             -0.16008568240961298934
18.805000             -0.15891760689124140304
18.810000             -0.15777626535566080523
18.815000             -0.15666478993910964990
18.820000             -0.15558664411747588630
18.825000             -0.15454541760035189757
18.830000             -0.15354489066672080688
18.835000             -0.15258879423226695549
18.840000             -0.15168095912191853492
18.845000             -0.15082501917985252637
18.850000             -0.15002428335260226122
18.855000             -0.14928167499542616126
18.860000             -0.14859971631696003436
18.865000             -0.14798049211757063892
18.870000             -0.14742567838989129037
18.875000             -0.14693655056842014339
18.880000             -0.14651394481492729938
18.885000             -0.14615837559365174592
18.890000             -0.14587014920825608355
18.895000             -0.14564941547314250170
18.900000             -0.14549641889538331152
18.905000             -0.14541143116027749338
18.910000             -0.14539467042329154434
18.915000             -0.14544641667930552353
18.920000             -0.14556656797763264932
18.925000             -0.14575500109222563894
18.930000             -0.14601135311780161219
18.935000             -0.14633521104803581814
18.940000             -0.14672604751004827972
18.945000             -0.14718322593892288475
18.950000             -0.14770562789219532362
18.955000             -0.14829182850951388994
18.960000             -0.14893989418815165027
18.965000             -0.14964747766371580551
18.970000             -0.15041216377079139055
18.975000             -0.15123119495776990440
18.980000             -0.15210182725155160788
18.985000             -0.15302103469859795748
18.990000             -0.15398568165814949249
18.995000             -0.15499240813853160104
19.000000             -0.15603770773892572388
19.005000             -0.15711795852850238275
19.010000             -0.15822977283236044910
19.015000             -0.15936986926761878558
19.020000             -0.16053528723981766446
19.025000             -0.16172330596855072349
19.030000             -0.16293157819755632598
19.035000             -0.16415806139210112335
19.040000             -0.16540108367066549966
19.045000             -0.16665926524172797185
19.050000             -0.16793159651929792653
19.055000             -0.16921728994162360538
19.060000             -0.17051570770234114605
19.065000             -0.17182627251653920242
19.070000             -0.17314802493722797339
19.075000             -0.17447980994197823112
19.080000             -0.17581998129521378416
19.085000             -0.17716656055699595007
19.090000             -0.17851706426933020011
19.095000             -0.17986862658577151830
19.100000             -0.18121777709103961684
19.105000             -0.18256065714135735756
19.110000             -0.18389312869114729510
19.115000             -0.18521082688701315244
19.120000             -0.18650938028069649621
19.125000             -0.18778439654380196799
19.130000             -0.18903153338229836122
19.135000             -0.19024658988425008355
19.140000             -0.19142543622445851170
19.145000             -0.19256420677447408374
19.150000             -0.19365921061051993846
19.155000             -0.19470711063160750509
19.160000             -0.19570501012544766484
19.165000             -0.19665043483683114500
19.170000             -0.19754140774476919296
19.175000             -0.19837633697817932954
19.180000             -0.19915404330817063072
19.185000             -0.19987361535705799875
19.190000             -0.20053444429478306521
19.195000             -0.20113605205144105548
19.200000             -0.20167807273940310808
19.205000             -0.20216013353319381429
19.210000             -0.20258176750105880148
19.215000             -0.20294239961654247928
19.220000             -0.20324126395053090932
19.225000             -0.20347746611179956533
19.230000             -0.20364999673690523108
19.235000             -0.20375779498285429003
19.240000             -0.20379963107699947122
19.245000             -0.20377430546809707779
19.250000             -0.20368067134266776286
19.255000             -0.20351776687981060210
19.260000             -0.20328492455461411037
19.265000             -0.20298181166669912456
19.270000             -0.20260856250571457338
19.275000             -0.20216574024912012386
19.280000             -0.20165439526324463460
19.285000             -0.20107601017850124103
19.290000             -0.20043254782007488557
19.295000             -0.19972634687946841381
19.300000             -0.19896011112689715450
19.305000             -0.19813680114552448264
19.310000             -0.19725963631396475906
19.315000             -0.19633196114851220182
19.320000             -0.19535724596939663122
19.325000             -0.19433896171813508369
19.330000             -0.19328050480302147451
19.335000             -0.19218516328619442146
19.340000             -0.19105608992591988082
19.345000             -0.18989629739133595532
19.350000             -0.18870864462688857754
19.355000             -0.18749587634566000638
19.360000             -0.18626060894410140234
19.365000             -0.18500541258848240966
19.370000             -0.18373284863290512137
19.375000             -0.18244553505583996356
19.380000             -0.18114617593514364957
19.385000             -0.17983761877818463248
19.390000             -0.17852283863939777397
19.395000             -0.17720499485814364404
19.400000             -0.17588741482961156581
19.405000             -0.17457360775775246364
19.410000             -0.17326719726691669488
19.415000             -0.17197192231047925270
19.420000             -0.17069159384263293822
19.425000             -0.16943004406027559194
19.430000             -0.16819108507194080460
19.435000             -0.16697843630246730906
19.440000             -0.16579567614285420363
19.445000             -0.16464618131111247168
19.450000             -0.16353314104548807850
19.455000             -0.16245948335298227017
19.460000             -0.16142789609388738525
19.465000             -0.16044078730145136524
19.470000             -0.15950027753912141004
19.475000             -0.15860822772125349189
19.480000             -0.15776626452047523563
19.485000             -0.15697582613655564066
19.490000             -0.15623818956412638403
19.495000             -0.15555452951439194265
19.500000             -0.15492594137685725131
19.505000             -0.15435349465179121209
19.510000             -0.15383825712777277062
19.515000             -0.15338131834953522281
19.520000             -0.15298379566357081516
19.525000             -0.15264682823670402967
19.530000             -0.15237153757723342906
19.535000             -0.15215901359897135436
19.540000             -0.15201027698569355429
19.545000             -0.15192623809266656010
19.550000             -0.15190765343916437513
19.555000             -0.15195507785593057037
19.560000             -0.15206881351305059913
19.565000             -0.15224887919277868553
19.570000             -0.15249496812094767706
19.575000             -0.15280644327924236547
19.580000             -0.15318232694398817295
19.585000             -0.15362131531970329990
19.590000             -0.15412180578994499891
19.595000             -0.15468192339189482110
19.600000             -0.15529956026320773654
19.605000             -0.15597242018985424394
19.610000             -0.15669806915006573300
19.615000             -0.15747398280828972528
19.620000             -0.15829759451915093038
19.625000             -0.15916633469101962306
19.630000             -0.16007766214772969904
19.635000             -0.16102908826271472575
19.640000             -0.16201818542475146523
19.645000             -0.16304259140032056896
19.650000             -0.16409999786464632421
19.655000             -0.16518813351707303805
19.660000             -0.16630474103688308585
19.665000             -0.16744754274627285384
19.670000             -0.16861420829530468501
19.675000             -0.16980231791506089634
19.680000             -0.17100933313854940754
19.685000             -0.17223256886909171781
19.690000             -0.17346917891022176073
19.695000             -0.17471614458728254582
19.700000             -0.17597027555009844835
19.705000             -0.17722822311691888153
19.710000             -0.17848650134343735374
19.715000             -0.17974152112194863307
19.720000             -0.18098962924065287172
19.725000             -0.18222715420725796309
19.730000             -0.18345045185104616459
19.735000             -0.18465595401936699127
19.740000             -0.18584021265452169147
19.745000             -0.18699993886762042439
19.750000             -0.18813203365963881986
19.755000             -0.18923361027686400049
19.760000             -0.19030200481511261312
19.765000             -0.19133477868587861481
19.770000             -0.19232971070024729165
19.775000             -0.19328477952710171328
19.780000             -0.19419813913242289782
19.785000             -0.19506808922079160729
19.790000             -0.19589304263524176530
19.795000             -0.19667149338955200455
19.800000             -0.19740198674448955485
19.805000             -0.19808309439912991090
19.810000             -0.19871339610426641542
19.815000             -0.19929146980551853963
19.820000             -0.19981589097156335355
19.825000             -0.20028524073259357241
19.830000             -0.20069812299997674687
19.835000             -0.20105318934279439724
19.840000             -0.20134916977108976988
19.845000             -0.20158490805646134270
19.850000             -0.20175939858538130545
19.855000             -0.20187182269383191491
19.860000             -0.20192158150819181084
19.865000             -0.20190832410744166681
19.870000             -0.20183196804426001281
19.875000             -0.20169271187034681914
19.880000             -0.20149103792653710876
19.885000             -0.20122770606943826688
19.890000             -0.20090373793379687206
19.895000             -0.20052039361770224168
19.900000             -0.20007914142269384028
19.905000             -0.19958162356874672994
19.910000             -0.19902961905208299553
19.915000             -0.19842500707939292326
19.920000             -0.19776973219720087038
19.925000             -0.19706577440917169564
19.930000             -0.19631512474639795096
19.935000             -0.19551976895061801143
19.940000             -0.19468167860259638635
19.945000             -0.19380281133110430214
19.950000             -0.19288511819124198876
19.955000             -0.19193055877694517597
19.960000             -0.19094112106054864086
19.965000             -0.18991884571662481784
19.970000             -0.18886585125705046551
19.975000             -0.18778435941282742294
19.980000             -0.18667671701237981141
19.985000             -0.18554541404168128915
19.990000             -0.18439216281706594103
19.995000             -0.18322003649175674922
20.000000             -0.18203202379288338508
20.005000             -0.18083124609334458310
20.010000             -0.17962094500590583546
20.015000             -0.17840446386458350125
20.020000             -0.17718520749301808204
20.025000             -0.17596661293092938361
20.030000             -0.17475211424307490748
20.035000             -0.17354510336618794719
20.040000             -0.17234889820686488671
20.045000             -0.17116671234170546811
20.050000             -0.17000162963843021280
20.055000             -0.16885658663158834014
20.060000             -0.16773436156803298025
20.065000             -0.16663757082348029659
20.070000             -0.16556867278964876311
20.075000             -0.16452997806119593061
20.080000             -0.16352366480117053182
20.085000             -0.16255179791356227925
20.090000             -0.16161635016155076472
20.095000             -0.16071922339016436743
20.100000             -0.15986226808278022893
20.105000             -0.15904729953862337122
20.110000             -0.15827610926036042582
20.115000             -0.15755047051352344400
20.120000             -0.15687213741743397111
20.125000             -0.15624283740557012856
20.130000             -0.15566425737166406096
20.135000             -0.15513802425800785056
20.140000             -0.15466568123918389421
20.145000             -0.15424866096754749623
20.150000             -0.15388825755365925785
20.155000             -0.15358559904942709062
20.160000             -0.15334162217493510494
20.165000             -0.15315705088371162068
20.170000             -0.15303238010879588460
20.175000             -0.15296786569050396798
20.180000             -0.15296352107990629499
20.185000             -0.15301912096876185698
20.190000             -0.15313421154711015504
20.195000             -0.15330812666451440474
20.200000             -0.15354000879892801268
20.205000             -0.15382883344307377027
20.210000             -0.15417343532132876671
20.215000             -0.15457253476289720129
20.220000             -0.15502476258443395607
20.225000             -0.15552868197420915974
20.230000             -0.15608280610991417947
20.235000             -0.15668561056588245495
20.240000             -0.15733553995001600678
20.245000             -0.15803100862919200464
20.250000             -0.15877039582553578723
20.255000             -0.15955203576566670542
20.260000             -0.16037420391384937801
20.265000             -0.16123510059443263431
20.270000             -0.16213283349116655585
20.275000             -0.16306540058908375324
20.280000             -0.16403067509448193695
20.285000             -0.16502639373292199432
20.290000             -0.16605014959443759048
20.295000             -0.16709939038576543391
20.300000             -0.16817142258323067305
20.305000             -0.16926342158237711599
20.310000             -0.17037244753887120785
20.315000             -0.17149546621709232941
20.320000             -0.17262937383357340737
20.325000             -0.17377102462422999718
20.330000             -0.17491725969384158690
20.335000             -0.17606493563457281670
20.340000             -0.17721095143117532311
20.345000             -0.17835227230106945329
20.350000             -0.17948594933778996841
20.355000             -0.18060913412054435678
20.360000             -0.18171908780012141493
20.365000             -0.18281318454793019090
20.370000             -0.18388890963462678485
20.375000             -0.18494385276171301791
20.380000             -0.18597569757954227065
20.385000             -0.18698220856769195986
20.390000             -0.18796121661273038073
20.395000             -0.18891060468400627803
20.400000             -0.18982829497661474205
20.405000             -0.19071223876520720930
20.410000             -0.19156041000230103477
20.415000             -0.19237080341528259297
20.420000             -0.19314143752715534630
20.425000             -0.19387036267019858160
20.430000             -0.19455567370354334700
20.435000             -0.19519552680986765325
20.440000             -0.19578815945551894528
20.445000             -0.19633191237200328660
20.450000             -0.19682525226972921728
20.455000             -0.19726679393656137984
20.460000             -0.19765532040729025254
20.465000             -0.19798980001253796424
20.470000             -0.19826939931773832071
20.475000             -0.19849349123021484131
20.480000             -0.19866165786628825485
20.485000             -0.19877368810894421869
20.490000             -0.19882957012669552621
20.495000             -0.19882947944270221163
20.500000             -0.19877376341850611086
20.505000             -0.19866292323062542668
20.510000             -0.19849759455672960629
20.515000             -0.19827852824250688513
20.520000             -0.19800657218778608404
20.525000             -0.19768265557397829424
20.530000             -0.19730777636337479275
20.535000             -0.19688299274784332171
20.540000             -0.19640941892817131986
20.545000             -0.19588822528602739537
20.550000             -0.19532064269058521666
20.555000             -0.19470797038288412129
20.560000             -0.19405158662343313658
20.565000             -0.19335296108944230453
20.570000             -0.19261366788062656008
20.575000             -0.19183539794472445617
20.580000             -0.19101996976833793274
20.585000             -0.19016933729235671602
20.590000             -0.18928559419561982735
20.595000             -0.18837097393242271948
20.600000             -0.18742784519200467175
20.605000             -0.18645870275166415153
20.610000             -0.18546615399872001806
20.615000             -0.18445290167963715455
20.620000             -0.18342172367800663180
20.625000             -0.18237545081062947472
20.630000             -0.18131694375043533318
20.635000             -0.18024907022874459006
20.640000             -0.17917468363539121312
20.645000             -0.17809660402626811826
20.650000             -0.17701760237225719341
20.655000             -0.17594038865371264269
20.660000             -0.17486760413691826432
20.665000             -0.17380181788181137126
20.670000             -0.17274552724347624899
20.675000             -0.17170116186307493589
20.680000             -0.17067109041488903731
20.685000             -0.16965762920037197325
20.690000             -0.16866305156889194183
20.695000             -0.16768959710530750851
20.700000             -0.16673947955852849723
20.705000             -0.16581489258987464064
20.710000             -0.16491801258746935366
20.715000             -0.16405099801113642854
20.720000             -0.16321598498585321302
20.725000             -0.16241507913323247059
20.730000             -0.16165034390089702554
20.735000             -0.16092378590069963962
20.740000             -0.16023733798134900952
20.745000             -0.15959284092501971331
20.750000             -0.15899202475994589356
20.755000             -0.15843649071561036190
20.760000             -0.15792769481195581549
20.765000             -0.15746693397219169164
20.770000             -0.15705533538769850255
20.775000             -0.15669384965471094828
20.780000             -0.15638324796056565780
20.785000             -0.15612412333899008954
20.790000             -0.15591689575700065640
20.795000             -0.15576182055779938529
20.800000             -0.15565899958073289855
20.805000             -0.15560839412430804707
20.810000             -0.15560983882157583547
20.815000             -0.15566305546485906253
20.820000             -0.15576766585041770807
20.825000             -0.15592320281020044526
20.830000             -0.15612911875020205055
20.835000             -0.15638479121207379818
20.840000             -0.15668952520272247386
20.845000             -0.15704255227971428144
20.850000             -0.15744302662167411477
20.855000             -0.15789001853600892478
20.860000             -0.15838250604612996719
20.865000             -0.15891936534417946958
20.870000             -0.15949936098370215420
20.875000             -0.16012113671412600557
20.880000             -0.16078320782402022449
20.885000             -0.16148395576577043165
20.890000             -0.16222162568747197642
20.895000             -0.16299432730900406674
20.900000             -0.16380003936153947341
20.905000             -0.16463661757834816002
20.910000             -0.16550180599543107274
20.915000             -0.16639325110893687931
20.920000             -0.16730851825666137600
20.925000             -0.16824510945512416438
20.930000             -0.16920048184065925034
20.935000             -0.17017206583767963135
20.940000             -0.17115728221112408436
20.945000             -0.17215355725000031084
20.950000             -0.17315833546845776914
20.955000             -0.17416908938977540555
20.960000             -0.17518332618464396711
20.965000             -0.17619859115371214187
20.970000             -0.17721246826065889524
20.975000             -0.17822257812121369835
20.980000             -0.17922657402225389278
20.985000             -0.18022213667207379051
20.990000             -0.18120696845990644230
20.995000             -0.18217878802504494651
21.000000             -0.18313532590233705388
21.005000             -0.18407432192442091390
21.010000             -0.18499352492796894420
21.015000             -0.18589069514123104931
21.020000             -0.18676360943495076694
21.025000             -0.18761006941212277077
21.030000             -0.18842791210805306945
21.035000             -0.18921502288483021958
21.040000             -0.18996934994619915638
21.045000             -0.19068891978050633851
21.050000             -0.19137185276860507743
21.055000             -0.19201637817475145087
21.060000             -0.19262084777253085655
21.065000             -0.19318374744179037106
21.070000             -0.19370370620053606325
21.075000             -0.19417950229836977716
21.080000             -0.19461006618428686177
21.085000             -0.19499448035833563675
21.090000             -0.19533197631053103582
21.095000             -0.19562192892826832380
21.100000             -0.19586384890335936659
21.105000             -0.19605737378185958408
21.110000             -0.19620225836679677789
21.115000             -0.19629836520161644819
21.120000             -0.19634565583000668232
21.125000             -0.19634418344836043757
21.130000             -0.19629408744645168716
21.135000             -0.19619559017851806448
21.140000             -0.19604899613178711215
21.145000             -0.19585469347456274658
21.150000             -0.19561315778425839018
21.155000             -0.19532495758944803943
21.160000             -0.19499076122045902459
21.165000             -0.19461134435955815269
21.170000             -0.19418759762104917388
21.175000             -0.19372053347760803677
21.180000             -0.19321129188221702888
21.185000             -0.19266114401279665902
21.190000             -0.19207149368309053838
21.195000             -0.19144387611058791276
21.200000             -0.19077995389968063766
21.205000             -0.19008151027460826188
21.210000             -0.18935043976965282297
21.215000             -0.18858873674208823101
21.220000             -0.18779848220569847483
21.225000             -0.18698182958071227211
21.230000             -0.18614099001327355509
21.235000             -0.18527821793063403710
21.240000             -0.18439579746669501614
21.245000             -0.18349603031880273862
21.250000             -0.18258122548638666682
21.255000             -0.18165369120290975058
21.260000             -0.18071572921443118664
21.265000             -0.17976963139193169461
21.270000             -0.17881767850166244149
21.275000             -0.17786214080945031424
21.280000             -0.17690528007085387641
21.285000             -0.17594935236781678034
21.290000             -0.17499661119969611711
21.295000             -0.17404931022563921439
21.300000             -0.17310970508657788636
21.305000             -0.17218005380597153908
21.310000             -0.17126261537385531475
21.315000             -0.17035964625097721470
21.320000             -0.16947339467980868100
21.325000             -0.16860609284637254057
21.330000             -0.16775994709051109122
21.335000             -0.16693712650185249524
21.340000             -0.16613975035494513155
21.345000             -0.16536987492211960293
21.350000             -0.16462948025098736449
21.355000             -0.16392045750218625644
21.360000             -0.16324459741173086291
21.365000             -0.16260358037359165517
21.370000             -0.16199896853691464482
21.375000             -0.16143220018576970309
21.380000             -0.16090458652628125691
21.385000             -0.16041731085632154885
21.390000             -0.15997142994689700357
21.395000             -0.15956787733170785248
21.400000             -0.15920746809115648990
21.405000             -0.15889090463637756123
21.410000             -0.15861878295306067188
21.415000             -0.15839159875650055120
21.420000             -0.15820975303877840568
21.425000             -0.15807355655372093417
21.430000             -0.15798323288061597025
21.435000             -0.15793891982668600837
21.440000             -0.15794066906271081452
21.445000             -0.15798844402654385610
21.450000             -0.15808211626598386856
21.455000             -0.15822146051612093198
21.460000             -0.15840614890861068331
21.465000             -0.15863574478445105487
21.470000             -0.15890969662291035136
21.475000             -0.15922733260479896011
21.480000             -0.15958785629808097672
21.485000             -0.15999034389038799264
21.490000             -0.16043374330070322986
21.495000             -0.16091687538810806046
21.500000             -0.16143843734667739920
21.505000             -0.16199700824156157419
21.510000             -0.16259105651087646383
21.515000             -0.16321894914025547596
21.520000             -0.16387896211956975989
21.525000             -0.16456929172082365720
21.530000             -0.16528806609718627030
21.535000             -0.16603335669770552530
21.540000             -0.16680318902073673626
21.545000             -0.16759555228894099099
21.550000             -0.16840840771577605950
21.555000             -0.16923969514123285429
21.560000             -0.17008733793580832483
21.565000             -0.17094924619784471198
21.570000             -0.17182331839172637622
21.575000             -0.17270744168480242631
21.580000             -0.17359949133170793356
21.585000             -0.17449732952013752296
21.590000             -0.17539880412769642826
21.595000             -0.17630174784320384873
21.600000             -0.17720397807763110798
21.605000             -0.17810329803213270639
21.610000             -0.17899749920732510589
21.615000             -0.17988436553529849049
21.620000             -0.18076167920071656292
21.625000             -0.18162722809793621637
21.630000             -0.18247881475547128582
21.635000             -0.18331426645516790686
21.640000             -0.18413144618824411891
21.645000             -0.18492826402940445996
21.650000             -0.18570268847762053110
21.655000             -0.18645275730982902029
21.660000             -0.18717658752157489976
21.665000             -0.18787238398453715016
21.670000             -0.18853844653063719927
21.675000             -0.18917317527071347838
21.680000             -0.18977507406537849621
21.685000             -0.19034275217944568448
21.690000             -0.19087492426117133593
21.695000             -0.19137040888629283653
21.700000             -0.19182812598775550450
21.705000             -0.19224709354981078802
21.710000             -0.19262642397620732826
21.715000             -0.19296532054453327532
21.720000             -0.19326307433272363334
21.725000             -0.19351906195117354881
21.730000             -0.19373274433892001545
21.735000             -0.19390366679008597117
21.740000             -0.19403146027391360295
21.745000             -0.19411584400525971894
21.750000             -0.19415662911982095595
21.755000             -0.19415372321650811727
21.760000             -0.19410713545462457419
21.765000             -0.19401698184065110930
21.770000             -0.19388349031212373519
21.775000             -0.19370700522581324465
21.780000             -0.19348799088412216296
21.785000             -0.19322703378520159068
21.790000             -0.19292484335508519600
21.795000             -0.19258225100903469951
21.800000             -0.19220020748808411271
21.805000             -0.19177977851873206916
21.810000             -0.19132213894186700376
21.815000             -0.19082856554473226485
21.820000             -0.19030042890120554833
21.825000             -0.18973918457616362199
21.830000             -0.18914636407604482060
21.835000             -0.18852356592834951243
21.840000             -0.18787244724797164119
21.845000             -0.18719471609984861260
21.850000             -0.18649212489909963719
21.855000             -0.18576646500628660186
21.860000             -0.18501956258275914502
21.865000             -0.18425327567543267615
21.870000             -0.18346949240854090735
21.875000             -0.18267013007806690017
21.880000             -0.18185713487812976696
21.885000             -0.18103248194220364353
21.890000             -0.18019817535833801414
21.895000             -0.17935624781831530083
21.900000             -0.17850875958533199417
21.905000             -0.17765779651167082354
21.910000             -0.17680546690338908022
21.915000             -0.17595389710875330991
21.920000             -0.17510522579534359977
21.925000             -0.17426159697144952276
21.930000             -0.17342515189424947963
21.935000             -0.17259802008453550837
21.940000             -0.17178230973013183802
21.945000             -0.17098009780359327281
21.950000             -0.17019342024142355974
21.955000             -0.16942426253066361630
21.960000             -0.16867455102450990001
21.965000             -0.16794614526354648132
21.970000             -0.16724083151635760203
21.975000             -0.16656031767725790194
21.980000             -0.16590622957483103228
21.985000             -0.16528010865872524993
21.990000             -0.16468341094958352522
21.995000             -0.16411750706364872099
22.000000             -0.16358368306433179740
22.005000             -0.16308314185184646927
22.010000             -0.16261700478132684600
22.015000             -0.16218631320106477456
22.020000             -0.16179202962509203756
22.025000             -0.16143503829668900962
22.030000             -0.16111614495832535243
22.035000             -0.16083607571483243825
22.040000             -0.16059547495530110406
22.045000             -0.16039490237978207277
22.050000             -0.16023482925377460773
22.055000             -0.16011563408154555477
22.060000             -0.16003759794381644532
22.065000             -0.16000089978278084213
22.070000             -0.16000561193519924341
22.075000             -0.16005169621154408111
22.080000             -0.16013900079599094339
22.085000             -0.16026725820038401071
22.090000             -0.16043608444794557610
22.095000             -0.16064497959360146684
22.100000             -0.16089332961200580874
22.105000             -0.16118040960695526054
22.110000             -0.16150538822205634526
22.115000             -0.16186733306725825665
22.120000             -0.16226521692352685600
22.125000             -0.16269792445184072527
22.130000             -0.16316425911528001369
22.135000             -0.16366295002499803291
22.140000             -0.16419265844223621120
22.145000             -0.16475198370732679898
22.150000             -0.16533946842023147794
22.155000             -0.16595360276156412294
22.160000             -0.16659282791390464529
22.165000             -0.16725553861543232537
22.170000             -0.16794008494672130194
22.175000             -0.16864477351207377009
22.180000             -0.16936786822510882522
22.185000             -0.17010759094116945089
22.190000             -0.17086212219436813786
22.195000             -0.17162960229391568956
22.200000             -0.17240813301304669380
22.205000             -0.17319578006607871945
22.210000             -0.17399057651755345244
22.215000             -0.17479052720569146495
22.220000             -0.17559361419483943134
22.225000             -0.17639780320279457859
22.230000             -0.17720105088367660295
22.235000             -0.17800131278963485237
22.240000             -0.17879655178912201574
22.245000             -0.17958474668863819157
22.250000             -0.18036390079073708059
22.255000             -0.18113205012457395116
22.260000             -0.18188727110585348190
22.265000             -0.18262768741928198102
22.270000             -0.18335147596585099627
22.275000             -0.18405687177605159488
22.280000             -0.18474217185440336420
22.285000             -0.18540573798594045529
22.290000             -0.18604599859730996947
22.295000             -0.18666144981943669223
22.300000             -0.18725065594201228958
22.305000             -0.18781224947924821111
22.310000             -0.18834493107979666249
22.315000             -0.18884746951058040132
22.320000             -0.18931870192499883343
22.325000             -0.18975753459197453044
22.330000             -0.19016294421619214794
22.335000             -0.19053397992478893208
22.340000             -0.19086976593571275407
22.345000             -0.19116950486202624604
22.350000             -0.19143248154885625367
22.355000             -0.19165806728940612547
22.360000             -0.19184572422681261950
22.365000             -0.19199500972235072904
22.370000             -0.19210558045920614334
22.375000             -0.19217719605547584072
22.380000             -0.19220972197977106988
22.385000             -0.19220313159637059108
22.390000             -0.19215750721190452688
22.395000             -0.19207304004892583604
22.400000             -0.19195002912975489551
22.405000             -0.19178887911271680355
22.410000             -0.19159009717834218911
22.415000             -0.19135428911159682586
22.420000             -0.19108215476446269165
22.425000             -0.19077448310886194194
22.430000             -0.19043214710122666200
22.435000             -0.19005609857657465578
22.440000             -0.18964736337193124904
22.445000             -0.18920703684796583155
22.450000             -0.18873627993585562201
22.455000             -0.18823631578675548148
22.460000             -0.18770842704729936989
22.465000             -0.18715395372998638868
22.470000             -0.18657429159594271506
22.475000             -0.18597089092282759193
22.480000             -0.18534525549563479752
22.485000             -0.18469894163510530705
22.490000             -0.18403355706894769517
22.495000             -0.18335075945553258592
22.500000             -0.18265225438787310863
22.505000             -0.18193979273604135583
22.510000             -0.18121516722672389998
22.515000             -0.18048020820628959959
22.520000             -0.17973677858555067721
22.525000             -0.17898676801640744927
22.530000             -0.17823208639962265232
22.535000             -0.17747465686542521213
22.540000             -0.17671640840191107924
22.545000             -0.17595926832797165185
22.550000             -0.17520515481640772104
22.555000             -0.17445596966848889164
22.560000             -0.17371359152390272729
22.565000             -0.17297986966109746287
22.570000             -0.17225661850452711477
22.575000             -0.17154561290999889578
22.580000             -0.17084858425024135320
22.585000             -0.17016721727347439153
22.590000             -0.16950314766136684308
22.595000             -0.16885796017252796553
22.600000             -0.16823318722627855770
22.605000             -0.16763030776077941786
22.610000             -0.16705074619121698665
22.615000             -0.16649587129773485428
22.620000             -0.16596699488915153675
22.625000             -0.16546537011555473295
22.630000             -0.16499218933902445872
22.635000             -0.16454858151409876288
22.640000             -0.16413560907546084766
22.645000             -0.16375426437629087006
22.650000             -0.16340546576376771548
22.655000             -0.16309005341532029076
22.660000             -0.16280878508788979020
22.665000             -0.16256233195085259546
22.670000             -0.16235127468002943929
22.675000             -0.16217609998514964653
22.680000             -0.16203719772650568287
22.685000             -0.16193485874965315996
22.690000             -0.16186927353168506505
22.695000             -0.16184053169135523276
22.700000             -0.16184862237089800430
22.705000             -0.16189343545291254300
22.710000             -0.16197476353400322435
22.715000             -0.16209230454095277518
22.720000             -0.16224566484720515103
22.725000             -0.16243436272935291020
22.730000             -0.16265783199608477294
22.735000             -0.16291542562616237455
22.740000             -0.16320641926690548917
22.745000             -0.16353001446936854535
22.750000             -0.16388534156889941751
22.755000             -0.16427146215797777673
22.760000             -0.16468737113923342941
22.765000             -0.16513199838765832417
22.770000             -0.16560421008931724973
22.775000             -0.16610280985677039478
22.780000             -0.16662653974668117929
22.785000             -0.16717408132107411389
22.790000             -0.16774405689933108432
22.795000             -0.16833503114302797443
22.800000             -0.16894551310046107551
22.805000             -0.16957395881339543120
22.810000             -0.17021877455678938174
22.815000             -0.17087832074536740690
22.820000             -0.17155091650134210446
22.825000             -0.17223484483811565826
22.830000             -0.17292835837809703015
22.835000             -0.17362968549121859940
22.840000             -0.17433703671663253187
22.845000             -0.17504861131465407342
22.850000             -0.17576260379068395223
22.855000             -0.17647721023737419910
22.860000             -0.17719063435577883658
22.865000             -0.17790109303914264371
22.870000             -0.17860682143305253722
22.875000             -0.17930607742050388986
22.880000             -0.17999714551782766692
22.885000             -0.18067834020466203016
22.890000             -0.18134800874581236130
22.895000             -0.18200453359250823304
22.900000             -0.18264633447337808025
22.905000             -0.18327187029980340771
22.910000             -0.18387964101546286355
22.915000             -0.18446818951542318099
22.920000             -0.18503610374662909921
22.925000             -0.18558201907998528313
22.930000             -0.18610462101611832675
22.935000             -0.18660264825419567436
22.940000             -0.18707489611832869847
22.945000             -0.18752022030136472619
22.950000             -0.18793754085377878393
22.955000             -0.18832584631805340813
22.960000             -0.18868419788823251326
22.965000             -0.18901173346164362732
22.970000             -0.18930767144594315421
22.975000             -0.18957131418979575321
22.980000             -0.18980205091935262174
22.985000             -0.18999936008416143385
22.990000             -0.19016281104374013755
22.995000             -0.19029206505798135218
23.000000             -0.19038687557840897058
23.005000             -0.19044708787109909665
23.010000             -0.19047263803322442288
23.015000             -0.19046355149189139744
23.020000             -0.19041994109425450232
23.025000             -0.19034200491067412853
23.030000             -0.19023002387707521610
23.035000             -0.19008435939851225926
23.040000             -0.18990545102364056462
23.045000             -0.18969381428029866155
23.050000             -0.18945003873709562181
23.055000             -0.18917478632668691119
23.060000             -0.18886878993522099313
23.065000             -0.18853285223160515249
23.070000             -0.18816784468172687017
23.075000             -0.18777470666865023197
23.080000             -0.18735444462168374113
23.085000             -0.18690813104624887098
23.090000             -0.18643690334346377235
23.095000             -0.18594196231337722924
23.100000             -0.18542457024847136537
23.105000             -0.18488604854354911966
23.110000             -0.18432777477292194845
23.115000             -0.18375117921439690361
23.120000             -0.18315774082973890202
23.125000             -0.18254898274122494106
23.130000             -0.18192646727139050178
23.135000             -0.18129179063641559511
23.140000             -0.18064657740116057960
23.145000             -0.17999247481457084086
23.150000             -0.17933114714734008088
23.155000             -0.17866427014921301697
23.160000             -0.17799352573153737200
23.165000             -0.17732059696245588976
23.170000             -0.17664716343884623306
23.175000             -0.17597489707231289691
23.180000             -0.17530545829817620329
23.185000             -0.17464049268830844630
23.190000             -0.17398162792289470491
23.195000             -0.17333047105431304002
23.200000             -0.17268860597994620254
23.205000             -0.17205759103076945227
23.210000             -0.17143895657973004520
23.215000             -0.17083420257828069166
23.220000             -0.17024479594062852383
23.225000             -0.16967216771242302209
23.230000             -0.16911770998256295262
23.235000             -0.16858277252188691442
23.240000             -0.16806865915909069420
23.245000             -0.16757662393034672421
23.250000             -0.16710786706300914672
23.255000             -0.16666353087390875509
23.260000             -0.16624469567756783306
23.265000             -0.16585237580840589411
23.270000             -0.16548751586287727133
23.275000             -0.16515098726260554751
23.280000             -0.16484358522812581072
23.285000             -0.16456602623581034761
23.290000             -0.16431894600893012792
23.295000             -0.16410289806927977341
23.300000             -0.16391835284984598853
23.305000             -0.16376569734351334451
23.310000             -0.16364523523942742234
23.315000             -0.16355718747888903231
23.320000             -0.16350169314787788011
23.325000             -0.16347881061436947414
23.330000             -0.16348851881607567860
23.335000             -0.16353071860815673877
23.340000             -0.16360523409050523047
23.345000             -0.16371181384955932336
23.350000             -0.16385013206918247475
23.355000             -0.16401978948752940490
23.360000             -0.16422031420039071015
23.365000             -0.16445116233468951017
23.370000             -0.16471171863689354486
23.375000             -0.16500129703874705234
23.380000             -0.16531914127565108807
23.385000             -0.16566442564039171592
23.390000             -0.16603625595625967626
23.395000             -0.16643367084881813267
23.400000             -0.16685564338508190874
23.405000             -0.16730108313333641457
23.410000             -0.16776883867737873990
23.415000             -0.16825770059695932535
23.420000             -0.16876640490304742337
23.425000             -0.16929363689396237369
23.430000             -0.16983803537773792258
23.435000             -0.17039819718886226041
23.440000             -0.17097268191475134547
23.445000             -0.17156001673987644751
23.450000             -0.17215870131377278285
23.455000             -0.17276721255326307758
23.460000             -0.17338400929882571977
23.465000             -0.17400753675932656428
23.470000             -0.17463623069744149685
23.475000             -0.17526852132851389321
23.480000             -0.17590283692720484754
23.485000             -0.17653760715728775144
23.490000             -0.17717126615916861665
23.495000             -0.17780225544571087726
23.500000             -0.17842902666868690198
23.505000             -0.17905004432498744515
23.510000             -0.17966378847304398381
23.515000             -0.18026875752585855284
23.520000             -0.18086347117783227456
23.525000             -0.18144647350896428439
23.530000             -0.18201633629293514915
23.535000             -0.18257166251627113263
23.540000             -0.18311109009561876704
23.545000             -0.18363329576044359892
23.550000             -0.18413699905069949581
23.555000             -0.18462096636423541707
23.560000             -0.18508401497808207870
23.565000             -0.18552501696188125613
23.570000             -0.18594290290099679819
23.575000             -0.18633666535135548492
23.580000             -0.18670536195737394425
23.585000             -0.18704811817788496997
23.590000             -0.18736412958178025323
23.595000             -0.18765266369399366542
23.600000             -0.18791306139223643012
23.605000             -0.18814473787411950534
23.610000             -0.18834718323184446165
23.615000             -0.18851996268616286190
23.620000             -0.18866271654208757735
23.625000             -0.18877515993497523406
23.630000             -0.18885708243699250719
23.635000             -0.18890834759036650992
23.640000             -0.18892889242573857045
23.645000             -0.18891872701184470040
23.650000             -0.18887793406766281712
23.655000             -0.18880666865104264729
23.660000             -0.18870515792008299427
23.665000             -0.18857370094610709232
23.670000             -0.18841266854158270072
23.675000             -0.18822250305341906018
23.680000             -0.18800371806300433808
23.685000             -0.18775689792943184298
23.690000             -0.18748269711212636746
23.695000             -0.18718183921346959186
23.700000             -0.18685511569062079884
23.705000             -0.18650338419815115643
23.710000             -0.18612756653827156050
23.715000             -0.18572864621244206118
23.720000             -0.18530766558586500570
23.725000             -0.18486572269342863017
23.730000             -0.18440396773121595086
23.735000             -0.18392359929039034383
23.740000             -0.18342586039960373512
23.745000             -0.18291203444716133686
23.750000             -0.18238344105502318770
23.755000             -0.18184143197302146677
23.760000             -0.18128738705403604770
23.765000             -0.18072271035959322494
23.770000             -0.18014882643145263552
23.775000             -0.17956717674911026883
23.780000             -0.17897921637684330309
23.785000             -0.17838641078818343044
23.790000             -0.17779023284146627804
23.795000             -0.17719215986845518462
23.800000             -0.17659367082964941287
23.805000             -0.17599624348537398766
23.810000             -0.17540135153134339685
23.815000             -0.17481046165109612178
23.820000             -0.17422503044521472915
23.825000             -0.17364650120803434841
23.830000             -0.17307630053580652651
23.835000             -0.17251583476512352688
23.840000             -0.17196648625575391978
23.845000             -0.17142960954684752228
23.850000             -0.17090652742873452263
23.855000             -0.17039852698332155767
23.860000             -0.16990685565371152488
23.865000             -0.16943271740758070187
23.870000             -0.16897726905882695658
23.875000             -0.16854161680804852219
23.880000             -0.16812681305483603844
23.885000             -0.16773385352416619876
23.890000             -0.16736367473611432621
23.895000             -0.16701715183358115113
23.900000             -0.16669509676765981165
23.905000             -0.16639825682575490329
23.910000             -0.16612731347448042585
23.915000             -0.16588288147862217947
23.920000             -0.16566550824969711320
23.925000             -0.16547567337337690252
23.930000             -0.16531378826448034358
23.935000             -0.16518019590136118202
23.940000             -0.16507517059805598691
23.945000             -0.16499891778198930159
23.950000             -0.16495157375667340860
23.955000             -0.16493320544185452459
23.960000             -0.16494381009697081653
23.965000             -0.16498331504673907633
23.970000             -0.16505157743915033208
23.975000             -0.16514838407545959220
23.980000             -0.16527345135815454946
23.985000             -0.16542642540599405976
23.990000             -0.16560688238482182411
23.995000             -0.16581432909895760242
24.000000             -0.16604820388088153971
24.005000             -0.16630787780710798440
24.010000             -0.16659265625624716800
24.015000             -0.16690178081213605243
24.020000             -0.16723443150139410962
24.025000             -0.16758972934177948644
24.030000             -0.16796673916612556154
24.035000             -0.16836447267716209142
24.040000             -0.16878189168182017310
24.045000             -0.16921791145004397294
24.050000             -0.16967140414291398409
24.055000             -0.17014120225800141717
24.060000             -0.17062610204599307218
24.065000             -0.17112486686142447390
24.070000             -0.17163623042098738458
24.075000             -0.17215889995486893804
24.080000             -0.17269155924873530461
24.085000             -0.17323287158585001788
24.090000             -0.17378148260919024093
24.095000             -0.17433602313198462430
24.100000             -0.17489511193091103469
24.105000             -0.17545735855919783464
24.110000             -0.17602136621662906046
24.115000             -0.17658573471019362033
24.120000             -0.17714906353297896202
24.125000             -0.17770995508037024102
24.130000             -0.17826701801231192857
24.135000             -0.17881887075897065498
24.140000             -0.17936414515549012338
24.145000             -0.17990149018035631046
24.150000             -0.18042957576204765591
24.155000             -0.18094709661073749007
24.160000             -0.18145277602638035241
24.165000             -0.18194536963197485702
24.170000             -0.18242366898119227736
24.175000             -0.18288650499297914864
24.180000             -0.18333275117186184633
24.185000             -0.18376132658106036910
24.190000             -0.18417119854568900217
24.195000             -0.18456138507443189956
24.200000             -0.18493095699955033884
24.205000             -0.18527903984599991549
24.210000             -0.18560481545020685035
24.215000             -0.18590752335693522257
24.220000             -0.18618646202828270653
24.225000             -0.18644098990172305874
24.230000             -0.18667052633420896934
24.235000             -0.18687455246668527309
24.240000             -0.18705261203807518888
24.245000             -0.18720431217054042672
24.250000             -0.18732932413874731070
24.255000             -0.18742738412612361398
24.260000             -0.18749829396085151978
24.265000             -0.18754192181486495361
24.270000             -0.18755820284053373315
24.275000             -0.18754713971320077781
24.280000             -0.18750880304312148028
24.285000             -0.18744333161861453929
24.290000             -0.18735093244286368797
24.295000             -0.18723188053031539213
24.300000             -0.18708651843432402839
24.305000             -0.18691525548557719194
24.310000             -0.18671856673003789373
24.315000             -0.18649699156536805877
24.320000             -0.18625113208506305362
24.325000             -0.18598165114943163156
24.330000             -0.18568927021121967025
24.335000             -0.18537476693073218215
24.340000             -0.18503897262015348013
24.345000             -0.18468276955926213323
24.350000             -0.18430708822460628582
24.355000             -0.18391290447166086519
24.360000             -0.18350123670456444658
24.365000             -0.18307314306131677872
24.370000             -0.18262971863406857187
24.375000             -0.18217209273517137591
24.380000             -0.18170142621041637798
24.385000             -0.18121890879218027770
24.390000             -0.18072575647747562977
24.395000             -0.18022320890985132902
24.400000             -0.17971252673993584614
24.405000             -0.17919498893764787550
24.410000             -0.17867189002957589716
24.415000             -0.17814453723798190365
24.420000             -0.17761424750279866669
24.425000             -0.17708234437480804835
24.430000             -0.17655015477616628483
24.435000             -0.17601900563324959781
24.440000             -0.17549022039564096676
24.445000             -0.17496511546350468347
24.450000             -0.17444499655292372564
24.455000             -0.17393115503456282878
24.460000             -0.17342486428488787520
24.465000             -0.17292737609081323957
24.470000             -0.17243991714804615678
24.475000             -0.17196368569050318742
24.480000             -0.17149984828331610309
24.485000             -0.17104953680531370663
24.490000             -0.17061384563908757461
24.495000             -0.17019382907817359740
24.500000             -0.16979049895224462841
24.505000             -0.16940482246296137414
24.510000             -0.16903772021588389651
24.515000             -0.16869006442805467572
24.520000             -0.16836267728685036515
24.525000             -0.16805632943378057131
24.530000             -0.16777173854707433387
24.535000             -0.16750956799919991536
24.540000             -0.16727042556959464958
24.545000             -0.16705486219864887354
24.550000             -0.16686337077579038723
24.555000             -0.16669638496209296386
24.560000             -0.16655427805530564900
24.565000             -0.16643736191247135436
24.570000             -0.16634588595131621913
24.575000             -0.16628003625654344533
24.580000             -0.16623993482002624722
24.585000             -0.16622563894515737792
24.590000             -0.16623714084450452733
24.595000             -0.16627436745712961819
24.600000             -0.16633718050711593373
24.605000             -0.16642537681872202060
24.610000             -0.16653868889629183658
24.615000             -0.16667678576922331790
24.620000             -0.16683927409438070733
24.625000             -0.16702569950085757733
24.630000             -0.16723554815545488283
24.635000             -0.16746824852202651934
24.640000             -0.16772317328427840954
24.645000             -0.16799964139993320278
24.650000             -0.16829692025438161562
24.655000             -0.16861422788411140061
24.660000             -0.16895073524396109210
24.665000             -0.16930556849754860305
24.670000             -0.16967781131636899827
24.675000             -0.17006650717994822863
24.680000             -0.17047066167622235144
24.685000             -0.17088924480785477877
24.690000             -0.17132119331572828735
24.695000             -0.17176541303527370630
24.700000             -0.17222078130401688445
24.705000             -0.17268614943987309340
24.710000             -0.17316034530889087839
24.715000             -0.17364217599873946196
24.720000             -0.17413043061009994550
24.725000             -0.17462388317283597527
24.730000             -0.17512129568751544362
24.735000             -0.17562142128612590053
24.740000             -0.17612300749905332453
24.745000             -0.17662479960904681198
24.750000             -0.17712554406742750390
24.755000             -0.17762399194354225318
24.760000             -0.17811890237572547413
24.765000             -0.17860904599097632284
24.770000             -0.17909320826124555670
24.775000             -0.17957019276658203744
24.780000             -0.18003882433932019702
24.785000             -0.18049795206855126506
24.790000             -0.18094645215023988372
24.795000             -0.18138323057474611821
24.800000             -0.18180722565018322956
24.805000             -0.18221741036609434561
24.810000             -0.18261279460740437175
24.815000             -0.18299242723275965794
24.820000             -0.18335539803426917360
24.825000             -0.18370083959687996678
24.830000             -0.18402792907532883326
24.835000             -0.18433588990464366830
24.840000             -0.18462399345692684371
24.845000             -0.18489156065264000794
24.850000             -0.18513796352941089274
24.855000             -0.18536262676566370167
24.860000             -0.18556502915072617399
24.865000             -0.18574470498775402794
24.870000             -0.18590124541134736558
24.875000             -0.18603429959830244944
24.880000             -0.18614357584793361777
24.885000             -0.18622884250780988302
24.890000             -0.18628992872180871743
24.895000             -0.18632672497980537485
24.900000             -0.18633918345223526858
24.905000             -0.18632731809755614938
24.910000             -0.18629120453643183142
24.915000             -0.18623097969239710281
24.920000             -0.18614684120494021102
24.925000             -0.18603904662652570590
24.930000             -0.18590791242008514184
24.935000             -0.18575381277732505581
24.940000             -0.18557717828085149026
24.945000             -0.18537849443423151663
24.950000             -0.18515830008386813255
24.955000             -0.18491718575480350917
24.960000             -0.18465579191964370809
24.965000             -0.18437480721575241760
24.970000             -0.18407496662118325026
24.975000             -0.18375704959467686894
24.980000             -0.18342187817999175414
24.985000             -0.18307031507003757032
24.990000             -0.18270326162229316713
