# time u2_x
0.005000              0.00000000000000000000
0.010000              0.00000060517893258078
0.015000              0.00000166510152636535
0.020000              0.00000317890430784879
0.025000              0.00000515229497729761
0.030000              0.00000759398578535895
0.035000              0.00001050944339235481
0.040000              0.00001390503553526079
0.045000              0.00001778482875026719
0.050000              0.00002214424375277896
0.055000              0.00002697469382047704
0.060000              0.00003225938450257301
0.065000              0.00003797462192834527
0.070000              0.00004409541084695586
0.075000              0.00005059232427218747
0.080000              0.00005743902412173796
0.085000              0.00006460442622998590
0.090000              0.00007205761919020333
0.095000              0.00007976347753067657
0.100000              0.00008768684334251980
0.105000              0.00009579179381754373
0.110000              0.00010405720146245418
0.115000              0.00011244770998628343
0.120000              0.00012094387444311252
0.125000              0.00012951865015869757
0.130000              0.00013815171930335862
0.135000              0.00014681896088744652
0.140000              0.00015548113247403067
0.145000              0.00016409460105674568
0.150000              0.00017259830799519442
0.155000              0.00018094763095948717
0.160000              0.00018909066120989651
0.165000              0.00019701170776794609
0.170000              0.00020466559901532525
0.175000              0.00021205397330318997
0.180000              0.00021917768805564878
0.185000              0.00022603961316502180
0.190000              0.00023264866706445946
0.195000              0.00023900483680035429
0.200000              0.00024509613983955653
0.205000              0.00025088822607064387
0.210000              0.00025635653314005105
0.215000              0.00026143938694777967
0.220000              0.00026606182314300574
0.225000              0.00027011704034148395
0.230000              0.00027347017094604204
0.235000              0.00027598662297794021
0.240000              0.00027750977427214895
0.245000              0.00027786866481105198
0.250000              0.00027699049488038614
0.255000              0.00027473828175685354
0.260000              0.00027127050119092123
0.265000              0.00026666681000310304
0.270000              0.00026101051687818386
0.275000              0.00025434936194894517
0.280000              0.00024672069022084009
0.285000              0.00023800308377132145
0.290000              0.00022822500394204475
0.295000              0.00021737990934656281
0.300000              0.00020552621384374443
0.305000              0.00019273959141438455
0.310000              0.00017910467283232322
0.315000              0.00016471423632357832
0.320000              0.00014959288238419914
0.325000              0.00013376942300193426
0.330000              0.00011723985691508031
0.335000              0.00010002873517961781
0.340000              0.00008215840681569808
0.345000              0.00006371043394950705
0.350000              0.00004479937251726187
0.355000              0.00002559589638249077
0.360000              0.00000629929384444138
0.365000             -0.00001287694963238021
0.370000             -0.00003189607429675775
0.375000             -0.00005076582330355815
0.380000             -0.00006956275339500538
0.385000             -0.00008839258370049460
0.390000             -0.00010725237688413356
0.395000             -0.00012611727811055284
0.400000             -0.00014483291000214516
0.405000             -0.00016321915802205533
0.410000             -0.00018109750104052563
0.415000             -0.00019828858060653352
0.420000             -0.00021468970439615786
0.425000             -0.00023022248964675975
0.430000             -0.00024483121376473312
0.435000             -0.00025849080181795741
0.440000             -0.00027116547321777657
0.445000             -0.00028281780804718384
0.450000             -0.00029340460804872588
0.455000             -0.00030287211511069353
0.460000             -0.00031127197539803020
0.465000             -0.00031862593758784136
0.470000             -0.00032527081075337276
0.475000             -0.00033163020690399878
0.480000             -0.00033825156313781483
0.485000             -0.00034573345739190617
0.490000             -0.00035459676652046526
0.495000             -0.00036536393997460217
0.500000             -0.00037847162726870764
0.505000             -0.00039435043536300115
0.510000             -0.00041344600998572659
0.515000             -0.00043619140748276796
0.520000             -0.00046280146349705545
0.525000             -0.00049341560718080897
0.530000             -0.00052781787758817073
0.535000             -0.00056575667989430909
0.540000             -0.00060701026823792401
0.545000             -0.00065145529258697321
0.550000             -0.00069844429671568088
0.555000             -0.00074742814049497076
0.560000             -0.00079761903678436771
0.565000             -0.00084839245776182411
0.570000             -0.00089920071164884213
0.575000             -0.00094959825943408442
0.580000             -0.00099917041851163872
0.585000             -0.00104758113411037332
0.590000             -0.00109438923549762344
0.595000             -0.00113919542594697015
0.600000             -0.00118136049729661774
0.605000             -0.00122035404784262471
0.610000             -0.00125550974100950780
0.615000             -0.00128645496634068046
0.620000             -0.00131278695971768123
0.625000             -0.00133430474622750440
0.630000             -0.00135087344517644805
0.635000             -0.00136257280833462996
0.640000             -0.00136947464151775762
0.645000             -0.00137172930201014402
0.650000             -0.00136945647843028564
0.655000             -0.00136258771134932510
0.660000             -0.00135134467320342723
0.665000             -0.00133592686106851735
0.670000             -0.00131716154329546381
0.675000             -0.00129596158401194838
0.680000             -0.00127331430671546943
0.685000             -0.00125041309407441874
0.690000             -0.00122761370285231564
0.695000             -0.00120534018306744776
0.700000             -0.00118341484256566983
0.705000             -0.00116168102886178288
0.710000             -0.00113966584966696113
0.715000             -0.00111690226707499896
0.720000             -0.00109278730679298686
0.725000             -0.00106662397943523305
0.730000             -0.00103756311945592847
0.735000             -0.00100472982105525568
0.740000             -0.00096720128897496613
0.745000             -0.00092430995452110344
0.750000             -0.00087530493390334467
0.755000             -0.00081958291893417475
0.760000             -0.00075686605955001805
0.765000             -0.00068702104924791044
0.770000             -0.00061055868942573339
0.775000             -0.00052835551052544396
0.780000             -0.00044165069418625658
0.785000             -0.00035199822408188278
0.790000             -0.00026035137832137843
0.795000             -0.00016767122860123390
0.800000             -0.00007457311649023237
0.805000              0.00001827464525066296
0.810000              0.00011005165611912345
0.815000              0.00019980101788789903
0.820000              0.00028647144824359486
0.825000              0.00036894251089114214
0.830000              0.00044616127151587894
0.835000              0.00051711652775295047
0.840000              0.00058121262130529042
0.845000              0.00063795703499122300
0.850000              0.00068714762145202335
0.855000              0.00072870262616460369
0.860000              0.00076270359570512335
0.865000              0.00078931152186151440
0.870000              0.00080907494227714879
0.875000              0.00082266302307956968
0.880000              0.00083101299519389171
0.885000              0.00083500974827938165
0.890000              0.00083628282713564225
0.895000              0.00083638064263158831
0.900000              0.00083723876291535613
0.905000              0.00084076157818758286
0.910000              0.00084847985698583816
0.915000              0.00086165630269668448
0.920000              0.00088086486008171286
0.925000              0.00090640296703806697
0.930000              0.00093847351047003928
0.935000              0.00097688686832848371
0.940000              0.00102180996989420557
0.945000              0.00107343883630495358
0.950000              0.00113185537869293982
0.955000              0.00119715755144273297
0.960000              0.00126886770722903653
0.965000              0.00134624968651154303
0.970000              0.00142840148092139552
0.975000              0.00151433811193865783
0.980000              0.00160334646706810713
0.985000              0.00169466241468602227
0.990000              0.00178777258588074320
0.995000              0.00188195903807549078
1.000000              0.00197650535948357521
1.005000              0.00207026212816171324
1.010000              0.00216156674326218896
1.015000              0.00224856720511357666
1.020000              0.00232957126653266736
1.025000              0.00240268899648692904
1.030000              0.00246648471600928497
1.035000              0.00251985513914982631
1.040000              0.00256155755626017801
1.045000              0.00259050925669825289
1.050000              0.00260510213713816734
1.055000              0.00260368450433638233
1.060000              0.00258473826515427879
1.065000              0.00254690351506978423
1.070000              0.00248997592049749307
1.075000              0.00241440416945130519
1.080000              0.00232130651683967433
1.085000              0.00221229028176734600
1.090000              0.00208943027642000687
1.095000              0.00195514610507199456
1.100000              0.00181207021449590177
1.105000              0.00166309769550900119
1.110000              0.00151083981569505158
1.115000              0.00135776967262631423
1.120000              0.00120538198765557901
1.125000              0.00105476256988895384
1.130000              0.00090612981695828323
1.135000              0.00075951194457234725
1.140000              0.00061447134096331922
1.145000              0.00047025575783524290
1.150000              0.00032590179432514361
1.155000              0.00018015709708302921
1.160000              0.00003146720270402990
1.165000             -0.00012203297726027092
1.170000             -0.00028186895211513446
1.175000             -0.00044968422178705839
1.180000             -0.00062607244038210804
1.185000             -0.00081157079934147513
1.190000             -0.00100608462393361048
1.195000             -0.00120941873593030354
1.200000             -0.00142098038664753307
1.205000             -0.00164025995366228589
1.210000             -0.00186645092339531417
1.215000             -0.00209858585834653017
1.220000             -0.00233540009555209711
1.225000             -0.00257535807985457806
1.230000             -0.00281619521218521608
1.235000             -0.00305544000453591372
1.240000             -0.00329011257158939342
1.245000             -0.00351738428677663339
1.250000             -0.00373403858866261764
1.255000             -0.00393675338764581158
1.260000             -0.00412269844541264616
1.265000             -0.00428921564840080687
1.270000             -0.00443409202154687165
1.275000             -0.00455586751512079748
1.280000             -0.00465333374374718011
1.285000             -0.00472656154019633450
1.290000             -0.00477566282459931154
1.295000             -0.00480240062982695021
1.300000             -0.00480743613652761127
1.305000             -0.00479414672130970554
1.310000             -0.00476400735829200350
1.315000             -0.00471915811625920993
1.320000             -0.00466153327554541617
1.325000             -0.00459270194102956702
1.330000             -0.00451439550780283628
1.335000             -0.00442857014488236365
1.340000             -0.00433777512803130028
1.345000             -0.00424283891024291367
1.350000             -0.00414586379370487576
1.355000             -0.00404724368764034902
1.360000             -0.00394767199771725585
1.365000             -0.00384573592620130302
1.370000             -0.00374057740193614076
1.375000             -0.00363066172647579953
1.380000             -0.00351484169802924627
1.385000             -0.00339178861200596605
1.390000             -0.00326063255669861675
1.395000             -0.00312075862385915873
1.400000             -0.00297170124452219003
1.405000             -0.00281335273985690087
1.410000             -0.00264596247632187774
1.415000             -0.00247011960934476540
1.420000             -0.00228720490378764383
1.425000             -0.00209889765960180868
1.430000             -0.00190749726800541470
1.435000             -0.00171524326467293459
1.440000             -0.00152437326406884544
1.445000             -0.00133641726238452698
1.450000             -0.00115302185882081520
1.455000             -0.00097495476089466508
1.460000             -0.00080321345833072818
1.465000             -0.00063832316091846854
1.470000             -0.00048043163417806311
1.475000             -0.00032933296815719102
1.480000             -0.00018431454149413145
1.485000             -0.00004436113271609716
1.490000              0.00009173223072078592
1.495000              0.00022523151445619864
1.500000              0.00035728342967712679
1.505000              0.00048898844880488907
1.510000              0.00062100712374869144
1.515000              0.00075380889687031252
1.520000              0.00088761908651864899
1.525000              0.00102249348780708333
1.530000              0.00115811631571786596
1.535000              0.00129408054463482289
1.540000              0.00142958364506884611
1.545000              0.00156377984522231548
1.550000              0.00169595372158956050
1.555000              0.00182545133104695728
1.560000              0.00195147942416123272
1.565000              0.00207342383460355772
1.570000              0.00219005839422844670
1.575000              0.00230010915075878203
1.580000              0.00240175545359694537
1.585000              0.00249293203840478305
1.590000              0.00257285412700683242
1.595000              0.00264096086200186261
1.600000              0.00269844733638433670
1.605000              0.00274715243134914747
1.610000              0.00278899609827948326
1.615000              0.00282632896077946935
1.620000              0.00286047905563853629
1.625000              0.00289265780501476999
1.630000              0.00292384500323293649
1.635000              0.00295533841780404446
1.640000              0.00298832881668465713
1.645000              0.00302460957447128450
1.650000              0.00306561113471323079
1.655000              0.00311282610862141261
1.660000              0.00316690975287615972
1.665000              0.00322813757625588574
1.670000              0.00329509967062438730
1.675000              0.00336556763084796401
1.680000              0.00343616513087469230
1.685000              0.00350245452105789334
1.690000              0.00356019013540220764
1.695000              0.00360507024735408658
1.700000              0.00363323838203531051
1.705000              0.00364113064691872195
1.710000              0.00362494533679455933
1.715000              0.00358160869828442335
1.720000              0.00350856959674139069
1.725000              0.00340394178997565971
1.730000              0.00326710406346290404
1.735000              0.00309812751978047083
1.740000              0.00289784694113400746
1.745000              0.00266795761338624359
1.750000              0.00241068815584987838
1.755000              0.00212833404907244398
1.760000              0.00182377966139476034
1.765000              0.00149969972168562419
1.770000              0.00115885915333181658
1.775000              0.00080376430610333430
1.780000              0.00043675400622025876
1.785000              0.00005968311150590492
1.790000             -0.00032641491123060272
1.795000             -0.00072099886889787068
1.800000             -0.00112404378472397083
1.805000             -0.00153593243207720718
1.810000             -0.00195657968353539361
1.815000             -0.00238601745292523360
1.820000             -0.00282324022614198521
1.825000             -0.00326714049746041789
1.830000             -0.00371547584116123809
1.835000             -0.00416566625256391439
1.840000             -0.00461467070170619269
1.845000             -0.00505919395606421740
1.850000             -0.00549599968249262199
1.855000             -0.00592196277048844845
1.860000             -0.00633437202879801042
1.865000             -0.00673168623207183025
1.870000             -0.00711083704926278055
1.875000             -0.00746960213124294239
1.880000             -0.00780373405918900059
1.885000             -0.00810970398326391929
1.890000             -0.00838316770260576563
1.895000             -0.00861994352117795813
1.900000             -0.00881583869854010715
1.905000             -0.00896752837794865393
1.910000             -0.00907171525862470601
1.915000             -0.00912534668162223554
1.920000             -0.00912606825663932371
1.925000             -0.00907132660433196750
1.930000             -0.00895998574695650550
1.935000             -0.00879103270535794984
1.940000             -0.00856671785052309613
1.945000             -0.00828873441041067839
1.950000             -0.00796096554760650742
1.955000             -0.00758886540324730380
1.960000             -0.00717862282512903103
1.965000             -0.00673770051684534181
1.970000             -0.00627269058258600725
1.975000             -0.00579166811330714040
1.980000             -0.00529966871747458625
1.985000             -0.00480239442712829864
1.990000             -0.00430309549530262340
1.995000             -0.00380413914573855989
2.000000             -0.00330728089925825131
2.005000             -0.00281280335180800114
2.010000             -0.00232075452472413216
2.015000             -0.00183026212702702760
2.020000             -0.00134136008969205651
2.025000             -0.00085292366132439976
2.030000             -0.00036459068480910247
2.035000              0.00012419687496723341
2.040000              0.00061340748864251095
2.045000              0.00110270640034568559
2.050000              0.00159126669604026604
2.055000              0.00207768722743689955
2.060000              0.00256044659985692853
2.065000              0.00303769619025131979
2.070000              0.00350738926843414131
2.075000              0.00396728655227139744
2.080000              0.00441541858444897788
2.085000              0.00484990273092932109
2.090000              0.00526912497489723068
2.095000              0.00567204470659014599
2.100000              0.00605664989885344642
2.105000              0.00642236988701996251
2.110000              0.00676834413815204788
2.115000              0.00709604879392297747
2.120000              0.00740471552255260543
2.125000              0.00769637110030987025
2.130000              0.00797259196338252069
2.135000              0.00823609405782736205
2.140000              0.00848980036912950868
2.145000              0.00873681594510873454
2.150000              0.00897989380860737992
2.155000              0.00922326329423456097
2.160000              0.00946957838477668033
2.165000              0.00972258269058822247
2.170000              0.00998456674456772199
2.175000              0.01026023790962026817
2.180000              0.01055148706431956358
2.185000              0.01086085958036078943
2.190000              0.01118829341887269020
2.195000              0.01153476908033216133
2.200000              0.01189882044743593645
2.205000              0.01227883538507905381
2.210000              0.01267008476039913588
2.215000              0.01307045117155028642
2.220000              0.01347298220480451676
2.225000              0.01387220486875114130
2.230000              0.01426484388488990021
2.235000              0.01464530459153045965
2.240000              0.01500773504132752942
2.245000              0.01534687515104530241
2.250000              0.01565831306663853506
2.255000              0.01593606930880298381
2.260000              0.01617783061368148825
2.265000              0.01637816469975892156
2.270000              0.01653456096539594050
2.275000              0.01664494766925571009
2.280000              0.01670884844132662292
2.285000              0.01672635324968542794
2.290000              0.01669894063004294729
2.295000              0.01662846223020103195
2.300000              0.01651731398748285465
2.305000              0.01636684415438559304
2.310000              0.01618437817985081753
2.315000              0.01596814917431696804
2.320000              0.01572399775551682963
2.325000              0.01544901484211709877
2.330000              0.01514331519075129244
2.335000              0.01480527108487164623
2.340000              0.01443343441384733854
2.345000              0.01402464946591611313
2.350000              0.01357450302145827431
2.355000              0.01307821155137759740
2.360000              0.01253124012256854811
2.365000              0.01192855569907505867
2.370000              0.01126736983436901936
2.375000              0.01054449355598241142
2.380000              0.00975975341365907696
2.385000              0.00891157951832108851
2.390000              0.00800406487408159874
2.395000              0.00703779721621408238
2.400000              0.00601773445124380909
2.405000              0.00494679438801342089
2.410000              0.00383360389343358199
2.415000              0.00268117004415943487
2.420000              0.00149672019996453104
2.425000              0.00028669094103379612
2.430000             -0.00094209437289118048
2.435000             -0.00218370594518794807
2.440000             -0.00343084891779454892
2.445000             -0.00467805278633580054
2.450000             -0.00592112537310358292
2.455000             -0.00715672222905619840
2.460000             -0.00838149574104313927
2.465000             -0.00959245391688577642
2.470000             -0.01078462428205956107
2.475000             -0.01195281541099149809
2.480000             -0.01309145133043033461
2.485000             -0.01419502058917259009
2.490000             -0.01525863159962451317
2.495000             -0.01627949886430168566
2.500000             -0.01725266243437110700
2.505000             -0.01817545921270576764
2.510000             -0.01904419136815654889
2.515000             -0.01985927301450311072
2.520000             -0.02062085923598536846
2.525000             -0.02132951792757217108
2.530000             -0.02198527971444197426
2.535000             -0.02258893597697156017
2.540000             -0.02313977647544295316
2.545000             -0.02363802678644213312
2.550000             -0.02408021420707311816
2.555000             -0.02446358781128741416
2.560000             -0.02478589068543866208
2.565000             -0.02504690407346128744
2.570000             -0.02524725605569105857
2.575000             -0.02538880132358609099
2.580000             -0.02547273414653648815
2.585000             -0.02550335117173438762
2.590000             -0.02547972990113530831
2.595000             -0.02540313787301038545
2.600000             -0.02527116793371816938
2.605000             -0.02508444611869357910
2.610000             -0.02484150989756794478
2.615000             -0.02454218485260052651
2.620000             -0.02418655715653453969
2.625000             -0.02377821599329325505
2.630000             -0.02331730165576852143
2.635000             -0.02281177024137629947
2.640000             -0.02226056274123263887
2.645000             -0.02166939546076555173
2.650000             -0.02103288472517933841
2.655000             -0.02035860610948339589
2.660000             -0.01963823342622989312
2.665000             -0.01887815053977440205
2.670000             -0.01807176146004756817
2.675000             -0.01722278745190597427
2.680000             -0.01632560975555697250
2.685000             -0.01538173891053100026
2.690000             -0.01438615130762024852
2.695000             -0.01334037847592022680
2.700000             -0.01224112783907235595
2.705000             -0.01109060731995416445
2.710000             -0.00989098417998024795
2.715000             -0.00864894244016976323
2.720000             -0.00736853794291073699
2.725000             -0.00605905333254642183
2.730000             -0.00472833386051856736
2.735000             -0.00338659694020215915
2.740000             -0.00204214134384293018
2.745000             -0.00070348466189177293
2.750000              0.00062217911968906968
2.755000              0.00192802088736166409
2.760000              0.00320791859082572529
2.765000              0.00445605928170842835
2.770000              0.00566769033419538618
2.775000              0.00683855510399271425
2.780000              0.00796673960746675965
2.785000              0.00905131926348180620
2.790000              0.01009493153687805733
2.795000              0.01110175592758077916
2.800000              0.01207728773058575414
2.805000              0.01302774400701523470
2.810000              0.01395842306623396555
2.815000              0.01487364473664702473
2.820000              0.01577440150131208599
2.825000              0.01666091815968909554
2.830000              0.01752915828156544065
2.835000              0.01837566535913354518
2.840000              0.01919323366904338024
2.845000              0.01997645352408411804
2.850000              0.02071980363080607249
2.855000              0.02141706636055691268
2.860000              0.02206116471687294411
2.865000              0.02264507067084617006
2.870000              0.02316307765939071284
2.875000              0.02360981342612456652
2.880000              0.02398261804359602331
2.885000              0.02427886636195689812
2.890000              0.02449677329095963779
2.895000              0.02463485014009654875
2.900000              0.02469007403200310438
2.905000              0.02466129895253407756
2.910000              0.02454433808176728279
2.915000              0.02433853095984333040
2.920000              0.02404214007125791627
2.925000              0.02365518504360829624
2.930000              0.02317937623989158730
2.935000              0.02261714973598731235
2.940000              0.02197295735714477685
2.945000              0.02125152138174433644
2.950000              0.02045995244594661644
2.955000              0.01960408820922003234
2.960000              0.01869118700266617430
2.965000              0.01772870963740305617
2.970000              0.01672133311418758789
2.975000              0.01567436879022399490
2.980000              0.01459045517686925926
2.985000              0.01347515970103295609
2.990000              0.01233078539217217877
2.995000              0.01116004289357195103
3.000000              0.00996325770102353056
3.005000              0.00874211416884790142
3.010000              0.00749582251005449958
3.015000              0.00622528516220339449
3.020000              0.00492925809298523122
3.025000              0.00360760543807785421
3.030000              0.00225946011785846564
3.035000              0.00088456693408268255
3.040000             -0.00051617909562821787
3.045000             -0.00193999972766175310
3.050000             -0.00338367754951611824
3.055000             -0.00484254407891578174
3.060000             -0.00631090101073315118
3.065000             -0.00778265859344848872
3.070000             -0.00925183792181539025
3.075000             -0.01071246695617157456
3.080000             -0.01215862638798774313
3.085000             -0.01358451877737304817
3.090000             -0.01498354200820329468
3.095000             -0.01634952915863406922
3.100000             -0.01767594702848005947
3.105000             -0.01895789516456150223
3.110000             -0.02018736150441382410
3.115000             -0.02136047864789611742
3.120000             -0.02246776291512191451
3.125000             -0.02351082610354078908
3.130000             -0.02448325032440255150
3.135000             -0.02538113282014474795
3.140000             -0.02619936140724485329
3.145000             -0.02693542228781085207
3.150000             -0.02758660708020893235
3.155000             -0.02815108433390708584
3.160000             -0.02862904566658877256
3.165000             -0.02902060302801607108
3.170000             -0.02933098715340465984
3.175000             -0.02956087728665680175
3.180000             -0.02971348178512063509
3.185000             -0.02979419165205833553
3.190000             -0.02980872932538221332
3.195000             -0.02975872417135573197
3.200000             -0.02965404662655229256
3.205000             -0.02949308853885686948
3.210000             -0.02929104289487146143
3.215000             -0.02904845842158208444
3.220000             -0.02877192663226573952
3.225000             -0.02846623813438323505
3.230000             -0.02813543958609187809
3.235000             -0.02778059240650988804
3.240000             -0.02740253846422842712
3.245000             -0.02700010620479325815
3.250000             -0.02657001883264304212
3.255000             -0.02610943479935881259
3.260000             -0.02561270234037247781
3.265000             -0.02507349977102414293
3.270000             -0.02448601938945681178
3.275000             -0.02384277309518673810
3.280000             -0.02313773315060107388
3.285000             -0.02236312206038812075
3.290000             -0.02151449110078846802
3.295000             -0.02058302560208374876
3.300000             -0.01957077482798201887
3.305000             -0.01847357782939270526
3.310000             -0.01729956552129588779
3.315000             -0.01604782304643708954
3.320000             -0.01473296786805489492
3.325000             -0.01335671423872578437
3.330000             -0.01192596561469702089
3.335000             -0.01044010054778000095
3.340000             -0.00890589830637094661
3.345000             -0.00732288641950188616
3.350000             -0.00569629347528327178
3.355000             -0.00402972981550377661
3.360000             -0.00232859150947696287
3.365000             -0.00059798002328154457
3.370000              0.00115728580631672983
3.375000              0.00293230351285344183
3.380000              0.00472183045079484134
3.385000              0.00652096975691213252
3.390000              0.00832442435048307006
3.395000              0.01012713750628215642
3.400000              0.01192332836398353815
3.405000              0.01370816016245808913
3.410000              0.01547559085686552906
3.415000              0.01721978559241591281
3.420000              0.01893454452476396946
3.425000              0.02061322057448310499
3.430000              0.02224878135901013979
3.435000              0.02383438352351695613
3.440000              0.02536458733159280624
3.445000              0.02683210535691819137
3.450000              0.02823438537770087478
3.455000              0.02956605730515745462
3.460000              0.03082531003886754620
3.465000              0.03200906536569170235
3.470000              0.03311731437384208415
3.475000              0.03414834798178485037
3.480000              0.03510271963724601041
3.485000              0.03598055496794667907
3.490000              0.03678214612679139850
3.495000              0.03750748515829564755
3.500000              0.03815730991479019535
3.505000              0.03873290357115469207
3.510000              0.03923543872287291179
3.515000              0.03966738749148947252
3.520000              0.04002752480184979672
3.525000              0.04031733313965172455
3.530000              0.04053930465123140037
3.535000              0.04069676935740697971
3.540000              0.04078874112597240253
3.545000              0.04081245806713622998
3.550000              0.04076717140957347718
3.555000              0.04065012641399621401
3.560000              0.04045698564418900856
3.565000              0.04018232957543176748
3.570000              0.03982222245880254891
3.575000              0.03936492061179299590
3.580000              0.03881301986151083905
3.585000              0.03815422607935548688
3.590000              0.03738930547989288700
3.595000              0.03651229307061060192
3.600000              0.03552217457498160758
3.605000              0.03441652416338478876
3.610000              0.03319747683075847944
3.615000              0.03186738641878798795
3.620000              0.03043094962643122514
3.625000              0.02889358440316965732
3.630000              0.02726244258119545419
3.635000              0.02554463879620587352
3.640000              0.02374915217015678356
3.645000              0.02188010772185063763
3.650000              0.01994700066136680452
3.655000              0.01795478076661349148
3.660000              0.01591022116700114425
3.665000              0.01381569591420932219
3.670000              0.01167711634451314151
3.675000              0.00949319292420324271
3.680000              0.00726473418698213736
3.685000              0.00499113351294033780
3.690000              0.00267067131866695773
3.695000              0.00030327448515798776
3.700000             -0.00211399599222720797
3.705000             -0.00458209498849077284
3.710000             -0.00710256028886441411
3.715000             -0.00967480318403965596
3.720000             -0.01229720603894800084
3.725000             -0.01496659615102260109
3.730000             -0.01767979677483727183
3.735000             -0.02043080707060749776
3.740000             -0.02321339374345205570
3.745000             -0.02601934205025200134
3.750000             -0.02883862517551290250
3.755000             -0.03165998968127398117
3.760000             -0.03446659190571874087
3.765000             -0.03724047761629265679
3.770000             -0.03995530845417792631
3.775000             -0.04258732023530786837
3.780000             -0.04510885965954596760
3.785000             -0.04749492885629522099
3.790000             -0.04972621143606119343
3.795000             -0.05178079779475841526
3.800000             -0.05364670059526011753
3.805000             -0.05531183802792895288
3.810000             -0.05676436523435153536
3.815000             -0.05799757411701677440
3.820000             -0.05900600545184355589
3.825000             -0.05978697384530563125
3.830000             -0.06033486344994776901
3.835000             -0.06065162396618709734
3.840000             -0.06073604528745356335
3.845000             -0.06059194440356870104
3.850000             -0.06022466746783021463
3.855000             -0.05964191666181984514
3.860000             -0.05884812940274006254
3.865000             -0.05785765618109797032
3.870000             -0.05668835946326899328
3.875000             -0.05536264823119718681
3.880000             -0.05389369946562581198
3.885000             -0.05230165989057585646
3.890000             -0.05059050490492607299
3.895000             -0.04877800873479091331
3.900000             -0.04687078508646589509
3.905000             -0.04488309042181083675
3.910000             -0.04281407878394175720
3.915000             -0.04066732247551168439
3.920000             -0.03843418260146339027
3.925000             -0.03611093716573701012
3.930000             -0.03369664444639747236
3.935000             -0.03118437253602043130
3.940000             -0.02856437256226571075
3.945000             -0.02583249025947220723
3.950000             -0.02298015874564171557
3.955000             -0.02000450312176184700
3.960000             -0.01690343098916396308
3.965000             -0.01367526743898993952
3.970000             -0.01032174647348899597
3.975000             -0.00684701857813791327
3.980000             -0.00325456178138278486
3.985000              0.00044414300982344710
3.990000              0.00423552154683974353
3.995000              0.00810137805735695014
4.000000              0.01201024380988172449
4.005000              0.01592609959377644380
4.010000              0.01980575832465049715
4.015000              0.02360325156733035501
4.020000              0.02727437338653887836
4.025000              0.03077476811373407867
4.030000              0.03407035183502581110
4.035000              0.03712786954408290457
4.040000              0.03992842324827127615
4.045000              0.04245868050338855171
4.050000              0.04471111728933088031
4.055000              0.04668046528581825533
4.060000              0.04837463132422151896
4.065000              0.04980688785685678105
4.070000              0.05098557758475161239
4.075000              0.05194727848440156698
4.080000              0.05271393493233871019
4.085000              0.05331720595575407950
4.090000              0.05379528349486571714
4.095000              0.05417578444066835364
4.100000              0.05448799692943927242
4.105000              0.05475262912117605935
4.110000              0.05498490220768247061
4.115000              0.05519217292362414706
4.120000              0.05537544281721618056
4.125000              0.05553139678695057785
4.130000              0.05564930669530050028
4.135000              0.05571319643125349774
4.140000              0.05570071011307157344
4.145000              0.05558991281056295530
4.150000              0.05534930465759143464
4.155000              0.05495817618152105261
4.160000              0.05438774080194368199
4.165000              0.05361470167671573278
4.170000              0.05261491229101279699
4.175000              0.05137611525344963626
4.180000              0.04990204057138215160
4.185000              0.04819757553541392792
4.190000              0.04628927017190447024
4.195000              0.04420391431327071186
4.200000              0.04197280149665437443
4.205000              0.03963254950147804268
4.210000              0.03721764635093533641
4.215000              0.03476685986717722998
4.220000              0.03231259339624216465
4.225000              0.02989605679173091418
4.230000              0.02755048538023543644
4.235000              0.02530920495437069540
4.240000              0.02319926218333216716
4.245000              0.02124811656428157378
4.250000              0.01947003770692171121
4.255000              0.01787644165244113917
4.260000              0.01646506804291398771
4.265000              0.01522748550222792485
4.270000              0.01413653174695053347
4.275000              0.01315809157867186586
4.280000              0.01224599034724586921
4.285000              0.01135071259865358569
4.290000              0.01042969334790472269
4.295000              0.00944160363503381526
4.300000              0.00835574839069132616
4.305000              0.00714551029855264169
4.310000              0.00579404174929427397
4.315000              0.00429120567489026279
4.320000              0.00263515166064863396
4.325000              0.00083049987797985283
4.330000             -0.00110996588748477976
4.335000             -0.00316780250477100662
4.340000             -0.00532189205057236742
4.345000             -0.00754866266718243108
4.350000             -0.00982607124390762893
4.355000             -0.01213209194104862380
4.360000             -0.01444632907810899057
4.365000             -0.01675015789051845921
4.370000             -0.01902609799829763082
4.375000             -0.02126106421409133806
4.380000             -0.02344385865626618520
4.385000             -0.02557074562912133378
4.390000             -0.02764077633697877012
4.395000             -0.02965903622864598729
4.400000             -0.03163293648425385268
4.405000             -0.03357377056399705323
4.410000             -0.03549149046532406454
4.415000             -0.03739951101388999666
4.420000             -0.03930704883672940519
4.425000             -0.04122283212526687418
4.430000             -0.04314973618888492957
4.435000             -0.04508753213060066878
4.440000             -0.04702929118385472396
4.445000             -0.04896522657223006253
4.450000             -0.05088064751501793909
4.455000             -0.05275309047982516819
4.460000             -0.05456230363949350626
4.465000             -0.05628826313505390366
4.470000             -0.05791114398547695524
4.475000             -0.05941165205088305007
4.480000             -0.06077503000136964123
4.485000             -0.06199209661534123283
4.490000             -0.06305280776667815390
4.495000             -0.06395284400959642956
4.500000             -0.06469687781906197088
4.505000             -0.06529223027959663028
4.510000             -0.06575197834607354741
4.515000             -0.06608782322121499464
4.520000             -0.06632634257518023324
4.525000             -0.06648919500402038218
4.530000             -0.06659870340037658820
4.535000             -0.06667747021551799491
4.540000             -0.06673724107401096672
4.545000             -0.06679914878238077391
4.550000             -0.06687060055896064392
4.555000             -0.06695719707159875078
4.560000             -0.06706479381258816097
4.565000             -0.06719462585303204172
4.570000             -0.06734422939441256362
4.575000             -0.06751355101680368842
4.580000             -0.06769176492301411108
4.585000             -0.06786598540162633308
4.590000             -0.06802321085573524717
4.595000             -0.06814411565515793301
4.600000             -0.06822113637780638506
4.605000             -0.06823150423806335907
4.610000             -0.06816842540042000742
4.615000             -0.06802113759942332583
4.620000             -0.06778201088292200305
4.625000             -0.06745043412828866103
4.630000             -0.06702267893195801296
4.635000             -0.06650304552484173626
4.640000             -0.06589323491293384849
4.645000             -0.06520488464339317669
4.650000             -0.06444273583337319089
4.655000             -0.06361784672081570446
4.660000             -0.06273184354380485772
4.665000             -0.06179760335181659625
4.670000             -0.06081300121175513274
4.675000             -0.05979410921875576851
4.680000             -0.05871804982475821444
4.685000             -0.05758995611727598524
4.690000             -0.05639307858898700426
4.695000             -0.05513000739800918981
4.700000             -0.05376924518751297760
4.705000             -0.05230915969282017713
4.710000             -0.05072738043334378694
4.715000             -0.04901652361410057529
4.720000             -0.04716655922038691384
4.725000             -0.04516601354180733302
4.730000             -0.04300793265027642864
4.735000             -0.04068553724334378341
4.740000             -0.03819224521055010479
4.745000             -0.03552773778621193257
4.750000             -0.03269384040343759068
4.755000             -0.02969531028354572416
4.760000             -0.02653961351042089314
4.765000             -0.02323414566816866741
4.770000             -0.01979138602643110839
4.775000             -0.01621896202165305431
4.780000             -0.01253019482729011112
4.785000             -0.00873336293410940934
4.790000             -0.00483761503213005380
4.795000             -0.00084692538426423382
4.800000              0.00323803891482326743
4.805000              0.00742047836540971496
4.810000              0.01170652201007507838
4.815000              0.01610431175350809929
4.820000              0.02062666432752533613
4.825000              0.02528709959621527545
4.830000              0.03010019374432579969
4.835000              0.03508111654770960236
4.840000              0.04024008858873321520
4.845000              0.04559390827718271672
4.850000              0.05114563055263650349
4.855000              0.05690596415533030056
4.860000              0.06287626019817696421
4.865000              0.06906323930621982576
4.870000              0.07546078582867292439
4.875000              0.08206833827573922768
4.880000              0.08886830949165951121
4.885000              0.09586049823805301018
4.890000              0.10301630928415243804
4.895000              0.11034096891143124752
4.900000              0.11781807132285404549
4.905000              0.12543915692238422066
4.910000              0.13321974938386429987
4.915000              0.14117637177839562068
4.920000              0.14930908842353021737
4.925000              0.15761601217423298893
4.930000              0.16613322938655028516
4.935000              0.17484609026079708793
4.940000              0.18376881311329745783
4.945000              0.19288915609932660855
4.950000              0.20217695480920713780
4.955000              0.21161812674052876693
4.960000              0.22111474029587882550
4.965000              0.23059470829654865609
4.970000              0.23992459914402308740
4.975000              0.24904026169375986788
4.980000              0.25786001069488939663
4.985000              0.26632927965309571849
4.990000              0.27439264085562448114
4.995000              0.28199943945383310062
5.000000              0.28910654429705295865
5.005000              0.29566941457932427451
5.010000              0.30167105491945783724
5.015000              0.30704533733462152645
5.020000              0.31178664770638669923
5.025000              0.31586196130614113686
5.030000              0.31924124977213430565
5.035000              0.32193624602521919709
5.040000              0.32390162099938324403
5.045000              0.32517217493156397312
5.050000              0.32572544266589414930
5.055000              0.32558896531311937173
5.060000              0.32476523643379795470
5.065000              0.32334575285483779794
5.070000              0.32131258973822202085
5.075000              0.31878392403077471240
5.080000              0.31575860577332187651
5.085000              0.31240190045145027620
5.090000              0.30874685405054641540
5.095000              0.30487840690736761617
5.100000              0.30088360674659647698
5.105000              0.29683616992001027324
5.110000              0.29281267064943117262
5.115000              0.28883213782082195475
5.120000              0.28496033244636825854
5.125000              0.28119346524702520940
5.130000              0.27754544396944502704
5.135000              0.27400584921390896964
5.140000              0.27056682930332737191
5.145000              0.26720508169639634044
5.150000              0.26389252822586317659
5.155000              0.26061097411604133844
5.160000              0.25730977691298073662
5.165000              0.25394731915626500562
5.170000              0.25048475409674342274
5.175000              0.24687627997887304221
5.180000              0.24310186000821137897
5.185000              0.23912107336027571547
5.190000              0.23496339696973536637
5.195000              0.23061539834625108258
5.200000              0.22611424052954542940
5.205000              0.22144441951524929113
5.210000              0.21666466435544171065
5.215000              0.21176668303311563246
5.220000              0.20677418517970028167
5.225000              0.20169889658430831259
5.230000              0.19655809164274420930
5.235000              0.19136701914659184909
5.240000              0.18612762244003508427
5.245000              0.18087113724362371969
5.250000              0.17560464376277379328
5.255000              0.17033666334846736534
5.260000              0.16507918013761727072
5.265000              0.15984874871768223192
5.270000              0.15466427145963554390
5.275000              0.14954350341328087604
5.280000              0.14452312362208494245
5.285000              0.13959346264065028431
5.290000              0.13481308049465207111
5.295000              0.13019474391270019487
5.300000              0.12577701315732778276
5.305000              0.12158169559409573446
5.310000              0.11765029756780617798
5.315000              0.11400424490895204321
5.320000              0.11067865710608937313
5.325000              0.10769999897653571852
5.330000              0.10510209333820663691
5.335000              0.10290626479070573429
5.340000              0.10113145102084050708
5.345000              0.09979807854045592841
5.350000              0.09891477297051150253
5.355000              0.09849979190897997783
5.360000              0.09855081085627608040
5.365000              0.09907514760822601352
5.370000              0.10006686975112967508
5.375000              0.10148188313398939786
5.380000              0.10336336932475155559
5.385000              0.10560436198035522137
5.390000              0.10823925769904058081
5.395000              0.11118310046842878880
5.400000              0.11442960099344619274
5.405000              0.11792545923262165442
5.410000              0.12164262180522644741
5.415000              0.12554030050663775309
5.420000              0.12960574513116476791
5.425000              0.13379995501406161118
5.430000              0.13812180765837719920
5.435000              0.14255937277840224908
5.440000              0.14711664648840164227
5.445000              0.15180782002999390623
5.450000              0.15662341986784214520
5.455000              0.16158600143868348531
5.460000              0.16669714623347167692
5.465000              0.17197830320771970158
5.470000              0.17739694970777597494
5.475000              0.18296033663464736363
5.480000              0.18862660946367701409
5.485000              0.19436033556776352582
5.490000              0.20013875815791326573
5.495000              0.20590823265799926278
5.500000              0.21166465723678490329
5.505000              0.21734812377837317565
5.510000              0.22292973053166634245
5.515000              0.22836747570924434414
5.520000              0.23362956883170621358
5.525000              0.23869073693943959613
5.530000              0.24352253807302495781
5.535000              0.24810663173696265171
5.540000              0.25242317937661240546
5.545000              0.25646381714754601377
5.550000              0.26022975886187604821
5.555000              0.26370079660420092660
5.560000              0.26689865890258374082
5.565000              0.26982928556818253085
5.570000              0.27251166671867760316
5.575000              0.27495468570017445042
5.580000              0.27720313470194507532
5.585000              0.27925165716987582210
5.590000              0.28114408876472435361
5.595000              0.28290563230785759075
5.600000              0.28454631815041409038
5.605000              0.28609454539265660733
5.610000              0.28755676561413162640
5.615000              0.28897113057994189278
5.620000              0.29029279585836947897
5.625000              0.29155994484066904970
5.630000              0.29273519952789411880
5.635000              0.29385015498371436227
5.640000              0.29488726186999214551
5.645000              0.29583398895786894300
5.650000              0.29668143861972212649
5.655000              0.29741111802592101743
5.660000              0.29799031304829615152
5.665000              0.29842177210322229364
5.670000              0.29865985258490435061
5.675000              0.29868816251635782466
5.680000              0.29848314539710968374
5.685000              0.29803696495610942918
5.690000              0.29734049836395021194
5.695000              0.29639046459374307485
5.700000              0.29516603809960689775
5.705000              0.29367742867678287011
5.710000              0.29189195967642450613
5.715000              0.28987705058791157775
5.720000              0.28757772458537761429
5.725000              0.28504837063178101175
5.730000              0.28230095233840607483
5.735000              0.27936973348252769345
5.740000              0.27624564162811776624
5.745000              0.27296927431730655389
5.750000              0.26951789698696559938
5.755000              0.26592578540358080552
5.760000              0.26216461890809783508
5.765000              0.25825781691180071942
5.770000              0.25419397255378400891
5.775000              0.24996991847215480065
5.780000              0.24558645217518296211
5.785000              0.24104661098027688193
5.790000              0.23636654888043440170
5.795000              0.23154197734953374521
5.800000              0.22659754155364258965
5.805000              0.22153186987774503569
5.810000              0.21637960798789016015
5.815000              0.21115613176808603613
5.820000              0.20588875906346904010
5.825000              0.20060283927465874521
5.830000              0.19532550464579195859
5.835000              0.19008918528057275332
5.840000              0.18490476197326874419
5.845000              0.17980753117405282038
5.850000              0.17480357328672047057
5.855000              0.16991435915546593272
5.860000              0.16514307808298167579
5.865000              0.16050765287050391961
5.870000              0.15599630071115211383
5.875000              0.15160064384055307873
5.880000              0.14733677751863719085
5.885000              0.14320533782902361564
5.890000              0.13921175411989819559
5.895000              0.13535150005006676976
5.900000              0.13161975950392659773
5.905000              0.12802491569592455711
5.910000              0.12455755664352614887
5.915000              0.12122148909857127785
5.920000              0.11801121406881595610
5.925000              0.11492821409819586886
5.930000              0.11196728202400624275
5.935000              0.10913670687761244105
5.940000              0.10642870522534628175
5.945000              0.10385982409173515062
5.950000              0.10142767864808355238
5.955000              0.09914198198066066781
5.960000              0.09700538913174359956
5.965000              0.09502843837957587747
5.970000              0.09321444317686460035
5.975000              0.09157026306178431274
5.980000              0.09009748636776013231
5.985000              0.08879809929350891695
5.990000              0.08767191353036798973
5.995000              0.08671619042727524151
6.000000              0.08593386884563604389
6.005000              0.08531349051793801763
6.010000              0.08485991938629945663
6.015000              0.08457491614485063147
6.020000              0.08445563980228013023
6.025000              0.08450058475689285753
6.030000              0.08471457499241563660
6.035000              0.08507787987294666843
6.040000              0.08560047672037460198
6.045000              0.08626005821168013232
6.050000              0.08705951687195530309
6.055000              0.08799030510200139821
6.060000              0.08904848369294421362
6.065000              0.09023965408994637227
6.070000              0.09155859834384613705
6.075000              0.09301218360850145583
6.080000              0.09460269479478025656
6.085000              0.09634541992681044942
6.090000              0.09824003145922506619
6.095000              0.10030304899889500025
6.100000              0.10254097410453989758
6.105000              0.10496369237740181546
6.110000              0.10757709728341491306
6.115000              0.11038458326103049723
6.120000              0.11340129395632037035
6.125000              0.11661606702021537485
6.130000              0.12003676905475539616
6.135000              0.12364173746396361908
6.140000              0.12742841660075296395
6.145000              0.13138284862383736717
6.150000              0.13548519668564740215
6.155000              0.13971943526513180833
6.160000              0.14406030286719889721
6.165000              0.14847481815888938228
6.170000              0.15295074090904789421
6.175000              0.15745068336281570209
6.180000              0.16195068394840086978
6.185000              0.16642465846175918953
6.190000              0.17085572675197693848
6.195000              0.17523352893246199602
6.200000              0.17953168783135409203
6.205000              0.18376054793101775919
6.210000              0.18789940633047133578
6.215000              0.19195949567003131597
6.220000              0.19594384904906153588
6.225000              0.19986025601489545989
6.230000              0.20371857610199342603
6.235000              0.20752180568335742983
6.240000              0.21128637904465807917
6.245000              0.21501430420750150541
6.250000              0.21870986574823281234
6.255000              0.22236868959576469584
6.260000              0.22601263979015437378
6.265000              0.22960713369171401044
6.270000              0.23319804633792287629
6.275000              0.23674265399626762130
6.280000              0.24025274312421854295
6.285000              0.24371044550907669524
6.290000              0.24709407224018792304
6.295000              0.25039207222955756071
6.300000              0.25358752273932344545
6.305000              0.25667434356024881881
6.310000              0.25961756572784067121
6.315000              0.26242505710983043965
6.320000              0.26505560841466041522
6.325000              0.26750274263353807092
6.330000              0.26974939097926342590
6.335000              0.27177520124758464126
6.340000              0.27357770990856800086
6.345000              0.27513833468207138377
6.350000              0.27645101940767685678
6.355000              0.27750366269276754982
6.360000              0.27828891940673960992
6.365000              0.27879596679039819751
6.370000              0.27902412285984040663
6.375000              0.27895709226968384842
6.380000              0.27858998533669321329
6.385000              0.27791371756892629952
6.390000              0.27690917681382676285
6.395000              0.27559180496184870757
6.400000              0.27391394727170581547
6.405000              0.27190401071785147424
6.410000              0.26955519562188301474
6.415000              0.26687088934163372134
6.420000              0.26384745779673490773
6.425000              0.26048623527817754697
6.430000              0.25676974266843366479
6.435000              0.25276114124911575054
6.440000              0.24842804236726359624
6.445000              0.24380957162160835083
6.450000              0.23891230614887501438
6.455000              0.23376400980067763014
6.460000              0.22836092655484188652
6.465000              0.22273955240264600719
6.470000              0.21690004942082832806
6.475000              0.21086993186158514701
6.480000              0.20466107781389247799
6.485000              0.19829009355327151254
6.490000              0.19176605371395835653
6.495000              0.18510554819318378317
6.500000              0.17831845855724307026
6.505000              0.17141790445397667164
6.510000              0.16441543177969941691
6.515000              0.15729768477406808058
6.520000              0.15008079756209463662
6.525000              0.14276389535917358153
6.530000              0.13534554356783642937
6.535000              0.12782438109811000704
6.540000              0.12019337727457161946
6.545000              0.11247625595561649980
6.550000              0.10466797104547337360
6.555000              0.09681738721763524791
6.560000              0.08893784462390970369
6.565000              0.08105010956246452847
6.570000              0.07317253987434219065
6.575000              0.06533638500435114127
6.580000              0.05755720250006544220
6.585000              0.04984781995184942027
6.590000              0.04221986005081421189
6.595000              0.03471946833013248718
6.600000              0.02735103493733406430
6.605000              0.02013311426443535959
6.610000              0.01309614887614831032
6.615000              0.00625639354423334054
6.620000             -0.00035821427460196485
6.625000             -0.00672775390894875518
6.630000             -0.01282633776671059794
6.635000             -0.01863295681586057961
6.640000             -0.02412135618953762176
6.645000             -0.02926993538169375339
6.650000             -0.03405734787658610402
6.655000             -0.03846221192031266251
6.660000             -0.04246970424792695376
6.665000             -0.04606407371463949740
6.670000             -0.04923104157391876290
6.675000             -0.05196039931148378754
6.680000             -0.05424458557943946657
6.685000             -0.05607862134633739143
6.690000             -0.05746362737391520065
6.695000             -0.05841176787486573180
6.700000             -0.05892515563536042389
6.705000             -0.05900938490764873201
6.710000             -0.05869318099540436762
6.715000             -0.05797658340268923433
6.720000             -0.05690568514716274479
6.725000             -0.05548224576812027520
6.730000             -0.05374969539916661654
6.735000             -0.05172405073485674548
6.740000             -0.04943438632970167945
6.745000             -0.04689554782940640737
6.750000             -0.04413162062512442085
6.755000             -0.04115145782225302501
6.760000             -0.03796851948920261510
6.765000             -0.03459031590412899732
6.770000             -0.03102543291776324250
6.775000             -0.02727610027686866098
6.780000             -0.02335600058983718433
6.785000             -0.01926381653322500193
6.790000             -0.01500121071936772257
6.795000             -0.01056998309311080360
6.800000             -0.00597844356230281190
6.805000             -0.00122989426824751148
6.810000              0.00366303085730130401
6.815000              0.00868582956843508801
6.820000              0.01382021463169434694
6.825000              0.01904601864734136590
6.830000              0.02434098850546956641
6.835000              0.02968195356556843981
6.840000              0.03504671544203187550
6.845000              0.04041306240076045220
6.850000              0.04576697409644085029
6.855000              0.05109908172163897533
6.860000              0.05640362201083767152
6.865000              0.06167801234674404748
6.870000              0.06692430746644070783
6.875000              0.07214894263839703725
6.880000              0.07737496930238757509
6.885000              0.08259876238706780061
6.890000              0.08783148688143752048
6.895000              0.09308623165527854515
6.900000              0.09838141406330674910
6.905000              0.10371302616638602978
6.910000              0.10908595308650351208
6.915000              0.11449699250916907378
6.920000              0.11993483135774171688
6.925000              0.12538467630996047442
6.930000              0.13084351852343653611
6.935000              0.13628962750007400651
6.940000              0.14170837825504190022
6.945000              0.14709055842952653559
6.950000              0.15241431395267809878
6.955000              0.15765823903939682471
6.960000              0.16282513684544455690
6.965000              0.16788799553994299130
6.970000              0.17283693324856733153
6.975000              0.17765003288891476063
6.980000              0.18230746188077873171
6.985000              0.18679068757977221327
6.990000              0.19107372376024309157
6.995000              0.19514723629768096491
7.000000              0.19901017663834630333
7.005000              0.20265212328753232085
7.010000              0.20607266143220945298
7.015000              0.20927692600260680567
7.020000              0.21224853231289264599
7.025000              0.21499975297426598964
7.030000              0.21754280123235422706
7.035000              0.21988379530486867885
7.040000              0.22202886774046182161
7.045000              0.22399337747836051138
7.050000              0.22578715305394506108
7.055000              0.22741459268977509689
7.060000              0.22889697723192259371
7.065000              0.23024623965903390221
7.070000              0.23144772335796595653
7.075000              0.23251917822690709725
7.080000              0.23345602039551241469
7.085000              0.23425512358159597537
7.090000              0.23492163859600792564
7.095000              0.23543678757251029765
7.100000              0.23580696943304244040
7.105000              0.23600530457654733674
7.110000              0.23602006306355474696
7.115000              0.23583821221120856992
7.120000              0.23546391522648921213
7.125000              0.23485160191806697672
7.130000              0.23401882540769805563
7.135000              0.23290661974450010963
7.140000              0.23152740995376833166
7.145000              0.22984198835638461333
7.150000              0.22788552139297627019
7.155000              0.22560741586004304238
7.160000              0.22303703740771077535
7.165000              0.22016811386344489754
7.170000              0.21700070943952534663
7.175000              0.21355868959186730116
7.180000              0.20983422293286013716
7.185000              0.20583587556047935885
7.190000              0.20157347206440948129
7.195000              0.19705676594441032257
7.200000              0.19229542688621037438
7.205000              0.18730005346024350410
7.210000              0.18208369044037187034
7.215000              0.17664866226049918962
7.220000              0.17100450826879756705
7.225000              0.16515840971278722416
7.230000              0.15911251984596733178
7.235000              0.15287797916464843095
7.240000              0.14645069207215571927
7.245000              0.13983745420583457153
7.250000              0.13303957755261311413
7.255000              0.12606059180479703419
7.260000              0.11890056286305940303
7.265000              0.11155867191555554618
7.270000              0.10403628677967054206
7.275000              0.09632604101829497778
7.280000              0.08842999267284756826
7.285000              0.08036375567304201994
7.290000              0.07211681768632047240
7.295000              0.06370369860574161269
7.300000              0.05513109585720527006
7.305000              0.04641921302882810740
7.310000              0.03757239757214538012
7.315000              0.02861681255907084359
7.320000              0.01954187411698464841
7.325000              0.01037613994390523819
7.330000              0.00112760155426916094
7.335000             -0.00821078499674268887
7.340000             -0.01763296380553232637
7.345000             -0.02713410395448333581
7.350000             -0.03669944765947049520
7.355000             -0.04631967748339283625
7.360000             -0.05598903993912139609
7.365000             -0.06569690588961549227
7.370000             -0.07542975876788717005
7.375000             -0.08517977824113845409
7.380000             -0.09492290428203724317
7.385000             -0.10465009609359872400
7.390000             -0.11434029056141202518
7.395000             -0.12398444901326170775
7.400000             -0.13356198791121173808
7.405000             -0.14305930967698887724
7.410000             -0.15246337922119901354
7.415000             -0.16175288664160580865
7.420000             -0.17090931278729162845
7.425000             -0.17991771690309263376
7.430000             -0.18876039364858376857
7.435000             -0.19742551016784359863
7.440000             -0.20589260987702440175
7.445000             -0.21414333489030129565
7.450000             -0.22216637892728380299
7.455000             -0.22993942422262339531
7.460000             -0.23743430388050920654
7.465000             -0.24465409861370271405
7.470000             -0.25157658989711301212
7.475000             -0.25820071785433290623
7.480000             -0.26452382823108872012
7.485000             -0.27050285521031813829
7.490000             -0.27618165600571564777
7.495000             -0.28151230973262642010
7.500000             -0.28655213636876092353
7.505000             -0.29121684794765723137
7.510000             -0.29559957176074258545
7.515000             -0.29963806614386362392
7.520000             -0.30337174590269583296
7.525000             -0.30678299517026785814
7.530000             -0.30987155758618972756
7.535000             -0.31264097375144378477
7.540000             -0.31509349853964524479
7.545000             -0.31721248824481795836
7.550000             -0.31898505754545097846
7.555000             -0.32040179340828345289
7.560000             -0.32155070034297456028
7.565000             -0.32233676271162975402
7.570000             -0.32278637027752332678
7.575000             -0.32289574610370286312
7.580000             -0.32264902693921965193
7.585000             -0.32204680966977528023
7.590000             -0.32108434905098481860
7.595000             -0.31978079705934264743
7.600000             -0.31811773155506783972
7.605000             -0.31612208818102471852
7.610000             -0.31380406837273466802
7.615000             -0.31113889695958552029
7.620000             -0.30818564714346086131
7.625000             -0.30495608016650804784
7.630000             -0.30150707997606251975
7.635000             -0.29785521546190579789
7.640000             -0.29406494716866254935
7.645000             -0.29017325092071316606
7.650000             -0.28621937031240757277
7.655000             -0.28225827849038709338
7.660000             -0.27829581529002755946
7.665000             -0.27437762975843693614
7.670000             -0.27049956060673224778
7.675000             -0.26669139048167478379
7.680000             -0.26294855820517087919
7.685000             -0.25927984001321990881
7.690000             -0.25568057938806720841
7.695000             -0.25217165575963118584
7.700000             -0.24871077511567643570
7.705000             -0.24534382494586159940
7.710000             -0.24203932113769799361
7.715000             -0.23880403389235585476
7.720000             -0.23564656664399924457
7.725000             -0.23256338852408145468
7.730000             -0.22957263919859924317
7.735000             -0.22666284267764263971
7.740000             -0.22386227743550146663
7.745000             -0.22116478061929376042
7.750000             -0.21859331881690199917
7.755000             -0.21615041852803718037
7.760000             -0.21384621219741903331
7.765000             -0.21168451500843246671
7.770000             -0.20966959740107471433
7.775000             -0.20779755813994968405
7.780000             -0.20606989213714246856
7.785000             -0.20446623846091255272
7.790000             -0.20299679677478049689
7.795000             -0.20164560613180304571
7.800000             -0.20040683922472291023
7.805000             -0.19925642446259203555
7.810000             -0.19820037849499919091
7.815000             -0.19719110108316831309
7.820000             -0.19624454839023355857
7.825000             -0.19533071371841753683
7.830000             -0.19444082313910876492
7.835000             -0.19356510583297778516
7.840000             -0.19269290296509641869
7.845000             -0.19182015298466795206
7.850000             -0.19094045349750915497
7.855000             -0.19005292794328709771
7.860000             -0.18915561232618541276
7.865000             -0.18822481023549050838
7.870000             -0.18727503146629681519
7.875000             -0.18631278019097299858
7.880000             -0.18536031906889133269
7.885000             -0.18441505032566896105
7.890000             -0.18348498199900475925
7.895000             -0.18258060178850005206
7.900000             -0.18169687953842683648
7.905000             -0.18084528434470090175
7.910000             -0.18001699275853741411
7.915000             -0.17922559926005326991
7.920000             -0.17844960846468624349
7.925000             -0.17769772150859161619
7.930000             -0.17695267588121288416
7.935000             -0.17621554016842219670
7.940000             -0.17546364177272391616
7.945000             -0.17470447220556739598
7.950000             -0.17391641682832906235
7.955000             -0.17309320149176832260
7.960000             -0.17223363405512473467
7.965000             -0.17129776719454636869
7.970000             -0.17030069575632852952
7.975000             -0.16922370045238702141
7.980000             -0.16812499450167384119
7.985000             -0.16696589074485662652
7.990000             -0.16577316914049916585
7.995000             -0.16455599179555330247
8.000000             -0.16334119122426563053
8.005000             -0.16215140578650477643
8.010000             -0.16101807503082990469
8.015000             -0.15995182845706615304
8.020000             -0.15898301486669194627
8.025000             -0.15812433989332044804
8.030000             -0.15740384722633293801
8.035000             -0.15684243671450909252
8.040000             -0.15644607175525085396
8.045000             -0.15623732263667211573
8.050000             -0.15621912548867902815
8.055000             -0.15640610448819214362
8.060000             -0.15679462820496392617
8.065000             -0.15738789129231417485
8.070000             -0.15818107149201562911
8.075000             -0.15917591046661291876
8.080000             -0.16035967522797675566
8.085000             -0.16173835598381747225
8.090000             -0.16329362572975028578
8.095000             -0.16503129501431876291
8.100000             -0.16693798889802557994
8.105000             -0.16901525688672719427
8.110000             -0.17125568733967019841
8.115000             -0.17366053396938427311
8.120000             -0.17622286609141238345
8.125000             -0.17893693299993485013
8.130000             -0.18179562825697290207
8.135000             -0.18479391214862520010
8.140000             -0.18792274767517477829
8.145000             -0.19117764905231515726
8.150000             -0.19455448190841362344
8.155000             -0.19804193082524820801
8.160000             -0.20165268874533248677
8.165000             -0.20536923925098407584
8.170000             -0.20918475903442224073
8.175000             -0.21308247772441885060
8.180000             -0.21705618763397147020
8.185000             -0.22108332516221942954
8.190000             -0.22514086218878920365
8.195000             -0.22920527803064960626
8.200000             -0.23324782228402751727
8.205000             -0.23723315880032461167
8.210000             -0.24113551682484749006
8.215000             -0.24491897416691735256
8.220000             -0.24855685219588855017
8.225000             -0.25202095754772957381
8.230000             -0.25528555860342744266
8.235000             -0.25832432500291813149
8.240000             -0.26112114527146779164
8.245000             -0.26365719790146174839
8.250000             -0.26592317636750195664
8.255000             -0.26790850962148698988
8.260000             -0.26958800220236400769
8.265000             -0.27098161986968100079
8.270000             -0.27204793921753456232
8.275000             -0.27279290571807224275
8.280000             -0.27323563096813480167
8.285000             -0.27337874626985386728
8.290000             -0.27322907586330746899
8.295000             -0.27279670185907867186
8.300000             -0.27207668568818060839
8.305000             -0.27109975218852155887
8.310000             -0.26983891329256504132
8.315000             -0.26834487261994144358
8.320000             -0.26660488045748748087
8.325000             -0.26467416009071176308
8.330000             -0.26254208110964250000
8.335000             -0.26021916327161770388
8.340000             -0.25770178622814993163
8.345000             -0.25501817566715673236
8.350000             -0.25216363548046094589
8.355000             -0.24913334043762905279
8.360000             -0.24592230596266548281
8.365000             -0.24257525784115135936
8.370000             -0.23902278323320755304
8.375000             -0.23530229925919204925
8.380000             -0.23140780751106126978
8.385000             -0.22735014462073108166
8.390000             -0.22314404550364227986
8.395000             -0.21879124586153761434
8.400000             -0.21430870598087517487
8.405000             -0.20970215938510922138
8.410000             -0.20499979440985907631
8.415000             -0.20020577284193977197
8.420000             -0.19535916918594378733
8.425000             -0.19046713189201333605
8.430000             -0.18558551120388211420
8.435000             -0.18071475811254830712
8.440000             -0.17590285962137500175
8.445000             -0.17116933470293374531
8.450000             -0.16654718980818447593
8.455000             -0.16205864730787991612
8.460000             -0.15771025148534370541
8.465000             -0.15352613814291865557
8.470000             -0.14951362371917040206
8.475000             -0.14567185602556523283
8.480000             -0.14199768634164436354
8.485000             -0.13849468224023772644
8.490000             -0.13516493251658048824
8.495000             -0.13200829961787272082
8.500000             -0.12902494580008341818
8.505000             -0.12621628398992282283
8.510000             -0.12358010814737148408
8.515000             -0.12111919179331565033
8.520000             -0.11884174462232059699
8.525000             -0.11674578084175107895
8.530000             -0.11484272162140887752
8.535000             -0.11313227054616666056
8.540000             -0.11163092269624320940
8.545000             -0.11033725754210334247
8.550000             -0.10927722741560337572
8.555000             -0.10844945955639767599
8.560000             -0.10786257100504079154
8.565000             -0.10751972175973469048
8.570000             -0.10744211096248050541
8.575000             -0.10763565109567801992
8.580000             -0.10810743171245863758
8.585000             -0.10885634205259328566
8.590000             -0.10988463546577502405
8.595000             -0.11119794299525692649
8.600000             -0.11277636757091549780
8.605000             -0.11462363780248376044
8.610000             -0.11671739277846984728
8.615000             -0.11904417483286651447
8.620000             -0.12159828015363449705
8.625000             -0.12436275245355481178
8.630000             -0.12731396631615082837
8.635000             -0.13044489956718874346
8.640000             -0.13374613992826614450
8.645000             -0.13720075111084439889
8.650000             -0.14081468205224276224
8.655000             -0.14457102272234503837
8.660000             -0.14846265679192940934
8.665000             -0.15248501664287961166
8.670000             -0.15663547724317197773
8.675000             -0.16090305762392570488
8.680000             -0.16528079233169667983
8.685000             -0.16974006644405928435
8.690000             -0.17426485056906962368
8.695000             -0.17883273025534271450
8.700000             -0.18342205305982461905
8.705000             -0.18800631728561811862
8.710000             -0.19255764422110505096
8.715000             -0.19704535486400615030
8.720000             -0.20143671727550147010
8.725000             -0.20571031006036058497
8.730000             -0.20982737525039982240
8.735000             -0.21376137256096419681
8.740000             -0.21749510218910619863
8.745000             -0.22097384740249756407
8.750000             -0.22421128801432288480
8.755000             -0.22715233423740618934
8.760000             -0.22983170174878314596
8.765000             -0.23222663119694905709
8.770000             -0.23433870905838785625
8.775000             -0.23616216115456106772
8.780000             -0.23769878281408934884
8.785000             -0.23894989454521262107
8.790000             -0.23993140273986254818
8.795000             -0.24066409268534974530
8.800000             -0.24116458678663801884
8.805000             -0.24146244321745449768
8.810000             -0.24156561987499453048
8.815000             -0.24150548441402439059
8.820000             -0.24129623661332610940
8.825000             -0.24094726966716994987
8.830000             -0.24047420219916287865
8.835000             -0.23988163863567621426
8.840000             -0.23919123605455236414
8.845000             -0.23840687431408774666
8.850000             -0.23753719993268551658
8.855000             -0.23658982500413408556
8.860000             -0.23556273217901804728
8.865000             -0.23447442158659145828
8.870000             -0.23329737139134029689
8.875000             -0.23206152038621746803
8.880000             -0.23075194225714473761
8.885000             -0.22937631983474712771
8.890000             -0.22793345498317954534
8.895000             -0.22642534911713244061
8.900000             -0.22485372920335500169
8.905000             -0.22322048925191378954
8.910000             -0.22152843457151791262
8.915000             -0.21977957576803994200
8.920000             -0.21797983946493984519
8.925000             -0.21612067772602908122
8.930000             -0.21421514345762221465
8.935000             -0.21226079567507796786
8.940000             -0.21028272978490805678
8.945000             -0.20825885501025875879
8.950000             -0.20623697700196352844
8.955000             -0.20419659505438872427
8.960000             -0.20216382165227578249
8.965000             -0.20013905636753401285
8.970000             -0.19813024371182236250
8.975000             -0.19615595533090704472
8.980000             -0.19420859569607842876
8.985000             -0.19230480733966257012
8.990000             -0.19045445236466945760
8.995000             -0.18865163944022916853
9.000000             -0.18688880465300547473
9.005000             -0.18517908033189228734
9.010000             -0.18350245689040364794
9.015000             -0.18186753314199799458
9.020000             -0.18025802272399951698
9.025000             -0.17867199280891377100
9.030000             -0.17710369315690691061
9.035000             -0.17555068048766425681
9.040000             -0.17400278112381470375
9.045000             -0.17247507884775678533
9.050000             -0.17095398722854371343
9.055000             -0.16944572596168938627
9.060000             -0.16794045391998166372
9.065000             -0.16644929636209956914
9.070000             -0.16497248749045409499
9.075000             -0.16351933731268664118
9.080000             -0.16209530678637851242
9.085000             -0.16070248172698109457
9.090000             -0.15934633830134453669
9.095000             -0.15803679992832311840
9.100000             -0.15677847793589627656
9.105000             -0.15557417632984604783
9.110000             -0.15442831586096972263
9.115000             -0.15334936873227109078
9.120000             -0.15233814269549619813
9.125000             -0.15140478253692943311
9.130000             -0.15055950670789827739
9.135000             -0.14980827970533117099
9.140000             -0.14915942832346723579
9.145000             -0.14862173534480110915
9.150000             -0.14819732568532859029
9.155000             -0.14790490517961832340
9.160000             -0.14773958786302537893
9.165000             -0.14772306104420102058
9.170000             -0.14783904970484482155
9.175000             -0.14811516213917000351
9.180000             -0.14852378544484368117
9.185000             -0.14911394997097629500
9.190000             -0.14983812870442980714
9.195000             -0.15073805477273455322
9.200000             -0.15179440772724631104
9.205000             -0.15301646640425808910
9.210000             -0.15439510766598552038
9.215000             -0.15592749650783452320
9.220000             -0.15760768357584434285
9.225000             -0.15941837876198997059
9.230000             -0.16135015282244638546
9.235000             -0.16338018443007090719
9.240000             -0.16550289375532642455
9.245000             -0.16769028224567777974
9.250000             -0.16993761245841609853
9.255000             -0.17220486475580490393
9.260000             -0.17447996525441825111
9.265000             -0.17673991027333862958
9.270000             -0.17895823076769790116
9.275000             -0.18113040028256119363
9.280000             -0.18323299965100794950
9.285000             -0.18526312507362222015
9.290000             -0.18721363818350314490
9.295000             -0.18908769475274886385
9.300000             -0.19088281745858254324
9.305000             -0.19260332695999413111
9.310000             -0.19425388270807034119
9.315000             -0.19583151121559630448
9.320000             -0.19734808889535815357
9.325000             -0.19881420784940237456
9.330000             -0.20022685576021315157
9.335000             -0.20161289463539516786
9.340000             -0.20295442341464609015
9.345000             -0.20426948026563923611
9.350000             -0.20559762321746527514
9.355000             -0.20691173612443597429
9.360000             -0.20818605119488936550
9.365000             -0.20946421199609024932
9.370000             -0.21072178857911633143
9.375000             -0.21196905364721485565
9.380000             -0.21318705339223537054
9.385000             -0.21438152803448637385
9.390000             -0.21554280215004184562
9.395000             -0.21666526445585446159
9.400000             -0.21774271339509593259
9.405000             -0.21876797433070449550
9.410000             -0.21973469978029214200
9.415000             -0.22063705087274371186
9.420000             -0.22146934746985461051
9.425000             -0.22222634343056618667
9.430000             -0.22290780962350542627
9.435000             -0.22350577761529172305
9.440000             -0.22403920863491577631
9.445000             -0.22448476682388698866
9.450000             -0.22487513411719858847
9.455000             -0.22519325968005818317
9.460000             -0.22545800178361527499
9.465000             -0.22566202916257721567
9.470000             -0.22581782050863855038
9.475000             -0.22592381171813608054
9.480000             -0.22598800009680608536
9.485000             -0.22601437872569471454
9.490000             -0.22601175132216963504
9.495000             -0.22597605309615459435
9.500000             -0.22592435249621692361
9.505000             -0.22585708083461225604
9.510000             -0.22575082403930013530
9.515000             -0.22560764796199689330
9.520000             -0.22548276134442921115
9.525000             -0.22532129577815621091
9.530000             -0.22512966762258690423
9.535000             -0.22491192888641886594
9.540000             -0.22467195524959082675
9.545000             -0.22440672911721348814
9.550000             -0.22410635522343624881
9.555000             -0.22377907988372805481
9.560000             -0.22340575939819978801
9.565000             -0.22300542084798227749
9.570000             -0.22255172965560707232
9.575000             -0.22205883030378514853
9.580000             -0.22151748093947562501
9.585000             -0.22092985982763216346
9.590000             -0.22029029261367819026
9.595000             -0.21959370514523635087
9.600000             -0.21883379271256106491
9.605000             -0.21800798679156416227
9.610000             -0.21711096579730618239
9.615000             -0.21615124669624077858
9.620000             -0.21513256109821818352
9.625000             -0.21405107112268620395
9.630000             -0.21291508695271715856
9.635000             -0.21172316073707947437
9.640000             -0.21047984979458123078
9.645000             -0.20919514137708686285
9.650000             -0.20786177243118769686
9.655000             -0.20649667482695080456
9.660000             -0.20509758012031131802
9.665000             -0.20368257525958619047
9.670000             -0.20225508226405342072
9.675000             -0.20082817410361472610
9.680000             -0.19940874680556860965
9.685000             -0.19800833052645436250
9.690000             -0.19662566977891512976
9.695000             -0.19527470462459425860
9.700000             -0.19396910009186663082
9.705000             -0.19270043006042131273
9.710000             -0.19147837286039465221
9.715000             -0.19029919061075889486
9.720000             -0.18916621985312101484
9.725000             -0.18807099021576695330
9.730000             -0.18701202922433016185
9.735000             -0.18597559476540170831
9.740000             -0.18496395039917776226
9.745000             -0.18395366058135795284
9.750000             -0.18295070050457762356
9.755000             -0.18194070585681235142
9.760000             -0.18091783795591542816
9.765000             -0.17987142053631169358
9.770000             -0.17880074479275689936
9.775000             -0.17769718611371640438
9.780000             -0.17656383757650381816
9.785000             -0.17539807205205135143
9.790000             -0.17420154633850756798
9.795000             -0.17298057391116986037
9.800000             -0.17173913430947024272
9.805000             -0.17048376470865675425
9.810000             -0.16921958985804105846
9.815000             -0.16795657623524276603
9.820000             -0.16670324068658082250
9.825000             -0.16547910630407491883
9.830000             -0.16428252681660504564
9.835000             -0.16313239639805882097
9.840000             -0.16201576948954898860
9.845000             -0.16096359519992278764
9.850000             -0.15995822975686888046
9.855000             -0.15901515971198429411
9.860000             -0.15812475302314990544
9.865000             -0.15729443248947172496
9.870000             -0.15651212346209600335
9.875000             -0.15578174692574087157
9.880000             -0.15509155706570731947
9.885000             -0.15443841845826211667
9.890000             -0.15381780118695945192
9.895000             -0.15322021731948332057
9.900000             -0.15264556641697046846
9.905000             -0.15208711242219058457
9.910000             -0.15154427724213845319
9.915000             -0.15101914522621237569
9.920000             -0.15050638794675930132
9.925000             -0.15000389519725176868
9.930000             -0.14953543108468878020
9.935000             -0.14907705014746538974
9.940000             -0.14864772355718525176
9.945000             -0.14823298579760554872
9.950000             -0.14785109605418333967
9.955000             -0.14749640158002227941
9.960000             -0.14717162922917834122
9.965000             -0.14689259025427806038
9.970000             -0.14664338145100577759
9.975000             -0.14644368798947715593
9.980000             -0.14627325424540582599
9.985000             -0.14615574354684687797
9.990000             -0.14607713375929642918
9.995000             -0.14604366226286755182
10.000000             -0.14606060620538968697
10.005000             -0.14613286793800955854
10.010000             -0.14626833685618498282
10.015000             -0.14647225622936163592
10.020000             -0.14675633051320932654
10.025000             -0.14711805078087802912
10.030000             -0.14757168162756686969
10.035000             -0.14812193098786230472
10.040000             -0.14876939144026443684
10.045000             -0.14952292392891511352
10.050000             -0.15038168272968444050
10.055000             -0.15135067960100509477
10.060000             -0.15243824241824671661
10.065000             -0.15363201101581036578
10.070000             -0.15493937168426222262
10.075000             -0.15634913254759016943
10.080000             -0.15786870305939371129
10.085000             -0.15948159885318033413
10.090000             -0.16118957815215656515
10.095000             -0.16298185477997181869
10.100000             -0.16485631513960216643
10.105000             -0.16680862545799340912
10.110000             -0.16884518193755609916
10.115000             -0.17093415280214044327
10.120000             -0.17309648613004019468
10.125000             -0.17526978878914956095
10.130000             -0.17748817533509322897
10.135000             -0.17974021872274156819
10.140000             -0.18202693223523661037
10.145000             -0.18434726493789760360
10.150000             -0.18670106917601464458
10.155000             -0.18908862194499331810
10.160000             -0.19150812450199886094
10.165000             -0.19396732066167243769
10.170000             -0.19644612440280589949
10.175000             -0.19894331197247905330
10.180000             -0.20144084396095218725
10.185000             -0.20394848859235045757
10.190000             -0.20644227595373393358
10.195000             -0.20891478050112199938
10.200000             -0.21135195832736416999
10.205000             -0.21374240479794820446
10.210000             -0.21608068799279958605
10.215000             -0.21833221164232560763
10.220000             -0.22050072189943387135
10.225000             -0.22257096215279945084
10.230000             -0.22453196616877976743
10.235000             -0.22638291435983454170
10.240000             -0.22808727234339129519
10.245000             -0.22963602056162843446
10.250000             -0.23102230040042118220
10.255000             -0.23220369742287225168
10.260000             -0.23322943057916226128
10.265000             -0.23403223397290195962
10.270000             -0.23465251603748865650
10.275000             -0.23505907826412547612
10.280000             -0.23529284734563901682
10.285000             -0.23531874995558996200
10.290000             -0.23515425846613305372
10.295000             -0.23480055324544363282
10.300000             -0.23424827828180228018
10.305000             -0.23351404108556669814
10.310000             -0.23257456403479739859
10.315000             -0.23144127443603196292
10.320000             -0.23011079024376865365
10.325000             -0.22858794747565439054
10.330000             -0.22687186409501933215
10.335000             -0.22498535141117642633
10.340000             -0.22289316191871372252
10.345000             -0.22065263373730925611
10.350000             -0.21819914503597098721
10.355000             -0.21557773052409334724
10.360000             -0.21277824556518643018
10.365000             -0.20980368198000065583
10.370000             -0.20669043749377791208
10.375000             -0.20340138194115950365
10.380000             -0.19999698906051827096
10.385000             -0.19645537914282751313
10.390000             -0.19283639501251217951
10.395000             -0.18914577190925604966
10.400000             -0.18539295561788973754
10.405000             -0.18162793975231708576
10.410000             -0.17783165571148079609
10.415000             -0.17405022440097736580
10.420000             -0.17027560786712539476
10.425000             -0.16653425008683445108
10.430000             -0.16281675454373306655
10.435000             -0.15915445559847887780
10.440000             -0.15553349281909356616
10.445000             -0.15196843274501389831
10.450000             -0.14845768612038090506
10.455000             -0.14501227084646223231
10.460000             -0.14162998509837027017
10.465000             -0.13832562021648431294
10.470000             -0.13510117914063954347
10.475000             -0.13196391149189701242
10.480000             -0.12892754050314381153
10.485000             -0.12597839460361198727
10.490000             -0.12314385147794949804
10.495000             -0.12040467308444603722
10.500000             -0.11779496326688078389
10.505000             -0.11530757325724003137
10.510000             -0.11298271099021119090
10.515000             -0.11082389513952424498
10.520000             -0.10884761934956113660
10.525000             -0.10707182861017267017
10.530000             -0.10550246425519796412
10.535000             -0.10416323895119716791
10.540000             -0.10306034180413380097
10.545000             -0.10219788622582609561
10.550000             -0.10157692194838152666
10.555000             -0.10121532031744708002
10.560000             -0.10110586463881712782
10.565000             -0.10124663387695724548
10.570000             -0.10164815340240884733
10.575000             -0.10228824638692764204
10.580000             -0.10318033926655031940
10.585000             -0.10430793894268677868
10.590000             -0.10566006604323513463
10.595000             -0.10724061607784174388
10.600000             -0.10902538816757831319
10.605000             -0.11100871115963653613
10.610000             -0.11317382802218468874
10.615000             -0.11550631515377340897
10.620000             -0.11799034524959436943
10.625000             -0.12061485137593269679
10.630000             -0.12335814592226657105
10.635000             -0.12622092306595400490
10.640000             -0.12917740642381508875
10.645000             -0.13222248189796106943
10.650000             -0.13533568691880115686
10.655000             -0.13851326911540029485
10.660000             -0.14173761034190618391
10.665000             -0.14499654176330098454
10.670000             -0.14827650810598796971
10.675000             -0.15156965334561695036
10.680000             -0.15486109187870880644
10.685000             -0.15813451646390266903
10.690000             -0.16137323523965346750
10.695000             -0.16456837236240132172
10.700000             -0.16769804243819236289
10.705000             -0.17076309925302912696
10.710000             -0.17374169304401215763
10.715000             -0.17662992713067784956
10.720000             -0.17941946225870478160
10.725000             -0.18210013147900910857
10.730000             -0.18466907854122510679
10.735000             -0.18712406897917993609
10.740000             -0.18947056591552569049
10.745000             -0.19170382053978354819
10.750000             -0.19383227804130492844
10.755000             -0.19586131827830610685
10.760000             -0.19779366514391438781
10.765000             -0.19963906008748572019
10.770000             -0.20139974801444165964
10.775000             -0.20308146527441087170
10.780000             -0.20468624298807180928
10.785000             -0.20621414637625151700
10.790000             -0.20766619397768135147
10.795000             -0.20904044423694223553
10.800000             -0.21033515606658662045
10.805000             -0.21153583387183105824
10.810000             -0.21264480524828774377
10.815000             -0.21364722929815868624
10.820000             -0.21453927330392252859
10.825000             -0.21530708741415127694
10.830000             -0.21594589512019271571
10.835000             -0.21644547214634649035
10.840000             -0.21678083192144964597
10.845000             -0.21697026044398615152
10.850000             -0.21697987451324945996
10.855000             -0.21684021680229956242
10.860000             -0.21653821015470167688
10.865000             -0.21610024596397550689
10.870000             -0.21551537185094302163
10.875000             -0.21480191903024245526
10.880000             -0.21396441260347418001
10.885000             -0.21302480770683152045
10.890000             -0.21198806242932191624
10.895000             -0.21087774764954742013
10.900000             -0.20970211142717817832
10.905000             -0.20847104938867266899
10.910000             -0.20717997211802691160
10.915000             -0.20585344658491627756
10.920000             -0.20448716127059324288
10.925000             -0.20307883471989057744
10.930000             -0.20163853767397785233
10.935000             -0.20016277143766642022
10.940000             -0.19864847400965640611
10.945000             -0.19708408608285329922
10.950000             -0.19547766798062576887
10.955000             -0.19381668722730815979
10.960000             -0.19210469460925241880
10.965000             -0.19032702055777650507
10.970000             -0.18848509589835799050
10.975000             -0.18657736264425955897
10.980000             -0.18460436694386997414
10.985000             -0.18255718374832474726
10.990000             -0.18044211624687050977
10.995000             -0.17827178899148171665
11.000000             -0.17605329357734092466
11.005000             -0.17380843330611314701
11.010000             -0.17153843501688312290
11.015000             -0.16926282329424172102
11.020000             -0.16699233623140280480
11.025000             -0.16476130735448393794
11.030000             -0.16255534207202471109
11.035000             -0.16040806984070227204
11.040000             -0.15832598180848272973
11.045000             -0.15633386433604073984
11.050000             -0.15442976897632992861
11.055000             -0.15262667386721587293
11.060000             -0.15092769790404936270
11.065000             -0.14933422143600280640
11.070000             -0.14784985773036349310
11.075000             -0.14647453591460043998
11.080000             -0.14521014300039106204
11.085000             -0.14405981545864615656
11.090000             -0.14302316121981803465
11.095000             -0.14210008936252185863
11.100000             -0.14129157704549880070
11.105000             -0.14059544108707036636
11.110000             -0.14001114804251041379
11.115000             -0.13953631420770690186
11.120000             -0.13916452126910858200
11.125000             -0.13890350189272135384
11.130000             -0.13875123087008076062
11.135000             -0.13870218408797282961
11.140000             -0.13876249096709575293
11.145000             -0.13892208257932667226
11.150000             -0.13919492309847350531
11.155000             -0.13957159538402222343
11.160000             -0.14005458641389728625
11.165000             -0.14064149713242118933
11.170000             -0.14132999105989793587
11.175000             -0.14211811897190487763
11.180000             -0.14300238225297862149
11.185000             -0.14397400506709356893
11.190000             -0.14504202606614519100
11.195000             -0.14619515231645283104
11.200000             -0.14744988569062617012
11.205000             -0.14877211850632890422
11.210000             -0.15016472103251585213
11.215000             -0.15162079012010684642
11.220000             -0.15314763383207805059
11.225000             -0.15473064615145343259
11.230000             -0.15636827462565441871
11.235000             -0.15806177719954725425
11.240000             -0.15980152601572727988
11.245000             -0.16158770732421728900
11.250000             -0.16341588504725948483
11.255000             -0.16528220316793146294
11.260000             -0.16718984824909416398
11.265000             -0.16911965915497256807
11.270000             -0.17108669093919584570
11.275000             -0.17306896656294395997
11.280000             -0.17506720423871385828
11.285000             -0.17706893547266247535
11.290000             -0.17908198572480127364
11.295000             -0.18108630747530701788
11.300000             -0.18308858634616353989
11.305000             -0.18506297960733222863
11.310000             -0.18701523671330302911
11.315000             -0.18893441636768809611
11.320000             -0.19081102993316861882
11.325000             -0.19264116638148645611
11.330000             -0.19441027198741364646
11.335000             -0.19611910520193809315
11.340000             -0.19775171349902309625
11.345000             -0.19931172714959022318
11.350000             -0.20079534620572350723
11.355000             -0.20219821753658934194
11.360000             -0.20351406318342685209
11.365000             -0.20473327672492167006
11.370000             -0.20586356876935252291
11.375000             -0.20688986692381819421
11.380000             -0.20782794358427758574
11.385000             -0.20866801865953532591
11.390000             -0.20942519751837757047
11.395000             -0.21007140590398198920
11.400000             -0.21063765478939172615
11.405000             -0.21110454348135443414
11.410000             -0.21146926692098735878
11.415000             -0.21171638265299314030
11.420000             -0.21185662465010815514
11.425000             -0.21187148531004729168
11.430000             -0.21176538770325797900
11.435000             -0.21153456771003900649
11.440000             -0.21118706163207695559
11.445000             -0.21071553678381399477
11.450000             -0.21012799014802571729
11.455000             -0.20941471093543317927
11.460000             -0.20858985798104495712
11.465000             -0.20766106580043247609
11.470000             -0.20662696550086837033
11.475000             -0.20549568888131422573
11.480000             -0.20427254427401514425
11.485000             -0.20296705593577724080
11.490000             -0.20157700043424595093
11.495000             -0.20011031582581828570
11.500000             -0.19856891589511904694
11.505000             -0.19695347987859593286
11.510000             -0.19526887090996433716
11.515000             -0.19350727791334734751
11.520000             -0.19168710958201914951
11.525000             -0.18979051283751824375
11.530000             -0.18782564604680826448
11.535000             -0.18578185267000488223
11.540000             -0.18367319451517519213
11.545000             -0.18149457126773679838
11.550000             -0.17924927327036935254
11.555000             -0.17694257865300663801
11.560000             -0.17457671678615649391
11.565000             -0.17216265085605636509
11.570000             -0.16970336224956705795
11.575000             -0.16721492297994797194
11.580000             -0.16468854478397246255
11.585000             -0.16215327830467579640
11.590000             -0.15961607945940817221
11.595000             -0.15708638985129719234
11.600000             -0.15458573004847958599
11.605000             -0.15210653659515518954
11.610000             -0.14966636970652069660
11.615000             -0.14728048780509375715
11.620000             -0.14495353457259910201
11.625000             -0.14270024571928946466
11.630000             -0.14050736350657350160
11.635000             -0.13839753248183114809
11.640000             -0.13637723125497283605
11.645000             -0.13445076859979238071
11.650000             -0.13262928734227116823
11.655000             -0.13091055673938759019
11.660000             -0.12930568025913391494
11.665000             -0.12781760117556204004
11.670000             -0.12644726431859051874
11.675000             -0.12520238957038026806
11.680000             -0.12409313163822734138
11.685000             -0.12313006535726123136
11.690000             -0.12231400507395705224
11.695000             -0.12165806718979083056
11.700000             -0.12114905031055515916
11.705000             -0.12081056174595458663
11.710000             -0.12063397808760228935
11.715000             -0.12062754665240829621
11.720000             -0.12079069206060719099
11.725000             -0.12112215539925411112
11.730000             -0.12162982374063306679
11.735000             -0.12230115448363282349
11.740000             -0.12313148780225091627
11.745000             -0.12411549442762573325
11.750000             -0.12526100071024201532
11.755000             -0.12655243318803205410
11.760000             -0.12798409593348514246
11.765000             -0.12954152950275413247
11.770000             -0.13122203311775607060
11.775000             -0.13301372238864336839
11.780000             -0.13491722115841450758
11.785000             -0.13689889328729820672
11.790000             -0.13897990963092463068
11.795000             -0.14113025028535902683
11.800000             -0.14335862420156161856
11.805000             -0.14565620821573591059
11.810000             -0.14802023893314195102
11.815000             -0.15044884973880262580
11.820000             -0.15294189561327653504
11.825000             -0.15549431137989946916
11.830000             -0.15811121970664271386
11.835000             -0.16079375303312129497
11.840000             -0.16353542186874178710
11.845000             -0.16634215442759592296
11.850000             -0.16919914028616814261
11.855000             -0.17210968354303046723
11.860000             -0.17505938006025809073
11.865000             -0.17804515431409578818
11.870000             -0.18105552773909619479
11.875000             -0.18407422051824121056
11.880000             -0.18709646359536555305
11.885000             -0.19010842761986940230
11.890000             -0.19310139881270765860
11.895000             -0.19606052530269216239
11.900000             -0.19897100807897952213
11.905000             -0.20181959905350690954
11.910000             -0.20459535120999536306
11.915000             -0.20728667107203041509
11.920000             -0.20987948981343945709
11.925000             -0.21236942347908321915
11.930000             -0.21474635515558151977
11.935000             -0.21700181567069248834
11.940000             -0.21913823313642022406
11.945000             -0.22112911739562080005
11.950000             -0.22299250918533369825
11.955000             -0.22471769597882965130
11.960000             -0.22632380353285122543
11.965000             -0.22780928434613417766
11.970000             -0.22917758059857173958
11.975000             -0.23042695570361124147
11.980000             -0.23155915868100554467
11.985000             -0.23258816357893347115
11.990000             -0.23348830081397389802
11.995000             -0.23427200137643550137
12.000000             -0.23491357059576761790
12.005000             -0.23542051171603547988
12.010000             -0.23577942149370045843
12.015000             -0.23600374277295430026
12.020000             -0.23604829722274381365
12.025000             -0.23593382303621421303
12.030000             -0.23563535254461726032
12.035000             -0.23516733551241011946
12.040000             -0.23453316457947701035
12.045000             -0.23372884622323344961
12.050000             -0.23276116824662959615
12.055000             -0.23163062390188615680
12.060000             -0.23033868630576567749
12.065000             -0.22889696496836112183
12.070000             -0.22730741841487889232
12.075000             -0.22558979253792257880
12.080000             -0.22373114603130953015
12.085000             -0.22174727336365440689
12.090000             -0.21963984619489473893
12.095000             -0.21741694029602259830
12.100000             -0.21507871363604930126
12.105000             -0.21264805388698634903
12.110000             -0.21010980625948763589
12.115000             -0.20746740386301285031
12.120000             -0.20473505859284485409
12.125000             -0.20190364249499301308
12.130000             -0.19898525006851153218
12.135000             -0.19597430300117768542
12.140000             -0.19288350735068446329
12.145000             -0.18972290881019773789
12.150000             -0.18650423967688481430
12.155000             -0.18321826171775845715
12.160000             -0.17990752731631814987
12.165000             -0.17656594010230955427
12.170000             -0.17321149896703427751
12.175000             -0.16986106544361040394
12.180000             -0.16651601790274275783
12.185000             -0.16320013727333160247
12.190000             -0.15991691530366475282
12.195000             -0.15669659104389194182
12.200000             -0.15353420248373159107
12.205000             -0.15044890318684170372
12.210000             -0.14744443891085379228
12.215000             -0.14453098667442221270
12.220000             -0.14171508657522813301
12.225000             -0.13899790703823886040
12.230000             -0.13639872242855705098
12.235000             -0.13390415514454273582
12.240000             -0.13151271516413967633
12.245000             -0.12922262554554991842
12.250000             -0.12703530607059962398
12.255000             -0.12494416003786068536
12.260000             -0.12295470378273580525
12.265000             -0.12105937587979340164
12.270000             -0.11926260543229012800
12.275000             -0.11756575886697036293
12.280000             -0.11597689635538241393
12.285000             -0.11448971888465636626
12.290000             -0.11311317455478675509
12.295000             -0.11186023044999024445
12.300000             -0.11073334805939920311
12.305000             -0.10974263629988030566
12.310000             -0.10890214406509497735
12.315000             -0.10820700736411158205
12.320000             -0.10767048505297364958
12.325000             -0.10728564041475863178
12.330000             -0.10707264293305085445
12.335000             -0.10701806197808300114
12.340000             -0.10713055229029856685
12.345000             -0.10739518712155406155
12.350000             -0.10781363598865549569
12.355000             -0.10837129863012019693
12.360000             -0.10907075493938968302
12.365000             -0.10989507683130861349
12.370000             -0.11084064488494990708
12.375000             -0.11189797894807941570
12.380000             -0.11306310222001668409
12.385000             -0.11432667420018589877
12.390000             -0.11568838658339677949
12.395000             -0.11714222083704274591
12.400000             -0.11868740025862517529
12.405000             -0.12031966642374761212
12.410000             -0.12204468329270792837
12.415000             -0.12386048665007548530
12.420000             -0.12577753277986525315
12.425000             -0.12778917576101947451
12.430000             -0.12990174568229798102
12.435000             -0.13211533008601736294
12.440000             -0.13443194028403540607
12.445000             -0.13684769041528735412
12.450000             -0.13936763205300919943
12.455000             -0.14197789453325879161
12.460000             -0.14467603118418531638
12.465000             -0.14744468915813974119
12.470000             -0.15027756042600587394
12.475000             -0.15317682223560516452
12.480000             -0.15611632179798101694
12.485000             -0.15908998795588949471
12.490000             -0.16206039880322214985
12.495000             -0.16503649851271509630
12.500000             -0.16799707330669993999
12.505000             -0.17094117186285004428
12.510000             -0.17384935524256484030
12.515000             -0.17672685009425234681
12.520000             -0.17954776540310674049
12.525000             -0.18232003661751577939
12.530000             -0.18503099384068841249
12.535000             -0.18767708779538652686
12.540000             -0.19025154328088933475
12.545000             -0.19276341602993418700
12.550000             -0.19519456214005678762
12.555000             -0.19755784732486977862
12.560000             -0.19985054378729566471
12.565000             -0.20206987986052477035
12.570000             -0.20420811546659370372
12.575000             -0.20626522887142439977
12.580000             -0.20824039558713686171
12.585000             -0.21012484495149516550
12.590000             -0.21191653803808990775
12.595000             -0.21362438560844990154
12.600000             -0.21523368365480338715
12.605000             -0.21674339301570069716
12.610000             -0.21813964030995103283
12.615000             -0.21942367593006154025
12.620000             -0.22059637455181377308
12.625000             -0.22164461602288124120
12.630000             -0.22257260044286808487
12.635000             -0.22337727492103248705
12.640000             -0.22405716517051346703
12.645000             -0.22461500112402671414
12.650000             -0.22505135333485104532
12.655000             -0.22537174742499918589
12.660000             -0.22556443942501055999
12.665000             -0.22564318270762995233
12.670000             -0.22559270325554212078
12.675000             -0.22544251088961650420
12.680000             -0.22516243202349014996
12.685000             -0.22480355389001460686
12.690000             -0.22431171114899389751
12.695000             -0.22372607546584155624
12.700000             -0.22301694304413072212
12.705000             -0.22221115772132585264
12.710000             -0.22128812862435787157
12.715000             -0.22027190902270396555
12.720000             -0.21911867667020143435
12.725000             -0.21785436105022357167
12.730000             -0.21645635722116035593
12.735000             -0.21495713812011091326
12.740000             -0.21335378241312191738
12.745000             -0.21163600902279683380
12.750000             -0.20982081467410271247
12.755000             -0.20790592268114813090
12.760000             -0.20591120759163300535
12.765000             -0.20382297994456330392
12.770000             -0.20165765121815362737
12.775000             -0.19941076983496053288
12.780000             -0.19710395239509492793
12.785000             -0.19474902449782843794
12.790000             -0.19234862011576242535
12.795000             -0.18991092926597319401
12.800000             -0.18740535763105364842
12.805000             -0.18490364031062328509
12.810000             -0.18237984657377417919
12.815000             -0.17986656964301056538
12.820000             -0.17735870045863902367
12.825000             -0.17486770533608544942
12.830000             -0.17241020609169666056
12.835000             -0.16999382562411138875
12.840000             -0.16761534728184013243
12.845000             -0.16528573345785155246
12.850000             -0.16301628548473723335
12.855000             -0.16080746340320123400
12.860000             -0.15866598617194746512
12.865000             -0.15659784519703190409
12.870000             -0.15459440077273942094
12.875000             -0.15267952765565456774
12.880000             -0.15084608490168988082
12.885000             -0.14910939774419948445
12.890000             -0.14746737581831645403
12.895000             -0.14592899901684724950
12.900000             -0.14449593391676349152
12.905000             -0.14317418457719649494
12.910000             -0.14196543769755179398
12.915000             -0.14087421642808631295
12.920000             -0.13989913851308224957
12.925000             -0.13904741434667663991
12.930000             -0.13830762685019754032
12.935000             -0.13769652106487365040
12.940000             -0.13720942026779880951
12.945000             -0.13684567569404301746
12.950000             -0.13661552351693737051
12.955000             -0.13650111623553290441
12.960000             -0.13652650081476166988
12.965000             -0.13667899741123892832
12.970000             -0.13696394549761423121
12.975000             -0.13738501606237987773
12.980000             -0.13793938237393887913
12.985000             -0.13863273561468544837
12.990000             -0.13945768730383209522
12.995000             -0.14041926545116323322
13.000000             -0.14151225199724432047
13.005000             -0.14273576006014565554
13.010000             -0.14408750677289222653
13.015000             -0.14556355475344814887
13.020000             -0.14715945093823873391
13.025000             -0.14886838331282237213
13.030000             -0.15068747314755562283
13.035000             -0.15260523765580327749
13.040000             -0.15460717972842002998
13.045000             -0.15669890996289714824
13.050000             -0.15885567142725584566
13.055000             -0.16107403087510430151
13.060000             -0.16333741354735370477
13.065000             -0.16563434944154892259
13.070000             -0.16794737447778940176
13.075000             -0.17026190650853992303
13.080000             -0.17256318479986498815
13.085000             -0.17484518683129757211
13.090000             -0.17708786495506639858
13.095000             -0.17928572433005576792
13.100000             -0.18142855874535157579
13.105000             -0.18350555453847799958
13.110000             -0.18551882028457955531
13.115000             -0.18745416188692756720
13.120000             -0.18933697630371085219
13.125000             -0.19111826302059997662
13.130000             -0.19283651642120552827
13.135000             -0.19446080372368568234
13.140000             -0.19601476566374284594
13.145000             -0.19748967872253314626
13.150000             -0.19888948640788708944
13.155000             -0.20018990742350883938
13.160000             -0.20141500569544540378
13.165000             -0.20254390484876144685
13.170000             -0.20359315914114528567
13.175000             -0.20454200418019305441
13.180000             -0.20541156408828675772
13.185000             -0.20618899787247635391
13.190000             -0.20687777059758313825
13.195000             -0.20747530869644317808
13.200000             -0.20798066195042680393
13.205000             -0.20838840213333967299
13.210000             -0.20871105997522090836
13.215000             -0.20892682362660522366
13.220000             -0.20905147051438860428
13.225000             -0.20907563325755237904
13.230000             -0.20899362995045772662
13.235000             -0.20881961187566519533
13.240000             -0.20854656421204970096
13.245000             -0.20817965153124676214
13.250000             -0.20772635465020969359
13.255000             -0.20718029778700305932
13.260000             -0.20655087270068264726
13.265000             -0.20584517628583795523
13.270000             -0.20505664978372084573
13.275000             -0.20421327725444907153
13.280000             -0.20329745956554201580
13.285000             -0.20233061481413899818
13.290000             -0.20130337374096071712
13.295000             -0.20023349481846275388
13.300000             -0.19909901458561105048
13.305000             -0.19791478269175777349
13.310000             -0.19667815845930092244
13.315000             -0.19540289312843389657
13.320000             -0.19407940830734196624
13.325000             -0.19272478067567155868
13.330000             -0.19133952258442996075
13.335000             -0.18993002935918018581
13.340000             -0.18850865500589078505
13.345000             -0.18706079316749257835
13.350000             -0.18558899548030302618
13.355000             -0.18410272974002442337
13.360000             -0.18260562646978703571
13.365000             -0.18108296881345570251
13.370000             -0.17954431847043172965
13.375000             -0.17798866811403732391
13.380000             -0.17641530979215222508
13.385000             -0.17482944667700589525
13.390000             -0.17322340029066621292
13.395000             -0.17160396956697887560
13.400000             -0.16994989596092946460
13.405000             -0.16830347483712043699
13.410000             -0.16660161918494420519
13.415000             -0.16492002947693404358
13.420000             -0.16321746455477631477
13.425000             -0.16154204397419730244
13.430000             -0.15987046677459695876
13.435000             -0.15822109450945340270
13.440000             -0.15660514347602977336
13.445000             -0.15501636837063234586
13.450000             -0.15348436944950638594
13.455000             -0.15197953339095318648
13.460000             -0.15054133055016158393
13.465000             -0.14916772355089741309
13.470000             -0.14786336603138747203
13.475000             -0.14663427851643923150
13.480000             -0.14548779372510420305
13.485000             -0.14442330738428876824
13.490000             -0.14344321479439325895
13.495000             -0.14255013011715314541
13.500000             -0.14174375176572881485
13.505000             -0.14102626958893060838
13.510000             -0.14039730136873959654
13.515000             -0.13984721371764138875
13.520000             -0.13938029433511145427
13.525000             -0.13898824681960697536
13.530000             -0.13866877266072014097
13.535000             -0.13841786997186902863
13.540000             -0.13822875039120963159
13.545000             -0.13809931624665128247
13.550000             -0.13802517267336103512
13.555000             -0.13800666409891085284
13.560000             -0.13804206392785686730
13.565000             -0.13812987251198105554
13.570000             -0.13826842112607365398
13.575000             -0.13846120786363352861
13.580000             -0.13870541604361302790
13.585000             -0.13900654043624088851
13.590000             -0.13936159350541021951
13.595000             -0.13978998063564579413
13.600000             -0.14027086166556854141
13.605000             -0.14081973555219556848
13.610000             -0.14144188997371892613
13.615000             -0.14212683884187857219
13.620000             -0.14288241007872098942
13.625000             -0.14370488552518109748
13.630000             -0.14460097187184386969
13.635000             -0.14556241236804676187
13.640000             -0.14659220939348743817
13.645000             -0.14768502600494606836
13.650000             -0.14884147524480925706
13.655000             -0.15005242440170007967
13.660000             -0.15132107928296636978
13.665000             -0.15263783592631335884
13.670000             -0.15399937969147353689
13.675000             -0.15539745423438480754
13.680000             -0.15684493164278121013
13.685000             -0.15832187681539244828
13.690000             -0.15984888157045382129
13.695000             -0.16140751517855717045
13.700000             -0.16300120896827585693
13.705000             -0.16463190335800834130
13.710000             -0.16629870117539538588
13.715000             -0.16799699617477217850
13.720000             -0.16972219090703979938
13.725000             -0.17147377848576883519
13.730000             -0.17325132419361569114
13.735000             -0.17504250551753317011
13.740000             -0.17684892969896662263
13.745000             -0.17866559792932110162
13.750000             -0.18047749777179081243
13.755000             -0.18229753906520307360
13.760000             -0.18411025495916716332
13.765000             -0.18591018926177266257
13.770000             -0.18768775318274130703
13.775000             -0.18943634068669548687
13.780000             -0.19115346916649483822
13.785000             -0.19282977197686390625
13.790000             -0.19446195792226708687
13.795000             -0.19604214894753885234
13.800000             -0.19756750269057668512
13.805000             -0.19902208668305199080
13.810000             -0.20042018646709358620
13.815000             -0.20175239138755557411
13.820000             -0.20300707825310981836
13.825000             -0.20420154028619366682
13.830000             -0.20531819669359960279
13.835000             -0.20637286195836795910
13.840000             -0.20734897055334824967
13.845000             -0.20825910216915097251
13.850000             -0.20907162120910224856
13.855000             -0.20981061605770381928
13.860000             -0.21045934157054835278
13.865000             -0.21104251355457165351
13.870000             -0.21152673256491860698
13.875000             -0.21192613419281239318
13.880000             -0.21221772998079582728
13.885000             -0.21241759384448838377
13.890000             -0.21251163989922541853
13.895000             -0.21252303615706549800
13.900000             -0.21240614431103541082
13.905000             -0.21219876048158595183
13.910000             -0.21187233079245154643
13.915000             -0.21145059528933299320
13.920000             -0.21092697278774952263
13.925000             -0.21030309703669705645
13.930000             -0.20958807360342787685
13.935000             -0.20877504099161017792
13.940000             -0.20787230871662445986
13.945000             -0.20688776447183862550
13.950000             -0.20580750435525288489
13.955000             -0.20466968683040112631
13.960000             -0.20343118473954746595
13.965000             -0.20213674590609917447
13.970000             -0.20076969676300376877
13.975000             -0.19933729518667986369
13.980000             -0.19783915423417805513
13.985000             -0.19628275554442639605
13.990000             -0.19466873893137195961
13.995000             -0.19300664678827644805
14.000000             -0.19129069876467211242
14.005000             -0.18953319775947261028
14.010000             -0.18773488230795157272
14.015000             -0.18590221730571407366
14.020000             -0.18405055756001084677
14.025000             -0.18216237178027538945
14.030000             -0.18025664709464744861
14.035000             -0.17833696087762276883
14.040000             -0.17640949938903000005
14.045000             -0.17447350248610571377
14.050000             -0.17254594411895701755
14.055000             -0.17062220391110227702
14.060000             -0.16870620073656636406
14.065000             -0.16680458856081453733
14.070000             -0.16491474595969982109
14.075000             -0.16305746040004762132
14.080000             -0.16122295601801728271
14.085000             -0.15941892766580606500
14.090000             -0.15764412319403245388
14.095000             -0.15591214798214170223
14.100000             -0.15422678579724313774
14.105000             -0.15261145666998718329
14.110000             -0.15105592197085485062
14.115000             -0.14957721120414843585
14.120000             -0.14816437814980426557
14.125000             -0.14683145200444447376
14.130000             -0.14557284400047965089
14.135000             -0.14439407147451391311
14.140000             -0.14331156495047087107
14.145000             -0.14231438142818034209
14.150000             -0.14140909967204809417
14.155000             -0.14059610409448425328
14.160000             -0.13987853633367566819
14.165000             -0.13925641201418367809
14.170000             -0.13873011646259514329
14.175000             -0.13830226808922935211
14.180000             -0.13797182223138704238
14.185000             -0.13774024974592055659
14.190000             -0.13760832756949914479
14.195000             -0.13758088230057416435
14.200000             -0.13765010643946909430
14.205000             -0.13781834047255508979
14.210000             -0.13808214321028600136
14.215000             -0.13843896025643528946
14.220000             -0.13889529376289155849
14.225000             -0.13944070775301925513
14.230000             -0.14008206059633154794
14.235000             -0.14081735377164017464
14.240000             -0.14165422355697601664
14.245000             -0.14258806210085972488
14.250000             -0.14362410334000161316
14.255000             -0.14476057071781595065
14.260000             -0.14599947861735262933
14.265000             -0.14733973329739022406
14.270000             -0.14878542062620431219
14.275000             -0.15032689138214916369
14.280000             -0.15197287350565066855
14.285000             -0.15371453645374552610
14.290000             -0.15555902039523322733
14.295000             -0.15749601751480735157
14.300000             -0.15952122636701332459
14.305000             -0.16161120659380825981
14.310000             -0.16377394189034399918
14.315000             -0.16599422657285151095
14.320000             -0.16827168998089192531
14.325000             -0.17056381271078213668
14.330000             -0.17289895048656286902
14.335000             -0.17523578393386610164
14.340000             -0.17758016018271055581
14.345000             -0.17992369645879799367
14.350000             -0.18227317506160420346
14.355000             -0.18460118008849504823
14.360000             -0.18690052807359047726
14.365000             -0.18916978533590500522
14.370000             -0.19139449104410702351
14.375000             -0.19358576484672193607
14.380000             -0.19572123582427364274
14.385000             -0.19780040249985689216
14.390000             -0.19980816032919088143
14.395000             -0.20174727650394022604
14.400000             -0.20361003377825515059
14.405000             -0.20539198354713553152
14.410000             -0.20709210214832363128
14.415000             -0.20870606713028042045
14.420000             -0.21022933458464079792
14.425000             -0.21166132563536946276
14.430000             -0.21300053908186636353
14.435000             -0.21424470779983170732
14.440000             -0.21539228691608278132
14.445000             -0.21644996231883181781
14.450000             -0.21740051421707820567
14.455000             -0.21826922509340765388
14.460000             -0.21902664866331045257
14.465000             -0.21968533658714958778
14.470000             -0.22025211310960426947
14.475000             -0.22070418543713735127
14.480000             -0.22106691395594393890
14.485000             -0.22131690428854036701
14.490000             -0.22146432563218576561
14.495000             -0.22150508089437287440
14.500000             -0.22144176084615235789
14.505000             -0.22127540326634681511
14.510000             -0.22100589191322164706
14.515000             -0.22063168789451026441
14.520000             -0.22015577104011074816
14.525000             -0.21959163987479995983
14.530000             -0.21892151529510192609
14.535000             -0.21815899211986036765
14.540000             -0.21730797469126825194
14.545000             -0.21637380737718933665
14.550000             -0.21535597460234423561
14.555000             -0.21427253353425979032
14.560000             -0.21309528239264280414
14.565000             -0.21184952088914951740
14.570000             -0.21051584633862557849
14.575000             -0.20912094508148365568
14.580000             -0.20764227747868949092
14.585000             -0.20609631547973675247
14.590000             -0.20446301144546949469
14.595000             -0.20277796215775756306
14.600000             -0.20101257586796589250
14.605000             -0.19918697040789168362
14.610000             -0.19729977727396161291
14.615000             -0.19536007301878777209
14.620000             -0.19336434511351838217
14.625000             -0.19131662754338307764
14.630000             -0.18922162077245563427
14.635000             -0.18708006003955862662
14.640000             -0.18489422030657051699
14.645000             -0.18267307370084337470
14.650000             -0.18041861477603743369
14.655000             -0.17813023762300783659
14.660000             -0.17581820597678521345
14.665000             -0.17347926294678656101
14.670000             -0.17112966976620760939
14.675000             -0.16876516991314932659
14.680000             -0.16640485905562965585
14.685000             -0.16405131702967995500
14.690000             -0.16170910068697610940
14.695000             -0.15938259796056308826
14.700000             -0.15708875196832339238
14.705000             -0.15483489907392275486
14.710000             -0.15262188194952377995
14.715000             -0.15046193215637054807
14.720000             -0.14835619495061197481
14.725000             -0.14631183062587546639
14.730000             -0.14433260963840921498
14.735000             -0.14242509688633467335
14.740000             -0.14058074707522574820
14.745000             -0.13881535009865719754
14.750000             -0.13712219576803658105
14.755000             -0.13549698110541097407
14.760000             -0.13395313260641167341
14.765000             -0.13247589655928063146
14.770000             -0.13107451082787457963
14.775000             -0.12974792906805085457
14.780000             -0.12849609636563924520
14.785000             -0.12731923253357763093
14.790000             -0.12621933607118610010
14.795000             -0.12519910884110840854
14.800000             -0.12425874828595137589
14.805000             -0.12340098803157853458
14.810000             -0.12262741826957626601
14.815000             -0.12194213512462921678
14.820000             -0.12134384507524265118
14.825000             -0.12084123636365083632
14.830000             -0.12042815012194892088
14.835000             -0.12011735169416942748
14.840000             -0.11990605888051859840
14.845000             -0.11980279852219657966
14.850000             -0.11980958693315321706
14.855000             -0.11993084919734761651
14.860000             -0.12017284873819722435
14.865000             -0.12053499388562190220
14.870000             -0.12102273490782620990
14.875000             -0.12163751609484894922
14.880000             -0.12238057049440137503
14.885000             -0.12325189025280701427
14.890000             -0.12425069043000781799
14.895000             -0.12537708700166788622
14.900000             -0.12662996425862738104
14.905000             -0.12800565051163662056
14.910000             -0.12950640307932026474
14.915000             -0.13112032953832464255
14.920000             -0.13284871413015061914
14.925000             -0.13467980769101642324
14.930000             -0.13661278724803210816
14.935000             -0.13862970378189473641
14.940000             -0.14073305987873882539
14.945000             -0.14291263250274441332
14.950000             -0.14515632692565133555
14.955000             -0.14746873471211979778
14.960000             -0.14982341549540595382
14.965000             -0.15223329153012746251
14.970000             -0.15466647186889811993
14.975000             -0.15712631036065047296
14.980000             -0.15960759372878516316
14.985000             -0.16209791446087470912
14.990000             -0.16459723363493872217
14.995000             -0.16708283018707298373
15.000000             -0.16955676608186653898
15.005000             -0.17201410593012872452
15.010000             -0.17444709152615875403
15.015000             -0.17685381960433393944
15.020000             -0.17923127502451619009
15.025000             -0.18157824746354281342
15.030000             -0.18388786265418657906
15.035000             -0.18616701381513550695
15.040000             -0.18840228069455861037
15.045000             -0.19060977484353758271
15.050000             -0.19275912697746866442
15.055000             -0.19487079066502777103
15.060000             -0.19693097247647242676
15.065000             -0.19893705680498163790
15.070000             -0.20088767044512639837
15.075000             -0.20277335289406994701
15.080000             -0.20459824845309504404
15.085000             -0.20634791333984658923
15.090000             -0.20802488131263360827
15.095000             -0.20962279719723975191
15.100000             -0.21113197172717843020
15.105000             -0.21256087610340471117
15.110000             -0.21389241877143014281
15.115000             -0.21512072735056819717
15.120000             -0.21624683386061635537
15.125000             -0.21725337522699164627
15.130000             -0.21818197143126893955
15.135000             -0.21899034051891408392
15.140000             -0.21968666883179843730
15.145000             -0.22026045300126853577
15.150000             -0.22073653180575641963
15.155000             -0.22109789693365897167
15.160000             -0.22134964523912523116
15.165000             -0.22148977167803093891
15.170000             -0.22151569620884375977
15.175000             -0.22143791100780885195
15.180000             -0.22124208746350543242
15.185000             -0.22094040912217818851
15.190000             -0.22050702319408624352
15.195000             -0.21996603787328755653
15.200000             -0.21931101902745275822
15.205000             -0.21854037429193068354
15.210000             -0.21766835663046024685
15.215000             -0.21668411684924437921
15.220000             -0.21559373179459931369
15.225000             -0.21440078729280126479
15.230000             -0.21310497479847984037
15.235000             -0.21171771618830287354
15.240000             -0.21023725865948586500
15.245000             -0.20867305211790226904
15.250000             -0.20702767027419735624
15.255000             -0.20530827512292790238
15.260000             -0.20352073233140688391
15.265000             -0.20166231859573677254
15.270000             -0.19974958899922423683
15.275000             -0.19778437170959878300
15.280000             -0.19577280286134887688
15.285000             -0.19372054977369432271
15.290000             -0.19163379882444897540
15.295000             -0.18951914354429402754
15.300000             -0.18738344025861863873
15.305000             -0.18523263396466904673
15.310000             -0.18307489655316913635
15.315000             -0.18091104244052425010
15.320000             -0.17874770224910663252
15.325000             -0.17659631174266215980
15.330000             -0.17443097523166248286
15.335000             -0.17228520385825626948
15.340000             -0.17014460327914487925
15.345000             -0.16807687966065054663
15.350000             -0.16603836452763698350
15.355000             -0.16403037464700642722
15.360000             -0.16207789621852625173
15.365000             -0.16018339874161796610
15.370000             -0.15835810764850266619
15.375000             -0.15658604861420249987
15.380000             -0.15489952068911599925
15.385000             -0.15329165270581668334
15.390000             -0.15177754271428658961
15.395000             -0.15035378403080890131
15.400000             -0.14903269526823426094
15.405000             -0.14780702662779235390
15.410000             -0.14668982254701609658
15.415000             -0.14566408221955831626
15.420000             -0.14475144717986698772
15.425000             -0.14394729919094534365
15.430000             -0.14325058225460687855
15.435000             -0.14265150991386163493
15.440000             -0.14216549624432164856
15.445000             -0.14178470392262948474
15.450000             -0.14149949480300388904
15.455000             -0.14130664608903775736
15.460000             -0.14120742827846377576
15.465000             -0.14120068901287738394
15.470000             -0.14127921424550851648
15.475000             -0.14143512809721384138
15.480000             -0.14166807571019648937
15.485000             -0.14197220427955009603
15.490000             -0.14236435372010811107
15.495000             -0.14283453738891502272
15.500000             -0.14338309941573959549
15.505000             -0.14401078011631907039
15.510000             -0.14472076957978824430
15.515000             -0.14551235849979254899
15.520000             -0.14638647173083596531
15.525000             -0.14734390875327713077
15.530000             -0.14839088066088518270
15.535000             -0.14952211189475178577
15.540000             -0.15074319580027864540
15.545000             -0.15202415738513244681
15.550000             -0.15339947689018673671
15.555000             -0.15483995896007690662
15.560000             -0.15635616327728438235
15.565000             -0.15793858153986337078
15.570000             -0.15958229519480457426
15.575000             -0.16128377289531739547
15.580000             -0.16303645935368821229
15.585000             -0.16484279233701201739
15.590000             -0.16668520940823325360
15.595000             -0.16856332235375107165
15.600000             -0.17046679701745898194
15.605000             -0.17238916519975230890
15.610000             -0.17432389231515263428
15.615000             -0.17626465434735361093
15.620000             -0.17820670794121498681
15.625000             -0.18013815339354585787
15.630000             -0.18205137795218989671
15.635000             -0.18394344731107661883
15.640000             -0.18580981917238817425
15.645000             -0.18764386668291585525
15.650000             -0.18944179419944243148
15.655000             -0.19119739798679891152
15.660000             -0.19290979661634916065
15.665000             -0.19457013522133997929
15.670000             -0.19617547136202045932
15.675000             -0.19772124515845013182
15.680000             -0.19920036756195130812
15.685000             -0.20060901456077750993
15.690000             -0.20194543603067666160
15.695000             -0.20320646002034875588
15.700000             -0.20439146060865137633
15.705000             -0.20548746871335912823
15.710000             -0.20649778255025844076
15.715000             -0.20742202627354164313
15.720000             -0.20825351950428558356
15.725000             -0.20900384049411971366
15.730000             -0.20965457327308578694
15.735000             -0.21021130823547312660
15.740000             -0.21066210156907008710
15.745000             -0.21105034580764109320
15.750000             -0.21133585048691908015
15.755000             -0.21152204475574015730
15.760000             -0.21160004472551072197
15.765000             -0.21159135283854935139
15.770000             -0.21149401845031381986
15.775000             -0.21128021595627746732
15.780000             -0.21100693750708632290
15.785000             -0.21062318970556556663
15.790000             -0.21013353830234407504
15.795000             -0.20953487675223883557
15.800000             -0.20884894955505059477
15.805000             -0.20806304599814451350
15.810000             -0.20718868082022820487
15.815000             -0.20622859062622678206
15.820000             -0.20518367623474687012
15.825000             -0.20406099119763740357
15.830000             -0.20286493772495195476
15.835000             -0.20159331573359934309
15.840000             -0.20026069585209821389
15.845000             -0.19885959789382698371
15.850000             -0.19739998908545411394
15.855000             -0.19588264710902794641
15.860000             -0.19431154745907744386
15.865000             -0.19268857355943330711
15.870000             -0.19101539210440315886
15.875000             -0.18929410591692483190
15.880000             -0.18752712566353230139
15.885000             -0.18571597680205298442
15.890000             -0.18386433495392529025
15.895000             -0.18198311387587368104
15.900000             -0.18005776275182805435
15.905000             -0.17811737941117372630
15.910000             -0.17614484000722607782
15.915000             -0.17415772482367108953
15.920000             -0.17213417076627388069
15.925000             -0.17010619088972436797
15.930000             -0.16806797033721807000
15.935000             -0.16603495246009641884
15.940000             -0.16401536720707007855
15.945000             -0.16202052779806203064
15.950000             -0.16006015468416218139
15.955000             -0.15815125264099624824
15.960000             -0.15628341833087502910
15.965000             -0.15449342531423798652
15.970000             -0.15277016752622263329
15.975000             -0.15113153920238445171
15.980000             -0.14957818361271946195
15.985000             -0.14811715248646289966
15.990000             -0.14675847313243087222
15.995000             -0.14549255250468290379
16.000000             -0.14432751529262180523
16.005000             -0.14327568615264785201
16.010000             -0.14235339684311495989
16.015000             -0.14151100970648183841
16.020000             -0.14078698016670823656
16.025000             -0.14016062807074289309
16.030000             -0.13963443799268282497
16.035000             -0.13920415755983961414
16.040000             -0.13888585141809650647
16.045000             -0.13864138069541009912
16.050000             -0.13848811035723543328
16.055000             -0.13842363113273523090
16.060000             -0.13846826701066380916
16.065000             -0.13859383289395668659
16.070000             -0.13882018368461859770
16.075000             -0.13913897541480285680
16.080000             -0.13955566248663675566
16.085000             -0.14006685691658629644
16.090000             -0.14067614499824215857
16.095000             -0.14137557735103165046
16.100000             -0.14216641146977329613
16.105000             -0.14303841417282506243
16.110000             -0.14399419269764279772
16.115000             -0.14501477288459946324
16.120000             -0.14611374212323147148
16.125000             -0.14727955141695936447
16.130000             -0.14850720685581392244
16.135000             -0.14978390509448200052
16.140000             -0.15111592823253683360
16.145000             -0.15248322161915650597
16.150000             -0.15389694429886718874
16.155000             -0.15530817702949525905
16.160000             -0.15674831430902871898
16.165000             -0.15819307969792040236
16.170000             -0.15965754821854549750
16.175000             -0.16113509881719428884
16.180000             -0.16262767017788021251
16.185000             -0.16412571723657359835
16.190000             -0.16562341696106311351
16.195000             -0.16711050696405774230
16.200000             -0.16860094610672390902
16.205000             -0.17007545913515537128
16.210000             -0.17154428752450140427
16.215000             -0.17299529082231449029
16.220000             -0.17442399470917896442
16.225000             -0.17583691197852302501
16.230000             -0.17721520234519072545
16.235000             -0.17856217756092260251
16.240000             -0.17988150687739529188
16.245000             -0.18117281442057503460
16.250000             -0.18243446879403849015
16.255000             -0.18362294876197299276
16.260000             -0.18476028879553188511
16.265000             -0.18586473967412342478
16.270000             -0.18693095768121154032
16.275000             -0.18794642643799699955
16.280000             -0.18892765831278501842
16.285000             -0.18986105009771200858
16.290000             -0.19076245178653303269
16.295000             -0.19162692306361905903
16.300000             -0.19249275666027479414
16.305000             -0.19331361995561979761
16.310000             -0.19412091078088741791
16.315000             -0.19487411363624038141
16.320000             -0.19561089127359324036
16.325000             -0.19631245693716339873
16.330000             -0.19699207432595458589
16.335000             -0.19763505590185698191
16.340000             -0.19824893415407637831
16.345000             -0.19881900179810946261
16.350000             -0.19935971242360031597
16.355000             -0.19984735700422798232
16.360000             -0.20028531947720229489
16.365000             -0.20065150325692412969
16.370000             -0.20095263488802797558
16.375000             -0.20117164963486361406
16.380000             -0.20132878600820011683
16.385000             -0.20137839049920672196
16.390000             -0.20136532508935917063
16.395000             -0.20124792563605237161
16.400000             -0.20105621238488960434
16.405000             -0.20078432737692183951
16.410000             -0.20044807337550279991
16.415000             -0.20000613872994929543
16.420000             -0.19951452607169947728
16.425000             -0.19897695869431397675
16.430000             -0.19842858162669463340
16.435000             -0.19784284572742130703
16.440000             -0.19723780050511521833
16.445000             -0.19661717244077056566
16.450000             -0.19598206274213225697
16.455000             -0.19533694376611224208
16.460000             -0.19468672274235462871
16.465000             -0.19402336412321916082
16.470000             -0.19335948208015327210
16.475000             -0.19268092050268148530
16.480000             -0.19198306567069742257
16.485000             -0.19126999861443888529
16.490000             -0.19052837870661176733
16.495000             -0.18975642114114113501
16.500000             -0.18895105974737866350
16.505000             -0.18809656401981911245
16.510000             -0.18721325074084105289
16.515000             -0.18628737909312961807
16.520000             -0.18533425059587232964
16.525000             -0.18435000639221882368
16.530000             -0.18334312396975971371
16.535000             -0.18231724717248079526
16.540000             -0.18127819831922287186
16.545000             -0.18023109707682768987
16.550000             -0.17919062944437860740
16.555000             -0.17817134527138075994
16.560000             -0.17716247704048901368
16.565000             -0.17617948229105234725
16.570000             -0.17521136819412072572
16.575000             -0.17427201539148809428
16.580000             -0.17336042354590866510
16.585000             -0.17248985375537362330
16.590000             -0.17164725939176103675
16.595000             -0.17084397264796538640
16.600000             -0.17007792626802772928
16.605000             -0.16935406925803561662
16.610000             -0.16866536785842195512
16.615000             -0.16801627823911308157
16.620000             -0.16738362630562567124
16.625000             -0.16679232960628381788
16.630000             -0.16622165576676348198
16.635000             -0.16569854785695067867
16.640000             -0.16519018417699418699
16.645000             -0.16470898843738859818
16.650000             -0.16425671802463934212
16.655000             -0.16382177190483696028
16.660000             -0.16341221737807001824
16.665000             -0.16302228425501499864
16.670000             -0.16266522644853501078
16.675000             -0.16232654583095804113
16.680000             -0.16200978822313541472
16.685000             -0.16172129536680626694
16.690000             -0.16145800111239258512
16.695000             -0.16123125965383114377
16.700000             -0.16101454609368720527
16.705000             -0.16082508186028565689
16.710000             -0.16065034976432104874
16.715000             -0.16049366769819126133
16.720000             -0.16035555446389976320
16.725000             -0.16022798581346381352
16.730000             -0.16012416571909687812
16.735000             -0.16002660447238603592
16.740000             -0.15994950021227194448
16.745000             -0.15990028734694566870
16.750000             -0.15985957020080768243
16.755000             -0.15984404690451659015
16.760000             -0.15982325645328085417
16.765000             -0.15983322382685355434
16.770000             -0.15987714525399260301
16.775000             -0.15998170190613617003
16.780000             -0.16009297572867572934
16.785000             -0.16028115419247401796
16.790000             -0.16048977183854121198
16.795000             -0.16075832255897123946
16.800000             -0.16106683464137114270
16.805000             -0.16142102113342318703
16.810000             -0.16181329829854476654
16.815000             -0.16224260923794461831
16.820000             -0.16269719045580302574
16.825000             -0.16316762044673616128
16.830000             -0.16364308589065362787
16.835000             -0.16413141946262424509
16.840000             -0.16459630594907984080
16.845000             -0.16507054823447867009
16.850000             -0.16553065956847157203
16.855000             -0.16598033082704416463
16.860000             -0.16641318410552385920
16.865000             -0.16683006996370280950
16.870000             -0.16722493760448728373
16.875000             -0.16759997681628671651
16.880000             -0.16795418502608142064
16.885000             -0.16828719810695083603
16.890000             -0.16860653831543731540
16.895000             -0.16890470944697505429
16.900000             -0.16920099233763066793
16.905000             -0.16947872607915273613
16.910000             -0.16974807536363858973
16.915000             -0.17001935959348069005
16.920000             -0.17030129414485195571
16.925000             -0.17058939431091835193
16.930000             -0.17088409880179739053
16.935000             -0.17118473514851856310
16.940000             -0.17148581822216685255
16.945000             -0.17179522233106006568
16.950000             -0.17209717699520202250
16.955000             -0.17241363135352860692
16.960000             -0.17271675381892784285
16.965000             -0.17301279241677425258
16.970000             -0.17329869686893745184
16.975000             -0.17357139975705354606
16.980000             -0.17383702838968459470
16.985000             -0.17407568781031559912
16.990000             -0.17429920460627132406
16.995000             -0.17448896071673905550
17.000000             -0.17467635539849837856
17.005000             -0.17482385421918150703
17.010000             -0.17495941304472298339
17.015000             -0.17507748776194922979
17.020000             -0.17518549635552183030
17.025000             -0.17528782407906656760
17.030000             -0.17538821302599583163
17.035000             -0.17549238242381981490
17.040000             -0.17559944864951870791
17.045000             -0.17572241480387823520
17.050000             -0.17585583390516484892
17.055000             -0.17601150771212389912
17.060000             -0.17617903174587326576
17.065000             -0.17637669492780663760
17.070000             -0.17657026024244398821
17.075000             -0.17679547150498817198
17.080000             -0.17702214476513955521
17.085000             -0.17725502434563417120
17.090000             -0.17748344157378104224
17.095000             -0.17772757890466300834
17.100000             -0.17793539249244239020
17.105000             -0.17813357731246576288
17.110000             -0.17830905567160040825
17.115000             -0.17845542372153141986
17.120000             -0.17857853269667889329
17.125000             -0.17867212614015634542
17.130000             -0.17874552734867149573
17.135000             -0.17877551422813864335
17.140000             -0.17879474422715382897
17.145000             -0.17878847953834831053
17.150000             -0.17876621258246991331
17.155000             -0.17872848733043067426
17.160000             -0.17868002378106528916
17.165000             -0.17861618199328474499
17.170000             -0.17854523816916148538
17.175000             -0.17846426738237755605
17.180000             -0.17838217523499003137
17.185000             -0.17830263032545273783
17.190000             -0.17822028067406214813
17.195000             -0.17813169841622500389
17.200000             -0.17804674136852721711
17.205000             -0.17795667947774063133
17.210000             -0.17786187844271805769
17.215000             -0.17777244418824847405
17.220000             -0.17765760098374161480
17.225000             -0.17755413876643230675
17.230000             -0.17742071503679288091
17.235000             -0.17728970251263501123
17.240000             -0.17714423908381837780
17.245000             -0.17699258676083268194
17.250000             -0.17683311679269994587
17.255000             -0.17666747431069715346
17.260000             -0.17650138855164834717
17.265000             -0.17632766270749958282
17.270000             -0.17615799726856887220
17.275000             -0.17598972704339893580
17.280000             -0.17582998664367335828
17.285000             -0.17568420382215460540
17.290000             -0.17554683446696139892
17.295000             -0.17541687809045242163
17.300000             -0.17529610223823302584
17.305000             -0.17518547404591086614
17.310000             -0.17508605074561456316
17.315000             -0.17499772644375166664
17.320000             -0.17492015185336712291
17.325000             -0.17485310855545194153
17.330000             -0.17479490546003953466
17.335000             -0.17474544130454425228
17.340000             -0.17468344161680149362
17.345000             -0.17463976298091174466
17.350000             -0.17458994782178172134
17.355000             -0.17455912553936869802
17.360000             -0.17453377470832970308
17.365000             -0.17451476641045812754
17.370000             -0.17450119756543394645
17.375000             -0.17451694822418761799
17.380000             -0.17454077728409941872
17.385000             -0.17457526817089502602
17.390000             -0.17461901929213380358
17.395000             -0.17467408023704616982
17.400000             -0.17474169084077889602
17.405000             -0.17481754838429566790
17.410000             -0.17490221857441867748
17.415000             -0.17499242092989880648
17.420000             -0.17508256664259469471
17.425000             -0.17517719228717343327
17.430000             -0.17527816835874315826
17.435000             -0.17537297590330797048
17.440000             -0.17544778122685408817
17.445000             -0.17552886713187368373
17.450000             -0.17558173599956741762
17.455000             -0.17560856029103755205
17.460000             -0.17560566959190035408
17.465000             -0.17556628874568469545
17.470000             -0.17550680923124845068
17.475000             -0.17541239929322396951
17.480000             -0.17528600333285568325
17.485000             -0.17513953232789380987
17.490000             -0.17495412068025242847
17.495000             -0.17474923014820833989
17.500000             -0.17452413758640858421
17.505000             -0.17429404994226488368
17.510000             -0.17404120719729040956
17.515000             -0.17378423743289389547
17.520000             -0.17352475432112660081
17.525000             -0.17326222635680707529
17.530000             -0.17298455121225547737
17.535000             -0.17271859054573124315
17.540000             -0.17244217991607593832
17.545000             -0.17217147264936633055
17.550000             -0.17190640681151680980
17.555000             -0.17165351847421361775
17.560000             -0.17135895425558345107
17.565000             -0.17107591341051125999
17.570000             -0.17076521814583825454
17.575000             -0.17045701944599850330
17.580000             -0.17012605648355902388
17.585000             -0.16979359288282602769
17.590000             -0.16943285956079634502
17.595000             -0.16907385090706372743
17.600000             -0.16869109429918058285
17.605000             -0.16830595538073686579
17.610000             -0.16792080902545661325
17.615000             -0.16753976113953031324
17.620000             -0.16717420688033876597
17.625000             -0.16682810005925760577
17.630000             -0.16650680572962944792
17.635000             -0.16622844640612405298
17.640000             -0.16598144160461111851
17.645000             -0.16578202321162593957
17.650000             -0.16562704904361760794
17.655000             -0.16552491640344621504
17.660000             -0.16547223797269827728
17.665000             -0.16545920872350319830
17.670000             -0.16549811184945717457
17.675000             -0.16557646146084842309
17.680000             -0.16569977809694361182
17.685000             -0.16585685977969605309
17.690000             -0.16605705799373560172
17.695000             -0.16627768800626602230
17.700000             -0.16652528975551672552
17.705000             -0.16679777650494226338
17.710000             -0.16709313504712378085
17.715000             -0.16740625999252795042
17.720000             -0.16773787004369494769
17.725000             -0.16809249813394935846
17.730000             -0.16845703094493438834
17.735000             -0.16886147681278554367
17.740000             -0.16926095310125582882
17.745000             -0.16970570223288913847
17.750000             -0.17017543110266286632
17.755000             -0.17067609224253979527
17.760000             -0.17120369480230634984
17.765000             -0.17176308754881941532
17.770000             -0.17234868036003248015
17.775000             -0.17296325033824225259
17.780000             -0.17360218163072294040
17.785000             -0.17427036618633298670
17.790000             -0.17495448216347087023
17.795000             -0.17566631076419053636
17.800000             -0.17638843563104100731
17.805000             -0.17712135044493454439
17.810000             -0.17785577147944112153
17.815000             -0.17858720806018207883
17.820000             -0.17931295910594183263
17.825000             -0.18002927511667157767
17.830000             -0.18073235679611887594
17.835000             -0.18141930490655966413
17.840000             -0.18209117222789450441
17.845000             -0.18273732831643491048
17.850000             -0.18337557162890366635
17.855000             -0.18399222602259043824
17.860000             -0.18459403728590084715
17.865000             -0.18515651506484850919
17.870000             -0.18571341037839336763
17.875000             -0.18624895543667061015
17.880000             -0.18676355326030194548
17.885000             -0.18725790094065830615
17.890000             -0.18773196771472755451
17.895000             -0.18818187434603958486
17.900000             -0.18860777025249667038
17.905000             -0.18900771262914553561
17.910000             -0.18937409019447890013
17.915000             -0.18970882375023129240
17.920000             -0.19000946480068656164
17.925000             -0.19028544457328919193
17.930000             -0.19051921512465913588
17.935000             -0.19070833481613838623
17.940000             -0.19084900606024896019
17.945000             -0.19094324959270986275
17.950000             -0.19098929730116093184
17.955000             -0.19098816399042378711
17.960000             -0.19094540352740202449
17.965000             -0.19085917241112512754
17.970000             -0.19074099847675740627
17.975000             -0.19057755482940169633
17.980000             -0.19038251547546561349
17.985000             -0.19015465566401637543
17.990000             -0.18989762070684101936
17.995000             -0.18961415638268788730
18.000000             -0.18932165645483700622
18.005000             -0.18900760126937773964
18.010000             -0.18866798112101126894
18.015000             -0.18830472404796780306
18.020000             -0.18791406196202231627
18.025000             -0.18751008803991250917
18.030000             -0.18706916224884354016
18.035000             -0.18661041101862482772
18.040000             -0.18612149274999573167
18.045000             -0.18558926596975863776
18.050000             -0.18503738206917369480
18.055000             -0.18443653219896244400
18.060000             -0.18380672100863754137
18.065000             -0.18312723735451394425
18.070000             -0.18242093442055271058
18.075000             -0.18167612879805028481
18.080000             -0.18089670988011327668
18.085000             -0.18009248289175491808
18.090000             -0.17925446572267397793
18.095000             -0.17839853450371223609
18.100000             -0.17752545991542159620
18.105000             -0.17664112607904802754
18.110000             -0.17574869365309625513
18.115000             -0.17484962335296624913
18.120000             -0.17394793194404847836
18.125000             -0.17304430190564346059
18.130000             -0.17214009379348085838
18.135000             -0.17123487432209510972
18.140000             -0.17033047195289532927
18.145000             -0.16942014527072601915
18.150000             -0.16852652398766365671
18.155000             -0.16760429564928697177
18.160000             -0.16668868010270254665
18.165000             -0.16576883131395284132
18.170000             -0.16485091182102762364
18.175000             -0.16393402432415141168
18.180000             -0.16302217874940039266
18.185000             -0.16211546642422447473
18.190000             -0.16121348885352052016
18.195000             -0.16032946693503999369
18.200000             -0.15946094792772863569
18.205000             -0.15861813782651235094
18.210000             -0.15778682165959725947
18.215000             -0.15699399434313221491
18.220000             -0.15624101621970190590
18.225000             -0.15553259206688113681
18.230000             -0.15487847174081603718
18.235000             -0.15427806012746814179
18.240000             -0.15373657758120087835
18.245000             -0.15325557232380807027
18.250000             -0.15283814148732866034
18.255000             -0.15248178782655286145
18.260000             -0.15218164606646716885
18.265000             -0.15193240296332574668
18.270000             -0.15173760289658752565
18.275000             -0.15158715013788393033
18.280000             -0.15148384438310719124
18.285000             -0.15141956205247988909
18.290000             -0.15140587882618383730
18.295000             -0.15143652554872294447
18.300000             -0.15151308754595191330
18.305000             -0.15163783884104337085
18.310000             -0.15181128250115175082
18.315000             -0.15203919592070042066
18.320000             -0.15232331422569966861
18.325000             -0.15266513980813289919
18.330000             -0.15307489091487935795
18.335000             -0.15354090546919496596
18.340000             -0.15408887545315927414
18.345000             -0.15470583979910984551
18.350000             -0.15539955497818760954
18.355000             -0.15616125543929390562
18.360000             -0.15700144761774534330
18.365000             -0.15791294560808524783
18.370000             -0.15888273556460555391
18.375000             -0.15991805904172637365
18.380000             -0.16101451055159354819
18.385000             -0.16217185908726386434
18.390000             -0.16337897636509546295
18.395000             -0.16462743439600527329
18.400000             -0.16591026503400616021
18.405000             -0.16722105159316918987
18.410000             -0.16855788690253475925
18.415000             -0.16990555626560957525
18.420000             -0.17126259421895007051
18.425000             -0.17261280959442387717
18.430000             -0.17397570722194552473
18.435000             -0.17532806727152000503
18.440000             -0.17667546996521663050
18.445000             -0.17800949916490158009
18.450000             -0.17932886767126302030
18.455000             -0.18062931755687072766
18.460000             -0.18191381444686025026
18.465000             -0.18317979903385200879
18.470000             -0.18442494043995724673
18.475000             -0.18564597911602659375
18.480000             -0.18684277098442750309
18.485000             -0.18802218339561752036
18.490000             -0.18915427869251133508
18.495000             -0.19028121654979304744
18.500000             -0.19136104300986020443
18.505000             -0.19239798894197598922
18.510000             -0.19338790462647492685
18.515000             -0.19433082629727033153
18.520000             -0.19521379612171604889
18.525000             -0.19603566716541276360
18.530000             -0.19678638651295193851
18.535000             -0.19748066522639820541
18.540000             -0.19810481786582287422
18.545000             -0.19866201419230164471
18.550000             -0.19914497440486639279
18.555000             -0.19955376009491088141
18.560000             -0.19989247869050677520
18.565000             -0.20015135264945974058
18.570000             -0.20034847941570715912
18.575000             -0.20046673252927699194
18.580000             -0.20051982766503984035
18.585000             -0.20050572530401089555
18.590000             -0.20043035924553836979
18.595000             -0.20029660599937326726
18.600000             -0.20009581052460223560
18.605000             -0.19983899167796867480
18.610000             -0.19952671542961178397
18.615000             -0.19915322240398072862
18.620000             -0.19872137373208900724
18.625000             -0.19822583397646745262
18.630000             -0.19766526275810250568
18.635000             -0.19704205999649762604
18.640000             -0.19635107693561065778
18.645000             -0.19559554551551258661
18.650000             -0.19477837669992112413
18.655000             -0.19389467807121302245
18.660000             -0.19295207303697245460
18.665000             -0.19195125568507045988
18.670000             -0.19089861838689697882
18.675000             -0.18979882250834109736
18.680000             -0.18865975322254643909
18.685000             -0.18748475916224441318
18.690000             -0.18628085531126048480
18.695000             -0.18505717457440210016
18.700000             -0.18381340546347799125
18.705000             -0.18256072139765430751
18.710000             -0.18129819801980270877
18.715000             -0.18004235474755211910
18.720000             -0.17877513177756304552
18.725000             -0.17752389080599537130
18.730000             -0.17627181194511470919
18.735000             -0.17502384363538883716
18.740000             -0.17378156067239622362
18.745000             -0.17254295746048450844
18.750000             -0.17130874964473669086
18.755000             -0.17007739794235599007
18.760000             -0.16884741757731927536
18.765000             -0.16761816201252116576
18.770000             -0.16639029671683278067
18.775000             -0.16516641978910082122
18.780000             -0.16393915425804783670
18.785000             -0.16272476517000397656
18.790000             -0.16151322292517206192
18.795000             -0.16031242120929289907
18.800000             -0.15913740782413188235
18.805000             -0.15798858944330657073
18.810000             -0.15686549688934739444
18.815000             -0.15578134333295021174
18.820000             -0.15472990852681461904
18.825000             -0.15372041375780046146
18.830000             -0.15276930962311052742
18.835000             -0.15184767906333412890
18.840000             -0.15097879973353206529
18.845000             -0.15015935854855841369
18.850000             -0.14940154188873291941
18.855000             -0.14869674801500137873
18.860000             -0.14805571102458461863
18.865000             -0.14746409899251794462
18.870000             -0.14692477108514706563
18.875000             -0.14644609597960173142
18.880000             -0.14601976417218487381
18.885000             -0.14564711648920622422
18.890000             -0.14533003495397417426
18.895000             -0.14506582947180229892
18.900000             -0.14486523079918925405
18.905000             -0.14471671016649625963
18.910000             -0.14462379491301488588
18.915000             -0.14459282292383224267
18.920000             -0.14462886429581228720
18.925000             -0.14473159937804314090
18.930000             -0.14491111116579030726
18.935000             -0.14515797066549124272
18.940000             -0.14547913010805882394
18.945000             -0.14588399670809898412
18.950000             -0.14634666230760109973
18.955000             -0.14689964663330140615
18.960000             -0.14752030383275233083
18.965000             -0.14820696123839230407
18.970000             -0.14895424054645770018
18.975000             -0.14975321851559428299
18.980000             -0.15059982968974042206
18.985000             -0.15148698365277429856
18.990000             -0.15241664615879441103
18.995000             -0.15338011475971932707
19.000000             -0.15436838530163160543
19.005000             -0.15538217341620733092
19.010000             -0.15641010713853245595
19.015000             -0.15745764299737555203
19.020000             -0.15851526509816962762
19.025000             -0.15959356742445904298
19.030000             -0.16067933640727252720
19.035000             -0.16178500538457041280
19.040000             -0.16289750919207832136
19.045000             -0.16404291220187441902
19.050000             -0.16520611909357327263
19.055000             -0.16639225699829998661
19.060000             -0.16759481426653372038
19.065000             -0.16881965385470318330
19.070000             -0.17006216565879367364
19.075000             -0.17132966514157893512
19.080000             -0.17260368914759258163
19.085000             -0.17389548699365617312
19.090000             -0.17519166771153749096
19.095000             -0.17648835447813310262
19.100000             -0.17778508931233866219
19.105000             -0.17907871239629014060
19.110000             -0.18036191852251498569
19.115000             -0.18163602455414981640
19.120000             -0.18288455048067514541
19.125000             -0.18408999968408526482
19.130000             -0.18527475457367853506
19.135000             -0.18642525184931585391
19.140000             -0.18753504203100074266
19.145000             -0.18861296091211565695
19.150000             -0.18964570443573897096
19.155000             -0.19064366519539552303
19.160000             -0.19159229942137764868
19.165000             -0.19250633189991184224
19.170000             -0.19337549928242520059
19.175000             -0.19420010441130763912
19.180000             -0.19499256870217870907
19.185000             -0.19573749606196549911
19.190000             -0.19643269389433526406
19.195000             -0.19709102647374499018
19.200000             -0.19769643558099070368
19.205000             -0.19824278399978095822
19.210000             -0.19871744536534685643
19.215000             -0.19913384280576260088
19.220000             -0.19948608292421823873
19.225000             -0.19977380502518685135
19.230000             -0.19999399121550270886
19.235000             -0.20014116752954813627
19.240000             -0.20021917409332443127
19.245000             -0.20022506402860149044
19.250000             -0.20015412934445200865
19.255000             -0.20001411987832809491
19.260000             -0.19980569803364714443
19.265000             -0.19951972904149256616
19.270000             -0.19917915512669892575
19.275000             -0.19877493356448730499
19.280000             -0.19831296095983239058
19.285000             -0.19779887302440976593
19.290000             -0.19722795271420237584
19.295000             -0.19661352073205815016
19.300000             -0.19594793932242349221
19.305000             -0.19524008915574014855
19.310000             -0.19448335218076226449
19.315000             -0.19369140032982951061
19.320000             -0.19285012359793121672
19.325000             -0.19196868902437086435
19.330000             -0.19104013908499239971
19.335000             -0.19006220455221015109
19.340000             -0.18905412339849758663
19.345000             -0.18799473359724372390
19.350000             -0.18690605147225403115
19.355000             -0.18575027830955617714
19.360000             -0.18457023437662825605
19.365000             -0.18333006413942784518
19.370000             -0.18207839966616803928
19.375000             -0.18080337879336755291
19.380000             -0.17951331230341358025
19.385000             -0.17821557173841162669
19.390000             -0.17691128303378012010
19.395000             -0.17561218647178084007
19.400000             -0.17431052430307361623
19.405000             -0.17302101985478343660
19.410000             -0.17174477622915326758
19.415000             -0.17050314520002265994
19.420000             -0.16927432428224314931
19.425000             -0.16806620346521194964
19.430000             -0.16686412925061017143
19.435000             -0.16569161836455978398
19.440000             -0.16454306749006486488
19.445000             -0.16341654845651895633
19.450000             -0.16232383536931441204
19.455000             -0.16126124282320980496
19.460000             -0.16023748417652189380
19.465000             -0.15924852482229964745
19.470000             -0.15830508307692145453
19.475000             -0.15738975366997942640
19.480000             -0.15651308752815348835
19.485000             -0.15566420730929239613
19.490000             -0.15488561562330341315
19.495000             -0.15413643620240688459
19.500000             -0.15344478707288283781
19.505000             -0.15280147707934785273
19.510000             -0.15221372360942517221
19.515000             -0.15168043248090867792
19.520000             -0.15121296873082828993
19.525000             -0.15080744059120687606
19.530000             -0.15047234824364116856
19.535000             -0.15020799993737840583
19.540000             -0.15001678955292815920
19.545000             -0.14989735885259372616
19.550000             -0.14985389264363929707
19.555000             -0.14988427885248262195
19.560000             -0.14998479151197446901
19.565000             -0.15015344630002888660
19.570000             -0.15039323777921295711
19.575000             -0.15069753790196716015
19.580000             -0.15106352867249275840
19.585000             -0.15148531464953113312
19.590000             -0.15195709408662802509
19.595000             -0.15248624394933307791
19.600000             -0.15306011232068350569
19.605000             -0.15368346508475458356
19.610000             -0.15435024829189755713
19.615000             -0.15506047073504966582
19.620000             -0.15581124709342192292
19.625000             -0.15660355357147723310
19.630000             -0.15744028917320759819
19.635000             -0.15829834858685595811
19.640000             -0.15920671753063536658
19.645000             -0.16014373812444862577
19.650000             -0.16114505523412275823
19.655000             -0.16217301977232159715
19.660000             -0.16325588356710951654
19.665000             -0.16433866196030993967
19.670000             -0.16546547442504577763
19.675000             -0.16661996042622531644
19.680000             -0.16780503361972107235
19.685000             -0.16900825637451191708
19.690000             -0.17023143336053656038
19.695000             -0.17146759076272413691
19.700000             -0.17270377679738208032
19.705000             -0.17394393346944658774
19.710000             -0.17517157610878841822
19.715000             -0.17638799633041116199
19.720000             -0.17758971276627738556
19.725000             -0.17877240516003975457
19.730000             -0.17993124045985922632
19.735000             -0.18106626824186886071
19.740000             -0.18217126197335908877
19.745000             -0.18325363827878862755
19.750000             -0.18430040926790230982
19.755000             -0.18532078744861832376
19.760000             -0.18631296444851602745
19.765000             -0.18727864411960681856
19.770000             -0.18821879339696423461
19.775000             -0.18912982088891874821
19.780000             -0.19002665257644746344
19.785000             -0.19087281446710208099
19.790000             -0.19170094701863771292
19.795000             -0.19249161048692567388
19.800000             -0.19324794955488755477
19.805000             -0.19396472167109068963
19.810000             -0.19463778091466113485
19.815000             -0.19526058695267672904
19.820000             -0.19582450621173758121
19.825000             -0.19634101247590454720
19.830000             -0.19680011945563616327
19.835000             -0.19719060071235636200
19.840000             -0.19751534227374911712
19.845000             -0.19777123295164386607
19.850000             -0.19795984727201634823
19.855000             -0.19808180778600281702
19.860000             -0.19813713868769475268
19.865000             -0.19812881473653845554
19.870000             -0.19805482814254471435
19.875000             -0.19792596782976176750
19.880000             -0.19772298919414144081
19.885000             -0.19746902183074624415
19.890000             -0.19716536980648896593
19.895000             -0.19680613107477282209
19.900000             -0.19638569352606874419
19.905000             -0.19592140645349800931
19.910000             -0.19541476536973598210
19.915000             -0.19486305132045819710
19.920000             -0.19427233625308043541
19.925000             -0.19364256471604932019
19.930000             -0.19296211458926218474
19.935000             -0.19225521127922026721
19.940000             -0.19150460550799916493
19.945000             -0.19071307481907626147
19.950000             -0.18986563349159407688
19.955000             -0.18901591674251877473
19.960000             -0.18810938411921354629
19.965000             -0.18714999898709694381
19.970000             -0.18613685220333725523
19.975000             -0.18509273686753524579
19.980000             -0.18401093606153667848
19.985000             -0.18292035134602221969
19.990000             -0.18179775181787133365
19.995000             -0.18067714206348184369
20.000000             -0.17953380087938811127
20.005000             -0.17839443127611448459
20.010000             -0.17724743910164797445
20.015000             -0.17611065079701568314
20.020000             -0.17496767616649766541
20.025000             -0.17385463213872773269
20.030000             -0.17273691972874535838
20.035000             -0.17163626671836657023
20.040000             -0.17053868875981209596
20.045000             -0.16947161783906899979
20.050000             -0.16841700688096361560
20.055000             -0.16737360787852478827
20.060000             -0.16634371124335678438
20.065000             -0.16532730152051727801
20.070000             -0.16433154967777779953
20.075000             -0.16335029015475185932
20.080000             -0.16239025142146990000
20.085000             -0.16145033177223244714
20.090000             -0.16053596180662763060
20.095000             -0.15965268231515400421
20.100000             -0.15880525533827982709
20.105000             -0.15799423733923231850
20.110000             -0.15722992989734285718
20.115000             -0.15651489995080933304
20.120000             -0.15585396986854768708
20.125000             -0.15524346768563776489
20.130000             -0.15468855589192176403
20.135000             -0.15419351246961640611
20.140000             -0.15375820734135356438
20.145000             -0.15338228834232273123
20.150000             -0.15306292622656411662
20.155000             -0.15280249373061777218
20.160000             -0.15259869028585193451
20.165000             -0.15244985225549634311
20.170000             -0.15235908719992358185
20.175000             -0.15231588094624212704
20.180000             -0.15232287487743301213
20.185000             -0.15236117557246300902
20.190000             -0.15245669762998956265
20.195000             -0.15259545876806135389
20.200000             -0.15279139529614810256
20.205000             -0.15303695469518710515
20.210000             -0.15333270428138970343
20.215000             -0.15367637414867652002
20.220000             -0.15406926745832577597
20.225000             -0.15451432040702950399
20.230000             -0.15501035551597813766
20.235000             -0.15555869319567094955
20.240000             -0.15616005836225910208
20.245000             -0.15681604421523084869
20.250000             -0.15752254071872384689
20.255000             -0.15827871385761485556
20.260000             -0.15908879529509284412
20.265000             -0.15994475932795390594
20.270000             -0.16084359766840514161
20.275000             -0.16178355978991493247
20.280000             -0.16274962685444990806
20.285000             -0.16375320177445767955
20.290000             -0.16478063030030062897
20.295000             -0.16583041575768650566
20.300000             -0.16688896823235349620
20.305000             -0.16797023268005531471
20.310000             -0.16904853981553122355
20.315000             -0.17014289797423962081
20.320000             -0.17120969593702056732
20.325000             -0.17228451337798880716
20.330000             -0.17333549377984652784
20.335000             -0.17438896693767924617
20.340000             -0.17543420073862320274
20.345000             -0.17647227319538469348
20.350000             -0.17750566944349135956
20.355000             -0.17852293540907104852
20.360000             -0.17954123743326108609
20.365000             -0.18053440016626973175
20.370000             -0.18154094269602655265
20.375000             -0.18253009510281795191
20.380000             -0.18352205626301193453
20.385000             -0.18449703180790880119
20.390000             -0.18546609758505916421
20.395000             -0.18638716581383010795
20.400000             -0.18729488502300289943
20.405000             -0.18815693966739793774
20.410000             -0.18897990253509044933
20.415000             -0.18975401080527840025
20.420000             -0.19047792463972137988
20.425000             -0.19116206313937439409
20.430000             -0.19179612550029298546
20.435000             -0.19238176400943599043
20.440000             -0.19291428680775771221
20.445000             -0.19338659785882020281
20.450000             -0.19382032519932437808
20.455000             -0.19419184175265993830
20.460000             -0.19452398285423269653
20.465000             -0.19480127296717919538
20.470000             -0.19503622060416683781
20.475000             -0.19522596941474829046
20.480000             -0.19536789409932986405
20.485000             -0.19547180457931612185
20.490000             -0.19553581849885570687
20.495000             -0.19556269961160840931
20.500000             -0.19555721473129966670
20.505000             -0.19549714898714501410
20.510000             -0.19539791746562631958
20.515000             -0.19523828804340184750
20.520000             -0.19506936111249598143
20.525000             -0.19482917904527305430
20.530000             -0.19454554921359126785
20.535000             -0.19417112431455454957
20.540000             -0.19374010922024786918
20.545000             -0.19324203282444066265
20.550000             -0.19268439156047814653
20.555000             -0.19206547460726278165
20.560000             -0.19138791215087649911
20.565000             -0.19066168574542965986
20.570000             -0.18988940222560460325
20.575000             -0.18907484456183429322
20.580000             -0.18823183233936024994
20.585000             -0.18736540031501411341
20.590000             -0.18648453299488609858
20.595000             -0.18558454586921430129
20.600000             -0.18467739260971000048
20.605000             -0.18376729682649114994
20.610000             -0.18284327883423420746
20.615000             -0.18191426093976265088
20.620000             -0.18097630007973924959
20.625000             -0.18002747421764819791
20.630000             -0.17906600056950944255
20.635000             -0.17808915981492504099
20.640000             -0.17709556867842551897
20.645000             -0.17608569897149853323
20.650000             -0.17505712453861055344
20.655000             -0.17401552291348335033
20.660000             -0.17295553391840667867
20.665000             -0.17189103454871187959
20.670000             -0.17082058490357743263
20.675000             -0.16975700006246738361
20.680000             -0.16868871038386670791
20.685000             -0.16763878136909379779
20.690000             -0.16660604897978914529
20.695000             -0.16561096956504828270
20.700000             -0.16464507717840537460
20.705000             -0.16372053106617079354
20.710000             -0.16283705516445182160
20.715000             -0.16199660652942171613
20.720000             -0.16120642224757317229
20.725000             -0.16046015209118574818
20.730000             -0.15977284484884632376
20.735000             -0.15912291310815629419
20.740000             -0.15852771018515135482
20.745000             -0.15796374171767171846
20.750000             -0.15744155314052016292
20.755000             -0.15695435225272591495
20.760000             -0.15650729300251747800
20.765000             -0.15608793654397185025
20.770000             -0.15569802394154455549
20.775000             -0.15533482355911168438
20.780000             -0.15502058234393772951
20.785000             -0.15472009797772384720
20.790000             -0.15447165942797330684
20.795000             -0.15426535715948527794
20.800000             -0.15410463757148126773
20.805000             -0.15399374019186484741
20.810000             -0.15393761175150527665
20.815000             -0.15393072018034215098
20.820000             -0.15399016808284288205
20.825000             -0.15411502470839574808
20.830000             -0.15430773027060226688
20.835000             -0.15455860820031130931
20.840000             -0.15487019540643917614
20.845000             -0.15523750433721097974
20.850000             -0.15565964038983853834
20.855000             -0.15613129010344337089
20.860000             -0.15665089293114781155
20.865000             -0.15721961855783683770
20.870000             -0.15780859628055857180
20.875000             -0.15842712307468478916
20.880000             -0.15905085136703173143
20.885000             -0.15971332865454190841
20.890000             -0.16038605445793352455
20.895000             -0.16107937817253434321
20.900000             -0.16179147553432091100
20.905000             -0.16252883228216033484
20.910000             -0.16328141423407227517
20.915000             -0.16405266884274322114
20.920000             -0.16484299806277680212
20.925000             -0.16565858472958666647
20.930000             -0.16649691826763651781
20.935000             -0.16735856068568580324
20.940000             -0.16824685034392442007
20.945000             -0.16915950014551414671
20.950000             -0.17009534787547922474
20.955000             -0.17107103110916652144
20.960000             -0.17205310303844967290
20.965000             -0.17305813481030660195
20.970000             -0.17407250551723976728
20.975000             -0.17509385894064544154
20.980000             -0.17611750176764440212
20.985000             -0.17713451426197632244
20.990000             -0.17813678600251947604
20.995000             -0.17912084934852995355
21.000000             -0.18008372629842323009
21.005000             -0.18101709962755066496
21.010000             -0.18191677784050502842
21.015000             -0.18279503361685592311
21.020000             -0.18362446432699222609
21.025000             -0.18442340678687468847
21.030000             -0.18518989498489618617
21.035000             -0.18591937552722281879
21.040000             -0.18662414571424104648
21.045000             -0.18729845273738315869
21.050000             -0.18795751014983147487
21.055000             -0.18859071641483401982
21.060000             -0.18921043663360925802
21.065000             -0.18978955836735164620
21.070000             -0.19035689248713735799
21.075000             -0.19089775107918494079
21.080000             -0.19141415260841956880
21.085000             -0.19190508761099184243
21.090000             -0.19235955823487738137
21.095000             -0.19276715251984308241
21.100000             -0.19313870848812636494
21.105000             -0.19345340752928069650
21.110000             -0.19370880829492323483
21.115000             -0.19390381862913172450
21.120000             -0.19403428127928304403
21.125000             -0.19409826629270476861
21.130000             -0.19409613453846558118
21.135000             -0.19402687266745965999
21.140000             -0.19389514413967720574
21.145000             -0.19370275614148085852
21.150000             -0.19345396337327955272
21.155000             -0.19315118813201262449
21.160000             -0.19280551762595529719
21.165000             -0.19241659046884548867
21.170000             -0.19199688889017224591
21.175000             -0.19155005623849982732
21.180000             -0.19107129360632088555
21.185000             -0.19056696028984246305
21.190000             -0.19004253972082965629
21.195000             -0.18949006003820478838
21.200000             -0.18891587887125332879
21.205000             -0.18831617293893973542
21.210000             -0.18769187340526000130
21.215000             -0.18703791289646631846
21.220000             -0.18635810317141937587
21.225000             -0.18564397569457746773
21.230000             -0.18489427055275262091
21.235000             -0.18411073182876527832
21.240000             -0.18329475440480555437
21.245000             -0.18244547463465216053
21.250000             -0.18156908290244661019
21.255000             -0.18065286597069635244
21.260000             -0.17973601124944757479
21.265000             -0.17877453362153419847
21.270000             -0.17781183634584887820
21.275000             -0.17682281605764463284
21.280000             -0.17583334751173693156
21.285000             -0.17484232404492944246
21.290000             -0.17385424216543343690
21.295000             -0.17287552963566799047
21.300000             -0.17191509396637988383
21.305000             -0.17096609263242956711
21.310000             -0.17004005363620600111
21.315000             -0.16913194877624174173
21.320000             -0.16824440516426053538
21.325000             -0.16738206057625376610
21.330000             -0.16654146137155545482
21.335000             -0.16572299073910176648
21.340000             -0.16492604756057704929
21.345000             -0.16415323620856764331
21.350000             -0.16340631572276251293
21.355000             -0.16267581031233144251
21.360000             -0.16197016434668007334
21.365000             -0.16128521075633123205
21.370000             -0.16063131494897103790
21.375000             -0.16000828506584488520
21.380000             -0.15941103422992633498
21.385000             -0.15886343678964456871
21.390000             -0.15833554608937375208
21.395000             -0.15785797105896368087
21.400000             -0.15740037872562556709
21.405000             -0.15699794352093296435
21.410000             -0.15664207638536029044
21.415000             -0.15633937237427619760
21.420000             -0.15608911088298868530
21.425000             -0.15589282516210720142
21.430000             -0.15574977150059446385
21.435000             -0.15566721426391735839
21.440000             -0.15563636547136575072
21.445000             -0.15565323798465674487
21.450000             -0.15571558756408618307
21.455000             -0.15581950556102716621
21.460000             -0.15596455754346635891
21.465000             -0.15614233676629599157
21.470000             -0.15636677847950514186
21.475000             -0.15662269834880890307
21.480000             -0.15692387019494039024
21.485000             -0.15726277791112600046
21.490000             -0.15763709422729993426
21.495000             -0.15804821090713808140
21.500000             -0.15849213327189257128
21.505000             -0.15897293676255216943
21.510000             -0.15948131854954225584
21.515000             -0.16003545417604239653
21.520000             -0.16062060770770050788
21.525000             -0.16124678945009920938
21.530000             -0.16190497302470427399
21.535000             -0.16261218748958555791
21.540000             -0.16335295704709437703
21.545000             -0.16412809004162670634
21.550000             -0.16493189325403082024
21.555000             -0.16575851413949110880
21.560000             -0.16660215049605597848
21.565000             -0.16745961337347750608
21.570000             -0.16833398954662054381
21.575000             -0.16915136743722308799
21.580000             -0.17000680246723853806
21.585000             -0.17084930890906008250
21.590000             -0.17170885611184905084
21.595000             -0.17256599324641119786
21.600000             -0.17341004349609015489
21.605000             -0.17424953843374885176
21.610000             -0.17508072776654992619
21.615000             -0.17593565016981344007
21.620000             -0.17676367770212778052
21.625000             -0.17760009461296610844
21.630000             -0.17842046417682305703
21.635000             -0.17923501317969542379
21.640000             -0.18003407842931426486
21.645000             -0.18081439621199818513
21.650000             -0.18158122382496716396
21.655000             -0.18232998367022892894
21.660000             -0.18306099425699562389
21.665000             -0.18376827422624233965
21.670000             -0.18445182603289175804
21.675000             -0.18511724527817502439
21.680000             -0.18575051881376919427
21.685000             -0.18636369120866400073
21.690000             -0.18693799169346209110
21.695000             -0.18748850489868534863
21.700000             -0.18798776243998663316
21.705000             -0.18846197648556478610
21.710000             -0.18888425906389691433
21.715000             -0.18927788418357602285
21.720000             -0.18961880721379267833
21.725000             -0.18992349882753672974
21.730000             -0.19018306569255771787
21.735000             -0.19040084001266888158
21.740000             -0.19057288424264448579
21.745000             -0.19069904416815089410
21.750000             -0.19077849216080358663
21.755000             -0.19081755936873481816
21.760000             -0.19081101535174532779
21.765000             -0.19076302322176444393
21.770000             -0.19066948824281199082
21.775000             -0.19054751070899797472
21.780000             -0.19038667438292791734
21.785000             -0.19019298900103848160
21.790000             -0.18996212643845775125
21.795000             -0.18969599056077421362
21.800000             -0.18939482439229174404
21.805000             -0.18906276872665392363
21.810000             -0.18869667954883537209
21.815000             -0.18829618859090599403
21.820000             -0.18787120759292863514
21.825000             -0.18740769522162464833
21.830000             -0.18691665309090041425
21.835000             -0.18638505900369464752
21.840000             -0.18581814947537625415
21.845000             -0.18521981536843779015
21.850000             -0.18458735917433666263
21.855000             -0.18392873152736172182
21.860000             -0.18324254008063500798
21.865000             -0.18253252264216515699
21.870000             -0.18180459744156410307
21.875000             -0.18105903883500590323
21.880000             -0.18030105357722542303
21.885000             -0.17953404365177877411
21.890000             -0.17875848727826049167
21.895000             -0.17797930288562086032
21.900000             -0.17719394872154825560
21.905000             -0.17640853055123806303
21.910000             -0.17562587228579543130
21.915000             -0.17484316996158560942
21.920000             -0.17406672961706995406
21.925000             -0.17329385118969273250
21.930000             -0.17252546870261106782
21.935000             -0.17176725011846594171
21.940000             -0.17100201908177156684
21.945000             -0.17026501971861685014
21.950000             -0.16954547889144072625
21.955000             -0.16883069444764156608
21.960000             -0.16813178258939640020
21.965000             -0.16744699126221901375
21.970000             -0.16677667602041110206
21.975000             -0.16611987543183673322
21.980000             -0.16548740056737393234
21.985000             -0.16487528695878261864
21.990000             -0.16428896580240168190
21.995000             -0.16372904804604615503
22.000000             -0.16319366500747181647
22.005000             -0.16269336644751949961
22.010000             -0.16221514461531974516
22.015000             -0.16178559714723497742
22.020000             -0.16137995009686204040
22.025000             -0.16100865105767700469
22.030000             -0.16067285315768106702
22.035000             -0.16037221872346252294
22.040000             -0.16010829719403446569
22.045000             -0.15987512398622191756
22.050000             -0.15967586743822076434
22.055000             -0.15950255681058170265
22.060000             -0.15936134611687022278
22.065000             -0.15924928340334895682
22.070000             -0.15916653480230302797
22.075000             -0.15911677967276849355
22.080000             -0.15909676564541894161
22.085000             -0.15911066979230364948
22.090000             -0.15915028316705362443
22.095000             -0.15922765518216788760
22.100000             -0.15933790133756989271
22.105000             -0.15948601811480200841
22.110000             -0.15967312486953649797
22.115000             -0.15989606931558281167
22.120000             -0.16017315690790598359
22.125000             -0.16048324260474969294
22.130000             -0.16084765648412649441
22.135000             -0.16124618810414292902
22.140000             -0.16169173784195595145
22.145000             -0.16216408586398628477
22.150000             -0.16267452860131473291
22.155000             -0.16321037983750522060
22.160000             -0.16377813301769178489
22.165000             -0.16436953783526647710
22.170000             -0.16498802208733395758
22.175000             -0.16561736425688952656
22.180000             -0.16626840542594475969
22.185000             -0.16693214343778747799
22.190000             -0.16760944208518738230
22.195000             -0.16829886356614456866
22.200000             -0.16899721698051958785
22.205000             -0.16970364484108163561
22.210000             -0.17042351737147035107
22.215000             -0.17114274320277098052
22.220000             -0.17188062946269697107
22.225000             -0.17262011733385768109
22.230000             -0.17336647987783188052
22.235000             -0.17411553511740060496
22.240000             -0.17486734819553875764
22.245000             -0.17561438498187614821
22.250000             -0.17636460374646267812
22.255000             -0.17710305597740039207
22.260000             -0.17784548199827004966
22.265000             -0.17858019254063520198
22.270000             -0.17929662504154583735
22.275000             -0.17999935883609599618
22.280000             -0.18069266112230342181
22.285000             -0.18137678001569920716
22.290000             -0.18204084059741132418
22.295000             -0.18268321481203855794
22.300000             -0.18330181147077012627
22.305000             -0.18389449798599691310
22.310000             -0.18445885671941539274
22.315000             -0.18498982079904077724
22.320000             -0.18549140437927311154
22.325000             -0.18595937421525227107
22.330000             -0.18639540775759877445
22.335000             -0.18679743046613278556
22.340000             -0.18717707440977091049
22.345000             -0.18751423275193443430
22.350000             -0.18784671930803528705
22.355000             -0.18813255589702068682
22.360000             -0.18838992188255287985
22.365000             -0.18861372531888270787
22.370000             -0.18880365483058966780
22.375000             -0.18895572370478874724
22.380000             -0.18907967136723347057
22.385000             -0.18915271282330442526
22.390000             -0.18920962564522908478
22.395000             -0.18919691812057268243
22.400000             -0.18914652939680332011
22.405000             -0.18903997670874259085
22.410000             -0.18890028135703237910
22.415000             -0.18872656550787411667
22.420000             -0.18850554680946510211
22.425000             -0.18825064626796791933
22.430000             -0.18796281704970646542
22.435000             -0.18764379835401853724
22.440000             -0.18729253466056994260
22.445000             -0.18690305653830768806
22.450000             -0.18648804619586087372
22.455000             -0.18604346723755371684
22.460000             -0.18557257800357040978
22.465000             -0.18507346106312019818
22.470000             -0.18456630701813797613
22.475000             -0.18402582774342576832
22.480000             -0.18346836625096105133
22.485000             -0.18288023701400535348
22.490000             -0.18229115045802365969
22.495000             -0.18167213718666108679
22.500000             -0.18103225588567575799
22.505000             -0.18036679124077981129
22.510000             -0.17969354101768839072
22.515000             -0.17900815477493203787
22.520000             -0.17831540050064484393
22.525000             -0.17761042411562555365
22.530000             -0.17691724722143542525
22.535000             -0.17619268018782546781
22.540000             -0.17548191507585281235
22.545000             -0.17475927695191736944
22.550000             -0.17405757922120401737
22.555000             -0.17335735390580669923
22.560000             -0.17265976713930483721
22.565000             -0.17196926093081893461
22.570000             -0.17128971571718420996
22.575000             -0.17061274840369222705
22.580000             -0.16994582330099322620
22.585000             -0.16929877657435593585
22.590000             -0.16866751582355912764
22.595000             -0.16804789774721570761
22.600000             -0.16744501556986388091
22.605000             -0.16685656111002528101
22.610000             -0.16628964105464874579
22.615000             -0.16573921563337207230
22.620000             -0.16520959738247603665
22.625000             -0.16470078520225511776
22.630000             -0.16421672807633205804
22.635000             -0.16375838998530189983
22.640000             -0.16332889869652073012
22.645000             -0.16292855170006076415
22.650000             -0.16256140537205199248
22.655000             -0.16222956657313411521
22.660000             -0.16193372648986045781
22.665000             -0.16166671150926448242
22.670000             -0.16143163308896338326
22.675000             -0.16120479782678243108
22.680000             -0.16103244630150598260
22.685000             -0.16088770868877533271
22.690000             -0.16078571455284823566
22.695000             -0.16071405905237981515
22.700000             -0.16067841954399603166
22.705000             -0.16068085607976423379
22.710000             -0.16071687772045897824
22.715000             -0.16079092492537297443
22.720000             -0.16088449325916726051
22.725000             -0.16100288455565786583
22.730000             -0.16114466698262130961
22.735000             -0.16131503931046642375
22.740000             -0.16151277663385318895
22.745000             -0.16173941225109164654
22.750000             -0.16199108981676732522
22.755000             -0.16226624369048775476
22.760000             -0.16257497181738858605
22.765000             -0.16290660130545236983
22.770000             -0.16327588404377615938
22.775000             -0.16367174793712591097
22.780000             -0.16409799999412208460
22.785000             -0.16455094770677072824
22.790000             -0.16503370910938830463
22.795000             -0.16554070780463678303
22.800000             -0.16607626548696194368
22.805000             -0.16661725042684275011
22.810000             -0.16719021854223867218
22.815000             -0.16778609564294028056
22.820000             -0.16840328464708359535
22.825000             -0.16903106061961373219
22.830000             -0.16966941645506625203
22.835000             -0.17031560969790546234
22.840000             -0.17096231905627379266
22.845000             -0.17162177151524590779
22.850000             -0.17227281982778686054
22.855000             -0.17293176738022039696
22.860000             -0.17358397864114272213
22.865000             -0.17422544370788209389
22.870000             -0.17485917705665876554
22.875000             -0.17548574456998741744
22.880000             -0.17611613788218724586
22.885000             -0.17672201344784119192
22.890000             -0.17731810817117660273
22.895000             -0.17789025137733163739
22.900000             -0.17845207844277402587
22.905000             -0.17900603914551721507
22.910000             -0.17953583761797961560
22.915000             -0.18007473049217173622
22.920000             -0.18061984745671513797
22.925000             -0.18117016140608127595
22.930000             -0.18171130429267359774
22.935000             -0.18225603961070813153
22.940000             -0.18279723529747862742
22.945000             -0.18333417165467008614
22.950000             -0.18385340496880916983
22.955000             -0.18435805599994614656
22.960000             -0.18483422398154203403
22.965000             -0.18528781238593730607
22.970000             -0.18570114212706273493
22.975000             -0.18607067537705096472
22.980000             -0.18638768611880737747
22.985000             -0.18665757228686519209
22.990000             -0.18686622839613192815
22.995000             -0.18701511815159777008
23.000000             -0.18711440171297291646
23.005000             -0.18716306358364578899
23.010000             -0.18716400875271332893
23.015000             -0.18712968736054372276
23.020000             -0.18705800019128052125
23.025000             -0.18697894887639104899
23.030000             -0.18688054511256013690
23.035000             -0.18677387375691284488
23.040000             -0.18665844135095455147
23.045000             -0.18653720456538663841
23.050000             -0.18640911623285646992
23.055000             -0.18627176757659094641
23.060000             -0.18613531708196945358
23.065000             -0.18597933145124440069
23.070000             -0.18581256422881686774
23.075000             -0.18562542287153360743
23.080000             -0.18541187777356915589
23.085000             -0.18516676027043704744
23.090000             -0.18488408734353864449
23.095000             -0.18456261081312969052
23.100000             -0.18419275127966411310
23.105000             -0.18377654376520427548
23.110000             -0.18331208056842923648
23.115000             -0.18280226428364151903
23.120000             -0.18224976064139924992
23.125000             -0.18166510620600306858
23.130000             -0.18105023185783308826
23.135000             -0.18041531187653600532
23.140000             -0.17976502795747989483
23.145000             -0.17911367721767057493
23.150000             -0.17846136482587299232
23.155000             -0.17782840985590295246
23.160000             -0.17719857091594437559
23.165000             -0.17659608192209819144
23.170000             -0.17600224973071418311
23.175000             -0.17543612062409436048
23.180000             -0.17488131433768483447
23.185000             -0.17434760594512832554
23.190000             -0.17382471275862343418
23.195000             -0.17331038488223204919
23.200000             -0.17280050548759268159
23.205000             -0.17229041055055954734
23.210000             -0.17177245621822337385
23.215000             -0.17125041245373676113
23.220000             -0.17071737562655356357
23.225000             -0.17018765257228699039
23.230000             -0.16965066880935586457
23.235000             -0.16910282240844964896
23.240000             -0.16853306631329198484
23.245000             -0.16796887007693242500
23.250000             -0.16740726628323748804
23.255000             -0.16685908557850437361
23.260000             -0.16632949462538834662
23.265000             -0.16582678478234524899
23.270000             -0.16535430921845836738
23.275000             -0.16492415122354306400
23.280000             -0.16453168617593377787
23.285000             -0.16418352181755049846
23.290000             -0.16388013739406592784
23.295000             -0.16362226833379370228
23.300000             -0.16340720913531919800
23.305000             -0.16323210903213308809
23.310000             -0.16309179371658175106
23.315000             -0.16298573536302277120
23.320000             -0.16290667744069514677
23.325000             -0.16285381523237796308
23.330000             -0.16282024023460103801
23.335000             -0.16280333697490409484
23.340000             -0.16280015893994234655
23.345000             -0.16281456270275460052
23.350000             -0.16283547923169267024
23.355000             -0.16286958446740218420
23.360000             -0.16291794186532090882
23.365000             -0.16298331274898675280
23.370000             -0.16307088346673495605
23.375000             -0.16318421961675588783
23.380000             -0.16332854117844841646
23.385000             -0.16350570507959436006
23.390000             -0.16371829458452324957
23.395000             -0.16396601292178128451
23.400000             -0.16424842668147610070
23.405000             -0.16456035879603705951
23.410000             -0.16491524553363548500
23.415000             -0.16530266323238834714
23.420000             -0.16573253822650463318
23.425000             -0.16619100658372340518
23.430000             -0.16667676850835014268
23.435000             -0.16718545587831257215
23.440000             -0.16771102875791862874
23.445000             -0.16825158969812992193
23.450000             -0.16879721643460429692
23.455000             -0.16934374520697939581
23.460000             -0.16988738166009048625
23.465000             -0.17042191210490886810
23.470000             -0.17095158061399484684
23.475000             -0.17147077175035854713
23.480000             -0.17198362357898630548
23.485000             -0.17249140187762646015
23.490000             -0.17300551052852072842
23.495000             -0.17353236896073900852
23.500000             -0.17405142663923245383
23.505000             -0.17458669880334601321
23.510000             -0.17512530821845015416
23.515000             -0.17567608024405678702
23.520000             -0.17623015963947527562
23.525000             -0.17679914709774038895
23.530000             -0.17738057298148884877
23.535000             -0.17797051534027236164
23.540000             -0.17856526979353254392
23.545000             -0.17915847604678933336
23.550000             -0.17974679102782217810
23.555000             -0.18031926600201353406
23.560000             -0.18087094251486465768
23.565000             -0.18140000245198689699
23.570000             -0.18188619300116107280
23.575000             -0.18233772568663836333
23.580000             -0.18274741529266233520
23.585000             -0.18311448923727546845
23.590000             -0.18343483263114696014
23.595000             -0.18371449119046145970
23.600000             -0.18394940038494117518
23.605000             -0.18415017754758056245
23.610000             -0.18431709479480856695
23.615000             -0.18445767240223545635
23.620000             -0.18457430291628704189
23.625000             -0.18468477264343741151
23.630000             -0.18476943748258767286
23.635000             -0.18484644999339952531
23.640000             -0.18490612206174142362
23.645000             -0.18496714899331023751
23.650000             -0.18501666731162100255
23.655000             -0.18505015723045745157
23.660000             -0.18507113620088636030
23.665000             -0.18506888161741130716
23.670000             -0.18505638944517022182
23.675000             -0.18501242010658011661
23.680000             -0.18494016986621295007
23.685000             -0.18483678139464210233
23.690000             -0.18469390691840267826
23.695000             -0.18451567275983860039
23.700000             -0.18429689272294885738
23.705000             -0.18403521758411467424
23.710000             -0.18373195370206793497
23.715000             -0.18339000563375884578
23.720000             -0.18301292706296914958
23.725000             -0.18260430174514774571
23.730000             -0.18216968830090049525
23.735000             -0.18170870916688097729
23.740000             -0.18124365558591060132
23.745000             -0.18076689972624590541
23.750000             -0.18028854708453467826
23.755000             -0.17982076694527573957
23.760000             -0.17935835528670046601
23.765000             -0.17889339945764007322
23.770000             -0.17843016123474764179
23.775000             -0.17797196023744535354
23.780000             -0.17751374923361645797
23.785000             -0.17705369620567504296
23.790000             -0.17658973055711943423
23.795000             -0.17611527233949758608
23.800000             -0.17564683365543978799
23.805000             -0.17516210578295068889
23.810000             -0.17466741792122614241
23.815000             -0.17416070739140512846
23.820000             -0.17363531159740788756
23.825000             -0.17310129529106316193
23.830000             -0.17255250622669590643
23.835000             -0.17201890664914445961
23.840000             -0.17147862279155368093
23.845000             -0.17095158050169498298
23.850000             -0.17043666672779125837
23.855000             -0.16994373303447907197
23.860000             -0.16947242302027826222
23.865000             -0.16903339612303464046
23.870000             -0.16861841724572276813
23.875000             -0.16823607724612729686
23.880000             -0.16788388239016691084
23.885000             -0.16755691453397683621
23.890000             -0.16725951236629002516
23.895000             -0.16698961342359891491
23.900000             -0.16674349747586447723
23.905000             -0.16651501166317728142
23.910000             -0.16630377024773626560
23.915000             -0.16611284805399562092
23.920000             -0.16594860923171128597
23.925000             -0.16579377850023827023
23.930000             -0.16565767594076680203
23.935000             -0.16552693527030265530
23.940000             -0.16541148048630938128
23.945000             -0.16531075983241780292
23.950000             -0.16522674577914464589
23.955000             -0.16516528335111610448
23.960000             -0.16512660937026230057
23.965000             -0.16511957049538450448
23.970000             -0.16513785129271033036
23.975000             -0.16520063427424164226
23.980000             -0.16529087515192256164
23.985000             -0.16541912404577929774
23.990000             -0.16559041788187828237
23.995000             -0.16578924754435669930
24.000000             -0.16602074213929823854
24.005000             -0.16627576468308000179
24.010000             -0.16656002191284349778
24.015000             -0.16686465964580701749
24.020000             -0.16718552340152950664
24.025000             -0.16752101319035089810
24.030000             -0.16786573975297414130
24.035000             -0.16822413396584615097
24.040000             -0.16857957207079157791
24.045000             -0.16894018559172774285
24.050000             -0.16929903228659684555
24.055000             -0.16966368095192130294
24.060000             -0.17003546454374487973
24.065000             -0.17041726241471186198
24.070000             -0.17080987069982692117
24.075000             -0.17121152142764547999
24.080000             -0.17162503178786128744
24.085000             -0.17205717129886138883
24.090000             -0.17249867897589990506
24.095000             -0.17296465070527816676
24.100000             -0.17344301534682049493
24.105000             -0.17393631522570335290
24.110000             -0.17444133030847722154
24.115000             -0.17495504749244028542
24.120000             -0.17547424870492478455
24.125000             -0.17599051408348476144
24.130000             -0.17650501626907230679
24.135000             -0.17701220212295315504
24.140000             -0.17750740601879491654
24.145000             -0.17798428217139938834
24.150000             -0.17844809601705544089
24.155000             -0.17888348553581454037
24.160000             -0.17930207316373775184
24.165000             -0.17969447570231533717
24.170000             -0.18006278471903339189
24.175000             -0.18040444401154959175
24.180000             -0.18072463827962037541
24.185000             -0.18101888792140019557
24.190000             -0.18129464064625461228
24.195000             -0.18151483891313593966
24.200000             -0.18173458219236562905
24.205000             -0.18191254908211296204
24.210000             -0.18208903910754228872
24.215000             -0.18225624331475548390
24.220000             -0.18241862086228693984
24.225000             -0.18256811732043698449
24.230000             -0.18270823911924211069
24.235000             -0.18284114988364269516
24.240000             -0.18295757017535654865
24.245000             -0.18306133357652940030
24.250000             -0.18314634033121718337
24.255000             -0.18321325347348632606
24.260000             -0.18325029111542104343
24.265000             -0.18326633795217819878
24.270000             -0.18324700481123409879
24.275000             -0.18321960175269100257
24.280000             -0.18315879192353914928
24.285000             -0.18306057942523074056
24.290000             -0.18291751000059680576
24.295000             -0.18274670981222396193
24.300000             -0.18254444724915061538
24.305000             -0.18231352503094080952
24.310000             -0.18205971536105713948
24.315000             -0.18178083545376494401
24.320000             -0.18148238740499278432
24.325000             -0.18117636980673534897
24.330000             -0.18084815011808247354
24.335000             -0.18053005618641337904
24.340000             -0.18019245546464970897
24.345000             -0.17985663524568959448
24.350000             -0.17952045454230020072
24.355000             -0.17918208431016982574
24.360000             -0.17884292679247160152
24.365000             -0.17850648864126703041
24.370000             -0.17817060241656484942
24.375000             -0.17783221049950953541
24.380000             -0.17749202781305364884
24.385000             -0.17716380873137480001
24.390000             -0.17680541960009815705
24.395000             -0.17645246688436921900
24.400000             -0.17604870461422844619
24.405000             -0.17565575802188271304
24.410000             -0.17523308272824064669
24.415000             -0.17480550088865848268
24.420000             -0.17436077614862635632
24.425000             -0.17390757657482017184
24.430000             -0.17344633456994765219
24.435000             -0.17298045349041132890
24.440000             -0.17251355520595959558
24.445000             -0.17204978360036710106
24.450000             -0.17159092488010171951
24.455000             -0.17116099779415805404
24.460000             -0.17073070588605457343
24.465000             -0.17033102112635262193
24.470000             -0.16993466568253254301
24.475000             -0.16957264716464029441
24.480000             -0.16922225636118709557
24.485000             -0.16889847417834913390
24.490000             -0.16859192158713892651
24.495000             -0.16830825223791848200
24.500000             -0.16805165269255711857
24.505000             -0.16780902330530683697
24.510000             -0.16758045708892022052
24.515000             -0.16736460223583540796
24.520000             -0.16716687215151895818
24.525000             -0.16697237582310292536
24.530000             -0.16679950945076943425
24.535000             -0.16662087101715847282
24.540000             -0.16647554288796306832
24.545000             -0.16632447225344934583
24.550000             -0.16616861589470680038
24.555000             -0.16602558538479481043
24.560000             -0.16590100064264554081
24.565000             -0.16579464491974094109
24.570000             -0.16571054958124695200
24.575000             -0.16565114101070743668
24.580000             -0.16560836205693083012
24.585000             -0.16559714456208501909
24.590000             -0.16561277543321586969
24.595000             -0.16565778295753194604
24.600000             -0.16573274164606022207
24.605000             -0.16582759695139109857
24.610000             -0.16596071529060790750
24.615000             -0.16610579101158287618
24.620000             -0.16628148245634374880
24.625000             -0.16646370257848516760
24.630000             -0.16667681706699150057
24.635000             -0.16690143302189416885
24.640000             -0.16713133882994513080
24.645000             -0.16736585528434116954
24.650000             -0.16760551998831643705
24.655000             -0.16784780156259759831
24.660000             -0.16809822486420097909
24.665000             -0.16835105266098526755
24.670000             -0.16861551603800509214
24.675000             -0.16889014658582179873
24.680000             -0.16917420501321384085
24.685000             -0.16947456300363591963
24.690000             -0.16979027688750739089
24.695000             -0.17012264899186010925
24.700000             -0.17047271406661415605
24.705000             -0.17084252858015933074
24.710000             -0.17122993142156206492
24.715000             -0.17163516142655371732
24.720000             -0.17206027472667537181
24.725000             -0.17249765114996576387
24.730000             -0.17294410389112979676
24.735000             -0.17339668589922579978
24.740000             -0.17385173552723295898
24.745000             -0.17430268964637032902
24.750000             -0.17473999460646477688
24.755000             -0.17516358134303808280
24.760000             -0.17556933731081866834
24.765000             -0.17596178919796753859
24.770000             -0.17634003807580878043
24.775000             -0.17670633270221383637
24.780000             -0.17705969844758312481
24.785000             -0.17740125715127624817
24.790000             -0.17773397592696540959
24.795000             -0.17806252485899290439
24.800000             -0.17839028840721180003
24.805000             -0.17871866627546131867
24.810000             -0.17904910745167071373
24.815000             -0.17938308888745266301
24.820000             -0.17971868339956503791
24.825000             -0.18003817443386635477
24.830000             -0.18038434839885789107
24.835000             -0.18072734367745665884
24.840000             -0.18107040661598133857
24.845000             -0.18139426541305511686
24.850000             -0.18172152724317103267
24.855000             -0.18200378244196038779
24.860000             -0.18226444070612898840
24.865000             -0.18248271520396616707
24.870000             -0.18266346382977774465
24.875000             -0.18281222266901062112
24.880000             -0.18291616446368569315
24.885000             -0.18298631015165928160
24.890000             -0.18299607948688970116
24.895000             -0.18297991628217374904
24.900000             -0.18292789694941949397
24.905000             -0.18285413671608286013
24.910000             -0.18276022376242406775
24.915000             -0.18265223405937480727
24.920000             -0.18253251627458674800
24.925000             -0.18240945899450905499
24.930000             -0.18227870365050707901
24.935000             -0.18214717076327158196
24.940000             -0.18201336312479893254
24.945000             -0.18187417924245991019
24.950000             -0.18173175675230821002
24.955000             -0.18158204916851494737
24.960000             -0.18142088137820475136
24.965000             -0.18125029238795578590
24.970000             -0.18104886276648879395
24.975000             -0.18082900057818510065
24.980000             -0.18058939999598733195
24.985000             -0.18032765905931277817
24.990000             -0.18003192538832757386
