# time u2_x
0.005000              0.00000000000000000000
0.010000              0.00000060516698756347
0.015000              0.00000166501991397285
0.020000              0.00000317870480045269
0.025000              0.00000515188672810932
0.030000              0.00000759331088430363
0.035000              0.00001050842557467322
0.040000              0.00001390386126636018
0.045000              0.00001778328207722158
0.050000              0.00002214239769296875
0.055000              0.00002697251369191123
0.060000              0.00003225666464688908
0.065000              0.00003797130890449083
0.070000              0.00004409151246722165
0.075000              0.00005058782311686293
0.080000              0.00005743265747047302
0.085000              0.00006459647132438759
0.090000              0.00007204602128949899
0.095000              0.00007974657751067991
0.100000              0.00008766340739243191
0.105000              0.00009576293591451406
0.110000              0.00010401599971404774
0.115000              0.00011239724615808976
0.120000              0.00012088148968377101
0.125000              0.00012944696235991240
0.130000              0.00013806889534209640
0.135000              0.00014672454653075567
0.140000              0.00015537446331605981
0.145000              0.00016397620784766435
0.150000              0.00017247456713667604
0.155000              0.00018080992550589743
0.160000              0.00018894593409416800
0.165000              0.00019684952936499333
0.170000              0.00020450219491868749
0.175000              0.00021188708017276780
0.180000              0.00021900779611262909
0.185000              0.00022587157684147600
0.190000              0.00023248341433452246
0.195000              0.00023884787991659885
0.200000              0.00024494432218212248
0.205000              0.00025074666339468173
0.210000              0.00025621582213530326
0.215000              0.00026131073727025283
0.220000              0.00026594015289594752
0.225000              0.00027000187241041411
0.230000              0.00027336495282664360
0.235000              0.00027589101604155600
0.240000              0.00027742199032070931
0.245000              0.00027779419933661529
0.250000              0.00027691128487256924
0.255000              0.00027469344569112898
0.260000              0.00027122359128759675
0.265000              0.00026663024340509010
0.270000              0.00026099021756318639
0.275000              0.00025437708900641272
0.280000              0.00024676758911786279
0.285000              0.00023811772511975440
0.290000              0.00022841054860425818
0.295000              0.00021763732282303422
0.300000              0.00020585305970306173
0.305000              0.00019313277091665351
0.310000              0.00017955988375715451
0.315000              0.00016522384055425921
0.320000              0.00015015750772683135
0.325000              0.00013438009680949962
0.330000              0.00011789636435846077
0.335000              0.00010070421672935757
0.340000              0.00008285502745474745
0.345000              0.00006441095143542371
0.350000              0.00004551178728465721
0.355000              0.00002631746896719373
0.360000              0.00000702936327210411
0.365000             -0.00001213693977853408
0.370000             -0.00003114520541398908
0.375000             -0.00005000130501994319
0.380000             -0.00006878363899020123
0.385000             -0.00008759407995079288
0.390000             -0.00010643159800581194
0.395000             -0.00012527240880682840
0.400000             -0.00014396661407349096
0.405000             -0.00016232976586093227
0.410000             -0.00018018631288644908
0.415000             -0.00019735818642604611
0.420000             -0.00021374505773748465
0.425000             -0.00022926546283917075
0.430000             -0.00024387703241533285
0.435000             -0.00025755021726846147
0.440000             -0.00027024434741540980
0.445000             -0.00028191982444891126
0.450000             -0.00029254173147266928
0.455000             -0.00030208032899179950
0.460000             -0.00031054804160659562
0.465000             -0.00031797354874236517
0.470000             -0.00032469285093298625
0.475000             -0.00033112942730286393
0.480000             -0.00033782804766503276
0.485000             -0.00034538529020303389
0.490000             -0.00035432091627403623
0.495000             -0.00036515029868514710
0.500000             -0.00037831585328042581
0.505000             -0.00039424482576630335
0.510000             -0.00041337873248004819
0.515000             -0.00043615691080170732
0.520000             -0.00046278801792294400
0.525000             -0.00049340746369932022
0.530000             -0.00052784393080454613
0.535000             -0.00056581366683247430
0.540000             -0.00060713930951068089
0.545000             -0.00065162669578168540
0.550000             -0.00069872472821331947
0.555000             -0.00074775997507655235
0.560000             -0.00079806366024601639
0.565000             -0.00084892926818017479
0.570000             -0.00089984704142484614
0.575000             -0.00095034578675071201
0.580000             -0.00100004591606522929
0.585000             -0.00104860715722153702
0.590000             -0.00109557921870617118
0.595000             -0.00114051544968281587
0.600000             -0.00118281575189423376
0.605000             -0.00122187549687860822
0.610000             -0.00125716965635833708
0.615000             -0.00128822495393660585
0.620000             -0.00131470102734603921
0.625000             -0.00133632145830833433
0.630000             -0.00135303202892592101
0.635000             -0.00136485565232546437
0.640000             -0.00137188892433094027
0.645000             -0.00137425923601856999
0.650000             -0.00137201611667766730
0.655000             -0.00136518605035843032
0.660000             -0.00135396260945172650
0.665000             -0.00133856770910744608
0.670000             -0.00131978643374820672
0.675000             -0.00129854515807069576
0.680000             -0.00127588022686794009
0.685000             -0.00125287894192034621
0.690000             -0.00123002950780214224
0.695000             -0.00120768422193166304
0.700000             -0.00118573092321894147
0.705000             -0.00116392894898497508
0.710000             -0.00114186472263001141
0.715000             -0.00111906180217986265
0.720000             -0.00109490349847498258
0.725000             -0.00106871500535484832
0.730000             -0.00103963351311711118
0.735000             -0.00100671935592151415
0.740000             -0.00096918339887011270
0.745000             -0.00092624588697002175
0.750000             -0.00087722543839046903
0.755000             -0.00082145946190994397
0.760000             -0.00075868442584035530
0.765000             -0.00068875269934455649
0.770000             -0.00061223257451600366
0.775000             -0.00052992827254539200
0.780000             -0.00044312867233779486
0.785000             -0.00035333811071883441
0.790000             -0.00026154316377696528
0.795000             -0.00016869185399200336
0.800000             -0.00007544038420865947
0.805000              0.00001758785031122036
0.810000              0.00010953052647766609
0.815000              0.00019945477077586084
0.820000              0.00028627080288496168
0.825000              0.00036886406188779035
0.830000              0.00044617637243141856
0.835000              0.00051721562558921933
0.840000              0.00058135442101931855
0.845000              0.00063813936924901464
0.850000              0.00068735384539011948
0.855000              0.00072894018525871285
0.860000              0.00076295936836492722
0.865000              0.00078958583682616661
0.870000              0.00080936818373392280
0.875000              0.00082300279267873036
0.880000              0.00083139023833348478
0.885000              0.00083550925118359759
0.890000              0.00083686482562744032
0.895000              0.00083708631507192635
0.900000              0.00083805998430126359
0.905000              0.00084171873443099061
0.910000              0.00084954617182176847
0.915000              0.00086287297028344949
0.920000              0.00088226324125212027
0.925000              0.00090801606725348489
0.930000              0.00094022630670539779
0.935000              0.00097885376641256797
0.940000              0.00102402518058750764
0.945000              0.00107585502663706681
0.950000              0.00113447141385006486
0.955000              0.00119998695999978876
0.960000              0.00127187264983775160
0.965000              0.00134943610400000053
0.970000              0.00143176093626438614
0.975000              0.00151786716099861830
0.980000              0.00160701683240622442
0.985000              0.00169854704803268754
0.990000              0.00179187175203430939
0.995000              0.00188645500713288021
1.000000              0.00198130202622462132
1.005000              0.00207532008882130867
1.010000              0.00216688845222059133
1.015000              0.00225423598644414235
1.020000              0.00233554312213381070
1.025000              0.00240893945043116472
1.030000              0.00247305322266576800
1.035000              0.00252660993954758207
1.040000              0.00256848430836766062
1.045000              0.00259758952827404948
1.050000              0.00261235554476018728
1.055000              0.00261110054800657229
1.060000              0.00259234750023519143
1.065000              0.00255468737535236284
1.070000              0.00249803786829179419
1.075000              0.00242272569704197246
1.080000              0.00232993506848273857
1.085000              0.00222121423611460617
1.090000              0.00209864242308423991
1.095000              0.00196459219573696378
1.100000              0.00182176570750340930
1.105000              0.00167309526874595180
1.110000              0.00152110729717318044
1.115000              0.00136832500564350594
1.120000              0.00121616883626532273
1.125000              0.00106577916663274752
1.130000              0.00091745459751430231
1.135000              0.00077116467360250002
1.140000              0.00062646995384052148
1.145000              0.00048264167393282916
1.150000              0.00033869255799341642
1.155000              0.00019336321091626153
1.160000              0.00004504274019716989
1.165000             -0.00010815024567538191
1.170000             -0.00026774770745647321
1.175000             -0.00043530291335405047
1.180000             -0.00061151620479114768
1.185000             -0.00079684584572051425
1.190000             -0.00099126715984437395
1.195000             -0.00119447052979700899
1.200000             -0.00140605856012043545
1.205000             -0.00162537319133300440
1.210000             -0.00185169306033665924
1.215000             -0.00208403043230108919
1.220000             -0.00232108799800132166
1.225000             -0.00256128484903796064
1.230000             -0.00280241070707803715
1.235000             -0.00304197778264317202
1.240000             -0.00327709376518873184
1.245000             -0.00350475397341870696
1.250000             -0.00372172614385734559
1.255000             -0.00392482944278490457
1.260000             -0.00411107334695885035
1.265000             -0.00427771171579690180
1.270000             -0.00442269448221878705
1.275000             -0.00454439408388434326
1.280000             -0.00464192524916533494
1.285000             -0.00471483971384017899
1.290000             -0.00476370544328360169
1.295000             -0.00478954357732573697
1.300000             -0.00479433112414327962
1.305000             -0.00478041159411823468
1.310000             -0.00474986644819452332
1.315000             -0.00470473946012011767
1.320000             -0.00464686651832793302
1.325000             -0.00457793439235446888
1.330000             -0.00450000396659363481
1.335000             -0.00441508242195564043
1.340000             -0.00432510843807548326
1.345000             -0.00423186630691569764
1.350000             -0.00413641353938211387
1.355000             -0.00403950670166146244
1.360000             -0.00394096086432827852
1.365000             -0.00384027126922512150
1.370000             -0.00373624669215293732
1.375000             -0.00362749442339414981
1.380000             -0.00351266398560742907
1.385000             -0.00339045290545782847
1.390000             -0.00325999308674901084
1.395000             -0.00312063296657749548
1.400000             -0.00297199948288538003
1.405000             -0.00281393315936859798
1.410000             -0.00264676019660982408
1.415000             -0.00247106411969225375
1.420000             -0.00228826476654298483
1.425000             -0.00210010666384378335
1.430000             -0.00190877816123138509
1.435000             -0.00171665804794642485
1.440000             -0.00152576292030412453
1.445000             -0.00133802379000865922
1.450000             -0.00115476206209908666
1.455000             -0.00097706095230859448
1.460000             -0.00080573843874207963
1.465000             -0.00064140201294708048
1.470000             -0.00048412825547550437
1.475000             -0.00033370254732820453
1.480000             -0.00018936717013600727
1.485000             -0.00005007229565327667
1.490000              0.00008537765334156777
1.495000              0.00021832585288516788
1.500000              0.00034992349482029512
1.505000              0.00048130160832392650
1.510000              0.00061311646566498002
1.515000              0.00074584126822693254
1.520000              0.00087970639196108377
1.525000              0.00101474094706810502
1.530000              0.00115064748755330641
1.535000              0.00128687834371639062
1.540000              0.00142273011124968729
1.545000              0.00155729997041932069
1.550000              0.00168987351733763231
1.555000              0.00181968483248799565
1.560000              0.00194601326121437361
1.565000              0.00206814576432720479
1.570000              0.00218486183013034269
1.575000              0.00229488831919997952
1.580000              0.00239634969500048889
1.585000              0.00248733272614907195
1.590000              0.00256695954247855747
1.595000              0.00263475283917656350
1.600000              0.00269193471278274471
1.605000              0.00274035132561851504
1.610000              0.00278199650161334213
1.615000              0.00281908922402284703
1.620000              0.00285301288444064945
1.625000              0.00288501100642447319
1.630000              0.00291624848035955701
1.635000              0.00294781860522180632
1.640000              0.00298122144724937343
1.645000              0.00301794829675247969
1.650000              0.00305951026391655667
1.655000              0.00310727938450822052
1.660000              0.00316192492110825129
1.665000              0.00322377512125122771
1.670000              0.00329133612836903606
1.675000              0.00336248480329200041
1.680000              0.00343354740274244476
1.685000              0.00350028890719712021
1.690000              0.00355849932241302132
1.695000              0.00360387376021848761
1.700000              0.00363256323199972943
1.705000              0.00364086536895878851
1.710000              0.00362531868168803045
1.715000              0.00358265681328596508
1.720000              0.00351040699023859142
1.725000              0.00340649949202404771
1.730000              0.00327029644120401366
1.735000              0.00310178760568002518
1.740000              0.00290202595769263865
1.745000              0.00267262465103925134
1.750000              0.00241571929713226864
1.755000              0.00213381692432990664
1.760000              0.00182951585830185221
1.765000              0.00150557519038741318
1.770000              0.00116472970981842602
1.775000              0.00080972208195970890
1.780000              0.00044276569367267049
1.785000              0.00006584059828538331
1.790000             -0.00032004717488568006
1.795000             -0.00071433774824588409
1.800000             -0.00111701373307017751
1.805000             -0.00152844360073135332
1.810000             -0.00194856081159309243
1.815000             -0.00237739009010345904
1.820000             -0.00281400009075699837
1.825000             -0.00325728650245759276
1.830000             -0.00370504350224747309
1.835000             -0.00415469596994554307
1.840000             -0.00460319380906110739
1.845000             -0.00504713783090855826
1.850000             -0.00548345637401406304
1.855000             -0.00590888017004854126
1.860000             -0.00632109861527037874
1.865000             -0.00671781285242351901
1.870000             -0.00709666804112056744
1.875000             -0.00745519177309482590
1.880000             -0.00778969473141379910
1.885000             -0.00809618982178708993
1.890000             -0.00837031575975000566
1.895000             -0.00860773258173537330
1.900000             -0.00880459005861920600
1.905000             -0.00895741549867633789
1.910000             -0.00906298918897520053
1.915000             -0.00911849391900874592
1.920000             -0.00912125201872881868
1.925000             -0.00906894332576661279
1.930000             -0.00896032844933644830
1.935000             -0.00879469500152251123
1.940000             -0.00857329502031708296
1.945000             -0.00829807114339718536
1.950000             -0.00797314877427785819
1.955000             -0.00760334781556823523
1.960000             -0.00719523031057360454
1.965000             -0.00675589675991551154
1.970000             -0.00629260123701422085
1.975000             -0.00581268698306925367
1.980000             -0.00532185014020397033
1.985000             -0.00482533306158592756
1.990000             -0.00432651366937680370
1.995000             -0.00382815696040450992
2.000000             -0.00333152584362474916
2.005000             -0.00283730899430066673
2.010000             -0.00234540862325277252
2.015000             -0.00185532351826186558
2.020000             -0.00136654122316488239
2.025000             -0.00087838515339693087
2.030000             -0.00039035849628689970
2.035000              0.00009806547633840542
2.040000              0.00058680810620991280
2.045000              0.00107561836843513697
2.050000              0.00156352565913011623
2.055000              0.00204925344445901561
2.060000              0.00253125062994211981
2.065000              0.00300770576404181837
2.070000              0.00347661974478256572
2.075000              0.00393575553123835624
2.080000              0.00438322105590709110
2.085000              0.00481707151022590409
2.090000              0.00523582812559211103
2.095000              0.00563810534048741433
2.100000              0.00602267147052870308
2.105000              0.00638843206732249945
2.110000              0.00673498470702467867
2.115000              0.00706229929676674504
2.120000              0.00737118378189854841
2.125000              0.00766294141737470721
2.130000              0.00793956337852309672
2.135000              0.00820351261672962358
2.140000              0.00845756119517977398
2.145000              0.00870479535173757785
2.150000              0.00894842135306415584
2.155000              0.00919178673221752313
2.160000              0.00943835107078650794
2.165000              0.00969156723747877438
2.170000              0.00995475790984945430
2.175000              0.01023104751296107645
2.180000              0.01052289097750555222
2.185000              0.01083231057532292423
2.190000              0.01116030575060889159
2.195000              0.01150730387418712197
2.200000              0.01187203370159414795
2.205000              0.01225249322938911332
2.210000              0.01264517907853618395
2.215000              0.01304595828739058168
2.220000              0.01344996176352705047
2.225000              0.01385200041595906033
2.230000              0.01424699421604866401
2.235000              0.01462991185432413813
2.240000              0.01499570381389240571
2.245000              0.01533948566829075252
2.250000              0.01565605932023157731
2.255000              0.01594039291599712305
2.260000              0.01618781492123973903
2.265000              0.01639400375646180019
2.270000              0.01655618039302702432
2.275000              0.01667221243603305911
2.280000              0.01674148783568919427
2.285000              0.01676402080098333275
2.290000              0.01674126189063318212
2.295000              0.01667520384713402221
2.300000              0.01656846319091313455
2.305000              0.01642392467494708380
2.310000              0.01624422961306122570
2.315000              0.01603197785786946231
2.320000              0.01578861884282317316
2.325000              0.01551524388133297162
2.330000              0.01521131337999224488
2.335000              0.01487573219951284810
2.340000              0.01450610528394821741
2.345000              0.01409953020443370682
2.350000              0.01365173607855124129
2.355000              0.01315795309602919676
2.360000              0.01261330592410150019
2.365000              0.01201280041153421352
2.370000              0.01135306209772078516
2.375000              0.01063118889625582972
2.380000              0.00984629170028479724
2.385000              0.00899825607557172905
2.390000              0.00808894275839477234
2.395000              0.00712113253574226616
2.400000              0.00609885203028106421
2.405000              0.00502694626783708586
2.410000              0.00391071694291310074
2.415000              0.00275604742629988317
2.420000              0.00156908720138917708
2.425000              0.00035637704317133376
2.430000             -0.00087530557299308608
2.435000             -0.00211899673099337016
2.440000             -0.00336844133972961880
2.445000             -0.00461766024916028962
2.450000             -0.00586256088995690868
2.455000             -0.00709986119668209233
2.460000             -0.00832618951895436506
2.465000             -0.00953864630608536150
2.470000             -0.01073229525945119250
2.475000             -0.01190210452229150360
2.480000             -0.01304247897551012378
2.485000             -0.01414789790967428164
2.490000             -0.01521390605550963435
2.495000             -0.01623637698023784257
2.500000             -0.01721185680465589854
2.505000             -0.01813698334417420885
2.510000             -0.01901011918630270831
2.515000             -0.01982986894985966364
2.520000             -0.02059649430751342783
2.525000             -0.02131052384899655497
2.530000             -0.02197237187626546392
2.535000             -0.02258237112384864007
2.540000             -0.02314003440771964307
2.545000             -0.02364470908245009176
2.550000             -0.02409368608147808427
2.555000             -0.02448389117990057082
2.560000             -0.02481323469864126635
2.565000             -0.02508009773655480931
2.570000             -0.02528553512391379030
2.575000             -0.02543166932937789351
2.580000             -0.02552046959556188849
2.585000             -0.02555432104802807941
2.590000             -0.02553379725855213153
2.595000             -0.02545929585712127657
2.600000             -0.02533037925803531543
2.605000             -0.02514646706648492741
2.610000             -0.02490717496144160409
2.615000             -0.02461208809419167254
2.620000             -0.02426234547067493766
2.625000             -0.02385931460064153256
2.630000             -0.02340602398197083600
2.635000             -0.02290578673927303952
2.640000             -0.02236144940211906573
2.645000             -0.02177567644657034049
2.650000             -0.02114928171754169514
2.655000             -0.02048258277983408537
2.660000             -0.01977432088113869127
2.665000             -0.01902286455176902674
2.670000             -0.01822671029204974216
2.675000             -0.01738450294487923348
2.680000             -0.01649426838931295630
2.685000             -0.01555409304950611596
2.690000             -0.01456182857248337903
2.695000             -0.01351546805219127137
2.700000             -0.01241499812015277315
2.705000             -0.01126110497840557972
2.710000             -0.01005764874913819135
2.715000             -0.00880954038870198491
2.720000             -0.00752406271465673373
2.725000             -0.00620937228724267702
2.730000             -0.00487472608245353468
2.735000             -0.00352988500569146853
2.740000             -0.00218358091676861595
2.745000             -0.00084440358521362840
2.750000              0.00048052913783259190
2.755000              0.00178453442317248506
2.760000              0.00306173718187017661
2.765000              0.00430667329243571238
2.770000              0.00551495499252614100
2.775000              0.00668276299306394973
2.780000              0.00780859371944772271
2.785000              0.00889190618017432488
2.790000              0.00993572598301754525
2.795000              0.01094442960895816892
2.800000              0.01192368902315836185
2.805000              0.01287996231123195341
2.810000              0.01381798630330309356
2.815000              0.01474232630246623613
2.820000              0.01565366492963126202
2.825000              0.01655164767337698531
2.830000              0.01743233353962938062
2.835000              0.01829048271519783525
2.840000              0.01912047402916184496
2.845000              0.01991600947312160974
2.850000              0.02067081272591837424
2.855000              0.02137809049303403611
2.860000              0.02203093513081456553
2.865000              0.02262203605471433884
2.870000              0.02314589910498009509
2.875000              0.02359740062765381882
2.880000              0.02397362570719710831
2.885000              0.02427255704160771049
2.890000              0.02449237369352563060
2.895000              0.02463198398335678455
2.900000              0.02468910656561527917
2.905000              0.02466195125676653305
2.910000              0.02454813451192915802
2.915000              0.02434583886754422555
2.920000              0.02405423091920547152
2.925000              0.02367325114434092742
2.930000              0.02320460614886481199
2.935000              0.02265072162317994728
2.940000              0.02201571191372875963
2.945000              0.02130411556721582139
2.950000              0.02052213846619854037
2.955000              0.01967618634359913354
2.960000              0.01877303786641201441
2.965000              0.01781925214986949946
2.970000              0.01681987769971210467
2.975000              0.01577925729672572872
2.980000              0.01470126474135085605
2.985000              0.01358940948483546365
2.990000              0.01244635889197432711
2.995000              0.01127454896123479197
3.000000              0.01007534357294089487
3.005000              0.00884999899147911537
3.010000              0.00759902543265224967
3.015000              0.00632303592640825769
3.020000              0.00502169702639033294
3.025000              0.00369477194328263073
3.030000              0.00234207296725733429
3.035000              0.00096368896062733720
3.040000             -0.00043881518621458564
3.045000             -0.00186333270093138464
3.050000             -0.00330598482390686253
3.055000             -0.00476237230597286940
3.060000             -0.00622698733029276950
3.065000             -0.00769407947426927266
3.070000             -0.00915799664156285304
3.075000             -0.01061325329137303639
3.080000             -0.01205433152946992423
3.085000             -0.01347591989245632525
3.090000             -0.01487205861510907702
3.095000             -0.01623681249897662368
3.100000             -0.01756421642787522885
3.105000             -0.01884840102833025902
3.110000             -0.02008358515495931723
3.115000             -0.02126405032160193567
3.120000             -0.02238446544060540555
3.125000             -0.02343957936141086509
3.130000             -0.02442462849157059010
3.135000             -0.02533494782320218700
3.140000             -0.02616627181416905992
3.145000             -0.02691445175979723797
3.150000             -0.02757660921481993113
3.155000             -0.02815028993454447501
3.160000             -0.02863525676785426757
3.165000             -0.02903209305529446532
3.170000             -0.02934345601308948129
3.175000             -0.02957295149274433502
3.180000             -0.02972503608506607553
3.185000             -0.02980488816293331081
3.190000             -0.02981738595005638953
3.195000             -0.02976779236077620877
3.200000             -0.02966173704951392473
3.205000             -0.02950526141166234795
3.210000             -0.02930445385193101993
3.215000             -0.02906557757359897950
3.220000             -0.02879382959670709688
3.225000             -0.02849408232793204307
3.230000             -0.02816935541418706321
3.235000             -0.02782191519656918716
3.240000             -0.02745165636030380552
3.245000             -0.02705742504135642129
3.250000             -0.02663610729257565382
3.255000             -0.02618358624358825548
3.260000             -0.02569417950888097657
3.265000             -0.02516139009759787298
3.270000             -0.02457838659068354789
3.275000             -0.02393803584887184074
3.280000             -0.02323337174258794519
3.285000             -0.02245755284623773482
3.290000             -0.02160480590958452005
3.295000             -0.02066999962699949539
3.300000             -0.01965179585242030763
3.305000             -0.01855045417361114723
3.310000             -0.01737005682635000756
3.315000             -0.01611652311282151320
3.320000             -0.01479578224058009095
3.325000             -0.01341461733053864527
3.330000             -0.01197734879483548093
3.335000             -0.01048818250077080717
3.340000             -0.00895018886095078244
3.345000             -0.00736621026497763769
3.350000             -0.00574006708093537880
3.355000             -0.00407554098947219764
3.360000             -0.00237732783991492823
3.365000             -0.00064986250533150794
3.370000              0.00110196555897644683
3.375000              0.00287373098531458352
3.380000              0.00466050777417881864
3.385000              0.00645772595045747237
3.390000              0.00826031975981109112
3.395000              0.01006331628019203547
3.400000              0.01186152298867994628
3.405000              0.01364957930501566052
3.410000              0.01542181463228987047
3.415000              0.01717207993467134708
3.420000              0.01889396019077501168
3.425000              0.02058040280611718453
3.430000              0.02222447856694714438
3.435000              0.02381873868353816259
3.440000              0.02535681553355660645
3.445000              0.02683228818143900199
3.450000              0.02824045531809606102
3.455000              0.02957711018842430414
3.460000              0.03083937366270644853
3.465000              0.03202518066902589750
3.470000              0.03313339824499593467
3.475000              0.03416391500244953666
3.480000              0.03511663365489207933
3.485000              0.03599237034799176310
3.490000              0.03679118367158294017
3.495000              0.03751372627016916900
3.500000              0.03816080190275831369
3.505000              0.03873372283189841642
3.510000              0.03923402488167958974
3.515000              0.03966340409570135589
3.520000              0.04002378610315554530
3.525000              0.04031688187607612023
3.530000              0.04054401853347643081
3.535000              0.04070589453815631059
3.540000              0.04080199639528286903
3.545000              0.04083087554112047046
3.550000              0.04078994646775335742
3.555000              0.04067580144732588221
3.560000              0.04048433267112666600
3.565000              0.04021100815452413602
3.570000              0.03985073005405646851
3.575000              0.03939839603814890984
3.580000              0.03884817733744123230
3.585000              0.03819455738913359738
3.590000              0.03743257467649007547
3.595000              0.03655814486722944873
3.600000              0.03556903431350540851
3.605000              0.03446434229530520588
3.610000              0.03324537710503224636
3.615000              0.03191483177765908064
3.620000              0.03047747118951864634
3.625000              0.02893920178228846785
3.630000              0.02730709373890320701
3.635000              0.02558881647654459926
3.640000              0.02379201628238682489
3.645000              0.02192428252333698119
3.650000              0.01999258419783649099
3.655000              0.01800337684061956503
3.660000              0.01596169975347225961
3.665000              0.01387171040912913746
3.670000              0.01173572891758095649
3.675000              0.00955506411960411854
3.680000              0.00732966603936897106
3.685000              0.00505873028305774304
3.690000              0.00274088747659355500
3.695000              0.00037448779580094273
3.700000             -0.00204242931991675553
3.705000             -0.00451171792141619524
3.710000             -0.00703401498028316269
3.715000             -0.00960918945888684581
3.720000             -0.01223536848127238126
3.725000             -0.01490956234401079675
3.730000             -0.01762749895790996155
3.735000             -0.02038386881569693304
3.740000             -0.02317169525326161911
3.745000             -0.02598301480974687938
3.750000             -0.02880750046875248799
3.755000             -0.03163389732451719200
3.760000             -0.03444509568748513328
3.765000             -0.03722241350237101565
3.770000             -0.03994108287049717015
3.775000             -0.04257479062002206271
3.780000             -0.04509794507721618523
3.785000             -0.04748527435278902115
3.790000             -0.04971580836026938399
3.795000             -0.05177036939373937802
3.800000             -0.05363579700842468351
3.805000             -0.05529969362294719082
3.810000             -0.05675190594902242147
3.815000             -0.05798608856983908377
3.820000             -0.05899663022361145009
3.825000             -0.05978043831709593803
3.830000             -0.06033558872840082826
3.835000             -0.06066122980590304969
3.840000             -0.06075866134121626211
3.845000             -0.06062926245683879917
3.850000             -0.06027802181168112616
3.855000             -0.05970952001792136088
3.860000             -0.05893393264020541089
3.865000             -0.05796415419126026147
3.870000             -0.05681651687620654922
3.875000             -0.05550989009146323205
3.880000             -0.05406062031794681838
3.885000             -0.05248523404058073882
3.890000             -0.05079578658270786362
3.895000             -0.04900338633314816478
3.900000             -0.04711589730461502451
3.905000             -0.04514009606116724249
3.910000             -0.04307940264522781143
3.915000             -0.04093591961499181558
3.920000             -0.03870743951539897670
3.925000             -0.03639005733155718098
3.930000             -0.03397867532695934140
3.935000             -0.03146723455113067253
3.940000             -0.02884985688601268347
3.945000             -0.02612031871378114184
3.950000             -0.02327346703531998906
3.955000             -0.02030441397232673681
3.960000             -0.01721070701448718446
3.965000             -0.01399095451847998800
3.970000             -0.01064654958245581616
3.975000             -0.00718046541920492991
3.980000             -0.00359901192332831533
3.985000              0.00008952358760403692
3.990000              0.00387034186682872275
3.995000              0.00772578582335620590
4.000000              0.01162480488831216414
4.005000              0.01553173207826423485
4.010000              0.01940387645686350929
4.015000              0.02319557679189149235
4.020000              0.02686288075697611591
4.025000              0.03036174922638134807
4.030000              0.03365740302198671347
4.035000              0.03671788737322002893
4.040000              0.03952316190790912398
4.045000              0.04205971808903492121
4.050000              0.04432038019961623276
4.055000              0.04629937056916843402
4.060000              0.04800336049820224521
4.065000              0.04944182185123539852
4.070000              0.05063269843284026045
4.075000              0.05160143012106339910
4.080000              0.05237640084448329930
4.085000              0.05298887599019216910
4.090000              0.05347164375637626643
4.095000              0.05385816687952216936
4.100000              0.05417416552917821843
4.105000              0.05444322906124227091
4.110000              0.05467849694241191244
4.115000              0.05488880454025903133
4.120000              0.05507553448505558141
4.125000              0.05523590045346440242
4.130000              0.05535875215731122373
4.135000              0.05542869628343709276
4.140000              0.05542501663537459378
4.145000              0.05532292757115772619
4.150000              0.05509651374859133449
4.155000              0.05471813102464189588
4.160000              0.05416045985574530208
4.165000              0.05339652696877244392
4.170000              0.05240742553451202546
4.175000              0.05117808781426529119
4.180000              0.04971120120084551730
4.185000              0.04801532750293932561
4.190000              0.04611215695230867079
4.195000              0.04403009850357674643
4.200000              0.04180049905928433229
4.205000              0.03945939753096402991
4.210000              0.03704261126062677323
4.215000              0.03458818968612217826
4.220000              0.03213285029949360799
4.225000              0.02971338791383705547
4.230000              0.02736513090343037358
4.235000              0.02512161552574799367
4.240000              0.02301206906846757841
4.245000              0.02106169168613678672
4.250000              0.01928694501899231792
4.255000              0.01769827099022933808
4.260000              0.01629370151418814763
4.265000              0.01506425444125068444
4.270000              0.01398247109984577206
4.275000              0.01301303407157392705
4.280000              0.01211003334242250276
4.285000              0.01122287601402147637
4.290000              0.01030847845035054271
4.295000              0.00932565637258362702
4.300000              0.00824298632066245741
4.305000              0.00703385629969194553
4.310000              0.00568172052411509889
4.315000              0.00417634289231603919
4.320000              0.00251636470607590141
4.325000              0.00070695995970107876
4.330000             -0.00123867608766740781
4.335000             -0.00330155918096806250
4.340000             -0.00546030411325697067
4.345000             -0.00769057718415169615
4.350000             -0.00996995962714375406
4.355000             -0.01227629194184064708
4.360000             -0.01458880390210238499
4.365000             -0.01688894460863042679
4.370000             -0.01915963583623131808
4.375000             -0.02138744464788382843
4.380000             -0.02356285532828519477
4.385000             -0.02568112147375207002
4.390000             -0.02774247581477766456
4.395000             -0.02975174522407316932
4.400000             -0.03171733265944604030
4.405000             -0.03365054297012055884
4.410000             -0.03556330782879997543
4.415000             -0.03746782869259583648
4.420000             -0.03937438103987007942
4.425000             -0.04129095448997686935
4.430000             -0.04322109234751477652
4.435000             -0.04516404957513678320
4.440000             -0.04711311347857517068
4.445000             -0.04905690873769381899
4.450000             -0.05097941940653972354
4.455000             -0.05285858808247598239
4.460000             -0.05467337900217172919
4.465000             -0.05640339537943246662
4.470000             -0.05802809928675733281
4.475000             -0.05952776096780903331
4.480000             -0.06088861702661487602
4.485000             -0.06209918513431628151
4.490000             -0.06315130625168557943
4.495000             -0.06404197823569464376
4.500000             -0.06477405899683932877
4.505000             -0.06535481844760755721
4.510000             -0.06579796306594702660
4.515000             -0.06612363221855847850
4.520000             -0.06635267519608072095
4.525000             -0.06650848741107900919
4.530000             -0.06661425846002058671
4.535000             -0.06668966517786353854
4.540000             -0.06675195568462868878
4.545000             -0.06681689503113755202
4.550000             -0.06689432621591386019
4.555000             -0.06699203029869844894
4.560000             -0.06711459670504006658
4.565000             -0.06726174783126336043
4.570000             -0.06743138862542023826
4.575000             -0.06761719057919030051
4.580000             -0.06780946305427552889
4.585000             -0.06799573087162778806
4.590000             -0.06816107790810913003
4.595000             -0.06829035097477534344
4.600000             -0.06836864350460900019
4.605000             -0.06838266750331759014
4.610000             -0.06832049710693932632
4.615000             -0.06817282240039276853
4.620000             -0.06793261706339699668
4.625000             -0.06759822599737323745
4.630000             -0.06717044757109404129
4.635000             -0.06665022193721693855
4.640000             -0.06604305361810887398
4.645000             -0.06535871601369822037
4.650000             -0.06460255318841508221
4.655000             -0.06378442396772210365
4.660000             -0.06291101686897690448
4.665000             -0.06198680332548682503
4.670000             -0.06101570007372237453
4.675000             -0.05999769108417919716
4.680000             -0.05893106194237569817
4.685000             -0.05781049794015807874
4.690000             -0.05662675921930395567
4.695000             -0.05536701172034200896
4.700000             -0.05401664877178737750
4.705000             -0.05255931416883606599
4.710000             -0.05098159025233051089
4.715000             -0.04927139806512673137
4.720000             -0.04741785781397869076
4.725000             -0.04541274562052869529
4.730000             -0.04324689943191633440
4.735000             -0.04091422853455032455
4.740000             -0.03841071611758573034
4.745000             -0.03573624599047216244
4.750000             -0.03289294357721433970
4.755000             -0.02988619185841401640
4.760000             -0.02672333817223276897
4.765000             -0.02341349434132478438
4.770000             -0.01996704368392477474
4.775000             -0.01639429253048918511
4.780000             -0.01270649748307825684
4.785000             -0.00891331591255427325
4.790000             -0.00502207934901457813
4.795000             -0.00103687253161455456
4.800000              0.00304243384001130985
4.805000              0.00721979916475387531
4.810000              0.01150182044834052036
4.815000              0.01589779639899415245
4.820000              0.02042041912523354444
4.825000              0.02508388454992837788
4.830000              0.02990289828084951446
4.835000              0.03489143390727970917
4.840000              0.04006323081502558003
4.845000              0.04542968569265941337
4.850000              0.05099735782776573800
4.855000              0.05677358202530846665
4.860000              0.06276262215805358813
4.865000              0.06896504910807263466
4.870000              0.07537920930669189667
4.875000              0.08200127816646599066
4.880000              0.08881930328453026269
4.885000              0.09582029578432403605
4.890000              0.10299011707740404753
4.895000              0.11032213244992276902
4.900000              0.11780767094141093854
4.905000              0.12543315055872630848
4.910000              0.13321882249675084942
4.915000              0.14117766048738147888
4.920000              0.14931196235601251754
4.925000              0.15762199643728708187
4.930000              0.16613976174810712871
4.935000              0.17485295403379497170
4.940000              0.18377485377863525540
4.945000              0.19289649804042341419
4.950000              0.20219258631558809092
4.955000              0.21163378143491873296
4.960000              0.22113539589035891009
4.965000              0.23060173038675502166
4.970000              0.23993858012643981548
4.975000              0.24904858183842837338
4.980000              0.25786560830003224520
4.985000              0.26632702215444326033
4.990000              0.27438357641728911007
4.995000              0.28198496047438542655
5.000000              0.28908722371227685288
5.005000              0.29564798224618588085
5.010000              0.30163146409692898064
5.015000              0.30700475295196988368
5.020000              0.31174464378431909761
5.025000              0.31582318017972865754
5.030000              0.31922408341837799073
5.035000              0.32192756944742761949
5.040000              0.32392324097010466444
5.045000              0.32520791744616350805
5.050000              0.32578722692693190544
5.055000              0.32567543477177585132
5.060000              0.32488144561727239079
5.065000              0.32348688744761783243
5.070000              0.32148152045142874833
5.075000              0.31897178931826819515
5.080000              0.31599858839302952251
5.085000              0.31265497849859691382
5.090000              0.30902071951423765173
5.095000              0.30517388742981044203
5.100000              0.30119829973203332552
5.105000              0.29716654393534325251
5.110000              0.29314276123360533122
5.115000              0.28918029762115338155
5.120000              0.28530953004576709020
5.125000              0.28154853606114227382
5.130000              0.27790140012932812441
5.135000              0.27436463985559494949
5.140000              0.27092346656709986874
5.145000              0.26755963538757737696
5.150000              0.26424661439210545000
5.155000              0.26095779734544394257
5.160000              0.25765271466151717927
5.165000              0.25429114236492905698
5.170000              0.25082761049448032420
5.175000              0.24721925395020033500
5.180000              0.24344177010124432026
5.185000              0.23947895856066220288
5.190000              0.23533179201630285982
5.195000              0.23100823042039445032
5.200000              0.22652228600553878102
5.205000              0.22188707190642090183
5.210000              0.21712070945910325048
5.215000              0.21224032426949815400
5.220000              0.20726252992064764236
5.225000              0.20220584637902888625
5.230000              0.19708308737421792456
5.235000              0.19190853722877382337
5.240000              0.18669353815865402657
5.245000              0.18145299293154568132
5.250000              0.17619927439856816753
5.255000              0.17094124811704594635
5.260000              0.16569366706470839423
5.265000              0.16046820873570397104
5.270000              0.15528352716228802088
5.275000              0.15015863911673307807
5.280000              0.14511316349267144865
5.285000              0.14017380962751191387
5.290000              0.13536615920761188581
5.295000              0.13072224111959546144
5.300000              0.12627527493055595853
5.305000              0.12205538479519940920
5.310000              0.11809483119379973748
5.315000              0.11442612812806719769
5.320000              0.11107459775931677326
5.325000              0.10807504727527771082
5.330000              0.10545129695334766462
5.335000              0.10323252280057557129
5.340000              0.10143647355118762254
5.345000              0.10008054912085825872
5.350000              0.09917754719236768213
5.355000              0.09873957061734561780
5.360000              0.09877024862300631813
5.365000              0.09927335345388323129
5.370000              0.10024163349332740336
5.375000              0.10163738420356749348
5.380000              0.10348766559154992661
5.385000              0.10570584591427190091
5.390000              0.10831474983961898728
5.395000              0.11123630467802952948
5.400000              0.11445788940383250232
5.405000              0.11793071698862926666
5.410000              0.12162467206485937099
5.415000              0.12550788944843277450
5.420000              0.12955392079326152888
5.425000              0.13374125472411738103
5.430000              0.13805590682005569603
5.435000              0.14249086742294519992
5.440000              0.14704679151925165170
5.445000              0.15173032470984038067
5.450000              0.15654861178336632044
5.455000              0.16151041401050372781
5.460000              0.16662153603710272431
5.465000              0.17188575974376532618
5.470000              0.17729678641082280421
5.475000              0.18284214463429210307
5.480000              0.18849814273143758458
5.485000              0.19423300054208675336
5.490000              0.20001367098810327039
5.495000              0.20580440826107682106
5.500000              0.21157138993338783783
5.505000              0.21727583033549410785
5.510000              0.22287943713817875979
5.515000              0.22834493531576080527
5.520000              0.23363845625557866370
5.525000              0.23873172929360320094
5.530000              0.24359637806324102582
5.535000              0.24821476964967975620
5.540000              0.25256049062178576037
5.545000              0.25663036210614348365
5.550000              0.26041278766715691972
5.555000              0.26390702816246836004
5.560000              0.26712196351261457972
5.565000              0.27006834698539500250
5.570000              0.27276271554473485725
5.575000              0.27522586016434430478
5.580000              0.27748064247672149518
5.585000              0.27955679167572267119
5.590000              0.28146720535151303899
5.595000              0.28324938174834363158
5.600000              0.28490797974955711647
5.605000              0.28647026449873452814
5.610000              0.28794335083024286126
5.615000              0.28934143900975201058
5.620000              0.29066991529596186705
5.625000              0.29193422209784153365
5.630000              0.29313531191889563576
5.635000              0.29426529580897470284
5.640000              0.29531989721504298130
5.645000              0.29628394565769194946
5.650000              0.29714567144489478778
5.655000              0.29788867068792956871
5.660000              0.29849209279828586849
5.665000              0.29893725291494510632
5.670000              0.29920008769306372098
5.675000              0.29925828528175751897
5.680000              0.29909441767081962338
5.685000              0.29869307635609654294
5.690000              0.29804122031389840286
5.695000              0.29713762444398383877
5.700000              0.29596322655570933557
5.705000              0.29453608114394475015
5.710000              0.29284390736272497557
5.715000              0.29090720389702362514
5.720000              0.28873045470809532986
5.725000              0.28632963147584239438
5.730000              0.28371686493660169814
5.735000              0.28090519498527166675
5.740000              0.27790618960763169287
5.745000              0.27473019478405691363
5.750000              0.27138653032847182001
5.755000              0.26788260413238085267
5.760000              0.26422219535492447173
5.765000              0.26040693094189731882
5.770000              0.25643519508542955698
5.775000              0.25230428171888324984
5.780000              0.24801395827974270780
5.785000              0.24356537619174375986
5.790000              0.23896376156814910785
5.795000              0.23421719357404194306
5.800000              0.22933735053801684867
5.805000              0.22433920312142632825
5.810000              0.21924111422738953858
5.815000              0.21406459858691032072
5.820000              0.20883375993878938726
5.825000              0.20357500020543189967
5.830000              0.19831704468590996560
5.835000              0.19308748130380842811
5.840000              0.18790877077321438415
5.845000              0.18280479460358223243
5.850000              0.17779491542524317182
5.855000              0.17289234978244641394
5.860000              0.16810717887732232190
5.865000              0.16344427670049338497
5.870000              0.15890427769357423626
5.875000              0.15449010103492602508
5.880000              0.15020318291750206496
5.885000              0.14604462109586380247
5.890000              0.14201560755252917723
5.895000              0.13811578883767483550
5.900000              0.13434465877524129351
5.905000              0.13070202374060591044
5.910000              0.12718604315221279655
5.915000              0.12379706595118598889
5.920000              0.12053303201797967159
5.925000              0.11739436286402443743
5.930000              0.11437977254755377077
5.935000              0.11148959435685905361
5.940000              0.10872536575717564600
5.945000              0.10609213771531424142
5.950000              0.10359460874817023879
5.955000              0.10123809772257398587
5.960000              0.09903132120871842303
5.965000              0.09698028722307708294
5.970000              0.09509151797984581600
5.975000              0.09337077275417778044
5.980000              0.09182072534264199004
5.985000              0.09044403261177413889
5.990000              0.08923776805253948174
5.995000              0.08820212487417616876
6.000000              0.08733520981499294511
6.005000              0.08663522845955642926
6.010000              0.08610221996416608792
6.015000              0.08573847450507791901
6.020000              0.08554267296777183505
6.025000              0.08551038687712080033
6.030000              0.08564859527715686094
6.035000              0.08593757644254847172
6.040000              0.08638479585293208640
6.045000              0.08697336864105829901
6.050000              0.08770162045737657508
6.055000              0.08856263698992197786
6.060000              0.08955459549605764014
6.065000              0.09067568821138584367
6.070000              0.09192795769400166628
6.075000              0.09331383887455541037
6.080000              0.09483899569896750426
6.085000              0.09651050802215956070
6.090000              0.09833803167651512800
6.095000              0.10033233163894894613
6.100000              0.10250347104894902417
6.105000              0.10486103089630302576
6.110000              0.10741271535744394139
6.115000              0.11016482413276412755
6.120000              0.11312064892411376194
6.125000              0.11628135311936638185
6.130000              0.11964371636210205385
6.135000              0.12320182118666794802
6.140000              0.12694587080294189585
6.145000              0.13086358784349416684
6.150000              0.13493793762658118363
6.155000              0.13914958209025604652
6.160000              0.14347402331264222375
6.165000              0.14788485831697270600
6.170000              0.15235363708077276357
6.175000              0.15685134732725616868
6.180000              0.16135207126407744016
6.185000              0.16583125020932271143
6.190000              0.17026985780716624719
6.195000              0.17465140488624791848
6.200000              0.17896460913681275229
6.205000              0.18320091615109265759
6.210000              0.18735622791483091953
6.215000              0.19143239813864171284
6.220000              0.19543472715273180196
6.225000              0.19936788866633187167
6.230000              0.20324178578019161390
6.235000              0.20706480390504514166
6.240000              0.21084563803183228869
6.245000              0.21459079953187523704
6.250000              0.21830496930171949810
6.255000              0.22199296506257712447
6.260000              0.22565544185132632715
6.265000              0.22929226336588914847
6.270000              0.23290038172267388261
6.275000              0.23647347980369243237
6.280000              0.24000224722945598388
6.285000              0.24347630854288185298
6.290000              0.24688314199268129867
6.295000              0.25020871066069533262
6.300000              0.25343750279831528394
6.305000              0.25655659329919605627
6.310000              0.25954760354415523649
6.315000              0.26239345912907180436
6.320000              0.26507716391084823471
6.325000              0.26758143689901031648
6.330000              0.26988774822961675293
6.335000              0.27198049044141292541
6.340000              0.27384247517236276481
6.345000              0.27546223010638282158
6.350000              0.27682884146040187545
6.355000              0.27793238075391751840
6.360000              0.27876531838677826025
6.365000              0.27931960178909870374
6.370000              0.27958846415414484454
6.375000              0.27956455776263144930
6.380000              0.27924002091850380625
6.385000              0.27860931209668210462
6.390000              0.27766279478244154655
6.395000              0.27639537770223332469
6.400000              0.27479719638314054064
6.405000              0.27286735648696219814
6.410000              0.27059635626267491970
6.415000              0.26798685627294877021
6.420000              0.26503607227148323622
6.425000              0.26174806863329225237
6.430000              0.25812773011648754151
6.435000              0.25418304195008728508
6.440000              0.24992500190515049008
6.445000              0.24536706442569408693
6.450000              0.24052503197193284001
6.455000              0.23541643831224037808
6.460000              0.23005852101145662925
6.465000              0.22446912561306550660
6.470000              0.21866448167352794951
6.475000              0.21266072409639469321
6.480000              0.20647288695547866277
6.485000              0.20011565999901567703
6.490000              0.19360363476612943434
6.495000              0.18695106466298544445
6.500000              0.18017228235087995314
6.505000              0.17328113359547683836
6.510000              0.16628262278601160795
6.515000              0.15918112107779594511
6.520000              0.15198343217411552919
6.525000              0.14468725305680771309
6.530000              0.13729648203058328337
6.535000              0.12981121309305562739
6.540000              0.12223322462907823538
6.545000              0.11457165128664781317
6.550000              0.10683807577005419165
6.555000              0.09904977003750871367
6.560000              0.09122586524957393417
6.565000              0.08338464212539378750
6.570000              0.07555593797732372552
6.575000              0.06774952828117117298
6.580000              0.06001112950238252086
6.585000              0.05233071760729094551
6.590000              0.04473158924646030571
6.595000              0.03724350675710192543
6.600000              0.02990327033987524169
6.605000              0.02269660323391093845
6.610000              0.01567676834022481425
6.615000              0.00884344705385069554
6.620000              0.00223531753278064481
6.625000             -0.00412626361935085686
6.630000             -0.01021934497037042984
6.635000             -0.01601674232188477626
6.640000             -0.02149695239849720371
6.645000             -0.02663407009414272761
6.650000             -0.03140724495098826119
6.655000             -0.03579697536678657505
6.660000             -0.03978533086282649844
6.665000             -0.04335883453416163741
6.670000             -0.04650319788041906016
6.675000             -0.04920828306714566946
6.680000             -0.05146667408635551000
6.685000             -0.05327380097935221354
6.690000             -0.05463036212448876133
6.695000             -0.05555009573851052429
6.700000             -0.05603240313985512200
6.705000             -0.05608908119420733668
6.710000             -0.05574451532295245093
6.715000             -0.05500716127202429084
6.720000             -0.05391574355039512045
6.725000             -0.05247837451867018443
6.730000             -0.05073433589839779906
6.735000             -0.04870350025177453551
6.740000             -0.04640927428051279391
6.745000             -0.04387349420498685981
6.750000             -0.04111138285270524162
6.755000             -0.03813569782478079540
6.760000             -0.03495714182754010302
6.765000             -0.03158327031398956014
6.770000             -0.02802046544933996935
6.775000             -0.02427453738308802539
6.780000             -0.02034942040071547817
6.785000             -0.01624983800256948885
6.790000             -0.01197783099618763766
6.795000             -0.00753689114378146199
6.800000             -0.00293174190935995395
6.805000              0.00182993197541275287
6.810000              0.00673622286297166466
6.815000              0.01177162866410734997
6.820000              0.01691738248416116766
6.825000              0.02215215899193806112
6.830000              0.02745307179129115663
6.835000              0.03279637515252768754
6.840000              0.03815942589356605824
6.845000              0.04352076421080807583
6.850000              0.04886552719510495191
6.855000              0.05418443130068524571
6.860000              0.05947178361784902917
6.865000              0.06472799135991315345
6.870000              0.06995430840906238790
6.875000              0.07515889202876380182
6.880000              0.08035374733534315916
6.885000              0.08555143260801427452
6.890000              0.09076333732679595090
6.895000              0.09600283310662419134
6.900000              0.10127894719556271297
6.905000              0.10659850646258257900
6.910000              0.11196051756020865275
6.915000              0.11736187708116203876
6.920000              0.12279138092883314093
6.925000              0.12823461911802483404
6.930000              0.13368186935584883135
6.935000              0.13911916151839340272
6.940000              0.14452797719919327490
6.945000              0.14989973106629150834
6.950000              0.15521336989587186661
6.955000              0.16045258152166927412
6.960000              0.16560561111290320047
6.965000              0.17065387383399499566
6.970000              0.17558371003900896667
6.975000              0.18037662408392265978
6.980000              0.18501271028006771591
6.985000              0.18947217718532149977
6.990000              0.19374090096548968187
6.995000              0.19780307018024340104
7.000000              0.20165047683908929321
7.005000              0.20527637040961252413
7.010000              0.20867884876368114622
7.015000              0.21185835307032438446
7.020000              0.21481700903535558278
7.025000              0.21755704246298546156
7.030000              0.22008507912897029568
7.035000              0.22240857701695906923
7.040000              0.22453905918150751653
7.045000              0.22648899500859404066
7.050000              0.22827022946775660239
7.055000              0.22989486811545797873
7.060000              0.23137163908655847266
7.065000              0.23270935953031066101
7.070000              0.23391141841366624998
7.075000              0.23498187752126548089
7.080000              0.23592031477962305264
7.085000              0.23672639905778863900
7.090000              0.23739463059231627473
7.095000              0.23791682472303390949
7.100000              0.23828253793131962124
7.105000              0.23847928030951723311
7.110000              0.23849444496177921171
7.115000              0.23831369749007066949
7.120000              0.23792154465053580448
7.125000              0.23730367400804552869
7.130000              0.23644346514048894536
7.135000              0.23532403589138539690
7.140000              0.23393044527378406561
7.145000              0.23224694071380716509
7.150000              0.23026202608671886285
7.155000              0.22797867011803071846
7.160000              0.22537385347376670541
7.165000              0.22247580345589959561
7.170000              0.21926204134186788597
7.175000              0.21576149133513103373
7.180000              0.21196901985152333259
7.185000              0.20790212458416773567
7.190000              0.20356904874848436027
7.195000              0.19898284784745362552
7.200000              0.19415571502422709904
7.205000              0.18910050365281050322
7.210000              0.18382848043085719958
7.215000              0.17834948022770427678
7.220000              0.17267146935876506730
7.225000              0.16680020261579778240
7.230000              0.16073993461233446189
7.235000              0.15449318760617339330
7.240000              0.14806251563998559795
7.245000              0.14144986741791876206
7.250000              0.13465842976110159457
7.255000              0.12768802930667910722
7.260000              0.12053511593212160036
7.265000              0.11319699104971345238
7.270000              0.10567253499973189301
7.275000              0.09796057351421690040
7.280000              0.09005973702160362249
7.285000              0.08197048396083218835
7.290000              0.07369900279178590030
7.295000              0.06525412133497143774
7.300000              0.05664814109512552459
7.305000              0.04789687114356665221
7.310000              0.03901061689691019685
7.315000              0.03001464418638827986
7.320000              0.02090157544597569944
7.325000              0.01170156676387165522
7.330000              0.00242051010029850156
7.335000             -0.00694894732704139616
7.340000             -0.01639704603637245212
7.345000             -0.02592096899576208299
7.350000             -0.03550179906669324176
7.355000             -0.04513488617367485134
7.360000             -0.05481183504369895043
7.365000             -0.06452199430613619890
7.370000             -0.07425569042885815652
7.375000             -0.08399893336018174339
7.380000             -0.09373528231277895861
7.385000             -0.10345475398506125131
7.390000             -0.11313940633015373560
7.395000             -0.12277705194095703267
7.400000             -0.13235026636473068429
7.405000             -0.14184178959093143857
7.410000             -0.15123918435740091315
7.415000             -0.16052683286394447970
7.420000             -0.16968667741054754838
7.425000             -0.17870159442310523668
7.430000             -0.18755642175592457388
7.435000             -0.19623600397677409823
7.440000             -0.20472204912320615677
7.445000             -0.21299747836018162461
7.450000             -0.22104495306174251623
7.455000             -0.22884417508628232540
7.460000             -0.23637869774514674859
7.465000             -0.24363359727813338473
7.470000             -0.25059680599979211602
7.475000             -0.25725819277401779095
7.480000             -0.26361183720533282182
7.485000             -0.26964991389868192551
7.490000             -0.27536704632595487841
7.495000             -0.28075902213497350157
7.500000             -0.28582372891391283343
7.505000             -0.29056060414826551108
7.510000             -0.29497107586545967539
7.515000             -0.29905644775755385600
7.520000             -0.30281856903625847810
7.525000             -0.30625884059873331733
7.530000             -0.30937844328826347162
7.535000             -0.31217807069295427924
7.540000             -0.31465709423248755527
7.545000             -0.31681910410275615497
7.550000             -0.31865760742294058083
7.555000             -0.32017046446455116326
7.560000             -0.32135182701719944287
7.565000             -0.32220004132893775850
7.570000             -0.32270980622967848639
7.575000             -0.32287653191984228007
7.580000             -0.32269652721814673368
7.585000             -0.32216855777835701202
7.590000             -0.32130195272181727439
7.595000             -0.32008893783570807612
7.600000             -0.31854216171410992819
7.605000             -0.31667049527138130260
7.610000             -0.31448580696813027702
7.615000             -0.31200335641022647337
7.620000             -0.30924356138386982495
7.625000             -0.30622911669397795409
7.630000             -0.30299134248352549426
7.635000             -0.29956518029913098422
7.640000             -0.29598722525504561620
7.645000             -0.29229564763989601683
7.650000             -0.28852438201290331321
7.655000             -0.28470633630583908058
7.660000             -0.28086643269229466524
7.665000             -0.27702713854764648982
7.670000             -0.27320477305189755368
7.675000             -0.26941343254642952099
7.680000             -0.26566385273333148476
7.685000             -0.26196528705717148089
7.690000             -0.25832550839995332970
7.695000             -0.25475149722187023782
7.700000             -0.25124947024750821090
7.705000             -0.24782527020139200058
7.710000             -0.24448385220552851238
7.715000             -0.24122994620669777066
7.720000             -0.23806806870728419723
7.725000             -0.23500277606048994294
7.730000             -0.23203881349264229850
7.735000             -0.22918109949040316176
7.740000             -0.22643492756783742403
7.745000             -0.22380560027355378416
7.750000             -0.22129664241031823946
7.755000             -0.21891068581549708028
7.760000             -0.21665099553284639100
7.765000             -0.21451725939344554184
7.770000             -0.21250735911495927111
7.775000             -0.21062142883148798900
7.780000             -0.20885304651162153733
7.785000             -0.20719629387875254656
7.790000             -0.20564425896617724576
7.795000             -0.20418873136899176601
7.800000             -0.20282121885025775065
7.805000             -0.20153247486406319910
7.810000             -0.20031276723143112695
7.815000             -0.19915207979807583727
7.820000             -0.19804163631484378305
7.825000             -0.19697234329332982683
7.830000             -0.19593674173228836644
7.835000             -0.19492814891320006665
7.840000             -0.19394099239390613643
7.845000             -0.19296985562167917605
7.850000             -0.19201022487778457437
7.855000             -0.19105810723217342417
7.860000             -0.19011033718084263677
7.865000             -0.18916480147800934786
7.870000             -0.18822027687263209739
7.875000             -0.18727585136812732736
7.880000             -0.18633178700327537869
7.885000             -0.18538908319349542420
7.890000             -0.18444920281521950955
7.895000             -0.18351366438682770177
7.900000             -0.18258328349211178088
7.905000             -0.18165847504946147639
7.910000             -0.18073899367717899400
7.915000             -0.17982406595004621352
7.920000             -0.17891257240266905670
7.925000             -0.17800283185672666209
7.930000             -0.17709263077923739771
7.935000             -0.17617923444360936158
7.940000             -0.17525915672699604597
7.945000             -0.17432849726732027595
7.950000             -0.17338275798034685771
7.955000             -0.17241722163246475663
7.960000             -0.17142689197226509967
7.965000             -0.17040675246523692699
7.970000             -0.16935201274094788260
7.975000             -0.16825828469745582328
7.980000             -0.16712406828288883798
7.985000             -0.16594906495741904018
7.990000             -0.16474184238501404787
7.995000             -0.16351384902773352659
8.000000             -0.16228239036114694427
8.005000             -0.16106713886855927864
8.010000             -0.15988747896908966917
8.015000             -0.15876362525249571034
8.020000             -0.15771480811136159850
8.025000             -0.15676093101956489750
8.030000             -0.15592244443171107693
8.035000             -0.15522121003588731925
8.040000             -0.15467658425933425437
8.045000             -0.15430623410207872093
8.050000             -0.15412413498018537328
8.055000             -0.15414195383459869393
8.060000             -0.15436766477936347819
8.065000             -0.15480598606042111909
8.070000             -0.15545903361692131606
8.075000             -0.15632841442726622128
8.080000             -0.15741469362497995110
8.085000             -0.15871262613645323314
8.090000             -0.16022168965425376275
8.095000             -0.16193374602423718511
8.100000             -0.16384355110117415633
8.105000             -0.16594287356019124524
8.110000             -0.16822343397320385638
8.115000             -0.17067629601856643129
8.120000             -0.17329126080390613862
8.125000             -0.17605789327196777472
8.130000             -0.17896546681528924250
8.135000             -0.18200364975662469691
8.140000             -0.18516378612041090035
8.145000             -0.18843805000742000488
8.150000             -0.19182130694564900053
8.155000             -0.19530919848487060531
8.160000             -0.19889944244043242239
8.165000             -0.20259004305153857639
8.170000             -0.20637611398348035263
8.175000             -0.21025143883013000523
8.180000             -0.21420376012347719374
8.185000             -0.21821828080916685910
8.190000             -0.22227597130993367869
8.195000             -0.22635554423239426236
8.200000             -0.23042910898484367244
8.205000             -0.23446609609859200840
8.210000             -0.23843447097618813979
8.215000             -0.24230110302493304553
8.220000             -0.24603314764397674064
8.225000             -0.24959781254742824386
8.230000             -0.25296526870343516435
8.235000             -0.25610802682757838333
8.240000             -0.25900536071446733644
8.245000             -0.26163715781968477359
8.250000             -0.26398743375140332201
8.255000             -0.26604577030114900937
8.260000             -0.26779920612127189328
8.265000             -0.26924177172674568226
8.270000             -0.27037123132260082459
8.275000             -0.27118376748777128782
8.280000             -0.27168395358227570568
8.285000             -0.27187667415633565149
8.290000             -0.27177035477931538177
8.295000             -0.27137567685342567358
8.300000             -0.27070728217634537627
8.305000             -0.26977961592642274447
8.310000             -0.26860596252676988138
8.315000             -0.26720324230442576985
8.320000             -0.26558479921935956858
8.325000             -0.26376450201019346897
8.330000             -0.26175397377732556592
8.335000             -0.25956302780056383916
8.340000             -0.25719783541003804483
8.345000             -0.25466305560728191848
8.350000             -0.25195991175077242508
8.355000             -0.24908854670352503780
8.360000             -0.24604647995912587444
8.365000             -0.24283049418987304180
8.370000             -0.23943825800171333884
8.375000             -0.23586787377536924670
8.380000             -0.23212107946323221053
8.385000             -0.22820110832683646040
8.390000             -0.22411478008773186299
8.395000             -0.21987070584916859617
8.400000             -0.21548162504720894117
8.405000             -0.21096234048160164565
8.410000             -0.20633166637545752309
8.415000             -0.20161044431043886882
8.420000             -0.19682566388596753337
8.425000             -0.19200670974404304703
8.430000             -0.18718473830755699705
8.435000             -0.18239194602768671327
8.440000             -0.17765790642492299001
8.445000             -0.17301153578923539333
8.450000             -0.16847773621970393854
8.455000             -0.16407476260922673750
8.460000             -0.15981849681845619604
8.465000             -0.15572399405212836165
8.470000             -0.15179813994067220539
8.475000             -0.14804716937031403567
8.480000             -0.14446835662129034472
8.485000             -0.14106665852614372336
8.490000             -0.13783854134122880408
8.495000             -0.13478440217434806137
8.500000             -0.13190185731160805616
8.505000             -0.12918998193151687293
8.510000             -0.12665198481785874818
8.515000             -0.12428631001341371165
8.520000             -0.12209531580089016956
8.525000             -0.12008396544554214569
8.530000             -0.11825549587695056986
8.535000             -0.11661595525601543832
8.540000             -0.11517243993148457148
8.545000             -0.11393290999562824539
8.550000             -0.11290813533780634514
8.555000             -0.11210588863579570851
8.560000             -0.11153873210420627016
8.565000             -0.11121810248894602180
8.570000             -0.11115419076075573612
8.575000             -0.11135770727605895369
8.580000             -0.11183866390406532743
8.585000             -0.11260097275497434055
8.590000             -0.11364932191481724733
8.595000             -0.11497590729771425822
8.600000             -0.11658806441771811524
8.605000             -0.11845513689033483617
8.610000             -0.12058743040211113151
8.615000             -0.12294936530061639779
8.620000             -0.12554016465451545148
8.625000             -0.12833578590156255461
8.630000             -0.13132504145121981498
8.635000             -0.13449163565793822994
8.640000             -0.13782399910034542900
8.645000             -0.14131030767011681926
8.650000             -0.14494169593346736824
8.655000             -0.14871051660729975308
8.660000             -0.15261024388512270389
8.665000             -0.15663573290714921660
8.670000             -0.16077965266395838340
8.675000             -0.16503470534611625054
8.680000             -0.16938704343536373220
8.685000             -0.17382094684918653060
8.690000             -0.17831760051778000609
8.695000             -0.18285634968498851172
8.700000             -0.18741519083377505828
8.705000             -0.19197028337391985886
8.710000             -0.19649512279969333362
8.715000             -0.20096095032974339856
8.720000             -0.20533902071630855124
8.725000             -0.20959931996826772216
8.730000             -0.21371193059467658015
8.735000             -0.21765065484424256370
8.740000             -0.22139000011953682834
8.745000             -0.22490357997619883634
8.750000             -0.22817302976761277833
8.755000             -0.23117910602911040385
8.760000             -0.23390947338096673702
8.765000             -0.23635088628548819867
8.770000             -0.23849597085577842193
8.775000             -0.24034166281300406443
8.780000             -0.24188689626415299516
8.785000             -0.24313469420366687346
8.790000             -0.24409824290984738493
8.795000             -0.24479399077718019817
8.800000             -0.24524549610988233272
8.805000             -0.24547870809478350429
8.810000             -0.24551722977204012976
8.815000             -0.24538636097263374913
8.820000             -0.24510600041175101271
8.825000             -0.24469074955554209749
8.830000             -0.24415730997608542374
8.835000             -0.24351912884772128343
8.840000             -0.24278627297848875966
8.845000             -0.24197058294432943759
8.850000             -0.24107924517615708648
8.855000             -0.24011846769311437355
8.860000             -0.23909175244036004471
8.865000             -0.23800054133993975292
8.870000             -0.23684400361401081181
8.875000             -0.23562027069069441110
8.880000             -0.23432659865390162435
8.885000             -0.23296034055347386582
8.890000             -0.23151972510027804542
8.895000             -0.23000417992418556445
8.900000             -0.22841382916388797142
8.905000             -0.22675038876222786133
8.910000             -0.22501557246415371250
8.915000             -0.22321245772663381168
8.920000             -0.22134467475394700720
8.925000             -0.21941693945901100116
8.930000             -0.21743572390048943044
8.935000             -0.21540829280931866885
8.940000             -0.21334493897111606042
8.945000             -0.21125645692116165608
8.950000             -0.20915541815085267330
8.955000             -0.20705411895833419900
8.960000             -0.20496488091064060666
8.965000             -0.20289903155049635042
8.970000             -0.20086676050511817482
8.975000             -0.19887697013963098747
8.980000             -0.19693499967983302268
8.985000             -0.19504453961434572995
8.990000             -0.19320538687596341965
8.995000             -0.19141594618988921894
9.000000             -0.18967213561899889940
9.005000             -0.18796925414094789453
9.010000             -0.18630094963636439909
9.015000             -0.18466083769989266594
9.020000             -0.18304275973604502981
9.025000             -0.18144119608310260716
9.030000             -0.17985173531081102838
9.035000             -0.17827086982189954689
9.040000             -0.17669641565657920323
9.045000             -0.17512698933536766099
9.050000             -0.17356394381416029304
9.055000             -0.17200951637483063994
9.060000             -0.17046802176941477924
9.065000             -0.16894424369938645936
9.070000             -0.16744362834283965658
9.075000             -0.16597147693400368662
9.080000             -0.16453333441764442235
9.085000             -0.16313432452074816403
9.090000             -0.16177914262587983485
9.095000             -0.16047188157144937071
9.100000             -0.15921612825681111247
9.105000             -0.15801494676882649193
9.110000             -0.15687184307207707734
9.115000             -0.15579024469869737213
9.120000             -0.15477541293440985615
9.125000             -0.15383315590994664501
9.130000             -0.15297115038588493530
9.135000             -0.15219788242363171960
9.140000             -0.15152207607890127994
9.145000             -0.15095294881712129076
9.150000             -0.15050011667153462280
9.155000             -0.15017361708037579859
9.160000             -0.14998272712489410519
9.165000             -0.14993663555340447369
9.170000             -0.15004288339591900781
9.175000             -0.15030833120655592849
9.180000             -0.15073796822606155832
9.185000             -0.15133566388137265069
9.190000             -0.15210358891162087391
9.195000             -0.15304255186694692981
9.200000             -0.15415100692666866555
9.205000             -0.15542575709762240788
9.210000             -0.15686113712033072920
9.215000             -0.15844983886705854559
9.220000             -0.16018177120967974636
9.225000             -0.16204534073517690151
9.230000             -0.16402462206862594707
9.235000             -0.16610210214255141659
9.240000             -0.16825828850326129960
9.245000             -0.17047299278446048643
9.250000             -0.17272672168741165510
9.255000             -0.17500035734965271872
9.260000             -0.17727559134244075256
9.265000             -0.17953484416789855516
9.270000             -0.18176177480180966128
9.275000             -0.18394100115929670758
9.280000             -0.18606171419658637523
9.285000             -0.18811492480505295766
9.290000             -0.19009578685014352772
9.295000             -0.19200117836327310061
9.300000             -0.19383102167188950848
9.305000             -0.19558651675668795034
9.310000             -0.19727274543911527127
9.315000             -0.19889607106268536452
9.320000             -0.20046420307887388712
9.325000             -0.20198534573128743008
9.330000             -0.20346677950780356348
9.335000             -0.20491547360480988349
9.340000             -0.20633789367012550509
9.345000             -0.20774012359521260018
9.350000             -0.20912537111832946168
9.355000             -0.21049581530622074599
9.360000             -0.21185081285768675441
9.365000             -0.21318862694034720895
9.370000             -0.21450633654953499274
9.375000             -0.21580040657744914423
9.380000             -0.21706660008266184803
9.385000             -0.21830036377324085750
9.390000             -0.21949665346541843980
9.395000             -0.22065033800820965659
9.400000             -0.22175582187341810747
9.405000             -0.22280759102152802864
9.410000             -0.22380046608999598634
9.415000             -0.22472966532111895988
9.420000             -0.22559134709665992768
9.425000             -0.22638229846351418106
9.430000             -0.22710079410381289744
9.435000             -0.22774588718082811045
9.440000             -0.22831781834205794324
9.445000             -0.22881748432173434904
9.450000             -0.22924670932350027508
9.455000             -0.22960779458882696336
9.460000             -0.22990418324818173712
9.465000             -0.23013972601338361645
9.470000             -0.23031853200390706160
9.475000             -0.23044479754121546811
9.480000             -0.23052296142118527955
9.485000             -0.23055745025023874351
9.490000             -0.23055212870572594497
9.495000             -0.23051061899753569340
9.500000             -0.23043571526549128103
9.505000             -0.23032988976005500104
9.510000             -0.23019524244960079540
9.515000             -0.23003370534767700328
9.520000             -0.22984675099606380333
9.525000             -0.22963574194291616615
9.530000             -0.22940145745800832877
9.535000             -0.22914459606901380062
9.540000             -0.22886531491857439735
9.545000             -0.22856373804051599574
9.550000             -0.22823903040528897845
9.555000             -0.22789022153218863043
9.560000             -0.22751479851468475735
9.565000             -0.22710991004023856066
9.570000             -0.22667116127144981697
9.575000             -0.22619372682896640714
9.580000             -0.22567192463498300659
9.585000             -0.22509974253624742691
9.590000             -0.22447144612841044009
9.595000             -0.22378124770129451115
9.600000             -0.22302513948372787445
9.605000             -0.22219952018805391725
9.610000             -0.22130300310619713255
9.615000             -0.22033488604747797357
9.620000             -0.21929576436753367430
9.625000             -0.21818685650111310781
9.630000             -0.21701127747311127481
9.635000             -0.21577303378639886566
9.640000             -0.21447781280701339046
9.645000             -0.21313224300829580748
9.650000             -0.21174384017749667275
9.655000             -0.21032084424831776204
9.660000             -0.20887262668035849744
9.665000             -0.20740921182897129049
9.670000             -0.20594074121905889263
9.675000             -0.20447756684590800980
9.680000             -0.20302861348222420168
9.685000             -0.20160234680008487507
9.690000             -0.20020569249750524987
9.695000             -0.19884479611293534584
9.700000             -0.19752392470030349925
9.705000             -0.19624629338839438830
9.710000             -0.19501217239000867565
9.715000             -0.19382041856932061274
9.720000             -0.19266669186309950956
9.725000             -0.19154517890015768100
9.730000             -0.19044889470139381160
9.735000             -0.18937004639126372996
9.740000             -0.18830085318043832121
9.745000             -0.18723335037146643378
9.750000             -0.18615951453524887116
9.755000             -0.18507145857217235929
9.760000             -0.18396246903072061007
9.765000             -0.18282654879561766048
9.770000             -0.18166063458475290027
9.775000             -0.18046304708850635645
9.780000             -0.17923471695688794614
9.785000             -0.17797798620667748537
9.790000             -0.17669675757592179233
9.795000             -0.17539597343837345922
9.800000             -0.17408210959907449711
9.805000             -0.17276241384040616489
9.810000             -0.17144511139672535815
9.815000             -0.17013875234033037920
9.820000             -0.16885163983414705480
9.825000             -0.16759176439735631869
9.830000             -0.16636681740882647285
9.835000             -0.16518388944795087125
9.840000             -0.16404881312173624774
9.845000             -0.16296646189268579330
9.850000             -0.16193939053822223317
9.855000             -0.16096891843381416765
9.860000             -0.16005418939908502840
9.865000             -0.15919325813270793213
9.870000             -0.15838288269029227040
9.875000             -0.15761918638241637081
9.880000             -0.15689765342397218872
9.885000             -0.15621358489334494224
9.890000             -0.15556232471739961376
9.895000             -0.15493945454809868179
9.900000             -0.15434159622550158719
9.905000             -0.15376602985936652090
9.910000             -0.15321166628499863216
9.915000             -0.15267829159800710981
9.920000             -0.15216644531501963278
9.925000             -0.15167725318790856170
9.930000             -0.15121215143921426516
9.935000             -0.15077283525945237019
9.940000             -0.15036140715200171925
9.945000             -0.14998000083045634478
9.950000             -0.14963050283183490508
9.955000             -0.14931444306490077034
9.960000             -0.14903320394545555017
9.965000             -0.14878762061852515708
9.970000             -0.14857878869090071494
9.975000             -0.14840746072051627658
9.980000             -0.14827458766742832030
9.985000             -0.14818089018329105855
9.990000             -0.14812953296190187191
9.995000             -0.14812395978381454054
10.000000             -0.14817036143426420836
10.005000             -0.14827586392594055420
10.010000             -0.14844746458312835236
10.015000             -0.14869257024637896891
10.020000             -0.14901859541450340751
10.025000             -0.14943332208266263406
10.030000             -0.14994341234430630383
10.035000             -0.15055556940741332550
10.040000             -0.15127378703648564073
10.045000             -0.15210140393704529860
10.050000             -0.15304038454924240309
10.055000             -0.15409196056365143113
10.060000             -0.15525609829771208625
10.065000             -0.15653176626598730437
10.070000             -0.15791679410324238608
10.075000             -0.15940783715395770437
10.080000             -0.16100099473292858732
10.085000             -0.16269132380660261683
10.090000             -0.16447338315340975790
10.095000             -0.16634090464320960834
10.100000             -0.16828729437892145371
10.105000             -0.17030551103812271996
10.110000             -0.17238828991255003564
10.115000             -0.17452834400895461675
10.120000             -0.17671890545162716180
10.125000             -0.17895372565381575947
10.130000             -0.18122835792950822698
10.135000             -0.18353944819722040060
10.140000             -0.18588486102743531636
10.145000             -0.18826348845915152896
10.150000             -0.19067412890198168207
10.155000             -0.19311609733569684577
10.160000             -0.19558760900929289539
10.165000             -0.19808677062786250733
10.170000             -0.20060926113648105962
10.175000             -0.20314986762038034218
10.180000             -0.20570004582210960065
10.185000             -0.20824970273229367890
10.190000             -0.21078704454190139161
10.195000             -0.21329888797339241480
10.200000             -0.21577199328582644111
10.205000             -0.21819223063469150858
10.210000             -0.22054677473084230432
10.215000             -0.22282261837081640543
10.220000             -0.22500715020941591815
10.225000             -0.22708789706980753165
10.230000             -0.22905199241103735286
10.235000             -0.23088702943466490880
10.240000             -0.23258066220537140789
10.245000             -0.23412153200890162275
10.250000             -0.23549864181821991704
10.255000             -0.23670228611076296610
10.260000             -0.23772384314350492041
10.265000             -0.23855612777597193230
10.270000             -0.23919354775368673049
10.275000             -0.23963182530777885071
10.280000             -0.23986844568912418785
10.285000             -0.23990186008591934952
10.290000             -0.23973208340261858984
10.295000             -0.23935963296912834974
10.300000             -0.23878558368204935713
10.305000             -0.23801093596059566537
10.310000             -0.23703672023992031215
10.315000             -0.23586359409062793158
10.320000             -0.23449263846161697011
10.325000             -0.23292472822482734873
10.330000             -0.23116126534465145093
10.335000             -0.22920375826165345634
10.340000             -0.22705470084683057608
10.345000             -0.22471719782626203843
10.350000             -0.22219641992663499708
10.355000             -0.21949882564159217679
10.360000             -0.21663290533369033986
10.365000             -0.21360873895930243549
10.370000             -0.21043786953066662138
10.375000             -0.20713335709624447478
10.380000             -0.20370888779181883788
10.385000             -0.20017926289478632507
10.390000             -0.19655969929758587700
10.395000             -0.19286606648813711673
10.400000             -0.18911428096003951582
10.405000             -0.18532031496790055125
10.410000             -0.18149928526248323979
10.415000             -0.17766563883936742352
10.420000             -0.17383293458721718605
10.425000             -0.17001367503176831320
10.430000             -0.16621951103453019849
10.435000             -0.16246091690343233971
10.440000             -0.15874765005231861181
10.445000             -0.15508844541157884578
10.450000             -0.15149169391956524011
10.455000             -0.14796518522696874842
10.460000             -0.14451703134040802534
10.465000             -0.14115269394205179343
10.470000             -0.13787685668478050216
10.475000             -0.13469747182178126721
10.480000             -0.13161858269699541757
10.485000             -0.12864676383294623707
10.490000             -0.12578787804313487642
10.495000             -0.12304783119932155566
10.500000             -0.12043843369725383552
10.505000             -0.11797046837049451895
10.510000             -0.11565748985448440211
10.515000             -0.11351371148448440029
10.520000             -0.11155348478379541188
10.525000             -0.10979104906150083387
10.530000             -0.10823871382274763420
10.535000             -0.10690795720296783489
10.540000             -0.10580817480135364106
10.545000             -0.10494396606743175426
10.550000             -0.10431623152017606426
10.555000             -0.10393873265062805733
10.560000             -0.10381095656959052342
10.565000             -0.10392872712856267292
10.570000             -0.10430205688550245324
10.575000             -0.10491852229378959005
10.580000             -0.10577752995411907055
10.585000             -0.10688383480162856609
10.590000             -0.10820999355359285643
10.595000             -0.10977328846327455425
10.600000             -0.11153930109010236349
10.605000             -0.11351377063762356501
10.610000             -0.11567305585235787557
10.615000             -0.11800789964987275227
10.620000             -0.12050045188957836384
10.625000             -0.12313643986115432871
10.630000             -0.12589975124952010321
10.635000             -0.12877586866701301593
10.640000             -0.13175033098554231326
10.645000             -0.13480912325716462585
10.650000             -0.13793839268197807812
10.655000             -0.14112428517914418769
10.660000             -0.14435294479002402923
10.665000             -0.14761032916478578070
10.670000             -0.15088342260408874052
10.675000             -0.15415908037772610428
10.680000             -0.15742512343093401084
10.685000             -0.16066924737828330860
10.690000             -0.16387972922543983523
10.695000             -0.16704477757930014103
10.700000             -0.17015331415716844488
10.705000             -0.17319445566948113435
10.710000             -0.17615842059445252499
10.715000             -0.17903601192280099719
10.720000             -0.18181987639333410667
10.725000             -0.18450371048565664123
10.730000             -0.18708365608684190962
10.735000             -0.18955725861113911779
10.740000             -0.19192486257430682595
10.745000             -0.19418837559015236782
10.750000             -0.19635078248213030938
10.755000             -0.19841610275050838852
10.760000             -0.20038746409046728769
10.765000             -0.20226823598864623888
10.770000             -0.20406067400939892353
10.775000             -0.20576708854369263335
10.780000             -0.20738783555902307043
10.785000             -0.20892288672059244892
10.790000             -0.21037140309054000453
10.795000             -0.21173180213933098792
10.800000             -0.21300107533081519273
10.805000             -0.21417564691489165973
10.810000             -0.21525031727658025527
10.815000             -0.21621926310917996550
10.820000             -0.21707638111075619469
10.825000             -0.21781474579512707934
10.830000             -0.21842762871749857312
10.835000             -0.21890806502350074192
10.840000             -0.21925006282678385916
10.845000             -0.21944913530424914327
10.850000             -0.21950172776845849887
10.855000             -0.21940591427926833812
10.860000             -0.21916262195293395587
10.865000             -0.21877608413212554228
10.870000             -0.21825024186776698087
10.875000             -0.21759247461501837750
10.880000             -0.21681432666432387535
10.885000             -0.21592476411954675264
10.890000             -0.21493598707818431515
10.895000             -0.21385906254804243343
10.900000             -0.21270365689776582485
10.905000             -0.21147925173871753857
10.910000             -0.21019383387663545526
10.915000             -0.20885443125055025426
10.920000             -0.20746691807921588402
10.925000             -0.20603595558956974698
10.930000             -0.20456451378236573113
10.935000             -0.20305431386056890797
10.940000             -0.20150529019388679908
10.945000             -0.19991632937761952271
10.950000             -0.19828478775817087731
10.955000             -0.19660748660492705087
10.960000             -0.19488068972177816085
10.965000             -0.19310086134053131013
10.970000             -0.19126494847911967856
10.975000             -0.18937075802818639780
10.980000             -0.18741733556848846898
10.985000             -0.18540499297569845716
10.990000             -0.18333590386198417299
10.995000             -0.18121364477603146836
11.000000             -0.17904407866091509582
11.005000             -0.17683434417902701985
11.010000             -0.17459393082561361354
11.015000             -0.17233324699887031528
11.020000             -0.17006569026485504614
11.025000             -0.16780533519947971044
11.030000             -0.16556907261719350233
11.035000             -0.16337412947369589489
11.040000             -0.16123700328507012403
11.045000             -0.15917344126163965323
11.050000             -0.15719582276400634324
11.055000             -0.15531494471008086555
11.060000             -0.15353856243388133707
11.065000             -0.15187291090120660919
11.070000             -0.15032265250833934389
11.075000             -0.14889147421480472544
11.080000             -0.14758151960953719284
11.085000             -0.14639423376439300584
11.090000             -0.14532950302222699679
11.095000             -0.14438673155747192012
11.100000             -0.14356407081853603258
11.105000             -0.14285941536887417080
11.110000             -0.14226931665731398780
11.115000             -0.14179009154597210784
11.120000             -0.14141794048947434193
11.125000             -0.14114906803615670516
11.130000             -0.14098104111461420840
11.135000             -0.14091171482625694522
11.140000             -0.14094079591571057053
11.145000             -0.14106831556843205111
11.150000             -0.14129491927877832480
11.155000             -0.14162117332747431453
11.160000             -0.14204733334744382156
11.165000             -0.14257324065661780566
11.170000             -0.14319867350171844311
11.175000             -0.14392302212925509042
11.180000             -0.14474538611192055981
11.185000             -0.14566447557932857282
11.190000             -0.14667832618431686509
11.195000             -0.14778456901640293908
11.200000             -0.14898010888835000465
11.205000             -0.15026152306336010289
11.210000             -0.15162438084214815981
11.215000             -0.15306393396777639992
11.220000             -0.15457492784753379400
11.225000             -0.15615195593836619925
11.230000             -0.15778968707155868745
11.235000             -0.15948281227200733490
11.240000             -0.16122622815140214003
11.245000             -0.16301488688105167379
11.250000             -0.16484369640185189687
11.255000             -0.16670752401730573600
11.260000             -0.16860143313587239167
11.265000             -0.17052045975381657783
11.270000             -0.17246028855352474318
11.275000             -0.17441667664857038456
11.280000             -0.17638556703292601613
11.285000             -0.17836287704975592461
11.290000             -0.18034415617123797371
11.295000             -0.18232480195425335157
11.300000             -0.18429920266830682185
11.305000             -0.18626145228034149404
11.310000             -0.18820492003599242903
11.315000             -0.19012277177363462455
11.320000             -0.19200784494914863165
11.325000             -0.19385292292332034769
11.330000             -0.19565113388025293095
11.335000             -0.19739578051052586449
11.340000             -0.19908071821697265191
11.345000             -0.20070010007390201578
11.350000             -0.20224842653507971169
11.355000             -0.20372049392089594533
11.360000             -0.20511143572854961814
11.365000             -0.20641670067362188901
11.370000             -0.20763202407890013479
11.375000             -0.20875345155784688633
11.380000             -0.20977724334913180892
11.385000             -0.21069993961567487495
11.390000             -0.21151837378239576881
11.395000             -0.21222965517766598231
11.400000             -0.21283166539123454797
11.405000             -0.21332266654349371637
11.410000             -0.21370150972557364066
11.415000             -0.21396738646980370535
11.420000             -0.21411968527608013502
11.425000             -0.21415803188155949077
11.430000             -0.21408239156849639961
11.435000             -0.21389300097065186423
11.440000             -0.21359042126885888213
11.445000             -0.21317550044917310537
11.450000             -0.21264965674593441780
11.455000             -0.21201467424188816246
11.460000             -0.21127262977207708627
11.465000             -0.21042591554773457108
11.470000             -0.20947681783955668378
11.475000             -0.20842782515331231830
11.480000             -0.20728130860439220040
11.485000             -0.20603980301592475510
11.490000             -0.20470550079781710262
11.495000             -0.20328066017031712343
11.500000             -0.20176699677188394966
11.505000             -0.20016618435443711554
11.510000             -0.19847981222021332526
11.515000             -0.19670949441080423647
11.520000             -0.19485746569792031235
11.525000             -0.19292616090663927686
11.530000             -0.19091903613511659876
11.535000             -0.18883988932869030797
11.540000             -0.18669322681720537660
11.545000             -0.18448387513654959657
11.550000             -0.18221737134225296506
11.555000             -0.17989961514677124677
11.560000             -0.17753698729146699664
11.565000             -0.17513620701809795577
11.570000             -0.17270429199590328628
11.575000             -0.17024854320343740799
11.580000             -0.16777628155114648889
11.585000             -0.16529498891454236231
11.590000             -0.16281197917531339825
11.595000             -0.16033458465348948696
11.600000             -0.15787021017584046412
11.605000             -0.15542622747571774311
11.610000             -0.15301029312481184697
11.615000             -0.15062999275770064256
11.620000             -0.14829335530717890901
11.625000             -0.14600831874488359730
11.630000             -0.14378353099732010811
11.635000             -0.14162760180738057092
11.640000             -0.13954950912001370944
11.645000             -0.13755813663028321203
11.650000             -0.13566236962577796210
11.655000             -0.13387093938741653765
11.660000             -0.13219254305878752609
11.665000             -0.13063574423266646751
11.670000             -0.12920853913636576316
11.675000             -0.12791866700475990060
11.680000             -0.12677286893391775946
11.685000             -0.12577747162444144480
11.690000             -0.12493760282941401840
11.695000             -0.12425783511861565600
11.700000             -0.12374150935020729325
11.705000             -0.12339129220787213581
11.710000             -0.12320840464479139442
11.715000             -0.12319323270072410348
11.720000             -0.12334476202794071586
11.725000             -0.12366107194820198656
11.730000             -0.12413927883771019856
11.735000             -0.12477568479995625184
11.740000             -0.12556591919022333514
11.745000             -0.12650493315191729815
11.750000             -0.12758667036987000887
11.755000             -0.12880442712279224771
11.760000             -0.13015098565845320544
11.765000             -0.13161873612962465829
11.770000             -0.13320054592123442561
11.775000             -0.13488930642903415591
11.780000             -0.13667903482716589614
11.785000             -0.13856410032685179123
11.790000             -0.14054044491316103338
11.795000             -0.14260458797202632542
11.800000             -0.14475416131884291659
11.805000             -0.14698729775503147077
11.810000             -0.14930221292423512258
11.815000             -0.15169729248241878294
11.820000             -0.15417022910382757739
11.825000             -0.15671852578682612944
11.830000             -0.15933891136551367462
11.835000             -0.16202771065413257290
11.840000             -0.16478030459028886190
11.845000             -0.16759146867667099046
11.850000             -0.17045477542999357135
11.855000             -0.17336302749418541769
11.860000             -0.17630814411472370273
11.865000             -0.17928135034396819325
11.870000             -0.18227321263689150177
11.875000             -0.18527377701230790530
11.880000             -0.18827244067562221019
11.885000             -0.19125827856588661913
11.890000             -0.19422018332846430200
11.895000             -0.19714707207174608783
11.900000             -0.20002823486294921129
11.905000             -0.20285335822606298528
11.910000             -0.20561255128794675429
11.915000             -0.20829650495362092566
11.920000             -0.21089642776676709168
11.925000             -0.21340419623984688280
11.930000             -0.21581204728696465334
11.935000             -0.21811280481539949139
11.940000             -0.22029975928321954282
11.945000             -0.22236668465310144294
11.950000             -0.22431296849622905931
11.955000             -0.22613767366061676700
11.960000             -0.22783657988143099504
11.965000             -0.22940972898425981974
11.970000             -0.23086062884152577790
11.975000             -0.23218602087470108231
11.980000             -0.23338320587696204100
11.985000             -0.23445205989921019674
11.990000             -0.23538761496570317910
11.995000             -0.23618678027416786791
12.000000             -0.23684453405459801600
12.005000             -0.23735619325275034153
12.010000             -0.23771827926601590830
12.015000             -0.23792750199738019190
12.020000             -0.23797932108507011129
12.025000             -0.23787106017339001984
12.030000             -0.23760127383258289324
12.035000             -0.23717030229749497261
12.040000             -0.23657657452397620745
12.045000             -0.23582066319655489717
12.050000             -0.23490700905085776240
12.055000             -0.23383547799617004914
12.060000             -0.23261058543093335316
12.065000             -0.23123538831526987969
12.070000             -0.22971366910610702128
12.075000             -0.22805002640355667709
12.080000             -0.22624883485380817283
12.085000             -0.22431438641598150374
12.090000             -0.22225090447456097298
12.095000             -0.22006222686109153108
12.100000             -0.21775254282929565330
12.105000             -0.21532587434306135754
12.110000             -0.21278647219273613689
12.115000             -0.21013854878572038598
12.120000             -0.20738722835476211537
12.125000             -0.20453807787678723873
12.130000             -0.20159763608888603414
12.135000             -0.19857323291399248122
12.140000             -0.19547310154314098685
12.145000             -0.19230643443409858873
12.150000             -0.18908284350945514518
12.155000             -0.18581279485972598819
12.160000             -0.18250725185420652030
12.165000             -0.17917787339699800531
12.170000             -0.17583674353300127180
12.175000             -0.17249631477529103751
12.180000             -0.16916895698023157180
12.185000             -0.16586690029911349553
12.190000             -0.16260148749689198877
12.195000             -0.15938334966750619670
12.200000             -0.15622220460265523467
12.205000             -0.15312678667273527111
12.210000             -0.15010509143531408638
12.215000             -0.14716410690617334756
12.220000             -0.14430983647610051701
12.225000             -0.14154733406723390976
12.230000             -0.13888086466875432246
12.235000             -0.13631328806995318681
12.240000             -0.13384520037312297447
12.245000             -0.13147812555442461857
12.250000             -0.12921347396938404062
12.255000             -0.12705013642325904688
12.260000             -0.12498950592858899811
12.265000             -0.12303295516069417959
12.270000             -0.12118159048989961268
12.275000             -0.11943790832370654309
12.280000             -0.11780568950255093652
12.285000             -0.11628935399987166965
12.290000             -0.11489341704933903054
12.295000             -0.11362314730161038323
12.300000             -0.11248420386371979496
12.305000             -0.11148195524558493497
12.310000             -0.11062123719588659587
12.315000             -0.10990662841096823787
12.320000             -0.10934233506884900866
12.325000             -0.10893074189876401914
12.330000             -0.10867319273582719263
12.335000             -0.10856922982347415318
12.340000             -0.10861850666256017695
12.345000             -0.10881926385911008803
12.350000             -0.10916623651107180970
12.355000             -0.10965447348354726009
12.360000             -0.11028020295110289861
12.365000             -0.11103670039860732976
12.370000             -0.11191781941802053657
12.375000             -0.11291939826499312882
12.380000             -0.11403529292047831500
12.385000             -0.11526134437713410341
12.390000             -0.11659387193348874634
12.395000             -0.11802981132695249122
12.400000             -0.11956722442509158666
12.405000             -0.12120483419396385627
12.410000             -0.12294195839847550655
12.415000             -0.12477833101087947021
12.420000             -0.12671411721091538349
12.425000             -0.12874941278941545719
12.430000             -0.13088431058292343545
12.435000             -0.13311837048407904049
12.440000             -0.13545012177649437546
12.445000             -0.13787702652076558318
12.450000             -0.14039515584263773107
12.455000             -0.14299929572430927771
12.460000             -0.14568297510793723482
12.465000             -0.14843858657428737891
12.470000             -0.15125705857571328239
12.475000             -0.15412843255765912298
12.480000             -0.15704195082729441313
12.485000             -0.15998652319276029932
12.490000             -0.16295098268937840968
12.495000             -0.16592442593942238749
12.500000             -0.16889600513921165792
12.505000             -0.17185548337045075673
12.510000             -0.17479303694462627883
12.515000             -0.17769966850783977530
12.520000             -0.18056681815164721261
12.525000             -0.18338669767001278266
12.530000             -0.18615258148653213155
12.535000             -0.18885844811888466421
12.540000             -0.19149940660887551647
12.545000             -0.19407100481439634732
12.550000             -0.19656951214407394901
12.555000             -0.19899125097441880405
12.560000             -0.20133328521509044617
12.565000             -0.20359254179079969149
12.570000             -0.20576661784355340656
12.575000             -0.20785292885933973062
12.580000             -0.20984974153002994290
12.585000             -0.21175609654936952686
12.590000             -0.21356984798943026704
12.595000             -0.21528834081822831314
12.600000             -0.21691039229501185570
12.605000             -0.21843367386030851374
12.610000             -0.21985436108098513341
12.615000             -0.22117003981628613474
12.620000             -0.22237687334416550433
12.625000             -0.22347207995980927775
12.630000             -0.22445343020533517486
12.635000             -0.22531837070453042404
12.640000             -0.22606526103078117274
12.645000             -0.22669310076823881439
12.650000             -0.22720088037008909221
12.655000             -0.22758771185443307794
12.660000             -0.22785345454501257367
12.665000             -0.22799824379447125589
12.670000             -0.22802225936627648628
12.675000             -0.22792679456986081332
12.680000             -0.22771185004541896757
12.685000             -0.22737881614580127132
12.690000             -0.22692920424531598522
12.695000             -0.22636317189155558127
12.700000             -0.22568253593312043170
12.705000             -0.22488764877362246719
12.710000             -0.22397951298986368274
12.715000             -0.22295917232200848646
12.720000             -0.22182765434703372032
12.725000             -0.22058638647798992083
12.730000             -0.21923700371117280095
12.735000             -0.21778150994569100973
12.740000             -0.21622213120784014584
12.745000             -0.21456151068052978226
12.750000             -0.21280246999768323568
12.755000             -0.21094825969342295702
12.760000             -0.20900283514239456628
12.765000             -0.20697067538059385483
12.770000             -0.20485734770626565227
12.775000             -0.20266898122251184033
12.780000             -0.20041289201517392682
12.785000             -0.19809689054628046301
12.790000             -0.19572957490070219677
12.795000             -0.19331983004323352593
12.800000             -0.19087727129377826674
12.805000             -0.18841168282214301732
12.810000             -0.18593272345574052284
12.815000             -0.18344993663177300292
12.820000             -0.18097244803045500761
12.825000             -0.17850913073222857141
12.830000             -0.17606843109143874293
12.835000             -0.17365852355986444167
12.840000             -0.17128740418699464620
12.845000             -0.16896287641881999053
12.850000             -0.16669203371499549671
12.855000             -0.16448167563872187480
12.860000             -0.16233760665368102138
12.865000             -0.16026526439871321972
12.870000             -0.15826968042441993956
12.875000             -0.15635565785197602651
12.880000             -0.15452756504911352442
12.885000             -0.15278953208727508173
12.890000             -0.15114520346551704733
12.895000             -0.14959793574073640410
12.900000             -0.14815057516243626545
12.905000             -0.14680562819988240975
12.910000             -0.14556562007014725579
12.915000             -0.14443283144085192204
12.920000             -0.14340945047203854101
12.925000             -0.14249738777060652617
12.930000             -0.14169900967171458750
12.935000             -0.14101654579620920282
12.940000             -0.14045268562195259432
12.945000             -0.14001002977625870427
12.950000             -0.13969120096445875046
12.955000             -0.13949866163076310444
12.960000             -0.13943526711255874173
12.965000             -0.13950382850697348736
12.970000             -0.13970710753652196279
12.975000             -0.14004773726490221675
12.980000             -0.14052721310620541750
12.985000             -0.14114659140999591402
12.990000             -0.14190564604040750707
12.995000             -0.14280358202209761376
13.000000             -0.14383830008782266807
13.005000             -0.14500704027601318824
13.010000             -0.14630573460935727970
13.015000             -0.14772957602155781243
13.020000             -0.14927246204834088150
13.025000             -0.15092751073744944956
13.030000             -0.15268648839876694523
13.035000             -0.15454037522145244732
13.040000             -0.15647925914051236118
13.045000             -0.15849262286144538692
13.050000             -0.16056989066783944331
13.055000             -0.16270023128186517081
13.060000             -0.16487211746309679561
13.065000             -0.16707378508750195256
13.070000             -0.16929281776134738613
13.075000             -0.17151670136704022518
13.080000             -0.17373378551763052347
13.085000             -0.17593282857158462629
13.090000             -0.17810381459686638883
13.095000             -0.18023735584894362560
13.100000             -0.18232516105647139648
13.105000             -0.18435957645176262454
13.110000             -0.18633428665722284734
13.115000             -0.18824365232812970139
13.120000             -0.19008325164677744579
13.125000             -0.19184925702737135045
13.130000             -0.19353881193570107722
13.135000             -0.19514950923105106595
13.140000             -0.19667962754962861616
13.145000             -0.19812773955276777316
13.150000             -0.19949265607066202222
13.155000             -0.20077330481461644340
13.160000             -0.20196860854979117872
13.165000             -0.20307750907646515692
13.170000             -0.20409949186512654773
13.175000             -0.20503421326814580405
13.180000             -0.20588119534322957271
13.185000             -0.20664002971621250881
13.190000             -0.20730987774034409510
13.195000             -0.20788993994563362278
13.200000             -0.20837949429213359354
13.205000             -0.20877803749156884083
13.210000             -0.20908518840620321511
13.215000             -0.20930085146699206611
13.220000             -0.20942521544152556401
13.225000             -0.20945880867174157536
13.230000             -0.20940279594552166365
13.235000             -0.20925875989095962804
13.240000             -0.20902862372671143776
13.245000             -0.20871462309304991689
13.250000             -0.20831874007897915879
13.255000             -0.20784304727254104828
13.260000             -0.20728994301272371525
13.265000             -0.20666197981319195387
13.270000             -0.20596211287924706679
13.275000             -0.20519344110438506035
13.280000             -0.20435904137250893164
13.285000             -0.20346200735637459678
13.290000             -0.20250578548068118301
13.295000             -0.20149392960012676990
13.300000             -0.20043019164396219667
13.305000             -0.19931843507292595907
13.310000             -0.19816231315333648899
13.315000             -0.19696551997175404392
13.320000             -0.19573184251010541934
13.325000             -0.19446520241127829287
13.330000             -0.19316927062893377021
13.335000             -0.19184778221950113397
13.340000             -0.19050332813608192306
13.345000             -0.18913829699535300577
13.350000             -0.18775386110262667905
13.355000             -0.18635088028808058369
13.360000             -0.18492950426589790935
13.365000             -0.18348961827830387317
13.370000             -0.18203047829135332591
13.375000             -0.18055104735740382105
13.380000             -0.17905091906802911295
13.385000             -0.17752969740651156072
13.390000             -0.17598800620111754167
13.395000             -0.17442665906099213968
13.400000             -0.17284776491285139266
13.405000             -0.17125379737467494312
13.410000             -0.16964865925338293295
13.415000             -0.16803677690095267239
13.420000             -0.16642399095192469960
13.425000             -0.16481676713858364747
13.430000             -0.16322275858948828708
13.435000             -0.16165023404312359179
13.440000             -0.16010745325381819937
13.445000             -0.15860294550766163013
13.450000             -0.15714439226002124839
13.455000             -0.15573936491692635942
13.460000             -0.15439445434823545478
13.465000             -0.15311588340284695842
13.470000             -0.15190832388487388038
13.475000             -0.15077571207354359406
13.480000             -0.14972024109039377970
13.485000             -0.14874312036820055982
13.490000             -0.14784442674023010045
13.495000             -0.14702331226299072964
13.500000             -0.14627830706856637111
13.505000             -0.14560719891599618880
13.510000             -0.14500732473764887942
13.515000             -0.14447549125809217019
13.520000             -0.14400858194850327254
13.525000             -0.14360332254203364566
13.530000             -0.14325689669619603994
13.535000             -0.14296669505921974497
13.540000             -0.14273066316498503325
13.545000             -0.14254719150943792605
13.550000             -0.14241530463860452294
13.555000             -0.14233459179978946718
13.560000             -0.14230524974629235602
13.565000             -0.14232800137554407760
13.570000             -0.14240389704679504157
13.575000             -0.14253428561687786491
13.580000             -0.14272078403945551162
13.585000             -0.14296505194383826720
13.590000             -0.14326872787788796915
13.595000             -0.14363317469577449592
13.600000             -0.14405952792414380981
13.605000             -0.14454839905604566219
13.610000             -0.14510022675546543902
13.615000             -0.14571485461937133676
13.620000             -0.14639223399280865134
13.625000             -0.14713184765920206409
13.630000             -0.14793301140390108239
13.635000             -0.14879467878944838133
13.640000             -0.14971567011770753330
13.645000             -0.15069467317805029793
13.650000             -0.15173003134125306879
13.655000             -0.15282012487781737597
13.660000             -0.15396312771172879219
13.665000             -0.15515742960618592039
13.670000             -0.15640122679681769946
13.675000             -0.15769297749028055033
13.680000             -0.15903102921463282970
13.685000             -0.16041393306714671341
13.690000             -0.16184015795147724259
13.695000             -0.16330821552841467970
13.700000             -0.16481675699429171322
13.705000             -0.16636432743387616351
13.710000             -0.16794947102540522255
13.715000             -0.16957041832125457903
13.720000             -0.17122471558048277251
13.725000             -0.17290931387024091603
13.730000             -0.17462070922944741835
13.735000             -0.17635484014068419922
13.740000             -0.17810699058216122870
13.745000             -0.17987194894939512180
13.750000             -0.18164355011467561707
13.755000             -0.18341523085818209338
13.760000             -0.18517987709255398499
13.765000             -0.18693027680498872090
13.770000             -0.18865926870205662613
13.775000             -0.19035994537850101094
13.780000             -0.19202603939030749025
13.785000             -0.19365183224771267967
13.790000             -0.19523197024718982884
13.795000             -0.19676163565891865992
13.800000             -0.19823691423024922265
13.805000             -0.19965450357362282685
13.810000             -0.20101204990121498972
13.815000             -0.20230771881060438666
13.820000             -0.20353999504787309571
13.825000             -0.20470757029703048890
13.830000             -0.20580894852662817707
13.835000             -0.20684254477321975529
13.840000             -0.20780656110813622295
13.845000             -0.20869898779504575392
13.850000             -0.20951746374291649322
13.855000             -0.21025935530951422869
13.860000             -0.21092203264517361827
13.865000             -0.21150274199158050625
13.870000             -0.21199895303323615381
13.875000             -0.21240821489124595001
13.880000             -0.21272805466788052842
13.885000             -0.21295619360068343551
13.890000             -0.21309020026476149789
13.895000             -0.21312794923997671614
13.900000             -0.21306778769050430111
13.905000             -0.21290861964470919609
13.910000             -0.21264984796893821040
13.915000             -0.21229147587076455106
13.920000             -0.21183420458380364249
13.925000             -0.21127932538933524853
13.930000             -0.21062877155905318505
13.935000             -0.20988493648956743631
13.940000             -0.20905078517064779042
13.945000             -0.20812957438063317550
13.950000             -0.20712497397497486862
13.955000             -0.20604076711120419829
13.960000             -0.20488087402877958043
13.965000             -0.20364916332564300672
13.970000             -0.20234993589993324759
13.975000             -0.20098748598407034649
13.980000             -0.19956595442394031714
13.985000             -0.19808938091079372756
13.990000             -0.19656138988971075254
13.995000             -0.19498550811279821704
14.000000             -0.19336509239559290796
14.005000             -0.19170355663056609652
14.010000             -0.19000416431757824465
14.015000             -0.18827033000367277005
14.020000             -0.18650567313785715307
14.025000             -0.18471409426324722491
14.030000             -0.18289952204778658906
14.035000             -0.18106611592370747132
14.040000             -0.17921818703590836064
14.045000             -0.17736023256065483467
14.050000             -0.17549702331291749946
14.055000             -0.17363344502363761701
14.060000             -0.17177474406521786587
14.065000             -0.16992619546524756480
14.070000             -0.16809357016472423196
14.075000             -0.16628261643658662217
14.080000             -0.16449951131620810241
14.085000             -0.16275035224264050582
14.090000             -0.16104123369501441299
14.095000             -0.15937806137581211896
14.100000             -0.15776641299445798294
14.105000             -0.15621161814709788596
14.110000             -0.15471834117395549812
14.115000             -0.15329095162764808102
14.120000             -0.15193299306757845901
14.125000             -0.15064770238740093911
14.130000             -0.14943792104676917321
14.135000             -0.14830630614582071547
14.140000             -0.14725503945968038133
14.145000             -0.14628610263135466418
14.150000             -0.14540098517393396094
14.155000             -0.14460093511998248217
14.160000             -0.14388724248506307157
14.165000             -0.14326104366114617017
14.170000             -0.14272369269682755322
14.175000             -0.14227640853798689813
14.180000             -0.14192038826254232964
14.185000             -0.14165661169765370042
14.190000             -0.14148602785935818216
14.195000             -0.14140935320690620203
14.200000             -0.14142726164046240389
14.205000             -0.14154020619939569614
14.210000             -0.14174838485005797351
14.215000             -0.14205174910891121831
14.220000             -0.14245025130737828944
14.225000             -0.14294369097716549954
14.230000             -0.14353211572364935056
14.235000             -0.14421552569623027895
14.240000             -0.14499427767345890450
14.245000             -0.14586874256129700456
14.250000             -0.14683925966986602352
14.255000             -0.14790609520398170784
14.260000             -0.14906911059427796484
14.265000             -0.15032796900743167212
14.270000             -0.15168194956205252599
14.275000             -0.15313008538031044892
14.280000             -0.15467084946717377103
14.285000             -0.15630237265348889686
14.290000             -0.15802159352922517943
14.295000             -0.15982489161945992451
14.300000             -0.16170724972264183261
14.305000             -0.16366298306361318216
14.310000             -0.16568498733668307610
14.315000             -0.16776546890959542768
14.320000             -0.16989550918340554087
14.325000             -0.17206560411693117008
14.330000             -0.17426628497536586493
14.335000             -0.17648788173522778067
14.340000             -0.17872125219477555391
14.345000             -0.18095734053783557593
14.350000             -0.18318786288718610922
14.355000             -0.18540484785984101546
14.360000             -0.18760081636828149221
14.365000             -0.18976867153692802970
14.370000             -0.19190154192539490841
14.375000             -0.19399294258394819690
14.380000             -0.19603653919300922936
14.385000             -0.19802636590494598900
14.390000             -0.19995668905161906315
14.395000             -0.20182210488876900500
14.400000             -0.20361778509567443618
14.405000             -0.20533922468331392008
14.410000             -0.20698272747487991841
14.415000             -0.20854489248112167976
14.420000             -0.21002293470032437628
14.425000             -0.21141425476682634832
14.430000             -0.21271709722852777391
14.435000             -0.21392992881072742106
14.440000             -0.21505197290330732574
14.445000             -0.21608270213373884094
14.450000             -0.21702145705115555296
14.455000             -0.21786767847662322217
14.460000             -0.21862059019405991056
14.465000             -0.21927955433350948544
14.470000             -0.21984380937142905532
14.475000             -0.22031282209571123598
14.480000             -0.22068581178138529930
14.485000             -0.22096222868407128237
14.490000             -0.22114122920744752610
14.495000             -0.22122217066789381934
14.500000             -0.22120500465098977272
14.505000             -0.22109005957479840876
14.510000             -0.22087837123265074979
14.515000             -0.22057134674657430384
14.520000             -0.22017062506275220102
14.525000             -0.21967803928479151532
14.530000             -0.21909586638545019976
14.535000             -0.21842657277885771383
14.540000             -0.21767263955457016866
14.545000             -0.21683661380373014937
14.550000             -0.21592081503658480668
14.555000             -0.21492755538532409831
14.560000             -0.21385880611441393517
14.565000             -0.21271651381331557751
14.570000             -0.21150188048280815778
14.575000             -0.21021600179648963769
14.580000             -0.20885964328231207410
14.585000             -0.20743357920324634325
14.590000             -0.20593869275570617083
14.595000             -0.20437601932354873546
14.600000             -0.20274676126389737374
14.605000             -0.20105231435596343514
14.610000             -0.19929469634840549230
14.615000             -0.19747624180769812741
14.620000             -0.19559974778171773657
14.625000             -0.19366829798397885987
14.630000             -0.19168533129646428415
14.635000             -0.18965452409896604857
14.640000             -0.18757997631964798413
14.645000             -0.18546601099924342471
14.650000             -0.18331731044123969476
14.655000             -0.18113873035761607344
14.660000             -0.17893540447153019612
14.665000             -0.17671258001212095112
14.670000             -0.17447614409667561164
14.675000             -0.17223215638397307292
14.680000             -0.16998694837774974697
14.685000             -0.16774692043099026506
14.690000             -0.16551843341102928653
14.695000             -0.16330780983024345554
14.700000             -0.16112113510776993053
14.705000             -0.15896437927814049962
14.710000             -0.15684318144757208868
14.715000             -0.15476301471860237635
14.720000             -0.15272870005019689721
14.725000             -0.15074478196760865423
14.730000             -0.14881526024576530176
14.735000             -0.14694384707876825824
14.740000             -0.14513373607357635264
14.745000             -0.14338781735514852245
14.750000             -0.14170856516209567877
14.755000             -0.14009815986707208069
14.760000             -0.13855825024358087161
14.765000             -0.13709015899849755216
14.770000             -0.13569493597519316497
14.775000             -0.13437337386518205529
14.780000             -0.13312625284941839721
14.785000             -0.13195418994854540840
14.790000             -0.13085793992182956358
14.795000             -0.12983817013613910274
14.800000             -0.12889562639281340606
14.805000             -0.12803079117763402350
14.810000             -0.12724453800481866361
14.815000             -0.12653751334822915808
14.820000             -0.12591110117811166180
14.825000             -0.12536730980233198873
14.830000             -0.12490889811323782621
14.835000             -0.12453897389373476401
14.840000             -0.12426168359420994292
14.845000             -0.12408160061564364740
14.850000             -0.12400453776363506986
14.855000             -0.12403639380936845593
14.860000             -0.12418272498981593188
14.865000             -0.12444854627524147561
14.870000             -0.12483832407005825138
14.875000             -0.12535610488426521258
14.880000             -0.12600392382269484659
14.885000             -0.12678348516960191716
14.890000             -0.12769482303702456294
14.895000             -0.12873697851086468580
14.900000             -0.12990791511597346575
14.905000             -0.13120471401337618911
14.910000             -0.13262340801800620582
14.915000             -0.13415932229763499750
14.920000             -0.13580663582882723794
14.925000             -0.13755886068856823523
14.930000             -0.13940864031821678659
14.935000             -0.14134814338950571488
14.940000             -0.14336907022197109551
14.945000             -0.14546289442965237848
14.950000             -0.14762091138410171620
14.955000             -0.14983438773601306937
14.960000             -0.15209497788423331777
14.965000             -0.15439454341693678585
14.970000             -0.15672562564440536970
14.975000             -0.15908110385348508964
14.980000             -0.16145491050328963922
14.985000             -0.16384141415595263047
14.990000             -0.16623539079842389321
14.995000             -0.16863185641472006049
15.000000             -0.17102604814532254562
15.005000             -0.17341330683612810049
15.010000             -0.17578929679024260513
15.015000             -0.17814973568227862599
15.020000             -0.18049057568355703074
15.025000             -0.18280775617593791882
15.030000             -0.18509724540961650097
15.035000             -0.18735493672671657550
15.040000             -0.18957665234864098935
15.045000             -0.19175814327510340429
15.050000             -0.19389523158762586585
15.055000             -0.19598377152987531136
15.060000             -0.19801992766945061830
15.065000             -0.20000005264887929513
15.070000             -0.20192062626977860806
15.075000             -0.20377836528908047087
15.080000             -0.20556980488541257146
15.085000             -0.20729169200790342753
15.090000             -0.20894053655929742397
15.095000             -0.21051304968091133496
15.100000             -0.21200584299966043766
15.105000             -0.21341573050922643673
15.110000             -0.21473956208274563862
15.115000             -0.21597436712825088256
15.120000             -0.21711764957972029544
15.125000             -0.21816714394244543507
15.130000             -0.21912087910444905114
15.135000             -0.21997703697529533140
15.140000             -0.22073389736056375776
15.145000             -0.22138982349798186355
15.150000             -0.22194290920325912553
15.155000             -0.22239128645364719672
15.160000             -0.22273289670278736962
15.165000             -0.22296550834672751451
15.170000             -0.22308685113972692715
15.175000             -0.22309504467774923797
15.180000             -0.22298791705594397938
15.185000             -0.22276404105253652665
15.190000             -0.22242273405544754628
15.195000             -0.22196325695744692497
15.200000             -0.22138609334004380469
15.205000             -0.22069223125735190627
15.210000             -0.21988356256800131727
15.215000             -0.21896291582183735613
15.220000             -0.21793369051393438052
15.225000             -0.21679982156569785334
15.230000             -0.21556588723332251178
15.235000             -0.21423686167585820339
15.240000             -0.21281832191311444991
15.245000             -0.21131620065072329040
15.250000             -0.20973646195706635575
15.255000             -0.20808518455200356034
15.260000             -0.20636827695039125508
15.265000             -0.20459161057225366820
15.270000             -0.20276102254643507683
15.275000             -0.20088228999020182886
15.280000             -0.19896092881737950653
15.285000             -0.19700231835622422638
15.290000             -0.19501130707052491409
15.295000             -0.19299254119917902406
15.300000             -0.19095052513718199783
15.305000             -0.18888968748818127374
15.310000             -0.18681456175613747606
15.315000             -0.18472972927674224941
15.320000             -0.18264015857920803954
15.325000             -0.18055099350764244881
15.330000             -0.17846809380631045716
15.335000             -0.17639761988055369102
15.340000             -0.17434620254868232747
15.345000             -0.17232072338681211909
15.350000             -0.17032824631813311966
15.355000             -0.16837596632501977689
15.360000             -0.16647094716960023075
15.365000             -0.16462021598614062778
15.370000             -0.16283053101145078534
15.375000             -0.16110846403491460577
15.380000             -0.15946028566582631791
15.385000             -0.15789196087624229881
15.390000             -0.15640859863729125734
15.395000             -0.15501477362115145819
15.400000             -0.15371421955474900978
15.405000             -0.15251007306997274582
15.410000             -0.15140474169421117012
15.415000             -0.15040006368549851956
15.420000             -0.14949682741460113000
15.425000             -0.14869521731303406153
15.430000             -0.14799433219102162140
15.435000             -0.14739272001317682559
15.440000             -0.14688834490852109571
15.445000             -0.14647883010900350498
15.450000             -0.14616114518188239035
15.455000             -0.14593199139161630584
15.460000             -0.14578817964444598654
15.465000             -0.14572649814928484435
15.470000             -0.14574422579297754976
15.475000             -0.14583876715304910920
15.480000             -0.14600838785712494383
15.485000             -0.14625158734633528224
15.490000             -0.14656814522089789410
15.495000             -0.14695817642102482203
15.500000             -0.14742258326564633419
15.505000             -0.14796245993012746567
15.510000             -0.14857920868279200777
15.515000             -0.14927424195322488987
15.520000             -0.15004879700403264686
15.525000             -0.15090393046924924225
15.530000             -0.15184008152337402642
15.535000             -0.15285732773184521061
15.540000             -0.15395502052394458015
15.545000             -0.15513206680171226504
15.550000             -0.15638650433076003998
15.555000             -0.15771586856536684573
15.560000             -0.15911686856995443939
15.565000             -0.16058572936577589219
15.570000             -0.16211790374387244351
15.575000             -0.16370841727738630333
15.580000             -0.16535140849857038470
15.585000             -0.16704062395945806774
15.590000             -0.16876942286869606180
15.595000             -0.17053096965088118675
15.600000             -0.17231833554110881357
15.605000             -0.17412456190446481963
15.610000             -0.17594272617014081184
15.615000             -0.17776598139832264223
15.620000             -0.17958781022876926792
15.625000             -0.18140189314104912532
15.630000             -0.18320225644734861037
15.635000             -0.18498315632083603410
15.640000             -0.18673950264249652986
15.645000             -0.18846651081982143672
15.650000             -0.19015988921167714665
15.655000             -0.19181560229190344757
15.660000             -0.19342951956664994340
15.665000             -0.19499758315603119008
15.670000             -0.19651607683137675697
15.675000             -0.19798142152615336165
15.680000             -0.19939017339422013264
15.685000             -0.20073897197942067172
15.690000             -0.20202439027916255232
15.695000             -0.20324303087020606506
15.700000             -0.20439154924396454871
15.705000             -0.20546667854962077926
15.710000             -0.20646544658830115471
15.715000             -0.20738506554771854451
15.720000             -0.20822262190115919944
15.725000             -0.20897533485052255386
15.730000             -0.20964075046208210940
15.735000             -0.21021669333844603123
15.740000             -0.21070156556202659925
15.745000             -0.21109415853106966443
15.750000             -0.21139358972177546558
15.755000             -0.21159932387387178632
15.760000             -0.21171110437298687468
15.765000             -0.21172899236083439489
15.770000             -0.21165374796782784883
15.775000             -0.21148652651985039297
15.780000             -0.21122874689962964356
15.785000             -0.21088208591781060219
15.790000             -0.21044809630479757723
15.795000             -0.20992843104393660303
15.800000             -0.20932503045455602697
15.805000             -0.20863998797443766842
15.810000             -0.20787565990358389256
15.815000             -0.20703453989173351002
15.820000             -0.20611908806311166065
15.825000             -0.20513182351102196566
15.830000             -0.20407493758279091067
15.835000             -0.20295060820153290604
15.840000             -0.20176072660782312651
15.845000             -0.20050718887119242662
15.850000             -0.19919179066109407583
15.855000             -0.19781639819246404910
15.860000             -0.19638260154770345589
15.865000             -0.19489203374738206520
15.870000             -0.19334656285442172741
15.875000             -0.19174822800072124918
15.880000             -0.19009927337527673941
15.885000             -0.18840211807508730479
15.890000             -0.18665984355209522261
15.895000             -0.18487581196690974772
15.900000             -0.18305431798379331876
15.905000             -0.18120000993750504104
15.910000             -0.17931851273805091140
15.915000             -0.17741581508107417964
15.920000             -0.17549896153642743912
15.925000             -0.17357537089748609205
15.930000             -0.17165291406453106471
15.935000             -0.16973966453925456999
15.940000             -0.16784349254834055043
15.945000             -0.16597224491450535133
15.950000             -0.16413332495050370063
15.955000             -0.16233396899645069489
15.960000             -0.16058133446252981225
15.965000             -0.15888242637821559100
15.970000             -0.15724406093484877278
15.975000             -0.15567282272984245273
15.980000             -0.15417494901189743306
15.985000             -0.15275635808869220122
15.990000             -0.15142244844569446860
15.995000             -0.15017822968528934946
16.000000             -0.14902800905394822384
16.005000             -0.14797565217484512368
16.010000             -0.14702394479358388280
16.015000             -0.14617514092895514399
16.020000             -0.14543052950114415678
16.025000             -0.14479090224164151146
16.030000             -0.14425609725159277419
16.035000             -0.14382547914401139222
16.040000             -0.14349736681823260787
16.045000             -0.14326959526499283282
16.050000             -0.14313983897446544424
16.055000             -0.14310552346195634654
16.060000             -0.14316421683407384857
16.065000             -0.14331336203225361614
16.070000             -0.14355042044303142901
16.075000             -0.14387273028477148840
16.080000             -0.14427781256527086318
16.085000             -0.14476312771152233250
16.090000             -0.14532630383552844200
16.095000             -0.14596492995300580642
16.100000             -0.14667668623642110548
16.105000             -0.14745920561046357844
16.110000             -0.14830991505201776559
16.115000             -0.14922611664819504518
16.120000             -0.15020524113440528180
16.125000             -0.15124466200380695668
16.130000             -0.15234135408458948646
16.135000             -0.15349209742845237869
16.140000             -0.15469321386247242289
16.145000             -0.15594078346740114505
16.150000             -0.15723063233386869175
16.155000             -0.15855838661947671553
16.160000             -0.15991924897562601049
16.165000             -0.16130819065798437939
16.170000             -0.16271990621277915290
16.175000             -0.16414891315803298300
16.180000             -0.16558948702136083719
16.185000             -0.16703577838914548948
16.190000             -0.16848195243905386698
16.195000             -0.16992216640433607799
16.200000             -0.17135130517588784138
16.205000             -0.17276449537459526162
16.210000             -0.17415743942359906971
16.215000             -0.17552612558615068861
16.220000             -0.17686708133913175978
16.225000             -0.17817715165533312693
16.230000             -0.17945405901074876209
16.235000             -0.18069595050287567961
16.240000             -0.18190187860621548355
16.245000             -0.18307133461169200483
16.250000             -0.18420401909477432389
16.255000             -0.18529986398042808116
16.260000             -0.18635936119376830811
16.265000             -0.18738325040855016712
16.270000             -0.18837260715677958678
16.275000             -0.18932865169988280507
16.280000             -0.19025261402272419797
16.285000             -0.19114572895670939312
16.290000             -0.19200911352766103501
16.295000             -0.19284381456742830108
16.300000             -0.19365055391491256542
16.305000             -0.19442991662774267159
16.310000             -0.19518160453782862351
16.315000             -0.19590504303787600882
16.320000             -0.19659892609129223096
16.325000             -0.19726171550730114967
16.330000             -0.19789124452267861654
16.335000             -0.19848517796540532387
16.340000             -0.19904026686326481421
16.345000             -0.19955305852889318463
16.350000             -0.20001985774553449060
16.355000             -0.20043695942708711355
16.360000             -0.20080106193044641727
16.365000             -0.20110907161533808640
16.370000             -0.20135852713494872823
16.375000             -0.20154728669986887724
16.380000             -0.20167363563125914605
16.385000             -0.20173616038255540173
16.390000             -0.20173451622404595107
16.395000             -0.20166883270805235906
16.400000             -0.20154066011905982791
16.405000             -0.20135213989197700557
16.410000             -0.20110641774422061134
16.415000             -0.20080713074146752661
16.420000             -0.20045861154104707702
16.425000             -0.20006556906553435438
16.430000             -0.19963262026492500922
16.435000             -0.19916449957522219805
16.440000             -0.19866517703653305271
16.445000             -0.19813847037947832086
16.450000             -0.19758744790800017443
16.455000             -0.19701492371204701315
16.460000             -0.19642288580983047197
16.465000             -0.19581297585506837744
16.470000             -0.19518597930203276936
16.475000             -0.19454228328904912826
16.480000             -0.19388162800544436748
16.485000             -0.19320340967470200910
16.490000             -0.19250678094448780975
16.495000             -0.19179070846864162969
16.500000             -0.19105432810968761559
16.505000             -0.19029679444879082917
16.510000             -0.18951761067006128725
16.515000             -0.18871646162517641265
16.520000             -0.18789354249701598065
16.525000             -0.18704937012875605395
16.530000             -0.18618512294458774980
16.535000             -0.18530240074898707281
16.540000             -0.18440382706865557361
16.545000             -0.18349254930501091021
16.550000             -0.18257241140439858795
16.555000             -0.18164766097170573222
16.560000             -0.18072285577462962602
16.565000             -0.17980275305867993163
16.570000             -0.17889214079883253294
16.575000             -0.17799579940765589137
16.580000             -0.17711839307471305416
16.585000             -0.17626440948387944729
16.590000             -0.17543798486963374517
16.595000             -0.17464292237948214614
16.600000             -0.17388259183027457433
16.605000             -0.17315996152147261622
16.610000             -0.17247680594242983942
16.615000             -0.17183431497896828333
16.620000             -0.17123253140399410932
16.625000             -0.17067095685106409286
16.630000             -0.17014815774898778278
16.635000             -0.16966229703730251188
16.640000             -0.16921049361990389559
16.645000             -0.16878952937876412488
16.650000             -0.16839546120439247145
16.655000             -0.16802415894860753265
16.660000             -0.16767174047943220194
16.665000             -0.16733444282776116507
16.670000             -0.16700950492011881754
16.675000             -0.16669453384100327287
16.680000             -0.16638803206605906615
16.685000             -0.16608887183629472695
16.690000             -0.16579654120856879285
16.695000             -0.16551080401413503784
16.700000             -0.16523231570338053897
16.705000             -0.16496202976491627923
16.710000             -0.16470174490508063259
16.715000             -0.16445350831588648188
16.720000             -0.16421949190912832339
16.725000             -0.16400188551078495602
16.730000             -0.16380293788692537604
16.735000             -0.16362483739126729154
16.740000             -0.16346969872967809234
16.745000             -0.16333951452412301397
16.750000             -0.16323602120537925031
16.755000             -0.16316077362035844023
16.760000             -0.16311505004138535102
16.765000             -0.16309994446775871735
16.770000             -0.16311644834140745508
16.775000             -0.16316543470730687782
16.780000             -0.16324739045161942852
16.785000             -0.16336264463087085685
16.790000             -0.16351042253863287690
16.795000             -0.16368961725974898180
16.800000             -0.16389820042644884235
16.805000             -0.16413383442260059963
16.810000             -0.16439359945540077401
16.815000             -0.16467434529370886254
16.820000             -0.16497261449623654150
16.825000             -0.16528478701541160500
16.830000             -0.16560741815153537382
16.835000             -0.16593703309911869703
16.840000             -0.16627065470494301058
16.845000             -0.16660539541131003105
16.850000             -0.16693894428128941421
16.855000             -0.16726915225395141973
16.860000             -0.16759438521385333631
16.865000             -0.16791320883742913428
16.870000             -0.16822457793900430500
16.875000             -0.16852765788063603369
16.880000             -0.16882247725115531733
16.885000             -0.16910942049516053398
16.890000             -0.16938964645971249512
16.895000             -0.16966466895564047412
16.900000             -0.16993605693425270498
16.905000             -0.17020552548106870905
16.910000             -0.17047462441406724398
16.915000             -0.17074491683158471433
16.920000             -0.17101722970596999751
16.925000             -0.17129217378738950672
16.930000             -0.17156962340024417557
16.935000             -0.17184913770281884382
16.940000             -0.17212994844048559728
16.945000             -0.17241101944026751558
16.950000             -0.17269124946662209319
16.955000             -0.17296933846709464100
16.960000             -0.17324366060746546059
16.965000             -0.17351237243619715978
16.970000             -0.17377398902588900298
16.975000             -0.17402705521622691132
16.980000             -0.17427077972995611010
16.985000             -0.17450460590919214532
16.990000             -0.17472820472261008096
16.995000             -0.17494147925210123962
17.000000             -0.17514479451615910799
17.005000             -0.17533885600431781127
17.010000             -0.17552502557043062059
17.015000             -0.17570507156340309241
17.020000             -0.17588107623308346650
17.025000             -0.17605539917842699671
17.030000             -0.17623034297575107532
17.035000             -0.17640828606662031786
17.040000             -0.17659145733431627634
17.045000             -0.17678200468550928082
17.050000             -0.17698169631075169606
17.055000             -0.17719204228086424258
17.060000             -0.17741379691464440049
17.065000             -0.17764727292223345123
17.070000             -0.17789169798023710123
17.075000             -0.17814573488668289380
17.080000             -0.17840723509155118065
17.085000             -0.17867357725720864337
17.090000             -0.17894193860098892013
17.095000             -0.17920927856696836078
17.100000             -0.17947247268684188293
17.105000             -0.17972835821577420878
17.110000             -0.17997392102478690368
17.115000             -0.18020630800627435164
17.120000             -0.18042317953774431039
17.125000             -0.18062256522661243596
17.130000             -0.18080323855976693226
17.135000             -0.18096446650032113612
17.140000             -0.18110558869990225905
17.145000             -0.18122625800791397621
17.150000             -0.18132625631187571091
17.155000             -0.18140558715994523076
17.160000             -0.18146493377375957912
17.165000             -0.18150521940211905569
17.170000             -0.18152797318308783181
17.175000             -0.18153484084275939292
17.180000             -0.18152795826791745526
17.185000             -0.18150946018567140627
17.190000             -0.18148129012093569545
17.195000             -0.18144517916198713015
17.200000             -0.18140229883646555309
17.205000             -0.18135350967275923328
17.210000             -0.18129917277804907805
17.215000             -0.18123940046556785699
17.220000             -0.18117409766765060763
17.225000             -0.18110308233113259213
17.230000             -0.18102609479165729378
17.235000             -0.18094292135625963946
17.240000             -0.18085330804481369871
17.245000             -0.18075713112646837888
17.250000             -0.18065429690271017638
17.255000             -0.18054489128619191640
17.260000             -0.18042901414044704156
17.265000             -0.18030692469447959225
17.270000             -0.18017902414477976469
17.275000             -0.18004584532227832505
17.280000             -0.17990809980514707589
17.285000             -0.17976656210242486500
17.290000             -0.17962226354773161430
17.295000             -0.17947623992171932161
17.300000             -0.17932966565113811486
17.305000             -0.17918363700201112021
17.310000             -0.17903964101951080901
17.315000             -0.17889913235373813838
17.320000             -0.17876345129538037670
17.325000             -0.17863381053238888696
17.330000             -0.17851127596697918820
17.335000             -0.17839681482723773742
17.340000             -0.17829127952671341983
17.345000             -0.17819549371067644472
17.350000             -0.17811006096085846284
17.355000             -0.17803558317079123952
17.360000             -0.17797217298716502820
17.365000             -0.17791989427454218964
17.370000             -0.17787857490834396712
17.375000             -0.17784803975277124755
17.380000             -0.17782781198454511440
17.385000             -0.17781736214802723595
17.390000             -0.17781562748660567630
17.395000             -0.17782137191406552357
17.400000             -0.17783269468295404003
17.405000             -0.17784741892325639512
17.410000             -0.17786318434074094297
17.415000             -0.17787743083936358168
17.420000             -0.17788757215471079354
17.425000             -0.17789087424218966160
17.430000             -0.17788466320910151230
17.435000             -0.17786618573971360591
17.440000             -0.17783295341913349374
17.445000             -0.17778253042340982915
17.450000             -0.17771274658629288012
17.455000             -0.17762158352321219534
17.460000             -0.17750762726375926559
17.465000             -0.17736978692555938064
17.470000             -0.17720742492334229379
17.475000             -0.17702025398984261306
17.480000             -0.17680883557433305087
17.485000             -0.17657418925321510805
17.490000             -0.17631793359701108947
17.495000             -0.17604205961392202506
17.500000             -0.17574864540647619493
17.505000             -0.17543992667355229331
17.510000             -0.17511789567958985225
17.515000             -0.17478449799839779200
17.520000             -0.17444194173244431667
17.525000             -0.17409240564160713416
17.530000             -0.17373760170067145681
17.535000             -0.17337897065749255376
17.540000             -0.17301711931988705828
17.545000             -0.17265223697562601113
17.550000             -0.17228456531135213914
17.555000             -0.17191416498292569348
17.560000             -0.17154094944673231593
17.565000             -0.17116469925374186434
17.570000             -0.17078537391401571455
17.575000             -0.17040297812159957425
17.580000             -0.17001819757629521579
17.585000             -0.16963200751117668563
17.590000             -0.16924578776702275951
17.595000             -0.16886123257342247617
17.600000             -0.16848080155655670298
17.605000             -0.16810738145529940946
17.610000             -0.16774462582226207230
17.615000             -0.16739659835624057238
17.620000             -0.16706766177177365118
17.625000             -0.16676238534578263772
17.630000             -0.16648526865763282889
17.635000             -0.16624078489012372728
17.640000             -0.16603269723271871228
17.645000             -0.16586442898902267751
17.650000             -0.16573842074090464060
17.655000             -0.16565656157455757591
17.660000             -0.16561978972023128076
17.665000             -0.16562841875317169116
17.670000             -0.16568219441145656812
17.675000             -0.16578033650884807515
17.680000             -0.16592182082739920235
17.685000             -0.16610526931125443872
17.690000             -0.16632906224052360078
17.695000             -0.16659137127097539688
17.700000             -0.16689016116639621146
17.705000             -0.16722334901575103272
17.710000             -0.16758904953172992780
17.715000             -0.16798556287415375432
17.720000             -0.16841138949603148833
17.725000             -0.16886530169925437206
17.730000             -0.16934631121245838359
17.735000             -0.16985371058435561054
17.740000             -0.17038677744279723258
17.745000             -0.17094493204113742069
17.750000             -0.17152744892336410643
17.755000             -0.17213357663894826577
17.760000             -0.17276286413386801599
17.765000             -0.17341480525119751244
17.770000             -0.17408915476370395714
17.775000             -0.17478551113330909050
17.780000             -0.17550331998264090405
17.785000             -0.17624172037361812704
17.790000             -0.17699931347833713913
17.795000             -0.17777430697056992304
17.800000             -0.17856433680676589426
17.805000             -0.17936670595930009897
17.810000             -0.18017818202205806988
17.815000             -0.18099532387017094881
17.820000             -0.18181454359673243637
17.825000             -0.18263226818210179236
17.830000             -0.18344498607965178949
17.835000             -0.18424936792697901855
17.840000             -0.18504217211762591377
17.845000             -0.18582040818323722342
17.850000             -0.18658119535514816612
17.855000             -0.18732190707561324761
17.860000             -0.18804017356317059839
17.865000             -0.18873386045289647361
17.870000             -0.18940110523419212418
17.875000             -0.19004019971930208310
17.880000             -0.19064960757114396417
17.885000             -0.19122782810113131413
17.890000             -0.19177335254461530534
17.895000             -0.19228458798396863560
17.900000             -0.19275965006870271479
17.905000             -0.19319646280289554108
17.910000             -0.19359341093798659861
17.915000             -0.19394889508879165074
17.920000             -0.19426183954222428496
17.925000             -0.19453130238138272023
17.930000             -0.19475638818555690568
17.935000             -0.19493632249853368177
17.940000             -0.19507047688334921975
17.945000             -0.19515845481106131043
17.950000             -0.19520035250472345112
17.955000             -0.19519665673138464346
17.960000             -0.19514824089629073667
17.965000             -0.19505636942651827237
17.970000             -0.19492228648945505998
17.975000             -0.19474747887724960793
17.980000             -0.19453368753601651964
17.985000             -0.19428286380198653283
17.990000             -0.19399699893779187576
17.995000             -0.19367813617217913280
18.000000             -0.19332807451801556353
18.005000             -0.19294847954856453320
18.010000             -0.19254020215242276248
18.015000             -0.19210372884738718957
18.020000             -0.19163921009646300853
18.025000             -0.19114650924590773085
18.030000             -0.19062534794770294444
18.035000             -0.19007525998269828027
18.040000             -0.18949558370717564659
18.045000             -0.18888554985246969187
18.050000             -0.18824437735050053577
18.055000             -0.18757133806160022904
18.060000             -0.18686609114118002406
18.065000             -0.18612856854732343082
18.070000             -0.18535925013774581793
18.075000             -0.18455902243692676179
18.080000             -0.18372945207503688092
18.085000             -0.18287257856833583070
18.090000             -0.18199067691295472970
18.095000             -0.18108634880786694810
18.100000             -0.18016197220849156091
18.105000             -0.17922002206382714462
18.110000             -0.17826285571258743134
18.115000             -0.17729280471714076173
18.120000             -0.17631230822630333810
18.125000             -0.17532370929140700389
18.130000             -0.17432923297849761690
18.135000             -0.17333086843070658056
18.140000             -0.17233062975805937822
18.145000             -0.17133030002051272134
18.150000             -0.17033156244443234395
18.155000             -0.16933588564750820527
18.160000             -0.16834473197038116177
18.165000             -0.16735946524406797309
18.170000             -0.16638179375491202183
18.175000             -0.16541354095974472593
18.180000             -0.16445685692517122978
18.185000             -0.16351412457314820625
18.190000             -0.16258801730237318339
18.195000             -0.16168149761154324007
18.200000             -0.16079782699850370120
18.205000             -0.15994055602626000567
18.210000             -0.15911324473690144354
18.215000             -0.15831959647893162346
18.220000             -0.15756313416804385019
18.225000             -0.15684733909756062853
18.230000             -0.15617568387119554196
18.235000             -0.15555148976818924944
18.240000             -0.15497764896078738972
18.245000             -0.15445667188122386149
18.250000             -0.15399041550412284618
18.255000             -0.15358020588085016800
18.260000             -0.15322722343630473807
18.265000             -0.15293223349434328928
18.270000             -0.15269578667700242636
18.275000             -0.15251808535467037409
18.280000             -0.15239924265327786657
18.285000             -0.15233917640391658743
18.290000             -0.15233811996410948075
18.295000             -0.15239636240213094709
18.300000             -0.15251428538990888240
18.305000             -0.15269240454648347338
18.310000             -0.15293148288697949733
18.315000             -0.15323251440367002818
18.320000             -0.15359672720725070505
18.325000             -0.15402557061038679720
18.330000             -0.15452032211215199764
18.335000             -0.15508228981424881932
18.340000             -0.15571254295264444489
18.345000             -0.15641201186415812363
18.350000             -0.15718120374654387383
18.355000             -0.15802028442771623440
18.360000             -0.15892870338828107846
18.365000             -0.15990536303636637694
18.370000             -0.16094825275954022237
18.375000             -0.16205469271432118572
18.380000             -0.16322120627060310305
18.385000             -0.16444368952261315120
18.390000             -0.16571707459342921442
18.395000             -0.16703572361097041021
18.400000             -0.16839319837485439146
18.405000             -0.16978267709329938895
18.410000             -0.17119734786806348192
18.415000             -0.17263039832429630249
18.420000             -0.17407497218707687625
18.425000             -0.17552437852045488231
18.430000             -0.17697232943931504034
18.435000             -0.17841291607609172098
18.440000             -0.17984126637265915316
18.445000             -0.18125309519093973920
18.450000             -0.18264497360025336303
18.455000             -0.18401399570573434561
18.460000             -0.18535781901624415191
18.465000             -0.18667444835979851714
18.470000             -0.18796229700728039891
18.475000             -0.18921995102459618354
18.480000             -0.19044607393785403793
18.485000             -0.19163929141691268820
18.490000             -0.19279766030505601782
18.495000             -0.19391893832214360249
18.500000             -0.19500051362475334660
18.505000             -0.19603947874015750785
18.510000             -0.19703261390308723922
18.515000             -0.19797646751971159640
18.520000             -0.19886742562431780623
18.525000             -0.19970178696320078915
18.530000             -0.20047593187672863024
18.535000             -0.20118636092844738306
18.540000             -0.20182989479902571639
18.545000             -0.20240368369937480897
18.550000             -0.20290537251206908209
18.555000             -0.20333309260553358855
18.560000             -0.20368547743531431604
18.565000             -0.20396169656018528493
18.570000             -0.20416135493534712242
18.575000             -0.20428454531633982727
18.580000             -0.20433181342288370130
18.585000             -0.20430409993249892819
18.590000             -0.20420255358276104274
18.595000             -0.20402852415628794369
18.600000             -0.20378334372335255020
18.605000             -0.20346834649590228583
18.610000             -0.20308482188194518225
18.615000             -0.20263394829351663584
18.620000             -0.20211688417051854039
18.625000             -0.20153464518709127140
18.630000             -0.20088859524802288314
18.635000             -0.20018008670977521790
18.640000             -0.19941081627291734613
18.645000             -0.19858257944252563632
18.650000             -0.19769718507339673064
18.655000             -0.19675658470351387042
18.660000             -0.19576293469878258691
18.665000             -0.19471868767841413184
18.670000             -0.19362672193864544079
18.675000             -0.19249034282896715364
18.680000             -0.19131301114159515731
18.685000             -0.19009855268694411667
18.690000             -0.18885084735020130076
18.695000             -0.18757403260920912924
18.700000             -0.18627232833138815393
18.705000             -0.18495008753271319213
18.710000             -0.18361168117928433619
18.715000             -0.18226144839184979518
18.720000             -0.18090332251658150509
18.725000             -0.17954096212192408033
18.730000             -0.17817775425537529799
18.735000             -0.17681674892825591239
18.740000             -0.17546064296884128497
18.745000             -0.17411176650212004113
18.750000             -0.17277179000070280734
18.755000             -0.17144199178980706888
18.760000             -0.17012324988377444668
18.765000             -0.16881621109165029226
18.770000             -0.16752173249175511538
18.775000             -0.16624073081492080073
18.780000             -0.16497435241275945628
18.785000             -0.16372394339760257265
18.790000             -0.16249108552527025129
18.795000             -0.16127763306872108795
18.800000             -0.16008568240944587302
18.805000             -0.15891760689107378712
18.810000             -0.15777626535549357789
18.815000             -0.15666478993894228378
18.820000             -0.15558664411730857569
18.825000             -0.15454541760018436491
18.830000             -0.15354489066655380158
18.835000             -0.15258879423209931181
18.840000             -0.15168095912175130757
18.845000             -0.15082501917968493821
18.850000             -0.15002428335243483959
18.855000             -0.14928167499525835105
18.860000             -0.14859971631679244619
18.865000             -0.14798049211740285647
18.870000             -0.14742567838972356342
18.875000             -0.14693655056825208338
18.880000             -0.14651394481475968345
18.885000             -0.14615837559348360264
18.890000             -0.14587014920808791252
18.895000             -0.14564941547297455271
18.900000             -0.14549641889521505722
18.905000             -0.14541143116010940561
18.910000             -0.14539467042312326228
18.915000             -0.14544641667913715821
18.920000             -0.14556656797746420073
18.925000             -0.14575500109205746790
18.930000             -0.14601135311763269176
18.935000             -0.14633521104786756384
18.940000             -0.14672604750987935929
18.945000             -0.14718322593875418636
18.950000             -0.14770562789202645870
18.955000             -0.14829182850934494176
18.960000             -0.14893989418798259106
18.965000             -0.14964747766354677405
18.970000             -0.15041216377062202603
18.975000             -0.15123119495760062314
18.980000             -0.15210182725138218784
18.985000             -0.15302103469842839867
18.990000             -0.15398568165798004470
18.995000             -0.15499240813836179242
19.000000             -0.15603770773875627609
19.005000             -0.15711795852833240761
19.010000             -0.15822977283219069600
19.015000             -0.15936986926744886595
19.020000             -0.16053528723964785585
19.025000             -0.16172330596838060957
19.030000             -0.16293157819738657288
19.035000             -0.16415806139193095392
19.040000             -0.16540108367049544125
19.045000             -0.16665926524155785793
19.050000             -0.16793159651912767383
19.055000             -0.16921728994145357472
19.060000             -0.17051570770217075457
19.065000             -0.17182627251636886645
19.070000             -0.17314802493705766517
19.075000             -0.17447980994180770087
19.080000             -0.17581998129504342043
19.085000             -0.17716656055682533655
19.090000             -0.17851706426915964210
19.095000             -0.17986862658560079375
19.100000             -0.18121777709086892005
19.105000             -0.18256065714118674403
19.110000             -0.18389312869097629299
19.115000             -0.18521082688684270545
19.120000             -0.18650938028052552187
19.125000             -0.18778439654363138223
19.130000             -0.18903153338212755341
19.135000             -0.19024658988407949778
19.140000             -0.19142543622428798145
19.145000             -0.19256420677430352573
19.150000             -0.19365921061034938044
19.155000             -0.19470711063143689157
19.160000             -0.19570501012527732887
19.165000             -0.19665043483666044821
19.170000             -0.19754140774459907903
19.175000             -0.19837633697800846622
19.180000             -0.19915404330800068333
19.185000             -0.19987361535688716319
19.190000             -0.20053444429461314558
19.195000             -0.20113605205127010889
19.200000             -0.20167807273923341049
19.205000             -0.20216013353302275668
19.210000             -0.20258176750088924267
19.215000             -0.20294239961637158820
19.220000             -0.20324126395036104520
19.225000             -0.20347746611162909058
19.230000             -0.20364999673673525593
19.235000             -0.20375779498268381529
19.240000             -0.20379963107682988466
19.245000             -0.20377430546792676958
19.250000             -0.20368067134249806527
19.255000             -0.20351776687964101553
19.260000             -0.20328492455444416298
19.265000             -0.20298181166652967677
19.270000             -0.20260856250554487579
19.275000             -0.20216574024895078709
19.280000             -0.20165439526307493701
19.285000             -0.20107601017833223733
19.290000             -0.20043254781990524349
19.295000             -0.19972634687929907704
19.300000             -0.19896011112672798427
19.305000             -0.19813680114535520138
19.310000             -0.19725963631379531127
19.315000             -0.19633196114834330914
19.320000             -0.19535724596922721119
19.325000             -0.19433896171796596897
19.330000             -0.19328050480285238755
19.335000             -0.19218516328602516796
19.340000             -0.19105608992575098815
19.345000             -0.18989629739116653528
19.350000             -0.18870864462672004569
19.355000             -0.18749587634549083615
19.360000             -0.18626060894393264844
19.365000             -0.18500541258831332270
19.370000             -0.18373284863273692258
19.375000             -0.18244553505567068230
19.380000             -0.18114617593497542303
19.385000             -0.17983761877801590634
19.390000             -0.17852283863922929763
19.395000             -0.17720499485797511219
19.400000             -0.17588741482944325600
19.405000             -0.17457360775758393179
19.410000             -0.17326719726674838506
19.415000             -0.17197192231031083187
19.420000             -0.17069159384246462841
19.425000             -0.16943004406010725438
19.430000             -0.16819108507177235601
19.435000             -0.16697843630229908252
19.440000             -0.16579567614268558851
19.445000             -0.16464618131094446718
19.450000             -0.16353314104531924134
19.455000             -0.16245948335281445996
19.460000             -0.16142789609371829829
19.465000             -0.16044078730128374932
19.470000             -0.15950027753895248961
19.475000             -0.15860822772108532086
19.480000             -0.15776626452030678704
19.485000             -0.15697582613638730309
19.490000             -0.15623818956395801871
19.495000             -0.15555452951422341079
19.500000             -0.15492594137668921905
19.505000             -0.15435349465162259697
19.510000             -0.15383825712760462734
19.515000             -0.15338131834936666320
19.520000             -0.15298379566340247759
19.525000             -0.15264682823653541455
19.530000             -0.15237153757706523027
19.535000             -0.15215901359880246169
19.540000             -0.15201027698552541101
19.545000             -0.15192623809249752864
19.550000             -0.15190765343899587103
19.555000             -0.15195507785576173321
19.560000             -0.15206881351288170645
19.565000             -0.15224887919260965408
19.570000             -0.15249496812077889540
19.575000             -0.15280644327907325075
19.580000             -0.15318232694381905823
19.585000             -0.15362131531953412966
19.590000             -0.15412180578977580092
19.595000             -0.15468192339172562311
19.600000             -0.15529956026303837202
19.605000             -0.15597242018968493493
19.610000             -0.15669806914989636848
19.615000             -0.15747398280812027749
19.620000             -0.15829759451898142708
19.625000             -0.15916633469084998098
19.630000             -0.16007766214756058432
19.635000             -0.16102908826254441754
19.640000             -0.16201818542458260031
19.645000             -0.16304259140015031626
19.650000             -0.16409999786447698744
19.655000             -0.16518813351690272984
19.660000             -0.16630474103671361030
19.665000             -0.16744754274610265665
19.670000             -0.16861420829513482089
19.675000             -0.16980231791489069915
19.680000             -0.17100933313837951566
19.685000             -0.17223256886892135409
19.690000             -0.17346917891005178558
19.695000             -0.17471614458711226536
19.700000             -0.17597027554992802911
19.705000             -0.17722822311674879536
19.710000             -0.17848650134326685124
19.715000             -0.17974152112177851914
19.720000             -0.18098962924048248024
19.725000             -0.18222715420708740508
19.730000             -0.18345045185087591189
19.735000             -0.18465595401919637775
19.740000             -0.18584021265435163306
19.745000             -0.18699993886744964433
19.750000             -0.18813203365946867818
19.755000             -0.18923361027669310941
19.760000             -0.19030200481494244369
19.765000             -0.19133477868570816782
19.770000             -0.19232971070007659486
19.775000             -0.19328477952693171038
19.780000             -0.19419813913225195123
19.785000             -0.19506808922062185419
19.790000             -0.19589304263507098525
19.795000             -0.19667149338938175185
19.800000             -0.19740198674431932990
19.805000             -0.19808309439895951942
19.810000             -0.19871339610409577414
19.815000             -0.19929146980534864775
19.820000             -0.19981589097139274003
19.825000             -0.20028524073242373604
19.830000             -0.20069812299980621662
19.835000             -0.20105318934262442210
19.840000             -0.20134916977091929513
19.845000             -0.20158490805629158960
19.850000             -0.20175939858521102499
19.855000             -0.20187182269366205078
19.860000             -0.20192158150802186345
19.865000             -0.20190832410727196922
19.870000             -0.20183196804408998215
19.875000             -0.20169271187017748237
19.880000             -0.20149103792636705035
19.885000             -0.20122770606926906889
19.890000             -0.20090373793362684141
19.895000             -0.20052039361753343227
19.900000             -0.20007914142252372636
19.905000             -0.19958162356857825359
19.910000             -0.19902961905191310366
19.915000             -0.19842500707922414160
19.920000             -0.19776973219703172790
19.925000             -0.19706577440900246989
19.930000             -0.19631512474622889175
19.935000             -0.19551976895044925753
19.940000             -0.19468167860242710510
19.945000             -0.19380281133093577028
19.950000             -0.19288511819107276302
19.955000             -0.19193055877677675514
19.960000             -0.19094112106037980370
19.965000             -0.18991884571645631374
19.970000             -0.18886585125688185038
19.975000             -0.18778435941265891884
19.980000             -0.18667671701221150160
19.985000             -0.18554541404151284056
19.990000             -0.18439216281689796428
19.995000             -0.18322003649158821736
20.000000             -0.18203202379271568589
20.005000             -0.18083124609317596798
20.010000             -0.17962094500573819178
20.015000             -0.17840446386441519144
20.020000             -0.17718520749285007754
20.025000             -0.17596661293076176769
20.030000             -0.17475211424290648665
20.035000             -0.17354510336602044229
20.040000             -0.17234889820669657690
20.045000             -0.17116671234153782444
20.050000             -0.17000162963826198625
20.055000             -0.16885658663142080749
20.060000             -0.16773436156786458717
20.065000             -0.16663757082331279169
20.070000             -0.16556867278948053657
20.075000             -0.16452997806102831468
20.080000             -0.16352366480100236079
20.085000             -0.16255179791339460782
20.090000             -0.16161635016138273246
20.095000             -0.16071922338999639068
20.100000             -0.15986226808261244647
20.105000             -0.15904729953845520019
20.110000             -0.15827610926019253235
20.115000             -0.15755047051335535624
20.120000             -0.15687213741726599436
20.125000             -0.15624283740540181875
20.130000             -0.15566425737149619524
20.135000             -0.15513802425783951300
20.140000             -0.15466568123901561216
20.145000             -0.15424866096737938070
20.150000             -0.15388825755349069824
20.155000             -0.15358559904925880857
20.160000             -0.15334162217476651757
20.165000             -0.15315705088354306107
20.170000             -0.15303238010862721397
20.175000             -0.15296786569033538061
20.180000             -0.15296352107973729129
20.185000             -0.15301912096859315859
20.190000             -0.15313421154694106807
20.195000             -0.15330812666434545655
20.200000             -0.15354000879875887020
20.205000             -0.15382883344290476657
20.210000             -0.15417343532115948546
20.215000             -0.15457253476272780901
20.220000             -0.15502476258426478584
20.225000             -0.15552868197403962869
20.230000             -0.15608280610974498148
20.235000             -0.15668561056571267409
20.240000             -0.15733553994984675328
20.245000             -0.15803100862902227930
20.250000             -0.15877039582536617290
20.255000             -0.15955203576549695232
20.260000             -0.16037420391367968042
20.265000             -0.16123510059426271468
20.270000             -0.16213283349099674724
20.275000             -0.16306540058891372258
20.280000             -0.16403067509431215609
20.285000             -0.16502639373275160284
20.290000             -0.16605014959426778187
20.295000             -0.16709939038559490365
20.300000             -0.16817142258306083669
20.305000             -0.16926342158220650247
20.310000             -0.17037244753870126046
20.315000             -0.17149546621692163262
20.320000             -0.17262937383340343223
20.325000             -0.17377102462405924488
20.330000             -0.17491725969367122318
20.335000             -0.17606493563440259176
20.340000             -0.17721095143100473734
20.345000             -0.17835227230089914507
20.350000             -0.17948594933761949366
20.355000             -0.18060913412037390979
20.360000             -0.18171908779995102345
20.365000             -0.18281318454775979943
20.370000             -0.18388890963445628235
20.375000             -0.18494385276154265418
20.380000             -0.18597569757937162938
20.385000             -0.18698220856752176267
20.390000             -0.18796121661255965618
20.395000             -0.18891060468383610860
20.400000             -0.18982829497644396199
20.405000             -0.19071223876503684558
20.410000             -0.19156041000213069880
20.415000             -0.19237080341511203496
20.420000             -0.19314143752698498258
20.425000             -0.19387036267002827339
20.430000             -0.19455567370337284450
20.435000             -0.19519552680969740055
20.440000             -0.19578815945534899789
20.445000             -0.19633191237183281186
20.450000             -0.19682525226955926989
20.455000             -0.19726679393639107163
20.460000             -0.19765532040712066597
20.465000             -0.19798980001236765602
20.470000             -0.19826939931756890068
20.475000             -0.19849349123004464412
20.480000             -0.19866165786611905686
20.485000             -0.19877368810877391048
20.490000             -0.19882957012652660578
20.495000             -0.19882947944253204220
20.500000             -0.19877376341833705164
20.505000             -0.19866292323045556256
20.510000             -0.19849759455656004747
20.515000             -0.19827852824233796469
20.520000             -0.19800657218761616440
20.525000             -0.19768265557380945707
20.530000             -0.19730777636320520618
20.535000             -0.19688299274767440128
20.540000             -0.19640941892800209412
20.545000             -0.19588822528585844718
20.550000             -0.19532064269041599092
20.555000             -0.19470797038271542290
20.560000             -0.19405158662326424390
20.565000             -0.19335296108927346737
20.570000             -0.19261366788045786169
20.575000             -0.19183539794455600758
20.580000             -0.19101996976816915108
20.585000             -0.19016933729218837845
20.590000             -0.18928559419545146203
20.595000             -0.18837097393225435416
20.600000             -0.18742784519183633418
20.605000             -0.18645870275149603601
20.610000             -0.18546615399855129191
20.615000             -0.18445290167946939985
20.620000             -0.18342172367783793341
20.625000             -0.18237545081046149797
20.630000             -0.18131694375026713439
20.635000             -0.18024907022857650229
20.640000             -0.17917468363522279229
20.645000             -0.17809660402610019703
20.650000             -0.17701760237208924442
20.655000             -0.17594038865354436063
20.660000             -0.17486760413675039860
20.665000             -0.17380181788164320023
20.670000             -0.17274552724330854980
20.675000             -0.17170116186290662608
20.680000             -0.17067109041472122710
20.685000             -0.16965762920020424631
20.690000             -0.16866305156872363202
20.695000             -0.16768959710513972605
20.700000             -0.16673947955836038171
20.705000             -0.16581489258970655287
20.710000             -0.16491801258730126589
20.715000             -0.16405099801096836853
20.720000             -0.16321598498568515301
20.725000             -0.16241507913306404975
20.730000             -0.16165034390072907655
20.735000             -0.16092378590053138532
20.740000             -0.16023733798118061644
20.745000             -0.15959284092485165329
20.750000             -0.15899202475977730620
20.755000             -0.15843649071544219087
20.760000             -0.15792769481178711710
20.765000             -0.15746693397202360387
20.770000             -0.15705533538752960987
20.775000             -0.15669384965454288827
20.780000             -0.15638324796039659859
20.785000             -0.15612412333882175197
20.790000             -0.15591689575683165270
20.795000             -0.15576182055763082568
20.800000             -0.15565899958056386709
20.805000             -0.15560839412413926541
20.810000             -0.15560983882140691503
20.815000             -0.15566305546468989229
20.820000             -0.15576766585024892642
20.825000             -0.15592320281003099747
20.830000             -0.15612911875003299134
20.835000             -0.15638479121190421162
20.840000             -0.15668952520255324812
20.845000             -0.15704255227954466712
20.850000             -0.15744302662150444494
20.855000             -0.15789001853583947699
20.860000             -0.15838250604595982551
20.865000             -0.15891936534401002179
20.870000             -0.15949936098353212355
20.875000             -0.16012113671395603043
20.880000             -0.16078320782385030485
20.885000             -0.16148395576560031772
20.890000             -0.16222162568730197352
20.895000             -0.16299432730883403608
20.900000             -0.16380003936136922071
20.905000             -0.16463661757817826814
20.910000             -0.16550180599526051473
20.915000             -0.16639325110876704295
20.920000             -0.16730851825649076248
20.925000             -0.16824510945495402270
20.930000             -0.16920048184048872009
20.935000             -0.17017206583750940641
20.940000             -0.17115728221095349859
20.945000             -0.17215355724983003038
20.950000             -0.17315833546828704459
20.955000             -0.17416908938960515285
20.960000             -0.17518332618447302051
20.965000             -0.17619859115354202794
20.970000             -0.17721246826048783762
20.975000             -0.17822257812104333463
20.980000             -0.17922657402208347355
20.985000             -0.18022213667190267739
20.990000             -0.18120696845973646716
20.995000             -0.18217878802487372236
21.000000             -0.18313532590216710649
21.005000             -0.18407432192424971751
21.010000             -0.18499352492779877477
21.015000             -0.18589069514106029701
21.020000             -0.18676360943478029220
21.025000             -0.18761006941195207398
21.030000             -0.18842791210788253919
21.035000             -0.18921502288465980035
21.040000             -0.18996934994602848734
21.045000             -0.19068891978033636336
21.050000             -0.19137185276843399206
21.055000             -0.19201637817458194757
21.060000             -0.19262084777235971567
21.065000             -0.19318374744162089551
21.070000             -0.19370370620036556075
21.075000             -0.19417950229819966323
21.080000             -0.19461006618411680336
21.085000             -0.19499448035816560609
21.090000             -0.19533197631036103292
21.095000             -0.19562192892809834865
21.100000             -0.19586384890318972452
21.105000             -0.19605737378168919260
21.110000             -0.19620225836662760766
21.115000             -0.19629836520144650081
21.120000             -0.19634565582983676268
21.125000             -0.19634418344819129509
21.130000             -0.19629408744628176753
21.135000             -0.19619559017834875547
21.140000             -0.19604899613161760885
21.145000             -0.19585469347439318777
21.150000             -0.19561315778408946975
21.155000             -0.19532495758927809204
21.160000             -0.19499076122029063152
21.165000             -0.19461134435938826082
21.170000             -0.19418759762088089182
21.175000             -0.19372053347743853347
21.180000             -0.19321129188204896887
21.185000             -0.19266114401262712796
21.190000             -0.19207149368292256164
21.195000             -0.19144387611041882580
21.200000             -0.19077995389951257765
21.205000             -0.19008151027443906389
21.210000             -0.18935043976948498501
21.215000             -0.18858873674191919956
21.220000             -0.18779848220553019278
21.225000             -0.18698182958054357372
21.230000             -0.18614099001310555059
21.235000             -0.18527821793046528320
21.240000             -0.18439579746652692838
21.245000             -0.18349603031863401248
21.250000             -0.18258122548621877335
21.255000             -0.18165369120274102444
21.260000             -0.18071572921426343195
21.265000             -0.17976963139176310724
21.270000             -0.17881767850149457577
21.275000             -0.17786214080928222647
21.280000             -0.17690528007068570537
21.285000             -0.17594935236764885911
21.290000             -0.17499661119952797383
21.295000             -0.17404931022547151520
21.300000             -0.17310970508640960430
21.305000             -0.17218005380580378438
21.310000             -0.17126261537368728249
21.315000             -0.17035964625080932122
21.320000             -0.16947339467964084303
21.325000             -0.16860609284620423076
21.330000             -0.16775994709034330876
21.335000             -0.16693712650168418543
21.340000             -0.16613975035477707154
21.345000             -0.16536987492195132088
21.350000             -0.16462948025081916570
21.355000             -0.16392045750201786336
21.360000             -0.16324459741156246984
21.365000             -0.16260358037342334536
21.370000             -0.16199896853674597419
21.375000             -0.16143220018560150431
21.380000             -0.16090458652611241974
21.385000             -0.16041731085615337782
21.390000             -0.15997142994672838845
21.395000             -0.15956787733153923736
21.400000             -0.15920746809098787478
21.405000             -0.15889090463620891835
21.410000             -0.15861878295289202900
21.415000             -0.15839159875633185282
21.420000             -0.15820975303860959627
21.425000             -0.15807355655355220803
21.430000             -0.15798323288044693880
21.435000             -0.15793891982651725447
21.440000             -0.15794066906254164429
21.445000             -0.15798844402637476914
21.450000             -0.15808211626581486486
21.455000             -0.15822146051595162297
21.460000             -0.15840614890844148532
21.465000             -0.15863574478428138503
21.470000             -0.15890969662274134766
21.475000             -0.15922733260462892946
21.480000             -0.15958785629791177874
21.485000             -0.15999034389021804525
21.490000             -0.16043374330053358778
21.495000             -0.16091687538793811307
21.500000             -0.16143843734650764610
21.505000             -0.16199700824139165456
21.510000             -0.16259105651070626664
21.515000             -0.16321894914008575062
21.520000             -0.16387896211939953495
21.525000             -0.16456929172065395961
21.530000             -0.16528806609701596209
21.535000             -0.16603335669753579995
21.540000             -0.16680318902056667785
21.545000             -0.16759555228877073829
21.550000             -0.16840840771560630640
21.555000             -0.16923969514106243506
21.560000             -0.17008733793563840520
21.565000             -0.17094924619767437601
21.570000             -0.17182331839155631781
21.575000             -0.17270744168463197932
21.580000             -0.17359949133153798617
21.585000             -0.17449732951996674291
21.590000             -0.17539880412752661965
21.595000             -0.17630174784303295765
21.600000             -0.17720397807746093854
21.605000             -0.17810329803196214837
21.610000             -0.17899749920715476992
21.615000             -0.17988436553512809901
21.620000             -0.18076167920054586613
21.625000             -0.18162722809776618571
21.630000             -0.18247881475530064455
21.635000             -0.18331426645499759864
21.640000             -0.18413144618807400499
21.645000             -0.18492826402923398521
21.650000             -0.18570268847745086127
21.655000             -0.18645275730965829575
21.660000             -0.18717658752140547973
21.665000             -0.18787238398436645337
21.670000             -0.18853844653046744617
21.675000             -0.18917317527054330895
21.680000             -0.18977507406520863209
21.685000             -0.19034275217927559831
21.690000             -0.19087492426100144405
21.695000             -0.19137040888612294465
21.700000             -0.19182812598758550160
21.705000             -0.19224709354964106267
21.710000             -0.19262642397603718658
21.715000             -0.19296532054436354997
21.720000             -0.19326307433255382473
21.725000             -0.19351906195100365693
21.730000             -0.19373274433875023459
21.735000             -0.19390366678991646787
21.740000             -0.19403146027374348903
21.745000             -0.19411584400509063197
21.750000             -0.19415662911965106407
21.755000             -0.19415372321633866948
21.760000             -0.19410713545445529293
21.765000             -0.19401698184048163376
21.770000             -0.19388349031195450944
21.775000             -0.19370700522564390789
21.780000             -0.19348799088395329804
21.785000             -0.19322703378503214289
21.790000             -0.19292484335491663638
21.795000             -0.19258225100886522396
21.800000             -0.19220020748791558085
21.805000             -0.19177977851856270464
21.810000             -0.19132213894169866619
21.815000             -0.19082856554456295584
21.820000             -0.19030042890103712749
21.825000             -0.18973918457599475706
21.830000             -0.18914636407587595568
21.835000             -0.18852356592818084180
21.840000             -0.18787244724780297056
21.845000             -0.18719471609967985870
21.850000             -0.18649212489893121636
21.855000             -0.18576646500611759816
21.860000             -0.18501956258259111276
21.865000             -0.18425327567526342265
21.870000             -0.18346949240837318040
21.875000             -0.18267013007789784096
21.880000             -0.18185713487796192900
21.885000             -0.18103248194203488963
21.890000             -0.18019817535816989862
21.895000             -0.17935624781814707429
21.900000             -0.17850875958516360109
21.905000             -0.17765779651150279128
21.910000             -0.17680546690322054837
21.915000             -0.17595389710858524990
21.920000             -0.17510522579517545649
21.925000             -0.17426159697128107418
21.930000             -0.17342515189408144738
21.935000             -0.17259802008436703202
21.940000             -0.17178230972996355597
21.945000             -0.17098009780342493524
21.950000             -0.17019342024125524993
21.955000             -0.16942426253049508444
21.960000             -0.16867455102434147918
21.965000             -0.16794614526337808824
21.970000             -0.16724083151618901466
21.975000             -0.16656031767708934233
21.980000             -0.16590622957466263920
21.985000             -0.16528010865855657929
21.990000             -0.16468341094941510439
21.995000             -0.16411750706347993933
22.000000             -0.16358368306416354310
22.005000             -0.16308314185167746557
22.010000             -0.16261700478115848068
22.015000             -0.16218631320089632597
22.020000             -0.16179202962492314488
22.025000             -0.16143503829652020021
22.030000             -0.16111614495815704262
22.035000             -0.16083607571466301822
22.040000             -0.16059547495513271098
22.045000             -0.16039490237961268049
22.050000             -0.16023482925360593709
22.055000             -0.16011563408137607922
22.060000             -0.16003759794364766367
22.065000             -0.16000089978261133883
22.070000             -0.16000561193502996216
22.075000             -0.16005169621137474434
22.080000             -0.16013900079582141234
22.085000             -0.16026725820021470170
22.090000             -0.16043608444777587851
22.095000             -0.16064497959343199129
22.100000             -0.16089332961183605564
22.105000             -0.16118040960678584050
22.110000             -0.16150538822188637011
22.115000             -0.16186733306708903091
22.120000             -0.16226521692335665881
22.125000             -0.16269792445167152728
22.130000             -0.16316425911510987201
22.135000             -0.16366295002482847409
22.140000             -0.16419265844206618055
22.145000             -0.16475198370715712914
22.150000             -0.16533946842006116973
22.155000             -0.16595360276139456412
22.160000             -0.16659282791373425381
22.165000             -0.16725553861526246124
22.170000             -0.16794008494655107699
22.175000             -0.16864477351190346188
22.180000             -0.16936786822493862803
22.185000             -0.17010759094099897615
22.190000             -0.17086212219419810721
22.195000             -0.17162960229374477072
22.200000             -0.17240813301287663539
22.205000             -0.17319578006590830022
22.210000             -0.17399057651738272789
22.215000             -0.17479052720552121225
22.220000             -0.17559361419466884557
22.225000             -0.17639780320262418711
22.230000             -0.17720105088350629474
22.235000             -0.17800131278946418334
22.240000             -0.17879655178895176304
22.245000             -0.17958474668846785560
22.250000             -0.18036390079056657809
22.255000             -0.18113205012440364294
22.260000             -0.18188727110568309042
22.265000             -0.18262768741911178383
22.270000             -0.18335147596568032724
22.275000             -0.18405687177588178627
22.280000             -0.18474217185423258414
22.285000             -0.18540573798577061893
22.290000             -0.18604599859713941146
22.295000             -0.18666144981926663382
22.300000             -0.18725065594184181483
22.305000             -0.18781224947907831924
22.310000             -0.18834493107962607672
22.315000             -0.18884746951041059271
22.320000             -0.18931870192482849746
22.325000             -0.18975753459180444427
22.330000             -0.19016294421602233933
22.335000             -0.19053397992461865162
22.340000             -0.19086976593554313975
22.345000             -0.19116950486185615987
22.350000             -0.19143248154868647282
22.355000             -0.19165806728923659441
22.360000             -0.19184572422664294966
22.365000             -0.19199500972218130901
22.370000             -0.19210558045903650126
22.375000             -0.19217719605530642069
22.380000             -0.19220972197960156658
22.385000             -0.19220313159620144861
22.390000             -0.19215750721173516236
22.395000             -0.19207304004875652703
22.400000             -0.19195002912958605834
22.405000             -0.19178887911254724474
22.410000             -0.19159009717817349072
22.415000             -0.19135428911142726704
22.420000             -0.19108215476429410429
22.425000             -0.19077448310869263293
22.430000             -0.19043214710105774157
22.435000             -0.19005609857640620719
22.440000             -0.18964736337176185677
22.445000             -0.18920703684779732745
22.450000             -0.18873627993568692363
22.455000             -0.18823631578658672758
22.460000             -0.18770842704713103233
22.465000             -0.18715395372981771804
22.470000             -0.18657429159577437749
22.475000             -0.18597089092265914334
22.480000             -0.18534525549546665424
22.485000             -0.18469894163493669192
22.490000             -0.18403355706877971842
22.495000             -0.18335075945536427611
22.500000             -0.18265225438770474331
22.505000             -0.18193979273587365664
22.510000             -0.18121516722655520160
22.515000             -0.18048020820612187265
22.520000             -0.17973677858538220087
22.525000             -0.17898676801623950028
22.530000             -0.17823208639945431475
22.535000             -0.17747465686525720763
22.540000             -0.17671640840174276943
22.545000             -0.17595926832780353632
22.550000             -0.17520515481623955001
22.555000             -0.17445596966832055408
22.560000             -0.17371359152373486157
22.565000             -0.17297986966092904204
22.570000             -0.17225661850435905476
22.575000             -0.17154561290983080801
22.580000             -0.17084858425007309890
22.585000             -0.17016721727330641478
22.590000             -0.16950314766119845000
22.595000             -0.16885796017236012756
22.600000             -0.16823318722610997034
22.605000             -0.16763030776061157989
22.610000             -0.16705074619104831601
22.615000             -0.16649587129756690529
22.620000             -0.16596699488898297714
22.625000             -0.16546537011538628437
22.630000             -0.16499218933885620442
22.635000             -0.16454858151392989796
22.640000             -0.16413560907529267663
22.645000             -0.16375426437612181085
22.650000             -0.16340546576359962772
22.655000             -0.16309005341515092624
22.660000             -0.16280878508772150814
22.665000             -0.16256233195068361952
22.670000             -0.16235127467986060212
22.675000             -0.16217609998498067059
22.680000             -0.16203719772633676244
22.685000             -0.16193485874948390646
22.690000             -0.16186927353151625564
22.695000             -0.16184053169118561843
22.700000             -0.16184862237072913937
22.705000             -0.16189343545274290093
22.710000             -0.16197476353383419290
22.715000             -0.16209230454078310535
22.720000             -0.16224566484703589753
22.725000             -0.16243436272918337915
22.730000             -0.16265783199591535291
22.735000             -0.16291542562599264921
22.740000             -0.16320641926673573607
22.745000             -0.16353001446919909756
22.750000             -0.16388534156872935910
22.755000             -0.16427146215780796812
22.760000             -0.16468737113906353753
22.765000             -0.16513199838748818249
22.770000             -0.16560421008914730234
22.775000             -0.16610280985660011432
22.780000             -0.16662653974651120414
22.785000             -0.16717408132090361139
22.790000             -0.16774405689916108142
22.795000             -0.16833503114285758295
22.800000             -0.16894551310029076729
22.805000             -0.16957395881322509523
22.810000             -0.17021877455661929557
22.815000             -0.17087832074519698766
22.820000             -0.17155091650117168522
22.825000             -0.17223484483794573863
22.830000             -0.17292835837792605580
22.835000             -0.17362968549104884630
22.840000             -0.17433703671646169631
22.845000             -0.17504861131448398726
22.850000             -0.17576260379051328320
22.855000             -0.17647721023720402966
22.860000             -0.17719063435560825082
22.865000             -0.17790109303897214121
22.870000             -0.17860682143288211798
22.875000             -0.17930607742033358165
22.880000             -0.17999714551765702564
22.885000             -0.18067834020449199950
22.890000             -0.18134800874564152573
22.895000             -0.18200453359233831341
22.900000             -0.18264633447320743898
22.905000             -0.18327187029963354359
22.910000             -0.18387964101529216676
22.915000             -0.18446818951525334462
22.920000             -0.18503610374645870773
22.925000             -0.18558201907981530798
22.930000             -0.18610462101594812956
22.935000             -0.18660264825402564370
22.940000             -0.18707489611815875108
22.945000             -0.18752022030119458451
22.950000             -0.18793754085360878103
22.955000             -0.18832584631788357177
22.960000             -0.18868419788806242710
22.965000             -0.18901173346147390197
22.970000             -0.18930767144577329009
22.975000             -0.18957131418962577807
22.980000             -0.18980205091918292415
22.985000             -0.18999936008399190279
22.990000             -0.19016281104357041221
22.995000             -0.19029206505781176562
23.000000             -0.19038687557823955054
23.005000             -0.19044708787092951008
23.010000             -0.19047263803305497509
23.015000             -0.19046355149172200516
23.020000             -0.19041994109408541536
23.025000             -0.19034200491050443094
23.030000             -0.19023002387690654547
23.035000             -0.19008435939834261719
23.040000             -0.18990545102347181072
23.045000             -0.18969381428012949131
23.050000             -0.18945003873692653484
23.055000             -0.18917478632651849035
23.060000             -0.18886878993505179514
23.065000             -0.18853285223143678717
23.070000             -0.18816784468155772769
23.075000             -0.18777470666848206093
23.080000             -0.18735444462151484846
23.085000             -0.18690813104608061668
23.090000             -0.18643690334329504621
23.095000             -0.18594196231320889168
23.100000             -0.18542457024830291679
23.105000             -0.18488604854338061556
23.110000             -0.18432777477275394395
23.115000             -0.18375117921422828848
23.120000             -0.18315774082957073099
23.125000             -0.18254898274105660350
23.130000             -0.18192646727122233075
23.135000             -0.18129179063624736856
23.140000             -0.18064657740099238081
23.145000             -0.17999247481440253105
23.150000             -0.17933114714717185434
23.155000             -0.17866427014904481818
23.160000             -0.17799352573136922873
23.165000             -0.17732059696228780199
23.170000             -0.17664716343867795101
23.175000             -0.17597489707214483690
23.180000             -0.17530545829800806001
23.185000             -0.17464049268814021976
23.190000             -0.17398162792272683919
23.195000             -0.17333047105414481348
23.200000             -0.17268860597977833682
23.205000             -0.17205759103060142001
23.210000             -0.17143895657956173539
23.215000             -0.17083420257811268717
23.220000             -0.17024479594046021402
23.225000             -0.16967216771225468452
23.230000             -0.16911770998239503139
23.235000             -0.16858277252171824379
23.240000             -0.16806865915892268970
23.245000             -0.16757662393017794256
23.250000             -0.16710786706284100345
23.255000             -0.16666353087374005670
23.260000             -0.16624469567739935671
23.265000             -0.16585237580823711245
23.270000             -0.16548751586270890601
23.275000             -0.16515098726243643279
23.280000             -0.16484358522795736213
23.285000             -0.16456602623564142718
23.290000             -0.16431894600876129076
23.295000             -0.16410289806911110277
23.300000             -0.16391835284967690156
23.305000             -0.16376569734334459061
23.310000             -0.16364523523925830761
23.315000             -0.16355718747872016738
23.320000             -0.16350169314770857110
23.325000             -0.16347881061420060922
23.330000             -0.16348851881590648061
23.335000             -0.16353071860798756854
23.340000             -0.16360523409033603248
23.345000             -0.16371181384938970904
23.350000             -0.16385013206901352656
23.355000             -0.16401978948735940200
23.360000             -0.16422031420022142889
23.365000             -0.16445116233451975707
23.370000             -0.16471171863672390279
23.375000             -0.16500129703857741026
23.380000             -0.16531914127548102966
23.385000             -0.16566442564022221262
23.390000             -0.16603625595608950682
23.395000             -0.16643367084864829630
23.400000             -0.16685564338491190584
23.405000             -0.16730108313316635615
23.410000             -0.16776883867720868149
23.415000             -0.16825770059678918367
23.420000             -0.16876640490287742047
23.425000             -0.16929363689379228752
23.430000             -0.16983803537756761437
23.435000             -0.17039819718869234078
23.440000             -0.17097268191458100950
23.445000             -0.17156001673970647237
23.450000             -0.17215870131360230810
23.455000             -0.17276721255309307468
23.460000             -0.17338400929865524502
23.465000             -0.17400753675915631158
23.470000             -0.17463623069727132742
23.475000             -0.17526852132834325193
23.480000             -0.17590283692703503893
23.485000             -0.17653760715711677709
23.490000             -0.17717126615899878028
23.495000             -0.17780225544554012496
23.500000             -0.17842902666851659377
23.505000             -0.17905004432481702592
23.510000             -0.17966378847287353682
23.515000             -0.18026875752568827238
23.520000             -0.18086347117766182757
23.525000             -0.18144647350879400394
23.530000             -0.18201633629276464665
23.535000             -0.18257166251610118524
23.540000             -0.18311109009544843107
23.545000             -0.18363329576027342949
23.550000             -0.18413699905052965944
23.555000             -0.18462096636406516437
23.560000             -0.18508401497791218682
23.565000             -0.18552501696171125323
23.570000             -0.18594290290082710060
23.575000             -0.18633666535118545426
23.580000             -0.18670536195720432993
23.585000             -0.18704811817771513360
23.590000             -0.18736412958161055564
23.595000             -0.18765266369382399558
23.600000             -0.18791306139206653825
23.605000             -0.18814473787395008531
23.610000             -0.18834718323167440324
23.615000             -0.18851996268599369166
23.620000             -0.18866271654191760221
23.625000             -0.18877515993480578627
23.630000             -0.18885708243682317042
23.635000             -0.18890834759019681233
23.640000             -0.18892889242556940022
23.645000             -0.18891872701167544690
23.650000             -0.18887793406749334157
23.655000             -0.18880666865087369910
23.660000             -0.18870515791991360199
23.665000             -0.18857370094593850496
23.670000             -0.18841266854141353049
23.675000             -0.18822250305325000097
23.680000             -0.18800371806283597276
23.685000             -0.18775689792926239519
23.690000             -0.18748269711195814091
23.695000             -0.18718183921330058817
23.700000             -0.18685511569045218372
23.705000             -0.18650338419798259681
23.710000             -0.18612756653810272334
23.715000             -0.18572864621227372361
23.720000             -0.18530766558569586322
23.725000             -0.18486572269326057016
23.730000             -0.18440396773104664185
23.735000             -0.18392359929022220055
23.740000             -0.18342586039943470366
23.745000             -0.18291203444699291603
23.750000             -0.18238344105485460034
23.755000             -0.18184143197285271287
23.760000             -0.18128738705386795993
23.765000             -0.18072271035942449879
23.770000             -0.18014882643128435347
23.775000             -0.17956717674894187575
23.780000             -0.17897921637667515982
23.785000             -0.17838641078801487083
23.790000             -0.17779023284129830129
23.795000             -0.17719215986828670828
23.800000             -0.17659367082948126959
23.805000             -0.17599624348520567785
23.810000             -0.17540135153117517031
23.815000             -0.17481046165092764544
23.820000             -0.17422503044504633607
23.825000             -0.17364650120786603860
23.830000             -0.17307630053563799466
23.835000             -0.17251583476495518932
23.840000             -0.17196648625558538792
23.845000             -0.17142960954667882389
23.850000             -0.17090652742856621282
23.855000             -0.17039852698315272050
23.860000             -0.16990685565354299302
23.865000             -0.16943271740741203124
23.870000             -0.16897726905865834146
23.875000             -0.16854161680787979605
23.880000             -0.16812681305466736781
23.885000             -0.16773385352399747261
23.890000             -0.16736367473594546129
23.895000             -0.16701715183341248050
23.900000             -0.16669509676749089122
23.905000             -0.16639825682558612163
23.910000             -0.16612731347431167195
23.915000             -0.16588288147845312026
23.920000             -0.16566550824952824827
23.925000             -0.16547567337320792658
23.930000             -0.16531378826431114559
23.935000             -0.16518019590119231710
23.940000             -0.16507517059788678893
23.945000             -0.16499891778182013136
23.950000             -0.16495157375650437714
23.955000             -0.16493320544168499353
23.960000             -0.16494381009680164629
23.965000             -0.16498331504656971180
23.970000             -0.16505157743898074552
23.975000             -0.16514838407529028319
23.980000             -0.16527345135798482412
23.985000             -0.16542642540582452870
23.990000             -0.16560688238465254285
23.995000             -0.16581432909878768278
24.000000             -0.16604820388071209192
24.005000             -0.16630787780693839784
24.010000             -0.16659265625607741490
24.015000             -0.16690178081196632709
24.020000             -0.16723443150122441203
24.025000             -0.16758972934160962232
24.030000             -0.16796673916595589171
24.035000             -0.16836447267699211627
24.040000             -0.16878189168165028122
24.045000             -0.16921791144987388678
24.050000             -0.16967140414274431426
24.055000             -0.17014120225783110896
24.060000             -0.17062610204582340234
24.065000             -0.17112486686125433222
24.070000             -0.17163623042081743719
24.075000             -0.17215889995469887963
24.080000             -0.17269155924856538498
24.085000             -0.17323287158567982069
24.090000             -0.17378148260902023803
24.095000             -0.17433602313181453813
24.100000             -0.17489511193074078199
24.105000             -0.17545735855902797051
24.110000             -0.17602136621645855796
24.115000             -0.17658573471002386723
24.120000             -0.17714906353280857054
24.125000             -0.17770995508020037690
24.130000             -0.17826701801214170362
24.135000             -0.17881887075880062432
24.140000             -0.17936414515531998171
24.145000             -0.17990149018018622429
24.150000             -0.18042957576187770852
24.155000             -0.18094709661056748717
24.160000             -0.18145277602621009971
24.165000             -0.18194536963180540923
24.170000             -0.18242366898102158057
24.175000             -0.18288650499280983963
24.180000             -0.18333275117169137158
24.185000             -0.18376132658089081029
24.190000             -0.18417119854551894376
24.195000             -0.18456138507426214646
24.200000             -0.18493095699938030818
24.205000             -0.18527903984583035668
24.210000             -0.18560481545003681969
24.215000             -0.18590752335676566376
24.220000             -0.18618646202811278689
24.225000             -0.18644098990155325013
24.230000             -0.18667052633403949380
24.235000             -0.18687455246651527019
24.240000             -0.18705261203790596314
24.245000             -0.18720431217037039606
24.250000             -0.18732932413857814047
24.255000             -0.18742738412595366659
24.260000             -0.18749829396068268261
24.265000             -0.18754192181469483969
24.270000             -0.18755820284036514578
24.275000             -0.18754713971303071940
24.280000             -0.18750880304295269863
24.285000             -0.18744333161844492497
24.290000             -0.18735093244269462875
24.295000             -0.18723188053014611087
24.300000             -0.18708651843415513572
24.305000             -0.18691525548540779966
24.310000             -0.18671856672986902881
24.315000             -0.18649699156519888854
24.320000             -0.18625113208489424421
24.325000             -0.18598165114926240582
24.330000             -0.18568927021105072206
24.335000             -0.18537476693056342825
24.340000             -0.18503897261998447643
24.345000             -0.18468276955909310177
24.350000             -0.18430708822443761519
24.355000             -0.18391290447149194476
24.360000             -0.18350123670439552614
24.365000             -0.18307314306114821911
24.370000             -0.18262971863389976246
24.375000             -0.18217209273500264977
24.380000             -0.18170142621024773510
24.385000             -0.18121890879201166258
24.390000             -0.18072575647730695914
24.395000             -0.18022320890968257512
24.400000             -0.17971252673976756409
24.405000             -0.17919498893747895507
24.410000             -0.17867189002940753184
24.415000             -0.17814453723781320527
24.420000             -0.17761424750263016259
24.425000             -0.17708234437463932220
24.430000             -0.17655015477599786400
24.435000             -0.17601900563308081615
24.440000             -0.17549022039547246266
24.445000             -0.17496511546333592957
24.450000             -0.17444499655275530481
24.455000             -0.17393115503439393610
24.460000             -0.17342486428471931559
24.465000             -0.17292737609064467996
24.470000             -0.17243991714787734737
24.475000             -0.17196368569033482210
24.480000             -0.17149984828314709939
24.485000             -0.17104953680514528580
24.490000             -0.17061384563891873745
24.495000             -0.17019382907800498228
24.500000             -0.16979049895207606879
24.505000             -0.16940482246279242595
24.510000             -0.16903772021571533690
24.515000             -0.16869006442788586630
24.520000             -0.16836267728668147248
24.525000             -0.16805632943361176190
24.530000             -0.16777173854690549670
24.535000             -0.16750956799903085614
24.540000             -0.16727042556942600671
24.545000             -0.16705486219847945351
24.550000             -0.16686337077562213294
24.555000             -0.16669638496192304422
24.560000             -0.16655427805513761674
24.565000             -0.16643736191230137922
24.570000             -0.16634588595114793708
24.575000             -0.16628003625637349794
24.580000             -0.16623993481985765985
24.585000             -0.16622563894498787462
24.590000             -0.16623714084433552363
24.595000             -0.16627436745696017040
24.600000             -0.16633718050694690227
24.605000             -0.16642537681855248954
24.610000             -0.16653868889612283288
24.615000             -0.16667678576905370358
24.620000             -0.16683927409421167587
24.625000             -0.16702569950068790749
24.630000             -0.16723554815528565709
24.635000             -0.16746824852185684951
24.640000             -0.16772317328410921156
24.645000             -0.16799964139976317212
24.650000             -0.16829692025421263968
24.655000             -0.16861422788394103689
24.660000             -0.16895073524379203289
24.665000             -0.16930556849737840586
24.670000             -0.16967781131619960600
24.675000             -0.17006650717977803144
24.680000             -0.17047066167605282039
24.685000             -0.17088924480768447056
24.690000             -0.17132119331555870079
24.695000             -0.17176541303510342584
24.700000             -0.17222078130384724237
24.705000             -0.17268614943970275744
24.710000             -0.17316034530872118080
24.715000             -0.17364217599856929253
24.720000             -0.17413043060992997035
24.725000             -0.17462388317266597237
24.730000             -0.17512129568734549623
24.735000             -0.17562142128595584212
24.740000             -0.17612300749888340490
24.745000             -0.17662479960887667030
24.750000             -0.17712554406725761202
24.755000             -0.17762399194337216701
24.760000             -0.17811890237555516592
24.765000             -0.17860904599080665300
24.770000             -0.17909320826107488767
24.775000             -0.17957019276641256189
24.780000             -0.18003882433914944472
24.785000             -0.18049795206838184503
24.790000             -0.18094645215006921468
24.795000             -0.18138323057457644838
24.800000             -0.18180722565001289359
24.805000             -0.18221741036592450924
24.810000             -0.18261279460723417456
24.815000             -0.18299242723259004362
24.820000             -0.18335539803409875437
24.825000             -0.18370083959671043572
24.830000             -0.18402792907515874710
24.835000             -0.18433588990447405398
24.840000             -0.18462399345675703510
24.845000             -0.18489156065247044913
24.850000             -0.18513796352924119515
24.855000             -0.18536262676549436490
24.860000             -0.18556502915055639313
24.865000             -0.18574470498758496873
24.870000             -0.18590124541117739043
24.875000             -0.18603429959813375105
24.880000             -0.18614357584776339283
24.885000             -0.18622884250764118463
24.890000             -0.18628992872163874228
24.895000             -0.18632672497963653768
24.900000             -0.18633918345206559875
24.905000             -0.18632731809738703466
24.910000             -0.18629120453626243914
24.915000             -0.18623097969222776604
24.920000             -0.18614684120477104079
24.925000             -0.18603904662635656342
24.930000             -0.18590791241991577731
24.935000             -0.18575381277715624639
24.940000             -0.18557717828068209798
24.945000             -0.18537849443406276273
24.950000             -0.18515830008369896231
24.955000             -0.18491718575463483853
24.960000             -0.18465579191947459337
24.965000             -0.18437480721558396901
24.970000             -0.18407496662101413554
24.975000             -0.18375704959450844811
24.980000             -0.18342187817982283371
24.985000             -0.18307031506986892744
24.990000             -0.18270326162212452425
