# time u2_x
0.005000              0.00000000000000000000
0.010000              0.00000065990207939834
0.015000              0.00000175667681705921
0.020000              0.00000331057374823874
0.025000              0.00000532464563791507
0.030000              0.00000780615275847964
0.035000              0.00001076238220366606
0.040000              0.00001419852727871751
0.045000              0.00001811729567845795
0.050000              0.00002251482737233225
0.055000              0.00002738184133449002
0.060000              0.00003270094999790081
0.065000              0.00003844831736187846
0.070000              0.00004459891641594822
0.075000              0.00005112347298527548
0.080000              0.00005799444050276716
0.085000              0.00006518301748225874
0.090000              0.00007265598204272367
0.095000              0.00008037876373236252
0.100000              0.00008831669652343015
0.105000              0.00009643653411333136
0.110000              0.00010470948788148253
0.115000              0.00011310939512103250
0.120000              0.00012161209459948996
0.125000              0.00013019407767838679
0.130000              0.00013883256012654050
0.135000              0.00014750256261075127
0.140000              0.00015616399491301814
0.145000              0.00016477640267552692
0.150000              0.00017328224758678812
0.155000              0.00018161973296259079
0.160000              0.00018975375188746472
0.165000              0.00019765185748844735
0.170000              0.00020529455538481826
0.175000              0.00021266610638209595
0.180000              0.00021976964146705127
0.185000              0.00022661496981338296
0.190000              0.00023320716844050339
0.195000              0.00023955247302716686
0.200000              0.00024563087788370648
0.205000              0.00025141602863703363
0.210000              0.00025687026669368870
0.215000              0.00026195177636348913
0.220000              0.00026657336974525713
0.225000              0.00027062881297547451
0.230000              0.00027398500364166718
0.235000              0.00027650195682422224
0.240000              0.00027802278141913719
0.245000              0.00027838462504501050
0.250000              0.00027748530133013115
0.255000              0.00027524742325361255
0.260000              0.00027174496622141747
0.265000              0.00026711849714827762
0.270000              0.00026144363660976749
0.275000              0.00025479334995112636
0.280000              0.00024714865256841655
0.285000              0.00023846075185810593
0.290000              0.00022871404755649488
0.295000              0.00021789980633047409
0.300000              0.00020607124507055871
0.305000              0.00019330815776624340
0.310000              0.00017969304951144597
0.315000              0.00016531773706594572
0.320000              0.00015021467278188936
0.325000              0.00013440064964602053
0.330000              0.00011788289994099993
0.335000              0.00010065800729085426
0.340000              0.00008277497927718752
0.345000              0.00006429828548425292
0.350000              0.00004536335061184709
0.355000              0.00002613675420827380
0.360000              0.00000681523987103895
0.365000             -0.00001238232312593761
0.370000             -0.00003141270053532931
0.375000             -0.00005029223180658052
0.380000             -0.00006909330951023955
0.385000             -0.00008792399671574219
0.390000             -0.00010678646325199475
0.395000             -0.00012565216290381459
0.400000             -0.00014437859243579120
0.405000             -0.00016277267066919622
0.410000             -0.00018066132752150965
0.415000             -0.00019786611856858550
0.420000             -0.00021428112451733644
0.425000             -0.00022983150149589581
0.430000             -0.00024447134328476884
0.435000             -0.00025817257135065823
0.440000             -0.00027089404927274489
0.445000             -0.00028259594531580373
0.450000             -0.00029324334339306886
0.455000             -0.00030280198809672429
0.460000             -0.00031128877751779760
0.465000             -0.00031873152702081462
0.470000             -0.00032545315893179542
0.475000             -0.00033189258309571551
0.480000             -0.00033858592720838404
0.485000             -0.00034613724338012714
0.490000             -0.00035506939444851591
0.495000             -0.00036588984656843649
0.500000             -0.00037904550670795619
0.505000             -0.00039496214529585104
0.510000             -0.00041407404610897076
0.515000             -0.00043682364669521331
0.520000             -0.00046342878990371524
0.525000             -0.00049401207139297795
0.530000             -0.00052841805360586075
0.535000             -0.00056635006696118169
0.540000             -0.00060761750132844780
0.545000             -0.00065204515073589205
0.550000             -0.00069909633101718953
0.555000             -0.00074808089272176428
0.560000             -0.00079833363666921521
0.565000             -0.00084915755397973352
0.570000             -0.00090003942261626647
0.575000             -0.00095051900328862137
0.580000             -0.00100021875012212694
0.585000             -0.00104879903392413238
0.590000             -0.00109581601324277309
0.595000             -0.00114081262709972778
0.600000             -0.00118319900825306426
0.605000             -0.00122234990917261801
0.610000             -0.00125773088052267027
0.615000             -0.00128887749853600297
0.620000             -0.00131542940744477357
0.625000             -0.00133710488819024313
0.630000             -0.00135383467413318086
0.635000             -0.00136565932412720595
0.640000             -0.00137265864282824150
0.645000             -0.00137497744693130370
0.650000             -0.00137266256884211921
0.655000             -0.00136574125185598460
0.660000             -0.00135440551115440216
0.665000             -0.00133889468096201158
0.670000             -0.00131997267395380486
0.675000             -0.00129860779641306377
0.680000             -0.00127583152164959402
0.685000             -0.00125274750032066426
0.690000             -0.00122987200254986821
0.695000             -0.00120751799920965270
0.700000             -0.00118561891315083321
0.705000             -0.00116386406670037582
0.710000             -0.00114189751717140207
0.715000             -0.00111920416462755763
0.720000             -0.00109516347863656627
0.725000             -0.00106908667085875431
0.730000             -0.00104011730873590697
0.735000             -0.00100729651014251371
0.740000             -0.00096982531037325662
0.745000             -0.00092692771608694714
0.750000             -0.00087791535807845995
0.755000             -0.00082213663007979141
0.760000             -0.00075931869363728925
0.765000             -0.00068933655169733823
0.770000             -0.00061272517008736764
0.775000             -0.00053034673557180866
0.780000             -0.00044346000149132433
0.785000             -0.00035361062199484644
0.790000             -0.00026179709507424554
0.795000             -0.00016894405541300223
0.800000             -0.00007572380551954499
0.805000              0.00001727219213691192
0.810000              0.00010918112000702576
0.815000              0.00019907759735618701
0.820000              0.00028588825719785198
0.825000              0.00036849735745614126
0.830000              0.00044585290933792018
0.835000              0.00051696928310790695
0.840000              0.00058120655529206430
0.845000              0.00063811926284315559
0.850000              0.00068748565095839466
0.855000              0.00072924964032190743
0.860000              0.00076345480131681206
0.865000              0.00079025530949893539
0.870000              0.00081018688219503595
0.875000              0.00082393970807935013
0.880000              0.00083238970089968280
0.885000              0.00083653011035933976
0.890000              0.00083782973294183971
0.895000              0.00083796029558728198
0.900000              0.00083876983117765888
0.905000              0.00084223252408673717
0.910000              0.00084984662104914941
0.915000              0.00086293684202900373
0.920000              0.00088211996303145320
0.925000              0.00090766384342042818
0.930000              0.00093969997455676840
0.935000              0.00097818541983267200
0.940000              0.00102325255585452766
0.945000              0.00107504038500635642
0.950000              0.00113367309261951338
0.955000              0.00119927445701042273
0.960000              0.00127131958982467058
0.965000              0.00134909424813676733
0.970000              0.00143169254728343258
0.975000              0.00151807103930140627
0.980000              0.00160747817786850472
0.985000              0.00169926326452055380
0.990000              0.00179281455976035850
0.995000              0.00188758904104599457
1.000000              0.00198259525832142521
1.005000              0.00207669466621976297
1.010000              0.00216829798804312650
1.015000              0.00225560331842168975
1.020000              0.00233678261149901974
1.025000              0.00240993217606395469
1.030000              0.00247374087321392336
1.035000              0.00252698294803296777
1.040000              0.00256846069775101479
1.045000              0.00259720185357227486
1.050000              0.00261164821760252741
1.055000              0.00261011058999594068
1.060000              0.00259115915341529696
1.065000              0.00255342971256346599
1.070000              0.00249678429927048312
1.075000              0.00242157140051872536
1.080000              0.00232894447489330339
1.085000              0.00222050688692041745
1.090000              0.00209827285973993981
1.095000              0.00196461141403645985
1.100000              0.00182218316671366913
1.105000              0.00167390838856419102
1.110000              0.00152229020289871534
1.115000              0.00136979114852480224
1.120000              0.00121787202864676058
1.125000              0.00106757440317864906
1.130000              0.00091924658334942039
1.135000              0.00077277166915047245
1.140000              0.00062776177600140572
1.145000              0.00048348439232685461
1.150000              0.00033898453343822195
1.155000              0.00019304049099587225
1.160000              0.00004409512996152096
1.165000             -0.00010968808110012592
1.170000             -0.00026981034443384803
1.175000             -0.00043774910341928884
1.180000             -0.00061421102671437684
1.185000             -0.00079956344284203441
1.190000             -0.00099380606375410472
1.195000             -0.00119659532957256624
1.200000             -0.00140755777751084069
1.205000             -0.00162606948878651859
1.210000             -0.00185145022708978462
1.215000             -0.00208279429130492832
1.220000             -0.00231886510435032073
1.225000             -0.00255816401430596606
1.230000             -0.00279856920928897362
1.235000             -0.00303764483531805424
1.240000             -0.00327256147221385981
1.245000             -0.00350032417024017609
1.250000             -0.00371772279316596012
1.255000             -0.00392155438186756085
1.260000             -0.00410880354974783868
1.265000             -0.00427666634495834849
1.270000             -0.00442299707648778802
1.275000             -0.00454611179174276535
1.280000             -0.00464500254886623595
1.285000             -0.00471918795638846377
1.290000             -0.00476910202567523180
1.295000             -0.00479572821366185901
1.300000             -0.00480096175463449668
1.305000             -0.00478716405146957687
1.310000             -0.00475640158789757909
1.315000             -0.00471073495151930807
1.320000             -0.00465202808413933862
1.325000             -0.00458200403518684452
1.330000             -0.00450276332381722814
1.335000             -0.00441647826578892184
1.340000             -0.00432516130829138905
1.345000             -0.00423070027174468708
1.350000             -0.00413432387135894992
1.355000             -0.00403677472058286586
1.360000             -0.00393799606376958339
1.365000             -0.00383748267699790318
1.370000             -0.00373403271893511714
1.375000             -0.00362622927926162372
1.380000             -0.00351266084315773495
1.385000             -0.00339196143034938870
1.390000             -0.00326317029135668457
1.395000             -0.00312555639598622410
1.400000             -0.00297861421437286156
1.405000             -0.00282210587098891217
1.410000             -0.00265624308075268403
1.415000             -0.00248154868791646173
1.420000             -0.00229930947650491520
1.425000             -0.00211132610786870590
1.430000             -0.00191974142927182467
1.435000             -0.00172696501356072308
1.440000             -0.00153504378244566668
1.445000             -0.00134599422512198994
1.450000             -0.00116123478179670434
1.455000             -0.00098189534119627847
1.460000             -0.00080892510919842715
1.465000             -0.00064302059854688405
1.470000             -0.00048437158886271970
1.475000             -0.00033283419251513112
1.480000             -0.00018773405490908967
1.485000             -0.00004804969557427429
1.490000              0.00008738609476433138
1.495000              0.00021992454418276664
1.500000              0.00035075781464454365
1.505000              0.00048105390582921145
1.510000              0.00061156982426003844
1.515000              0.00074284033527444529
1.520000              0.00087521547935607484
1.525000              0.00100881765230133704
1.530000              0.00114346512704172976
1.535000              0.00127869810434638178
1.540000              0.00141389560375392237
1.545000              0.00154821554840265589
1.550000              0.00168095712326970831
1.555000              0.00181139578885650219
1.560000              0.00193877740739990009
1.565000              0.00206235491645838463
1.570000              0.00218085086178748189
1.575000              0.00229288030402434017
1.580000              0.00239652031394116047
1.585000              0.00248964072334471355
1.590000              0.00257123924145181981
1.595000              0.00264079237859519110
1.600000              0.00269933595718859203
1.605000              0.00274874164263276760
1.610000              0.00279093072202639316
1.615000              0.00282807226599691899
1.620000              0.00286160139105228481
1.625000              0.00289277593957102883
1.630000              0.00292284608404791641
1.635000              0.00295297017548504714
1.640000              0.00298473084748136037
1.645000              0.00301976603967685263
1.650000              0.00305970068508559876
1.655000              0.00310601498196276223
1.660000              0.00315950913712529811
1.665000              0.00322057862243221252
1.670000              0.00328784687969907452
1.675000              0.00335914225276688107
1.680000              0.00343089440943499316
1.685000              0.00349874693918167346
1.690000              0.00355843534470904211
1.695000              0.00360561664813302150
1.700000              0.00363628718448386372
1.705000              0.00364667180257775706
1.710000              0.00363314470025455664
1.715000              0.00359238047301833245
1.720000              0.00352174299419773630
1.725000              0.00341912999871351892
1.730000              0.00328380099620316241
1.735000              0.00311575270974365388
1.740000              0.00291595530555441990
1.745000              0.00268610249924207010
1.750000              0.00242833552594723737
1.755000              0.00214525604894028185
1.760000              0.00183951826289809918
1.765000              0.00151398460186671631
1.770000              0.00117150063492365533
1.775000              0.00081490168011696387
1.780000              0.00044650185984287688
1.785000              0.00006835018010838537
1.790000             -0.00031843245203722515
1.795000             -0.00071327729925435091
1.800000             -0.00111611128986918435
1.805000             -0.00152731840089557081
1.810000             -0.00194687089487930766
1.815000             -0.00237479551409295383
1.820000             -0.00281027736808849363
1.825000             -0.00325221232896539527
1.830000             -0.00369854257915157086
1.835000             -0.00414670547550169757
1.840000             -0.00459380309928727765
1.845000             -0.00503651192526285551
1.850000             -0.00547183212454984379
1.855000             -0.00589659005462743468
1.860000             -0.00630844257769179028
1.865000             -0.00670528808269589896
1.870000             -0.00708473058851575091
1.875000             -0.00744430691149347047
1.880000             -0.00778034323180167974
1.885000             -0.00808873180992551385
1.890000             -0.00836508541865341182
1.895000             -0.00860494623841495491
1.900000             -0.00880427767223585477
1.905000             -0.00895968675095666633
1.910000             -0.00906766939770372107
1.915000             -0.00912522953394928442
1.920000             -0.00912977364068008092
1.925000             -0.00907887704993951342
1.930000             -0.00897114152315495531
1.935000             -0.00880596066910309741
1.940000             -0.00858447613007237535
1.945000             -0.00830883462947502177
1.950000             -0.00798297738693027996
1.955000             -0.00761203543168532774
1.960000             -0.00720248278622918903
1.965000             -0.00676185221227099988
1.970000             -0.00629723582555940641
1.975000             -0.00581622146335338246
1.980000             -0.00532463842299660175
1.985000             -0.00482776966726543126
1.990000             -0.00432917354393895504
1.995000             -0.00383145007192794637
2.000000             -0.00333594930646509413
2.005000             -0.00284327738886431180
2.010000             -0.00235324092906637975
2.015000             -0.00186523276553441416
2.020000             -0.00137862430252134972
2.025000             -0.00089262759826259116
2.030000             -0.00040659709032421585
2.035000              0.00008006095713062653
2.040000              0.00056738969681305513
2.045000              0.00105517138081774706
2.050000              0.00154252415225186084
2.055000              0.00202814216839460309
2.060000              0.00251048431013943529
2.065000              0.00298769545342342235
2.070000              0.00345772127306525094
2.075000              0.00391821131669801981
2.080000              0.00436722268847718545
2.085000              0.00480276419247313829
2.090000              0.00522320017303369143
2.095000              0.00562710411201101240
2.100000              0.00601316090519933219
2.105000              0.00638023344056330363
2.110000              0.00672787415327851142
2.115000              0.00705600849470711632
2.120000              0.00736541597187942258
2.125000              0.00765743780205372596
2.130000              0.00793406187174513881
2.135000              0.00819782210741600188
2.140000              0.00845152011743077573
2.145000              0.00869834076382233062
2.150000              0.00894149498814310675
2.155000              0.00918441516126511197
2.160000              0.00943061658370953661
2.165000              0.00968363525153956642
2.170000              0.00994678473540402085
2.175000              0.01022320806164685875
2.180000              0.01051542937315265609
2.185000              0.01082546778320744515
2.190000              0.01115433707323062497
2.195000              0.01150244185140874946
2.200000              0.01186854133497982147
2.205000              0.01225057324654946385
2.210000              0.01264496951501785545
2.215000              0.01304755145145661960
2.220000              0.01345319809265830766
2.225000              0.01385696394961095750
2.230000              0.01425359277554799284
2.235000              0.01463790163648662733
2.240000              0.01500497790031691571
2.245000              0.01534984069569533989
2.250000              0.01566719258243442353
2.255000              0.01595207788764045273
2.260000              0.01619981194901414998
2.265000              0.01640601374169149695
2.270000              0.01656799430348860833
2.275000              0.01668373105281851371
2.280000              0.01675233863839476617
2.285000              0.01677418026703907800
2.290000              0.01675055429455554051
2.295000              0.01668371695714054165
2.300000              0.01657626628872270816
2.305000              0.01643100664634828539
2.310000              0.01625073316589794800
2.315000              0.01603804827508785100
2.320000              0.01579455668478188524
2.325000              0.01552116891423781925
2.330000              0.01521765138048262675
2.335000              0.01488262270500489808
2.340000              0.01451370753879492083
2.345000              0.01410801110805875828
2.350000              0.01366123729060660617
2.355000              0.01316854654573105729
2.360000              0.01262508495827427586
2.365000              0.01202558115079547379
2.370000              0.01136681938375164354
2.375000              0.01064580464639942707
2.380000              0.00986157546627433428
2.385000              0.00901407173317830650
2.390000              0.00810507849561436372
2.395000              0.00713746028848857850
2.400000              0.00611520410314104167
2.405000              0.00504320712158849889
2.410000              0.00392677791567954890
2.415000              0.00277173500347148265
2.420000              0.00158435227311260569
2.425000              0.00037111004542123374
2.430000             -0.00086121270637312935
2.435000             -0.00210560318214306902
2.440000             -0.00335581103228915593
2.445000             -0.00460587839427423641
2.450000             -0.00585162914744962771
2.455000             -0.00708989778340913049
2.460000             -0.00831723454056432221
2.465000             -0.00953065552175626045
2.470000             -0.01072541956239675930
2.475000             -0.01189613470545471292
2.480000             -0.01303752260465879630
2.485000             -0.01414379422036589340
2.490000             -0.01521048496962344211
2.495000             -0.01623340899769973658
2.500000             -0.01720903564401825639
2.505000             -0.01813425689042617167
2.510000             -0.01900727368203954104
2.515000             -0.01982687927369000333
2.520000             -0.02059329170297156258
2.525000             -0.02130725035997782166
2.530000             -0.02196910745380948812
2.535000             -0.02257917232093223717
2.540000             -0.02313756371199414408
2.545000             -0.02364330186344611173
2.550000             -0.02409332471598020151
2.555000             -0.02448523249813762057
2.560000             -0.02481672203401913412
2.565000             -0.02508561322051564013
2.570000             -0.02529337753735905886
2.575000             -0.02544206200235593629
2.580000             -0.02553354069588786163
2.585000             -0.02556995767546897322
2.590000             -0.02555189279061575655
2.595000             -0.02547951068588064777
2.600000             -0.02535244820794341908
2.605000             -0.02516991065158408550
2.610000             -0.02493153695443766499
2.615000             -0.02463691803249171836
2.620000             -0.02428721971814172542
2.625000             -0.02388391611366290010
2.630000             -0.02343002162479589437
2.635000             -0.02292904044487775392
2.640000             -0.02238400533131177858
2.645000             -0.02179766818982166801
2.650000             -0.02117139644511468327
2.655000             -0.02050511017011402704
2.660000             -0.01979773897160277962
2.665000             -0.01904772264979563354
2.670000             -0.01825331377532509250
2.675000             -0.01741335973738530885
2.680000             -0.01652576133254136936
2.685000             -0.01558854820573662113
2.690000             -0.01459941203736624116
2.695000             -0.01355608037445815185
2.700000             -0.01245835511081001823
2.705000             -0.01130687392102512276
2.710000             -0.01010522558293512098
2.715000             -0.00885841952623242675
2.720000             -0.00757347216379869979
2.725000             -0.00625871925581917860
2.730000             -0.00492330967775052742
2.735000             -0.00357710964133763206
2.740000             -0.00222897294060797353
2.745000             -0.00088750293356678939
2.750000              0.00043995540980222461
2.755000              0.00174671413249090140
2.760000              0.00302669120633814641
2.765000              0.00427432919534042038
2.770000              0.00548511984468174132
2.775000              0.00665520842264944162
2.780000              0.00778288375658486159
2.785000              0.00886771654312135983
2.790000              0.00991253044002379617
2.795000              0.01092191821499490303
2.800000              0.01190150641538232495
2.805000              0.01285787677930493381
2.810000              0.01379600634433134250
2.815000              0.01472005898695560519
2.820000              0.01563142345269028302
2.825000              0.01652948735724907997
2.830000              0.01741068005695351611
2.835000              0.01826944554387406605
2.840000              0.01910050248278415824
2.845000              0.01989773741475985361
2.850000              0.02065460134709054540
2.855000              0.02136455293482118073
2.860000              0.02202050351946627585
2.865000              0.02261557772524720733
2.870000              0.02314348608598567475
2.875000              0.02359957641900811004
2.880000              0.02398063207373720557
2.885000              0.02428464407218232021
2.890000              0.02450972763532440271
2.895000              0.02465459238759556970
2.900000              0.02471709754861327671
2.905000              0.02469497761512201572
2.910000              0.02458600872556060066
2.915000              0.02438807188764299111
2.920000              0.02410014560534953082
2.925000              0.02372204335466894520
2.930000              0.02325568099227889526
2.935000              0.02270343295604961009
2.940000              0.02206930758814222918
2.945000              0.02135811647728288673
2.950000              0.02057593928907560862
2.955000              0.01972966520412202523
2.960000              0.01882605960932395503
2.965000              0.01787197040279022917
2.970000              0.01687246292835856490
2.975000              0.01583212808575418240
2.980000              0.01475493189725217424
2.985000              0.01364450579532822810
2.990000              0.01250382154852591569
2.995000              0.01133494585540341729
3.000000              0.01013937034803112820
3.005000              0.00891803562553135365
3.010000              0.00767142455477992733
3.015000              0.00639977908202679722
3.020000              0.00510265083045098773
3.025000              0.00377946217841373206
3.030000              0.00242984826462245250
3.035000              0.00105370087002108737
3.040000             -0.00034761046120289232
3.045000             -0.00177205227801278367
3.050000             -0.00321586606625011212
3.055000             -0.00467452558645489215
3.060000             -0.00614250562469602010
3.065000             -0.00761383559642997854
3.070000             -0.00908270985288616231
3.075000             -0.01054339661705032058
3.080000             -0.01199011356651072738
3.085000             -0.01341741312092667275
3.090000             -0.01481898541220870273
3.095000             -0.01618863711815584500
3.100000             -0.01752024602293879643
3.105000             -0.01880785472012105539
3.110000             -0.02004555162546120886
3.115000             -0.02122774490344600529
3.120000             -0.02234913272454603500
3.125000             -0.02340464840639878280
3.130000             -0.02438967547894260388
3.135000             -0.02529970887490201256
3.140000             -0.02613075586196622266
3.145000             -0.02687891353367404326
3.150000             -0.02754156037695637896
3.155000             -0.02811654562386281184
3.160000             -0.02860377540084764816
3.165000             -0.02900397908713520795
3.170000             -0.02931976239954172184
3.175000             -0.02955481612092143717
3.180000             -0.02971335504194692889
3.185000             -0.02980053747448324283
3.190000             -0.02982094943653051597
3.195000             -0.02977960012814227786
3.200000             -0.02968166769010990164
3.205000             -0.02953286328009423548
3.210000             -0.02933925231217623247
3.215000             -0.02910634491566645166
3.220000             -0.02883944297620670907
3.225000             -0.02854311633948053428
3.230000             -0.02822024485406866151
3.235000             -0.02787341360009735342
3.240000             -0.02750258683599809614
3.245000             -0.02710657187635049856
3.250000             -0.02668284178590639086
3.255000             -0.02622750019444077332
3.260000             -0.02573511548290709910
3.265000             -0.02519996035908128248
3.270000             -0.02461511629681273003
3.275000             -0.02397376633083164732
3.280000             -0.02326947103858238719
3.285000             -0.02249500887522215206
3.290000             -0.02164479251763822693
3.295000             -0.02071385276002100581
3.300000             -0.01970054739592025719
3.305000             -0.01860508570894892078
3.310000             -0.01743091104343095013
3.315000             -0.01618376410292040116
3.320000             -0.01486926377696834792
3.325000             -0.01349352848805055426
3.330000             -0.01206094872429359748
3.335000             -0.01057514779164961914
3.340000             -0.00903905795479043907
3.345000             -0.00745524713038238536
3.350000             -0.00582745793942452458
3.355000             -0.00415951131336173355
3.360000             -0.00245621089913770170
3.365000             -0.00072234550755705725
3.370000              0.00103688891926174065
3.375000              0.00281661878664134138
3.380000              0.00461149910413267798
3.385000              0.00641642288378068467
3.390000              0.00822599708687856562
3.395000              0.01003478511318507509
3.400000              0.01183737617659975927
3.405000              0.01362814857083133498
3.410000              0.01540143365482318609
3.415000              0.01715117486109256004
3.420000              0.01887108224160861936
3.425000              0.02055450604602051048
3.430000              0.02219487649088959166
3.435000              0.02378515011611143440
3.440000              0.02531951527359582732
3.445000              0.02679208619443965156
3.450000              0.02819851499084227373
3.455000              0.02953502138278143313
3.460000              0.03079892819987378738
3.465000              0.03198845586596243962
3.470000              0.03310272451414093819
3.475000              0.03414093611064278333
3.480000              0.03510318577306397597
3.485000              0.03598967351321096658
3.490000              0.03680016445373217315
3.495000              0.03753482804581259602
3.500000              0.03819366765668236186
3.505000              0.03877763956068475820
3.510000              0.03928772961299109578
3.515000              0.03972505957209054167
3.520000              0.04009154425148931528
3.525000              0.04038889677972964248
3.530000              0.04061792924681258132
3.535000              0.04077993542007272987
3.540000              0.04087453217313134768
3.545000              0.04090069368433135039
3.550000              0.04085655376410242401
3.555000              0.04073912543553867560
3.560000              0.04054479710215081606
3.565000              0.04026949492748280179
3.570000              0.03990890627382177175
3.575000              0.03945690721177756710
3.580000              0.03890957883591405347
3.585000              0.03826034637630824214
3.590000              0.03750441897833371729
3.595000              0.03663786688567400446
3.600000              0.03565736350275163641
3.605000              0.03456321584084539461
3.610000              0.03335456283207546835
3.615000              0.03203385533920929257
3.620000              0.03060533210980608335
3.625000              0.02907463300054211747
3.630000              0.02744821244565428392
3.635000              0.02573345237456323847
3.640000              0.02393775567048067598
3.645000              0.02206861182640042218
3.650000              0.02013330621129904088
3.655000              0.01813837382825979339
3.660000              0.01608919710439985287
3.665000              0.01399023493606093085
3.670000              0.01184442175477183612
3.675000              0.00965405351980434118
3.680000              0.00741926354353688623
3.685000              0.00513995720849537777
3.690000              0.00281537311983863676
3.695000              0.00044389302040040977
3.700000             -0.00197612092091274021
3.705000             -0.00444643384046059399
3.710000             -0.00696788717870285880
3.715000             -0.00954052738202358815
3.720000             -0.01216293835604058751
3.725000             -0.01483255746797828255
3.730000             -0.01754572248054774020
3.735000             -0.02029770032812847763
3.740000             -0.02308209352526043728
3.745000             -0.02589171043254607715
3.750000             -0.02871661058982508466
3.755000             -0.03154540481671825464
3.760000             -0.03436187888592086292
3.765000             -0.03714682754514155721
3.770000             -0.03987603215808296908
3.775000             -0.04252230597589547884
3.780000             -0.04506019044395404710
3.785000             -0.04746337407149532617
3.790000             -0.04971017218388189968
3.795000             -0.05178117314520707531
3.800000             -0.05366173094902616791
3.805000             -0.05533945601474687948
3.810000             -0.05680422611009605660
3.815000             -0.05804848615503101911
3.820000             -0.05906753576597650185
3.825000             -0.05985833239080214085
3.830000             -0.06041863579206831203
3.835000             -0.06074919631879387855
3.840000             -0.06085066283353054301
3.845000             -0.06072592391333368061
3.850000             -0.06038007746984046242
3.855000             -0.05981826974238415445
3.860000             -0.05905048448622508828
3.865000             -0.05808996065345477244
3.870000             -0.05695385050087450191
3.875000             -0.05566099010937173436
3.880000             -0.05422734516689956680
3.885000             -0.05266949180608987424
3.890000             -0.05099967223182606813
3.895000             -0.04922880244303701192
3.900000             -0.04736436053970086851
3.905000             -0.04541176403300634795
3.910000             -0.04337513650201957338
3.915000             -0.04125557609847788770
3.920000             -0.03905038039357083129
3.925000             -0.03675569498472115032
3.930000             -0.03436576092638450597
3.935000             -0.03187467206636553779
3.940000             -0.02927623424905050065
3.945000             -0.02656462607961745589
3.950000             -0.02373453195944894706
3.955000             -0.02078137315694404338
3.960000             -0.01770288808686432819
3.965000             -0.01449808541084126115
3.970000             -0.01116849659383812969
3.975000             -0.00771732710485766808
3.980000             -0.00415110717903005317
3.985000             -0.00047838929227943022
3.990000              0.00328618664275980195
3.995000              0.00712471792296248858
4.000000              0.01100688552177005175
4.005000              0.01489647234905575567
4.010000              0.01875155191882891745
4.015000              0.02252638849708026719
4.020000              0.02617723994239777585
4.025000              0.02966082574734709570
4.030000              0.03294213536843854789
4.035000              0.03598991228942922255
4.040000              0.03878425284815041618
4.045000              0.04131224161964407171
4.050000              0.04356538922186285051
4.055000              0.04554037152473734001
4.060000              0.04724211210121959104
4.065000              0.04868031280378468800
4.070000              0.04987359973479173203
4.075000              0.05084664670197277386
4.080000              0.05162714647539386886
4.085000              0.05224661516273421819
4.090000              0.05273676996521393240
4.095000              0.05313085574588907040
4.100000              0.05345400933358532974
4.105000              0.05372899322268553240
4.110000              0.05396960429503604856
4.115000              0.05418421000759838374
4.120000              0.05437450357144996138
4.125000              0.05453802497198587812
4.130000              0.05466455331675758311
4.135000              0.05473872842589484061
4.140000              0.05474078100376379707
4.145000              0.05464601032385248830
4.150000              0.05442884527247343618
4.155000              0.05406270403497943217
4.160000              0.05352057214345999625
4.165000              0.05277549692001236303
4.170000              0.05180862009092308818
4.175000              0.05060547031239350652
4.180000              0.04916718070730877188
4.185000              0.04750274725900695272
4.190000              0.04563279582010497382
4.195000              0.04358464621711587161
4.200000              0.04138917456730370481
4.205000              0.03908138646063551852
4.210000              0.03669576399780781484
4.215000              0.03426977429458143154
4.220000              0.03183961149159275639
4.225000              0.02944122898930583848
4.230000              0.02710996583861264783
4.235000              0.02487906981587663380
4.240000              0.02277837731919708786
4.245000              0.02083353467939453793
4.250000              0.01906211872396616769
4.255000              0.01747533725269538943
4.260000              0.01607288490303972195
4.265000              0.01484654732563778917
4.270000              0.01377060396345863511
4.275000              0.01281001900439102288
4.280000              0.01192017779637092288
4.285000              0.01105035231670205460
4.290000              0.01015753738763243083
4.295000              0.00920075224594137271
4.300000              0.00814753527767706973
4.305000              0.00697117788466736481
4.310000              0.00565327165742932503
4.315000              0.00418285055044204709
4.320000              0.00255686747189112730
4.325000              0.00077915304982048789
4.330000             -0.00113879942176535747
4.335000             -0.00317911001633332507
4.340000             -0.00532144877213206087
4.345000             -0.00754232148000647581
4.350000             -0.00981952681965459796
4.355000             -0.01213112969949016635
4.360000             -0.01445575491109169809
4.365000             -0.01677408009959815288
4.370000             -0.01906781133759232263
4.375000             -0.02132192362236304956
4.380000             -0.02352515724557556823
4.385000             -0.02567098171350704408
4.390000             -0.02775784936630072350
4.395000             -0.02978886995518184241
4.400000             -0.03177132287231980434
4.405000             -0.03371521580989981365
4.410000             -0.03563227238774756278
4.415000             -0.03753449718193146295
4.420000             -0.03943264502478689704
4.425000             -0.04133554195276929744
4.430000             -0.04324829861116380458
4.435000             -0.04517202563088999756
4.440000             -0.04710129535642949838
4.445000             -0.04902702647682226356
4.450000             -0.05093360390003161264
4.455000             -0.05280255577723774046
4.460000             -0.05461404538746958415
4.465000             -0.05634711330261076706
4.470000             -0.05798258767332307995
4.475000             -0.05950264540118961609
4.480000             -0.06089176738028930641
4.485000             -0.06213702922601230944
4.490000             -0.06323003906506420579
4.495000             -0.06416603239361953759
4.500000             -0.06494516037066126735
4.505000             -0.06557359034996707026
4.510000             -0.06606102530030141806
4.515000             -0.06642621968804918176
4.520000             -0.06668879332230445711
4.525000             -0.06687078874259742844
4.530000             -0.06699313844538351548
4.535000             -0.06707614568331507487
4.540000             -0.06713735661067457561
4.545000             -0.06719198227102797516
4.550000             -0.06725278139841943392
4.555000             -0.06732848376368869014
4.560000             -0.06742582845108932577
4.565000             -0.06754745743658960300
4.570000             -0.06769385700569974240
4.575000             -0.06786120146087241956
4.580000             -0.06804212567978788762
4.585000             -0.06822598385863436199
4.590000             -0.06839845838056714256
4.595000             -0.06854458295844013949
4.600000             -0.06864919433911882696
4.605000             -0.06869800827659891529
4.610000             -0.06867722103775183995
4.615000             -0.06857595184993264814
4.620000             -0.06838511895613139102
4.625000             -0.06809878977076661011
4.630000             -0.06771423728561630495
4.635000             -0.06723285928519596999
4.640000             -0.06665762019665345817
4.645000             -0.06599316069120077233
4.650000             -0.06524645435398974957
4.655000             -0.06442566386032279324
4.660000             -0.06353797780551134755
4.665000             -0.06258870832479211666
4.670000             -0.06158353046309646833
4.675000             -0.06052542291659517015
4.680000             -0.05941338769279951720
4.685000             -0.05824721767114373477
4.690000             -0.05701980174261871148
4.695000             -0.05572155724526540316
4.700000             -0.05433962962726486545
4.705000             -0.05286004215654791644
4.710000             -0.05127040363053539385
4.715000             -0.04955964026866482158
4.720000             -0.04771655090163261920
4.725000             -0.04573169535972350375
4.730000             -0.04359420857528992915
4.735000             -0.04129578600606597510
4.740000             -0.03882965968895462500
4.745000             -0.03619181366734030431
4.750000             -0.03338160870407456959
4.755000             -0.03040095864427593345
4.760000             -0.02725517526986316955
4.765000             -0.02395117933250858963
4.770000             -0.02049761074826367963
4.775000             -0.01690470833413532797
4.780000             -0.01318402189021943352
4.785000             -0.00934664571600793762
4.790000             -0.00540169748802946451
4.795000             -0.00135607102198124336
4.800000              0.00278724670944948847
4.805000              0.00702883924176451926
4.810000              0.01137191134568027624
4.815000              0.01582262315454966220
4.820000              0.02039080026557447620
4.825000              0.02508847005644558939
4.830000              0.02992918384960878767
4.835000              0.03492681946312831825
4.840000              0.04009490669988840378
4.845000              0.04544420274348970334
4.850000              0.05098580407964189293
4.855000              0.05672837268024757268
4.860000              0.06267920697104843730
4.865000              0.06884309748852424082
4.870000              0.07522143911156221885
4.875000              0.08181302433235045080
4.880000              0.08860951120078411347
4.885000              0.09560083618815702622
4.890000              0.10277300459387775367
4.895000              0.11011418335885142517
4.900000              0.11761941469582222475
4.905000              0.12527465972261642158
4.910000              0.13308666939877031310
4.915000              0.14106857211939011210
4.920000              0.14923656492648071370
4.925000              0.15758983386296734897
4.930000              0.16613165078614952619
4.935000              0.17487695804796027366
4.940000              0.18382798059476232466
4.945000              0.19297761319602838026
4.950000              0.20229671660645884290
4.955000              0.21175046654762202936
4.960000              0.22125821967044859151
4.965000              0.23072209119325648441
4.970000              0.24005273395467210951
4.975000              0.24915014428907694688
4.980000              0.25794739351212364609
4.985000              0.26638518902617264184
4.990000              0.27441181435795386490
4.995000              0.28198409544555180783
5.000000              0.28905884040201973439
5.005000              0.29559592079845870005
5.010000              0.30156250769646042453
5.015000              0.30692840437838592171
5.020000              0.31166677020820149346
5.025000              0.31575608532718957289
5.030000              0.31917770430492742317
5.035000              0.32191458213016427292
5.040000              0.32395469708082091920
5.045000              0.32529362350269191984
5.050000              0.32593509762199734947
5.055000              0.32589902893368521974
5.060000              0.32519655434789601633
5.065000              0.32386169127144581736
5.070000              0.32194878552418948470
5.075000              0.31950921184382785611
5.080000              0.31660668143285053411
5.085000              0.31331647661391465176
5.090000              0.30972366838928699906
5.095000              0.30590956314473904953
5.100000              0.30195233598236009831
5.105000              0.29793237410354805883
5.110000              0.29390690662731810967
5.115000              0.28994057943379136777
5.120000              0.28606645482264175806
5.125000              0.28230629203409735029
5.130000              0.27866718837204385029
5.135000              0.27514954050919238071
5.140000              0.27174190362250333353
5.145000              0.26842728839543228414
5.150000              0.26518139630740317214
5.155000              0.26197791172150264316
5.160000              0.25877412937797877879
5.165000              0.25552939664973894907
5.170000              0.25219369558335236192
5.175000              0.24872059459480794219
5.180000              0.24507911939352874930
5.185000              0.24125051924845730689
5.190000              0.23722958283248005151
5.195000              0.23302020180714125286
5.200000              0.22863474501211561440
5.205000              0.22408280375108907689
5.210000              0.21938226437554600445
5.215000              0.21455038649181309984
5.220000              0.20960627106145907073
5.225000              0.20456923397760484740
5.230000              0.19945743477350771911
5.235000              0.19428608628682758619
5.240000              0.18907227839219492571
5.245000              0.18383366576689463834
5.250000              0.17858523794777339533
5.255000              0.17334108982418980349
5.260000              0.16811696897893840807
5.265000              0.16292826106966296074
5.270000              0.15779239324440119674
5.275000              0.15273083560932496083
5.280000              0.14776241405261816841
5.285000              0.14291023231869998122
5.290000              0.13819957929773088456
5.295000              0.13365897817271790715
5.300000              0.12931558720315680655
5.305000              0.12520105370184844706
5.310000              0.12134157634848874441
5.315000              0.11776473178931111396
5.320000              0.11450100913687837056
5.325000              0.11157695354880679817
5.330000              0.10901453117370053791
5.335000              0.10683900678979696419
5.340000              0.10507048941957758403
5.345000              0.10372513560600424287
5.350000              0.10281632453791701709
5.355000              0.10235281225665279758
5.360000              0.10234398141957876116
5.365000              0.10279217501159781945
5.370000              0.10369361447925191932
5.375000              0.10503576322712517011
5.380000              0.10679891310643288560
5.385000              0.10896543000859798545
5.390000              0.11150921841460258166
5.395000              0.11439606992171522104
5.400000              0.11759127862380515384
5.405000              0.12106030336603966491
5.410000              0.12476916725761103000
5.415000              0.12868542667899487975
5.420000              0.13277944651299031231
5.425000              0.13702592158096033037
5.430000              0.14140559482799344715
5.435000              0.14590692077368355717
5.440000              0.15052197438227293835
5.445000              0.15525380052078285864
5.450000              0.16010409199633032773
5.455000              0.16507760025286943861
5.460000              0.17017731352396939237
5.465000              0.17540425926791908262
5.470000              0.18075396220367964673
5.475000              0.18621680689555827892
5.480000              0.19177050404243037307
5.485000              0.19738852022204647629
5.490000              0.20304203913148743954
5.495000              0.20870200937872929181
5.500000              0.21433654130276239003
5.505000              0.21991374752778758417
5.510000              0.22540371897798847090
5.515000              0.23076874770798697090
5.520000              0.23598224972597686699
5.525000              0.24101472388198214025
5.530000              0.24583723063570761536
5.535000              0.25042976511916181792
5.540000              0.25477034381456498124
5.545000              0.25884548961855619043
5.550000              0.26264142956960956354
5.555000              0.26615506757092061152
5.560000              0.26938829573941264206
5.565000              0.27234321702075658944
5.570000              0.27503639831775616997
5.575000              0.27748508720737941058
5.580000              0.27970832456732219740
5.585000              0.28172897897666276945
5.590000              0.28357090390459693818
5.595000              0.28525784421558214587
5.600000              0.28680900725524227646
5.605000              0.28824444795904741179
5.610000              0.28958341556392958038
5.615000              0.29084067477765646048
5.620000              0.29202745795879814228
5.625000              0.29315107780786892056
5.630000              0.29421230388473063044
5.635000              0.29521047103125841460
5.640000              0.29614104768175103510
5.645000              0.29699602751709081039
5.650000              0.29776007198801468512
5.655000              0.29841732142613874856
5.660000              0.29895005734174329159
5.665000              0.29933824729142455290
5.670000              0.29955650742976080991
5.675000              0.29958504984794037673
5.680000              0.29940684471080514228
5.685000              0.29899384580406185297
5.690000              0.29833655307071571539
5.695000              0.29742415752185080713
5.700000              0.29624771080312639615
5.705000              0.29479657216432414435
5.710000              0.29307638718003997669
5.715000              0.29109268779606206623
5.720000              0.28885428903882670593
5.725000              0.28637148637143161611
5.730000              0.28365853393836631957
5.735000              0.28073257762878506272
5.740000              0.27760959719143996072
5.745000              0.27430057503019189546
5.750000              0.27081977852098854109
5.755000              0.26717773860848620382
5.760000              0.26338478768166756483
5.765000              0.25944680370740330622
5.770000              0.25536324426602974302
5.775000              0.25113724302032813807
5.780000              0.24677415624085022317
5.785000              0.24227472958543849746
5.790000              0.23764156636436462033
5.795000              0.23288327854803628214
5.800000              0.22800862612988179179
5.805000              0.22302763060319713562
5.810000              0.21795320871716150624
5.815000              0.21280439806287981819
5.820000              0.20760204015255134813
5.825000              0.20236883189308768616
5.830000              0.19712481949345048160
5.835000              0.19189767742164307029
5.840000              0.18671063474282023620
5.845000              0.18158611410786895668
5.850000              0.17653946771841055874
5.855000              0.17158625273100536202
5.860000              0.16673808598105105405
5.865000              0.16200291419712453678
5.870000              0.15738665927696923741
5.875000              0.15289383600156009058
5.880000              0.14852925763634020062
5.885000              0.14429892635418634095
5.890000              0.14020681731292650163
5.895000              0.13625675114518959186
5.900000              0.13244967509557070695
5.905000              0.12878515847736099476
5.910000              0.12526425884312911152
5.915000              0.12188563849951522533
5.920000              0.11864640336301710000
5.925000              0.11554403392231399339
5.930000              0.11257515516318111759
5.935000              0.10973517772143909221
5.940000              0.10702329054011036624
5.945000              0.10443926826466011504
5.950000              0.10198476670487617579
5.955000              0.09966317035737627672
5.960000              0.09747957003930160513
5.965000              0.09543765726812150629
5.970000              0.09354448882596866355
5.975000              0.09180475277040972548
5.980000              0.09022232138616424757
5.985000              0.08880050548203101413
5.990000              0.08753928324309015463
5.995000              0.08644066324769814069
6.000000              0.08550427874276460283
6.005000              0.08473069169958014069
6.010000              0.08412389292039204602
6.015000              0.08368824931182811122
6.020000              0.08342808646717859988
6.025000              0.08334535159507021340
6.030000              0.08343854366294976843
6.035000              0.08370320858031102262
6.040000              0.08413493955518906720
6.045000              0.08472657518340455385
6.050000              0.08547069598509504651
6.055000              0.08635947513218746041
6.060000              0.08738821947830079095
6.065000              0.08855176129371852833
6.070000              0.08984719145542149898
6.075000              0.09127287040287619668
6.080000              0.09283076619955371589
6.085000              0.09452479158445052654
6.090000              0.09636147131953577694
6.095000              0.09834910122727877346
6.100000              0.10049653295268802522
6.105000              0.10281306673082202252
6.110000              0.10530809025659182421
6.115000              0.10799008992684279440
6.120000              0.11086522611855381681
6.125000              0.11393822429543931651
6.130000              0.11721111891458854681
6.135000              0.12068081521819815083
6.140000              0.12434194610050193497
6.145000              0.12818527825147557619
6.150000              0.13219631022125158393
6.155000              0.13635938349872725461
6.160000              0.14065107983186211915
6.165000              0.14504372666434706129
6.170000              0.14950986646654734757
6.175000              0.15401825546857605964
6.180000              0.15853966319652293415
6.185000              0.16304675535886309357
6.190000              0.16751710950752654594
6.195000              0.17193105783663581443
6.200000              0.17627138793062502309
6.205000              0.18052712370691620380
6.210000              0.18469375957935407762
6.215000              0.18876852691966819475
6.220000              0.19275250676416175177
6.225000              0.19665055607103396063
6.230000              0.20047358086772487651
6.235000              0.20423335851151352971
6.240000              0.20794041054764805798
6.245000              0.21160491312587687007
6.250000              0.21523102815391823017
6.255000              0.21883039885457655771
6.260000              0.22241522969476010263
6.265000              0.22598064516305729765
6.270000              0.22952680589705021230
6.275000              0.23305054248998952060
6.280000              0.23654643655357884824
6.285000              0.24000012589073571601
6.290000              0.24339994263742412151
6.295000              0.24672979869507308259
6.300000              0.24997463229711602839
6.305000              0.25311319879067678551
6.310000              0.25612543132631682141
6.315000              0.25899552708017675728
6.320000              0.26170507002803317098
6.325000              0.26423009653692597354
6.330000              0.26655155493174531589
6.335000              0.26864947138487860201
6.340000              0.27050975487141015741
6.345000              0.27211725541170711518
6.350000              0.27346000236397138838
6.355000              0.27452859521160993816
6.360000              0.27531893261103718151
6.365000              0.27582319121378301441
6.370000              0.27603631461379590784
6.375000              0.27595384878366124859
6.380000              0.27557626313259542261
6.385000              0.27489341363702518573
6.390000              0.27390355433039542676
6.395000              0.27260160496522906071
6.400000              0.27098192310638524738
6.405000              0.26903845449137153700
6.410000              0.26677145439947624883
6.415000              0.26417815461852200976
6.420000              0.26125564122690775326
6.425000              0.25800554838749023556
6.430000              0.25442936395577964159
6.435000              0.25053351946122565108
6.440000              0.24632593125983051618
6.445000              0.24181661181159339047
6.450000              0.23701761218550893018
6.455000              0.23194463945250939907
6.460000              0.22661296001620648277
6.465000              0.22103974586656027768
6.470000              0.21524009492323781245
6.475000              0.20923027700674259877
6.480000              0.20302548437863593422
6.485000              0.19664287110666131553
6.490000              0.19009950976568809611
6.495000              0.18341400613639172179
6.500000              0.17660209802936122081
6.505000              0.16968130354735047605
6.510000              0.16266338173007213741
6.515000              0.15555435159371036602
6.520000              0.14835910773824387276
6.525000              0.14107828680307915592
6.530000              0.13371580019439027742
6.535000              0.12627147797993895639
6.540000              0.11874905229056550993
6.545000              0.11115171036383564296
6.550000              0.10348704166650320169
6.555000              0.09577069104285430845
6.560000              0.08801755434717579984
6.565000              0.08024669702863919396
6.570000              0.07247792830237755057
6.575000              0.06473381528838839660
6.580000              0.05704036014930230492
6.585000              0.04941293888778731241
6.590000              0.04186521608068003580
6.595000              0.03441508901742573040
6.600000              0.02709040547629443935
6.605000              0.01991646850074538927
6.610000              0.01290939483719990774
6.615000              0.00608892681966381310
6.620000             -0.00051831473375946017
6.625000             -0.00688479905178099056
6.630000             -0.01298524206479263234
6.635000             -0.01879502452445178454
6.640000             -0.02428892139372469325
6.645000             -0.02944190180726464351
6.650000             -0.03423273132419407672
6.655000             -0.03864160282441461702
6.660000             -0.04264878286530748852
6.665000             -0.04623853343931921822
6.670000             -0.04939645199828903571
6.675000             -0.05211141854627445585
6.680000             -0.05437432095322712600
6.685000             -0.05618185871063707121
6.690000             -0.05753334511551986413
6.695000             -0.05843702580015854020
6.700000             -0.05890341634904089352
6.705000             -0.05894458750306422884
6.710000             -0.05857913266344252218
6.715000             -0.05782944442187545192
6.720000             -0.05672287234411266948
6.725000             -0.05528687002328801919
6.730000             -0.05354936980266994384
6.735000             -0.05153695359608611443
6.740000             -0.04927461306122835755
6.745000             -0.04678337006826120692
6.750000             -0.04407934374904784458
6.755000             -0.04117410699556935116
6.760000             -0.03807729886932378904
6.765000             -0.03479492079047161873
6.770000             -0.03133115468412048243
6.775000             -0.02768910422376916897
6.780000             -0.02387059339276480230
6.785000             -0.01987747330802085849
6.790000             -0.01570964075575210714
6.795000             -0.01136816891437050260
6.800000             -0.00685625561997380093
6.805000             -0.00218020822014876672
6.810000              0.00264870208683023372
6.815000              0.00761506946175740176
6.820000              0.01269970475029161966
6.825000              0.01788009243995476033
6.830000              0.02313176395130918384
6.835000              0.02842909619662299658
6.840000              0.03374750527317021964
6.845000              0.03906334512868803871
6.850000              0.04435935138941306255
6.855000              0.04962283934782359129
6.860000              0.05484690045622626214
6.865000              0.06002957304764858920
6.870000              0.06517262471762752529
6.875000              0.07028399317647325562
6.880000              0.07537479887193762607
6.885000              0.08045926714339900199
6.890000              0.08555404427661257583
6.895000              0.09067257724202511249
6.900000              0.09582642743882369141
6.905000              0.10102555645737368306
6.910000              0.10627061110053274973
6.915000              0.11155969991738168279
6.920000              0.11688348145969126857
6.925000              0.12222997688431237739
6.930000              0.12758511023322668954
6.935000              0.13293700836915464669
6.940000              0.13826791231942811566
6.945000              0.14356265046190308521
6.950000              0.14880476825091099036
6.955000              0.15397602740895868778
6.960000              0.15906038748266962402
6.965000              0.16404163800147453234
6.970000              0.16890220490416169019
6.975000              0.17362508350836966531
6.980000              0.17819304891800583079
6.985000              0.18258691228705475895
6.990000              0.18678841909334595317
6.995000              0.19078270403072003503
7.000000              0.19456268292441974976
7.005000              0.19812203953182527805
7.010000              0.20145648946351574216
7.015000              0.20456731945411241180
7.020000              0.20745669682232578679
7.025000              0.21012793970725546222
7.030000              0.21258503227280139969
7.035000              0.21483727445783479260
7.040000              0.21689469764460658774
7.045000              0.21876665306590775684
7.050000              0.22047088524977132007
7.055000              0.22201749206540627446
7.060000              0.22341703992677597324
7.065000              0.22467635809244956846
7.070000              0.22580531605067699630
7.075000              0.22680587435266683083
7.080000              0.22768003546639464796
7.085000              0.22842600816094554839
7.090000              0.22903873048154649306
7.095000              0.22950998185762971904
7.100000              0.22982469757718629322
7.105000              0.22997296139599798792
7.110000              0.22994078846450410891
7.115000              0.22971761942355256592
7.120000              0.22928610656536918544
7.125000              0.22862971200541992722
7.130000              0.22773160508318218698
7.135000              0.22657762408181070235
7.140000              0.22515011076526098011
7.145000              0.22343626211086428657
7.150000              0.22142551215768507822
7.155000              0.21911376492662051896
7.160000              0.21649379377217195519
7.165000              0.21356704014824565152
7.170000              0.21033782260946645715
7.175000              0.20681202715358618094
7.180000              0.20299798127553442262
7.185000              0.19890645572259083029
7.190000              0.19454826617266640643
7.195000              0.18993593338740943910
7.200000              0.18508171712665005826
7.205000              0.17999983727170285053
7.210000              0.17470177481271251252
7.215000              0.16919829608082537220
7.220000              0.16349811401549685375
7.225000              0.15760853163582361214
7.230000              0.15153439355410755485
7.235000              0.14527963428433013360
7.240000              0.13884645920436436417
7.245000              0.13223823349720362219
7.250000              0.12545774591812136611
7.255000              0.11850596186045006530
7.260000              0.11137927612950511425
7.265000              0.10407459342916462741
7.270000              0.09658776852953082637
7.275000              0.08891643104842655854
7.280000              0.08105868997038576107
7.285000              0.07301441287203457031
7.290000              0.06478793919350434027
7.295000              0.05638687006000825397
7.300000              0.04782180425898100579
7.305000              0.03910608038550626719
7.310000              0.03025577395443541234
7.315000              0.02128453993814970191
7.320000              0.01220472053334725748
7.325000              0.00302977108722236183
7.330000             -0.00622855414796901364
7.335000             -0.01556996168151526805
7.340000             -0.02498954919296023439
7.345000             -0.03448108772726962701
7.350000             -0.04403337412605438234
7.355000             -0.05363218731326801353
7.360000             -0.06327168234166620497
7.365000             -0.07294369273191833591
7.370000             -0.08263499756071379654
7.375000             -0.09233278433384925488
7.380000             -0.10202382916898128373
7.385000             -0.11169665224012050031
7.390000             -0.12133613069339424517
7.395000             -0.13092682258242538396
7.400000             -0.14045471625888533707
7.405000             -0.14990182466349427637
7.410000             -0.15925265884186434739
7.415000             -0.16849104777974119318
7.420000             -0.17760196668513619778
7.425000             -0.18657024597260343790
7.430000             -0.19537857678845432785
7.435000             -0.20401613331183746092
7.440000             -0.21246355765852806274
7.445000             -0.22070252676584331541
7.450000             -0.22871474513661807504
7.455000             -0.23647900242289826567
7.460000             -0.24397966930375811212
7.465000             -0.25120288335993296025
7.470000             -0.25813682151001504650
7.475000             -0.26477143138219433327
7.480000             -0.27109841628064468289
7.485000             -0.27710960838398973616
7.490000             -0.28279824531262975906
7.495000             -0.28815935871868481044
7.500000             -0.29319086260885074413
7.505000             -0.29789517036914819892
7.510000             -0.30226902425028601140
7.515000             -0.30631931732387285283
7.520000             -0.31004687671801622884
7.525000             -0.31345287824262341170
7.530000             -0.31653080755414991776
7.535000             -0.31929289876069438803
7.540000             -0.32173360032229536554
7.545000             -0.32384935644814427658
7.550000             -0.32564143477590773434
7.555000             -0.32710518253291548385
7.560000             -0.32823792681918878555
7.565000             -0.32904174908521960363
7.570000             -0.32950995263781501787
7.575000             -0.32964052393515252959
7.580000             -0.32943423801487808911
7.585000             -0.32888998522314399908
7.590000             -0.32800617299395162796
7.595000             -0.32679239864135029014
7.600000             -0.32525157383572539382
7.605000             -0.32338632781752529866
7.610000             -0.32121349621272810015
7.615000             -0.31874297591835215604
7.620000             -0.31599581176907898250
7.625000             -0.31298599433586821172
7.630000             -0.30974713710576967651
7.635000             -0.30631060372522350699
7.640000             -0.30271332735185263463
7.645000             -0.29899509492514131370
7.650000             -0.29519093242490040963
7.655000             -0.29133171040819116904
7.660000             -0.28744903599343041289
7.665000             -0.28356691050877214089
7.670000             -0.27970372069758120404
7.675000             -0.27587625213018496240
7.680000             -0.27209748543625811301
7.685000             -0.26838060493925564032
7.690000             -0.26473055065412898212
7.695000             -0.26115815133007330706
7.700000             -0.25767050174451022748
7.705000             -0.25427220549470330724
7.710000             -0.25096638082987349216
7.715000             -0.24775690542852812914
7.720000             -0.24464589583536536233
7.725000             -0.24163575932813582958
7.730000             -0.23872708967605688057
7.735000             -0.23592520115727710905
7.740000             -0.23323041362474508653
7.745000             -0.23064700888171416060
7.750000             -0.22817721174582558663
7.755000             -0.22582572116800425643
7.760000             -0.22359050084622880683
7.765000             -0.22147423847273015052
7.770000             -0.21947689452829380330
7.775000             -0.21759722746818796479
7.780000             -0.21583095240621158473
7.785000             -0.21417563699982342107
7.790000             -0.21262476794682247383
7.795000             -0.21117246308339321370
7.800000             -0.20981330204611212120
7.805000             -0.20853910563827240954
7.810000             -0.20734249089310155534
7.815000             -0.20621377123116352292
7.820000             -0.20514427915313651618
7.825000             -0.20412504245735457742
7.830000             -0.20314737411744751561
7.835000             -0.20220476077222129807
7.840000             -0.20128932071075927857
7.845000             -0.20038866005346278598
7.850000             -0.19950201681771115303
7.855000             -0.19862125173760245000
7.860000             -0.19774208723763686546
7.865000             -0.19686074627478633570
7.870000             -0.19597479350506857854
7.875000             -0.19508156143632060520
7.880000             -0.19418107378615132030
7.885000             -0.19327436424050209451
7.890000             -0.19236284413546175798
7.895000             -0.19144769800483374400
7.900000             -0.19053195859544411195
7.905000             -0.18961795954352000937
7.910000             -0.18870545941609820351
7.915000             -0.18779794530243026918
7.920000             -0.18689390035210470820
7.925000             -0.18599610445460912356
7.930000             -0.18510398890055251853
7.935000             -0.18421399402416541169
7.940000             -0.18332472966610921516
7.945000             -0.18243343967650879622
7.950000             -0.18153263145016509950
7.955000             -0.18061944299099311206
7.960000             -0.17968717377383358613
7.965000             -0.17872924021564248753
7.970000             -0.17773905029436501413
7.975000             -0.17671023934751903250
7.980000             -0.17563940237708405845
7.985000             -0.17452164922271409808
7.990000             -0.17336843136755628048
7.995000             -0.17218666289493508859
8.000000             -0.17099455324634030284
8.005000             -0.16981173234995924903
8.010000             -0.16865677782053328793
8.015000             -0.16755023348660488813
8.020000             -0.16651272402553041196
8.025000             -0.16556393755701226400
8.030000             -0.16472745385948431296
8.035000             -0.16402545457331985101
8.040000             -0.16348215194660153937
8.045000             -0.16311068354710284156
8.050000             -0.16292950852984131038
8.055000             -0.16295225934192580919
8.060000             -0.16318743271790375760
8.065000             -0.16363700287241084164
8.070000             -0.16430861222898388019
8.075000             -0.16520176761070470839
8.080000             -0.16631459601697051731
8.085000             -0.16764089431557616106
8.090000             -0.16917883927261895272
8.095000             -0.17092415286139359121
8.100000             -0.17286234443000231265
8.105000             -0.17498844866979207380
8.110000             -0.17729035500914416823
8.115000             -0.17976068779758139216
8.120000             -0.18238731545941727630
8.125000             -0.18515576476581485643
8.130000             -0.18805748300284028107
8.135000             -0.19108109897499545027
8.140000             -0.19421738073752056741
8.145000             -0.19746102713915711369
8.150000             -0.20080748563395045547
8.155000             -0.20425386182167842852
8.160000             -0.20779927845767948158
8.165000             -0.21144401121522032883
8.170000             -0.21518481488245219668
8.175000             -0.21901592786997783890
8.180000             -0.22292832590476244214
8.185000             -0.22690884296463936787
8.190000             -0.23093736473779682972
8.195000             -0.23499379242034221238
8.200000             -0.23904930621256950674
8.205000             -0.24307519928674037324
8.210000             -0.24703593924672120896
8.215000             -0.25089680859598523233
8.220000             -0.25462366792354368394
8.225000             -0.25818268594621807122
8.230000             -0.26154225143534493014
8.235000             -0.26467524849192125558
8.240000             -0.26755717123409106240
8.245000             -0.27016679457049724844
8.250000             -0.27248996691033522399
8.255000             -0.27451381439090255521
8.260000             -0.27622760425368514392
8.265000             -0.27762428835264185700
8.270000             -0.27870464219603452438
8.275000             -0.27946392032990424736
8.280000             -0.27990864701969692119
8.285000             -0.28004609125498103328
8.290000             -0.27988857706749170617
8.295000             -0.27944156452288904102
8.300000             -0.27872345632089434719
8.305000             -0.27775020082572543512
8.310000             -0.27653869956431958999
8.315000             -0.27510462938057506088
8.320000             -0.27346202314126588639
8.325000             -0.27162518375173921870
8.330000             -0.26960396530810210036
8.335000             -0.26740835660745249092
8.340000             -0.26504288144482995859
8.345000             -0.26250679224355993879
8.350000             -0.25980537122570457331
8.355000             -0.25693860610809821088
8.360000             -0.25389770667631145207
8.365000             -0.25068022033304970808
8.370000             -0.24728467903684261953
8.375000             -0.24370734872979010754
8.380000             -0.23995465930589440773
8.385000             -0.23602478372370133686
8.390000             -0.23192480267413770334
8.395000             -0.22766585077739881493
8.400000             -0.22326004204506116890
8.405000             -0.21872435930532757586
8.410000             -0.21407738362664732734
8.415000             -0.20934022641414501420
8.420000             -0.20454311550498852079
8.425000             -0.19971672433638271160
8.430000             -0.19489429712435177300
8.435000             -0.19010601794742679194
8.440000             -0.18538151724179974256
8.445000             -0.18075047621124376573
8.450000             -0.17623644728347481747
8.455000             -0.17185406065283842514
8.460000             -0.16762596865114828826
8.465000             -0.16355988629997664230
8.470000             -0.15966440784660065888
8.475000             -0.15594250636076673056
8.480000             -0.15239415243762144403
8.485000             -0.14901885715116011677
8.490000             -0.14581463163240576675
8.495000             -0.14277831287028933116
8.500000             -0.13991063021312144521
8.505000             -0.13720990109568334536
8.510000             -0.13467822209069388317
8.515000             -0.13231760970251790765
8.520000             -0.13013097824925706769
8.525000             -0.12812083695804568628
8.530000             -0.12629358692486614135
8.535000             -0.12465593506088466780
8.540000             -0.12321529351447182976
8.545000             -0.12197993819216344791
8.550000             -0.12095952032772649964
8.555000             -0.12016300012482096504
8.560000             -0.11960210989733029152
8.565000             -0.11928913824157447165
8.570000             -0.11923511394568159227
8.575000             -0.11945063757263460480
8.580000             -0.11994387223119061525
8.585000             -0.12072001048840746984
8.590000             -0.12178237084261857304
8.595000             -0.12312744754258760083
8.600000             -0.12474817422766959485
8.605000             -0.12663288894222626824
8.610000             -0.12876966835387682053
8.615000             -0.13114348147292911873
8.620000             -0.13373799202504352279
8.625000             -0.13653682490123977833
8.630000             -0.13952496196215366520
8.635000             -0.14268925094138507070
8.640000             -0.14601646451732883114
8.645000             -0.14949541868813198686
8.650000             -0.15311974917528875517
8.655000             -0.15687972117531054361
8.660000             -0.16077003779079795942
8.665000             -0.16478812074994186876
8.670000             -0.16892430151394249860
8.675000             -0.17317190804331353271
8.680000             -0.17751806534817293759
8.685000             -0.18194569022660384006
8.690000             -0.18643787944082795827
8.695000             -0.19097061828415395901
8.700000             -0.19552435831646508557
8.705000             -0.20007543853921527788
8.710000             -0.20459800964926397326
8.715000             -0.20906126350267070779
8.720000             -0.21343499688788261648
8.725000             -0.21769094183248810515
8.730000             -0.22179894780272649268
8.735000             -0.22573149062745734295
8.740000             -0.22946320411734569267
8.745000             -0.23297005319710703541
8.750000             -0.23623145216212301789
8.755000             -0.23923048715941261366
8.760000             -0.24195500211429246673
8.765000             -0.24439129043448781786
8.770000             -0.24653476684183714407
8.775000             -0.24837787606501962601
8.780000             -0.24992469795802352284
8.785000             -0.25117392011934924767
8.790000             -0.25214166224296885588
8.795000             -0.25284197967585680944
8.800000             -0.25329745471506076582
8.805000             -0.25353331095898101744
8.810000             -0.25357247846533004232
8.815000             -0.25343854699094092719
8.820000             -0.25315169295224965174
8.825000             -0.25273055931788324102
8.830000             -0.25218648258702963671
8.835000             -0.25153373448111820965
8.840000             -0.25078896291952146314
8.845000             -0.24996291600397316235
8.850000             -0.24905852139457526628
8.855000             -0.24808979274565767792
8.860000             -0.24705622418497280579
8.865000             -0.24596079465910744566
8.870000             -0.24480319627519514514
8.875000             -0.24358077508841075032
8.880000             -0.24229126459303806929
8.885000             -0.24093217601502017744
8.890000             -0.23949980093967074279
8.895000             -0.23799675480245705006
8.900000             -0.23641862674471483818
8.905000             -0.23476670174598021634
8.910000             -0.23304389426497879034
8.915000             -0.23125063776727172726
8.920000             -0.22939079308767082455
8.925000             -0.22747021715489712523
8.930000             -0.22549222947846289666
8.935000             -0.22346490211559635886
8.940000             -0.22139855494729429597
8.945000             -0.21930384132840283207
8.950000             -0.21719621564122301716
8.955000             -0.21508520717093670971
8.960000             -0.21298567472880164386
8.965000             -0.21090961753418133173
8.970000             -0.20886802901996726067
8.975000             -0.20686879974461805376
8.980000             -0.20492130048518758523
8.985000             -0.20302763242675714306
8.990000             -0.20118897522539794243
8.995000             -0.19940406608047558934
9.000000             -0.19766887263729968072
9.005000             -0.19597653543174964330
9.010000             -0.19432144408568316485
9.015000             -0.19269617449750001126
9.020000             -0.19109362520107911476
9.025000             -0.18950684322699865025
9.030000             -0.18792998479305647597
9.035000             -0.18635991780560212661
9.040000             -0.18479314974399169147
9.045000             -0.18322706177695882723
9.050000             -0.18166414647198536603
9.055000             -0.18010777042723860597
9.060000             -0.17855922683854966171
9.065000             -0.17702555221347981984
9.070000             -0.17551256106954910008
9.075000             -0.17402672543449071441
9.080000             -0.17257317151948289857
9.085000             -0.17115833080751727269
9.090000             -0.16979219675257117839
9.095000             -0.16847548267739512196
9.100000             -0.16721201551963771337
9.105000             -0.16600686765762528996
9.110000             -0.16486341826156566959
9.115000             -0.16378432141485579909
9.120000             -0.16277623336048727132
9.125000             -0.16184319633858437748
9.130000             -0.16099279071208649761
9.135000             -0.16023274915744295521
9.140000             -0.15957056424177093468
9.145000             -0.15901377552770146195
9.150000             -0.15857161532395858128
9.155000             -0.15825353402010552961
9.160000             -0.15806833399269146212
9.165000             -0.15802642427099525269
9.170000             -0.15813383354889537502
9.175000             -0.15839711498339384410
9.180000             -0.15882089207175484336
9.185000             -0.15940859570751683694
9.190000             -0.16016434097790510638
9.195000             -0.16108880349131882159
9.200000             -0.16218384016975559425
9.205000             -0.16344358634618710857
9.210000             -0.16486644066949218690
9.215000             -0.16644193063448647907
9.220000             -0.16816396402847502700
9.225000             -0.17002050076337710260
9.230000             -0.17199745584618814087
9.235000             -0.17407519725743819672
9.240000             -0.17623486972253396554
9.245000             -0.17845610048758894783
9.250000             -0.18071896121022512638
9.255000             -0.18300102066304374526
9.260000             -0.18528941301294615807
9.265000             -0.18756113531605397848
9.270000             -0.18979876315998719938
9.275000             -0.19198633673576087633
9.280000             -0.19411423943850680818
9.285000             -0.19617079518641236668
9.290000             -0.19815077680625692302
9.295000             -0.20005193020470071752
9.300000             -0.20187305556261508910
9.305000             -0.20361620873212252225
9.310000             -0.20528841746871556717
9.315000             -0.20689364942211402321
9.320000             -0.20844305502931517737
9.325000             -0.20994416142727279073
9.330000             -0.21140670808812875303
9.335000             -0.21283867432393430152
9.340000             -0.21424697222910391026
9.345000             -0.21564057126177033075
9.350000             -0.21701861082452203466
9.355000             -0.21838626824418638783
9.360000             -0.21974113786589397068
9.365000             -0.22108195515830472710
9.370000             -0.22240658711445313034
9.375000             -0.22370919482656176358
9.380000             -0.22498472963664836732
9.385000             -0.22622871543708475417
9.390000             -0.22743459972427226834
9.395000             -0.22859649008646729107
9.400000             -0.22970781432496958918
9.405000             -0.23076193195977523498
9.410000             -0.23175286551386301004
9.415000             -0.23267742911993158361
9.420000             -0.23353000491463599131
9.425000             -0.23430849031355868717
9.430000             -0.23501074536470104026
9.435000             -0.23563747661636263997
9.440000             -0.23619047473402052240
9.445000             -0.23666816030141973881
9.450000             -0.23707336050561300667
9.455000             -0.23741337306253740280
9.460000             -0.23769470789258403953
9.465000             -0.23791799589909895518
9.470000             -0.23808672737144237486
9.475000             -0.23820934837296828257
9.480000             -0.23828768605041697470
9.485000             -0.23832647773649351386
9.490000             -0.23832932248193999802
9.495000             -0.23830022176311022042
9.500000             -0.23824000617616461484
9.505000             -0.23814895506568778405
9.510000             -0.23802928500924808164
9.515000             -0.23788230503532969973
9.520000             -0.23770650949455265910
9.525000             -0.23750499625992227415
9.530000             -0.23727775922639210426
9.535000             -0.23702527504780709910
9.540000             -0.23674499381181943192
9.545000             -0.23643923542326772402
9.550000             -0.23610769271680814851
9.555000             -0.23574980259539687899
9.560000             -0.23536408371452097188
9.565000             -0.23494799407826236215
9.570000             -0.23449738206740658453
9.575000             -0.23401006676324986877
9.580000             -0.23348175925835867872
9.585000             -0.23290423651565672625
9.590000             -0.23227310501399348053
9.595000             -0.23158396567706390767
9.600000             -0.23083179983475018981
9.605000             -0.23001314997865932033
9.610000             -0.22912670962450829015
9.615000             -0.22817239910519618307
9.620000             -0.22714869738761750417
9.625000             -0.22605622252683033047
9.630000             -0.22489686241280229528
9.635000             -0.22367593312332001432
9.640000             -0.22239820590013481549
9.645000             -0.22106890024262818017
9.650000             -0.21969525632690148353
9.655000             -0.21828552031369408137
9.660000             -0.21684684005199036938
9.665000             -0.21539026784493814359
9.670000             -0.21392612847080438865
9.675000             -0.21246499026721885062
9.680000             -0.21101358885174259505
9.685000             -0.20958478105576450190
9.690000             -0.20818418548196343520
9.695000             -0.20682166530441459251
9.700000             -0.20549896422931498985
9.705000             -0.20422045089081941605
9.710000             -0.20298766006670540540
9.715000             -0.20179884403000314386
9.720000             -0.20065131081756670817
9.725000             -0.19953873731692464699
9.730000             -0.19845369474080140626
9.735000             -0.19738920755115413330
9.740000             -0.19633544337090877430
9.745000             -0.19528537346923952045
9.750000             -0.19423083708707208905
9.755000             -0.19316182005166748770
9.760000             -0.19207177165569050414
9.765000             -0.19095368300616369361
9.770000             -0.18980345467049658525
9.775000             -0.18861902225424023727
9.780000             -0.18739970292568547405
9.785000             -0.18614980543811415759
9.790000             -0.18487232447295479099
9.795000             -0.18357108323819909534
9.800000             -0.18225617713951411392
9.805000             -0.18093139363061747082
9.810000             -0.17960760769481493027
9.815000             -0.17829339376015579388
9.820000             -0.17699768861652651064
9.825000             -0.17572873260597013378
9.830000             -0.17449821979785593018
9.835000             -0.17331032833799356330
9.840000             -0.17217224816815404620
9.845000             -0.17108852032604329740
9.850000             -0.17006306820182376383
9.855000             -0.16909549786935576532
9.860000             -0.16818618657327716326
9.865000             -0.16733102286646339696
9.870000             -0.16652805525594188696
9.875000             -0.16577301122368856556
9.880000             -0.16506058767775352858
9.885000             -0.16438543728296350910
9.890000             -0.16374239076318616859
9.895000             -0.16312559454335257003
9.900000             -0.16253241737650950260
9.905000             -0.16195831898867693588
9.910000             -0.16140161227526733656
9.915000             -0.16086308519197892175
9.920000             -0.16034191428040470151
9.925000             -0.15984008780025649177
9.930000             -0.15936092167889048810
9.935000             -0.15890681612995244398
9.940000             -0.15847827120206381402
9.945000             -0.15808053120833184813
9.950000             -0.15771472511051137788
9.955000             -0.15738358124049234288
9.960000             -0.15708802713428640652
9.965000             -0.15682978721609924788
9.970000             -0.15661118837294907280
9.975000             -0.15643186074846557321
9.980000             -0.15629353831877093595
9.985000             -0.15619726817019771725
9.990000             -0.15614530274945018218
9.995000             -0.15614091745679403722
10.000000             -0.15618936519377729644
10.005000             -0.15629747576001831733
10.010000             -0.15647256873409565170
10.015000             -0.15671895336887561867
10.020000             -0.15704601516576455200
10.025000             -0.15746067970836410965
10.030000             -0.15796746203561459754
10.035000             -0.15857569413598437968
10.040000             -0.15928754273332887403
10.045000             -0.16010605432034308304
10.050000             -0.16103371107175651344
10.055000             -0.16207272810925330009
10.060000             -0.16322359484020981801
10.065000             -0.16448438967037776193
10.070000             -0.16585476535118318098
10.075000             -0.16733170765086244347
10.080000             -0.16891237527723657053
10.085000             -0.17059198837101741120
10.090000             -0.17236596204283594069
10.095000             -0.17422827903069143529
10.100000             -0.17617305109557773735
10.105000             -0.17819286851467391886
10.110000             -0.18028199509020101376
10.115000             -0.18242975540130226819
10.120000             -0.18462904966017371078
10.125000             -0.18687548517822452632
10.130000             -0.18916023824372185658
10.135000             -0.19147797215335712884
10.140000             -0.19383010096886724161
10.145000             -0.19621361241676602005
10.150000             -0.19862852214624057701
10.155000             -0.20106989658212592875
10.160000             -0.20353852924998022678
10.165000             -0.20603242086900611096
10.170000             -0.20854712835855931941
10.175000             -0.21107599141092306394
10.180000             -0.21361372050112226173
10.185000             -0.21615049591539875484
10.190000             -0.21867294820280921974
10.195000             -0.22117108084356293385
10.200000             -0.22363235826169719500
10.205000             -0.22604468066955368810
10.210000             -0.22839323968046990054
10.215000             -0.23066522627977789628
10.220000             -0.23285169320665505266
10.225000             -0.23493783028844755778
10.230000             -0.23690960109659614519
10.235000             -0.23875636505027000855
10.240000             -0.24046396773876047015
10.245000             -0.24202000053051891948
10.250000             -0.24341294455803597074
10.255000             -0.24463055136017980429
10.260000             -0.24566652713376541106
10.265000             -0.24651138973463415649
10.270000             -0.24715865767993661084
10.275000             -0.24760445054423585454
10.280000             -0.24784475664089669622
10.285000             -0.24788137922366412780
10.290000             -0.24771038175636694856
10.295000             -0.24733204464511757137
10.300000             -0.24675168077288367474
10.305000             -0.24596899652717191254
10.310000             -0.24498670014265067074
10.315000             -0.24380635081175877632
10.320000             -0.24242991408052419477
10.325000             -0.24085860767912634084
10.330000             -0.23909490118201429110
10.335000             -0.23713891260515890247
10.340000             -0.23499538184758902992
10.345000             -0.23266848152864941235
10.350000             -0.23015641283848287113
10.355000             -0.22747044939148128306
10.360000             -0.22461923241608050539
10.365000             -0.22161161192964218269
10.370000             -0.21846051717885167642
10.375000             -0.21517245122214465058
10.380000             -0.21176621325026875886
10.385000             -0.20825189414515057895
10.390000             -0.20464484262286100624
10.395000             -0.20095961337252343792
10.400000             -0.19721194854191820278
10.405000             -0.19341799203300308330
10.410000             -0.18959367321309636423
10.415000             -0.18575214094144817945
10.420000             -0.18190825397402168861
10.425000             -0.17807683657471956584
10.430000             -0.17427219607866129003
10.435000             -0.17050156410985489730
10.440000             -0.16677744933817678641
10.445000             -0.16310965636645893828
10.450000             -0.15950643736700906294
10.455000             -0.15598038645744974340
10.460000             -0.15253545071957497203
10.465000             -0.14917721209382356351
10.470000             -0.14591168740212290267
10.475000             -0.14274364798333913362
10.480000             -0.13968046310629284035
10.485000             -0.13672422464838951406
10.490000             -0.13388127995407600457
10.495000             -0.13115764502699236993
10.500000             -0.12856136714650245878
10.505000             -0.12610310874571936668
10.510000             -0.12379610522897012415
10.515000             -0.12165411016618415951
10.520000             -0.11969132212670488546
10.525000             -0.11792064721778436343
10.530000             -0.11635664002617536472
10.535000             -0.11501080129824309273
10.540000             -0.11389469463400823945
10.545000             -0.11301559734124889955
10.550000             -0.11237657816750118434
10.555000             -0.11198155516566556111
10.560000             -0.11183780490325824497
10.565000             -0.11194845976605773130
10.570000             -0.11230858420576543544
10.575000             -0.11291650068702557830
10.580000             -0.11377083465246544403
10.585000             -0.11486514340373571441
10.590000             -0.11619242504920487824
10.595000             -0.11774599674006090699
10.600000             -0.11951381889124537694
10.605000             -0.12148260806903279918
10.610000             -0.12364227659822601968
10.615000             -0.12597442014857238024
10.620000             -0.12846550267321954486
10.625000             -0.13109795214894096049
10.630000             -0.13385620855840552057
10.635000             -0.13672522732192388117
10.640000             -0.13969062813309088278
10.645000             -0.14273762346959870118
10.650000             -0.14585233605861405715
10.655000             -0.14902038760575980758
10.660000             -0.15222820477240217585
10.665000             -0.15546311537851140172
10.670000             -0.15871076671651526691
10.675000             -0.16196164203006765958
10.680000             -0.16520225169020227862
10.685000             -0.16842109470072741395
10.690000             -0.17160792275873454349
10.695000             -0.17475016007228097448
10.700000             -0.17784014313829010767
10.705000             -0.18086193863550167893
10.710000             -0.18380796114627762083
10.715000             -0.18666846441598605733
10.720000             -0.18944142287897669519
10.725000             -0.19211458520998986321
10.730000             -0.19468466739248008190
10.735000             -0.19714938404498497104
10.740000             -0.19950793325019336444
10.745000             -0.20176248872620841657
10.750000             -0.20391504259373022245
10.755000             -0.20596858385985702955
10.760000             -0.20792564776376326607
10.765000             -0.20979075044212566747
10.770000             -0.21156529559865411283
10.775000             -0.21325174539442692812
10.780000             -0.21485175250952898152
10.785000             -0.21636438536999291760
10.790000             -0.21778897239698039034
10.795000             -0.21912522969310607723
10.800000             -0.22037051239747862397
10.805000             -0.22152195597371784896
10.810000             -0.22257686870490586695
10.815000             -0.22352754621293202675
10.820000             -0.22436748584476229329
10.825000             -0.22509272474094815797
10.830000             -0.22569382657173725493
10.835000             -0.22616554180473599778
10.840000             -0.22650144432481039702
10.845000             -0.22669745751399558720
10.850000             -0.22674950058601978098
10.855000             -0.22665478190319979235
10.860000             -0.22641392709129287697
10.865000             -0.22602885934008712376
10.870000             -0.22550617391154312297
10.875000             -0.22485090669032958832
10.880000             -0.22407552206540468087
10.885000             -0.22318962555040047779
10.890000             -0.22220344161423227769
10.895000             -0.22112784824096440306
10.900000             -0.21997324812483012857
10.905000             -0.21874699891398152740
10.910000             -0.21745980173283735448
10.915000             -0.21611812833256061062
10.920000             -0.21472946817530083607
10.925000             -0.21329672473017821654
10.930000             -0.21182418745051206921
10.935000             -0.21031474015480156048
10.940000             -0.20876912434293926069
10.945000             -0.20718599773684898135
10.950000             -0.20556354060347828416
10.955000             -0.20389868452674281274
10.960000             -0.20218769050117996189
10.965000             -0.20042770320783129256
10.970000             -0.19861364704736508835
10.975000             -0.19674341898991759559
10.980000             -0.19481642545186184101
10.985000             -0.19283152301635664294
10.990000             -0.19079209007880326698
10.995000             -0.18869711204953867889
11.000000             -0.18655205834761126593
11.005000             -0.18436561065607368071
11.010000             -0.18214662623846353262
11.015000             -0.17990530424359138517
11.020000             -0.17765479675581882790
11.025000             -0.17540935388810360851
11.030000             -0.17318777277259964076
11.035000             -0.17100611680821647953
11.040000             -0.16888049576781455352
11.045000             -0.16682738313352815651
11.050000             -0.16486097358102197452
11.055000             -0.16299115892691051766
11.060000             -0.16122625720072347733
11.065000             -0.15957266821387008915
11.070000             -0.15803783775297752801
11.075000             -0.15662441371535704149
11.080000             -0.15533496883709999037
11.085000             -0.15417028373953112208
11.090000             -0.15312965745174653143
11.095000             -0.15221219214359674177
11.100000             -0.15141608232403491741
11.105000             -0.15073806788910770749
11.110000             -0.15017436372355555396
11.115000             -0.14972020151664652832
11.120000             -0.14937068315100923699
11.125000             -0.14912119722449571069
11.130000             -0.14896928411690288363
11.135000             -0.14891129656342305676
11.140000             -0.14894864629192949845
11.145000             -0.14908065162203282261
11.150000             -0.14930902013172550613
11.155000             -0.14963322840752574239
11.160000             -0.15005553884042055479
11.165000             -0.15057521407937832225
11.170000             -0.15119266843050219173
11.175000             -0.15190823296963612554
11.180000             -0.15272172625510480048
11.185000             -0.15363251701050636977
11.190000             -0.15463885659139436912
11.195000             -0.15574073473602245699
11.200000             -0.15693167831243123866
11.205000             -0.15821014581559639245
11.210000             -0.15957155088018004641
11.215000             -0.16101052115530997688
11.220000             -0.16252055121213040967
11.225000             -0.16409511255815495412
11.230000             -0.16572906189339192684
11.235000             -0.16741979441666912654
11.240000             -0.16915887303330354174
11.245000             -0.17094251654069561597
11.250000             -0.17276482268522783126
11.255000             -0.17461847885110295953
11.260000             -0.17649877353929757651
11.265000             -0.17840062051339292126
11.270000             -0.18031884957919241952
11.275000             -0.18225063752120029825
11.280000             -0.18419155903027376042
11.285000             -0.18614034846894772501
11.290000             -0.18809179380871896003
11.295000             -0.19004220877810465429
11.300000             -0.19198795720495562267
11.305000             -0.19392264238950226996
11.310000             -0.19584041474316934983
11.315000             -0.19773441137594024997
11.320000             -0.19959870912620189531
11.325000             -0.20142552140922043158
11.330000             -0.20320722503403673698
11.335000             -0.20493909708989097029
11.340000             -0.20661374929097542363
11.345000             -0.20822362428618876318
11.350000             -0.20976452406215412294
11.355000             -0.21122996908755303780
11.360000             -0.21261292083624991345
11.365000             -0.21390979060218232033
11.370000             -0.21511546549296786668
11.375000             -0.21622576337258253565
11.380000             -0.21723659714356424733
11.385000             -0.21814478366450071323
11.390000             -0.21894714197209219630
11.395000             -0.21964056304039464296
11.400000             -0.22022390254270865495
11.405000             -0.22069635286465816293
11.410000             -0.22105788470966272752
11.415000             -0.22130744517322600839
11.420000             -0.22144460211738198341
11.425000             -0.22147032400308477862
11.430000             -0.22138512527387912976
11.435000             -0.22119282029054126992
11.440000             -0.22088844776843821749
11.445000             -0.22047203031699541542
11.450000             -0.21994926525107885706
11.455000             -0.21931883069078247916
11.460000             -0.21858119513339285822
11.465000             -0.21774205199666266108
11.470000             -0.21680389464442928471
11.475000             -0.21576444074996203870
11.480000             -0.21462738350525481512
11.485000             -0.21339657942898848653
11.490000             -0.21207201747100140610
11.495000             -0.21065578963305692239
11.500000             -0.20915049499990703841
11.505000             -0.20755615187416176504
11.510000             -0.20587568209827877830
11.515000             -0.20411048131316039678
11.520000             -0.20226336334609792966
11.525000             -0.20033771767526512009
11.530000             -0.19833568991021288674
11.535000             -0.19626082969455088678
11.540000             -0.19412109874155170086
11.545000             -0.19192022320404575342
11.550000             -0.18966527513260034166
11.555000             -0.18736136242760137449
11.560000             -0.18501450166397614971
11.565000             -0.18263213154602281341
11.570000             -0.18022122271952753514
11.575000             -0.17778800791876053777
11.580000             -0.17534082910348472439
11.585000             -0.17288585687999832863
11.590000             -0.17042953124246626451
11.595000             -0.16797869509758855955
11.600000             -0.16554087159182551137
11.605000             -0.16312201459606140430
11.610000             -0.16072946357840356413
11.615000             -0.15836949425654506252
11.620000             -0.15605179054419168749
11.625000             -0.15378150382693889231
11.630000             -0.15156885245343593160
11.635000             -0.14942378810743617290
11.640000             -0.14735473490069611602
11.645000             -0.14537046289492078222
11.650000             -0.14347989693537535616
11.655000             -0.14169323542983452979
11.660000             -0.14001642482008549995
11.665000             -0.13846427885890846832
11.670000             -0.13704169737025773124
11.675000             -0.13575666313410733599
11.680000             -0.13461618810796133205
11.685000             -0.13362855712117352458
11.690000             -0.13279835476486365198
11.695000             -0.13212687848355605946
11.700000             -0.13162033479832674354
11.705000             -0.13128187126481086211
11.710000             -0.13111081437455898713
11.715000             -0.13110635505860138150
11.720000             -0.13126714522802443441
11.725000             -0.13159117716797047448
11.730000             -0.13207521026897969807
11.735000             -0.13271352499170269157
11.740000             -0.13350306549897647534
11.745000             -0.13443922179661538241
11.750000             -0.13551528301945342525
11.755000             -0.13672540620701828518
11.760000             -0.13806236159493640026
11.765000             -0.13951946601759762645
11.770000             -0.14108975597591916218
11.775000             -0.14276716971310932092
11.780000             -0.14454557299725612207
11.785000             -0.14642006184847886074
11.790000             -0.14838694759163967296
11.795000             -0.15044392038440007608
11.800000             -0.15258752409572035047
11.805000             -0.15481499245947610843
11.810000             -0.15712732185538313967
11.815000             -0.15951972007249237695
11.820000             -0.16199033575312213329
11.825000             -0.16453786795747299410
11.830000             -0.16715581492580980361
11.835000             -0.16983748659417940985
11.840000             -0.17258409045814210314
11.845000             -0.17538671801257149641
11.850000             -0.17823836562004088946
11.855000             -0.18113251897726856399
11.860000             -0.18406123578565977694
11.865000             -0.18701543376758386628
11.870000             -0.18998657710129510101
11.875000             -0.19296465671169557576
11.880000             -0.19593942015404952617
11.885000             -0.19890022876581472944
11.890000             -0.20183991220431496405
11.895000             -0.20474465354424001284
11.900000             -0.20760542342672175242
11.905000             -0.21041116106210935865
11.910000             -0.21315335038535634937
11.915000             -0.21582268201533652552
11.920000             -0.21840953683715108591
11.925000             -0.22090420737306418197
11.930000             -0.22329797291880090770
11.935000             -0.22558685704010006390
11.940000             -0.22775963028889917306
11.945000             -0.22981498092195926097
11.950000             -0.23174954064364799988
11.955000             -0.23356172882029835325
11.960000             -0.23524941827661738358
11.965000             -0.23681070447085703079
11.970000             -0.23824641386106970575
11.975000             -0.23955763220598136343
11.980000             -0.24074360362569408034
11.985000             -0.24180018127106508996
11.990000             -0.24272481923387612124
11.995000             -0.24351378137397361456
12.000000             -0.24416191556138536201
12.005000             -0.24466727755395059618
12.010000             -0.24502276613531856486
12.015000             -0.24522529921163013777
12.020000             -0.24527206505614568277
12.025000             -0.24515971467230157632
12.030000             -0.24488574722624370517
12.035000             -0.24445116476697989483
12.040000             -0.24385652945778818479
12.045000             -0.24310177468470234308
12.050000             -0.24219025783025577292
12.055000             -0.24112338761196563941
12.060000             -0.23990424631417789358
12.065000             -0.23853546485435075941
12.070000             -0.23702248789530713791
12.075000             -0.23536635164979058388
12.080000             -0.23357212141262451155
12.085000             -0.23164533853530905327
12.090000             -0.22958972180345424419
12.095000             -0.22740869716764358643
12.100000             -0.22510660945656285614
12.105000             -0.22268848976787819494
12.110000             -0.22015646842819577844
12.115000             -0.21751542616610464176
12.120000             -0.21477317582805136031
12.125000             -0.21193199206696100578
12.130000             -0.20899890760124187339
12.135000             -0.20598328506161728280
12.140000             -0.20289262917961561894
12.145000             -0.19973642774700839375
12.150000             -0.19652342819468548996
12.155000             -0.19326315420167680670
12.160000             -0.18996930211071294536
12.165000             -0.18665114466781790314
12.170000             -0.18332289353218034211
12.175000             -0.17999450416501952543
12.180000             -0.17668052174440748714
12.185000             -0.17339054222375482883
12.190000             -0.17013703639173444193
12.195000             -0.16692950668656181268
12.200000             -0.16377575707119149118
12.205000             -0.16068859350323072555
12.210000             -0.15767316097334407865
12.215000             -0.15473724086788337440
12.220000             -0.15188714176025716607
12.225000             -0.14913010465606810206
12.230000             -0.14646984201238144596
12.235000             -0.14390817450782070197
12.240000             -0.14144949900205516791
12.245000             -0.13909274788376671528
12.250000             -0.13683907321914121069
12.255000             -0.13468814916838464657
12.260000             -0.13264036028331094297
12.265000             -0.13069801874636080563
12.270000             -0.12886145856726144432
12.275000             -0.12713306117600614575
12.280000             -0.12551571928648511123
12.285000             -0.12401454335327379008
12.290000             -0.12263337382127513508
12.295000             -0.12137697600970265288
12.300000             -0.12025077272317544197
12.305000             -0.11925989426671312899
12.310000             -0.11840974941757993755
12.315000             -0.11770423337270639885
12.320000             -0.11714734607295694546
12.325000             -0.11674016229502130748
12.330000             -0.11648611946262417416
12.335000             -0.11638634099835534763
12.340000             -0.11643883201311748532
12.345000             -0.11664199583704566721
12.350000             -0.11699303116670309310
12.355000             -0.11748584585330464070
12.360000             -0.11811690558675219664
12.365000             -0.11888108341020849068
12.370000             -0.11977196435697796961
12.375000             -0.12078333166563012813
12.380000             -0.12191147794176505903
12.385000             -0.12315087621624594416
12.390000             -0.12449796756218646510
12.395000             -0.12594815677835649592
12.400000             -0.12750094482146517860
12.405000             -0.12915336138056088267
12.410000             -0.13090489715545783334
12.415000             -0.13275272997866352509
12.420000             -0.13469900295157360981
12.425000             -0.13674409961736797015
12.430000             -0.13888616901952244298
12.435000             -0.14112473936246014428
12.440000             -0.14346039014842501547
12.445000             -0.14588942052079575951
12.450000             -0.14840788454179604239
12.455000             -0.15101228704458311003
12.460000             -0.15369568900030045056
12.465000             -0.15645064890909238242
12.470000             -0.15926920506711342296
12.475000             -0.16214145173940375244
12.480000             -0.16505807695422408665
12.485000             -0.16800668615996547373
12.490000             -0.17097772324289828294
12.495000             -0.17395906401285793352
12.500000             -0.17694070879940512753
12.505000             -0.17991113981041073622
12.510000             -0.18286030791908169935
12.515000             -0.18577965466474244405
12.520000             -0.18865916015822484231
12.525000             -0.19149041369484473551
12.530000             -0.19426645812796317081
12.535000             -0.19698064284127114743
12.540000             -0.19962716208980496591
12.545000             -0.20220097068173623067
12.550000             -0.20470041125597859821
12.555000             -0.20711973302154787491
12.560000             -0.20945641038682144552
12.565000             -0.21170828373945604906
12.570000             -0.21387247035350670510
12.575000             -0.21594776844181368114
12.580000             -0.21793371036290437592
12.585000             -0.21982805882428546607
12.590000             -0.22163061891717783514
12.595000             -0.22333826307274035061
12.600000             -0.22495237227350217690
12.605000             -0.22647063742669695796
12.610000             -0.22788668705797962555
12.615000             -0.22920160048505922035
12.620000             -0.23040980595878235437
12.625000             -0.23150954513833540971
12.630000             -0.23249684785034790968
12.635000             -0.23336879454281714286
12.640000             -0.23412428437373494772
12.645000             -0.23476161034179421350
12.650000             -0.23527754122283839333
12.655000             -0.23567293934683863910
12.660000             -0.23594796750051205692
12.665000             -0.23609875695623638858
12.670000             -0.23612497368555598887
12.675000             -0.23603012050206031991
12.680000             -0.23581329889175323133
12.685000             -0.23547718004766635125
12.690000             -0.23502370722753729293
12.695000             -0.23445622016351611028
12.700000             -0.23377249248416298588
12.705000             -0.23297316951814475705
12.710000             -0.23206134657882915295
12.715000             -0.23103901593446807272
12.720000             -0.22990639049397296190
12.725000             -0.22866634775800659396
12.730000             -0.22732215575503786353
12.735000             -0.22587418094807551472
12.740000             -0.22432291980014057442
12.745000             -0.22267518935708133232
12.750000             -0.22093066161971344763
12.755000             -0.21909276242951880587
12.760000             -0.21716454185199482452
12.765000             -0.21515108390689852147
12.770000             -0.21305521918687084226
12.775000             -0.21088408303390085430
12.780000             -0.20864638766827861560
12.785000             -0.20634569326261392730
12.790000             -0.20399065259945994844
12.795000             -0.20159183986496936880
12.800000             -0.19915718219746292306
12.805000             -0.19669746154832129514
12.810000             -0.19422377833741333308
12.815000             -0.19174442288273912949
12.820000             -0.18926958342945390812
12.825000             -0.18680873392098307217
12.830000             -0.18437107896493282189
12.835000             -0.18196608974770395184
12.840000             -0.17959941201867699045
12.845000             -0.17728172462667249332
12.850000             -0.17502138174692624673
12.855000             -0.17282248603415958921
12.860000             -0.17069152369349477327
12.865000             -0.16863352546842069746
12.870000             -0.16665318166282411250
12.875000             -0.16475549368973149700
12.880000             -0.16294392183678349517
12.885000             -0.16122083091775782360
12.890000             -0.15958995890010529983
12.895000             -0.15805368099062233611
12.900000             -0.15661363094091168557
12.905000             -0.15527248388800496404
12.910000             -0.15403438886803927366
12.915000             -0.15289842560582314612
12.920000             -0.15186835187948841130
12.925000             -0.15094611379456218669
12.930000             -0.15013511163347817434
12.935000             -0.14943747001741214397
12.940000             -0.14885637095925308149
12.945000             -0.14839402775197269024
12.950000             -0.14805762335388614193
12.955000             -0.14784897089976245521
12.960000             -0.14777062670569346414
12.965000             -0.14782647639656437688
12.970000             -0.14801904042864086342
12.975000             -0.14835150161506566180
12.980000             -0.14882531320655459361
12.985000             -0.14944103084923465730
12.990000             -0.15019761336450440647
12.995000             -0.15109530545848445793
13.000000             -0.15213072559496804148
13.005000             -0.15330015518223688575
13.010000             -0.15459803645493863655
13.015000             -0.15602004616984660457
13.020000             -0.15755877771820783750
13.025000             -0.15920737564375450623
13.030000             -0.16095701178095214723
13.035000             -0.16279963420579343647
13.040000             -0.16472623153774235139
13.045000             -0.16672177982613212155
13.050000             -0.16878036343176175405
13.055000             -0.17089075157985039732
13.060000             -0.17304217375723096595
13.065000             -0.17522411710248017580
13.070000             -0.17742371772637113847
13.075000             -0.17962894309614518829
13.080000             -0.18183075459732153667
13.085000             -0.18401678327650980438
13.090000             -0.18617696518400017602
13.095000             -0.18830209481140527950
13.100000             -0.19038434880814900096
13.105000             -0.19241423702792359585
13.110000             -0.19438653235768804661
13.115000             -0.19629488439023334845
13.120000             -0.19813621595810312903
13.125000             -0.19990401471506466513
13.130000             -0.20159461065085682030
13.135000             -0.20320640573610848634
13.140000             -0.20473462354747865022
13.145000             -0.20617922792017498446
13.150000             -0.20753936264556960278
13.155000             -0.20881775929818910398
13.160000             -0.21000777384104815648
13.165000             -0.21110815408083768996
13.170000             -0.21212141850517166053
13.175000             -0.21304776805259215133
13.180000             -0.21388651041572082079
13.185000             -0.21463655083272972779
13.190000             -0.21529855173475423435
13.195000             -0.21587216202046477509
13.200000             -0.21636044840653620436
13.205000             -0.21675926909748963189
13.210000             -0.21706965692619409336
13.215000             -0.21729154392094496284
13.220000             -0.21742514662958856153
13.225000             -0.21747113000788331760
13.230000             -0.21742880561649027826
13.235000             -0.21730350914201146395
13.240000             -0.21709258394514568957
13.245000             -0.21679918983089938034
13.250000             -0.21642453974826098007
13.255000             -0.21596927464171125632
13.260000             -0.21543574534678422427
13.265000             -0.21482566307100564584
13.270000             -0.21414270208233007753
13.275000             -0.21338922721841030450
13.280000             -0.21256769661760543944
13.285000             -0.21168228327770091668
13.290000             -0.21073520010253271595
13.295000             -0.20973057717704138292
13.300000             -0.20867376887229191484
13.305000             -0.20756978719408883394
13.310000             -0.20642152419031525867
13.315000             -0.20523060721810781892
13.320000             -0.20400357981384914519
13.325000             -0.20274479488312044384
13.330000             -0.20145883527765304222
13.335000             -0.20014937191411763528
13.340000             -0.19881890828254111803
13.345000             -0.19747064420041809951
13.350000             -0.19610388481968912822
13.355000             -0.19471733250188191788
13.360000             -0.19331580154468538946
13.365000             -0.19189587370024005497
13.370000             -0.19045504081414119102
13.375000             -0.18899346420791129919
13.380000             -0.18750969995078856090
13.385000             -0.18600423083486752884
13.390000             -0.18447395593149093496
13.395000             -0.18292196050461939638
13.400000             -0.18134957738868598409
13.405000             -0.17975812525082432436
13.410000             -0.17815343876616754337
13.415000             -0.17653781181059383099
13.420000             -0.17492287541999917977
13.425000             -0.17331126000950128341
13.430000             -0.17171093000485118663
13.435000             -0.17013141952303700855
13.440000             -0.16858356352861025851
13.445000             -0.16707310416153894894
13.450000             -0.16560889088726757357
13.455000             -0.16419901778273401916
13.460000             -0.16285205703248611941
13.465000             -0.16157021645258701215
13.470000             -0.16036091955295536660
13.475000             -0.15922728025120899686
13.480000             -0.15817151697211168093
13.485000             -0.15719332765283730580
13.490000             -0.15629393935510849101
13.495000             -0.15547060910454646443
13.500000             -0.15472080100478380338
13.505000             -0.15404302783423620693
13.510000             -0.15343416531541897996
13.515000             -0.15289130096448633189
13.520000             -0.15241213867221800604
13.525000             -0.15199268506769628151
13.530000             -0.15163238529485265071
13.535000             -0.15132667948959521720
13.540000             -0.15107404605876123549
13.545000             -0.15087326620905300301
13.550000             -0.15072110686195316909
13.555000             -0.15062005605119810348
13.560000             -0.15057143704500322579
13.565000             -0.15057574386058120153
13.570000             -0.15063345516471859931
13.575000             -0.15074557104350980175
13.580000             -0.15091699794793184131
13.585000             -0.15114709649852864359
13.590000             -0.15143951488430162922
13.595000             -0.15179196179193335525
13.600000             -0.15220661189577397443
13.605000             -0.15268629268181230230
13.610000             -0.15322896326979196235
13.615000             -0.15383694586755705669
13.620000             -0.15450715097861453251
13.625000             -0.15523940713618517018
13.630000             -0.15603212808603503237
13.635000             -0.15688429600994335811
13.640000             -0.15779529277912598961
13.645000             -0.15876231587456779426
13.650000             -0.15978545368247651370
13.655000             -0.16086278175282303637
13.660000             -0.16199459999882243055
13.665000             -0.16317864658999228777
13.670000             -0.16441366960583883583
13.675000             -0.16569705855517100068
13.680000             -0.16702815771198312178
13.685000             -0.16840646971742626037
13.690000             -0.16982887217723299789
13.695000             -0.17129505760726262964
13.700000             -0.17280384736079160146
13.705000             -0.17435228000974237195
13.710000             -0.17593980373992215704
13.715000             -0.17756470423272990855
13.720000             -0.17922580200544688256
13.725000             -0.18091660799520845049
13.730000             -0.18263508713255860449
13.735000             -0.18437656123332207825
13.740000             -0.18613906739153179837
13.745000             -0.18791123601902198770
13.750000             -0.18969117640196733743
13.755000             -0.19147014594913286389
13.760000             -0.19324228885990019089
13.765000             -0.19500028346121445200
13.770000             -0.19673373683847208970
13.775000             -0.19843964847490552783
13.780000             -0.20010985940398837157
13.785000             -0.20173907837277582633
13.790000             -0.20332316111491693933
13.795000             -0.20485721069869536337
13.800000             -0.20633837434186441673
13.805000             -0.20776419036285681541
13.810000             -0.20912891316955625753
13.815000             -0.21043425992757597287
13.820000             -0.21167634180581673675
13.825000             -0.21285513786099094502
13.830000             -0.21396872052937512820
13.835000             -0.21501589660468381493
13.840000             -0.21599497565272082755
13.845000             -0.21690369191121755543
13.850000             -0.21774027945842697185
13.855000             -0.21850042738591360370
13.860000             -0.21918168885959862791
13.865000             -0.21978199173393217492
13.870000             -0.22030054911310179011
13.875000             -0.22073050636098773269
13.880000             -0.22107320174116526501
13.885000             -0.22132236346322872733
13.890000             -0.22147669788433596572
13.895000             -0.22153412472477235218
13.900000             -0.22149293958070248589
13.905000             -0.22135120073979305810
13.910000             -0.22110662774580566725
13.915000             -0.22076192515009085415
13.920000             -0.22031678144379351902
13.925000             -0.21977368663724275444
13.930000             -0.21913374928720796841
13.935000             -0.21840006388600208265
13.940000             -0.21757540070602099380
13.945000             -0.21666391318994079884
13.950000             -0.21566888368804573717
13.955000             -0.21459427830061864051
13.960000             -0.21344406461015841270
13.965000             -0.21222268399589500065
13.970000             -0.21093411920293600459
13.975000             -0.20958111266372772552
13.980000             -0.20816869588675754321
13.985000             -0.20669944296974432363
13.990000             -0.20517804878451045836
13.995000             -0.20360944866043234613
14.000000             -0.20199497927785942109
14.005000             -0.20034060280339255344
14.010000             -0.19864649765938494075
14.015000             -0.19691510062675490755
14.020000             -0.19515225353810433662
14.025000             -0.19336100989826843222
14.030000             -0.19154498810134032438
14.035000             -0.18970945459082483309
14.040000             -0.18785673667228025563
14.045000             -0.18599315871312419035
14.050000             -0.18412251088453407410
14.055000             -0.18225150009530932671
14.060000             -0.18038606510220331347
14.065000             -0.17852974067675453362
14.070000             -0.17668916333606271563
14.075000             -0.17487038288712344891
14.080000             -0.17307771842033217724
14.085000             -0.17131775750036765116
14.090000             -0.16959671775480164579
14.095000             -0.16792068373174098839
14.100000             -0.16629643971699814564
14.105000             -0.16472674004234966194
14.110000             -0.16321700721805243450
14.115000             -0.16177385052679732480
14.120000             -0.16039766875341024410
14.125000             -0.15909502035885539351
14.130000             -0.15786529449434644201
14.135000             -0.15671483918763856602
14.140000             -0.15564523020776663276
14.145000             -0.15465778603836499716
14.150000             -0.15375347074964873517
14.155000             -0.15293401355575869660
14.160000             -0.15220097559852246993
14.165000             -0.15155534696649985982
14.170000             -0.15099870753554087144
14.175000             -0.15053257544336293150
14.180000             -0.15015740865337265375
14.185000             -0.14987469450209900401
14.190000             -0.14968493292886214663
14.195000             -0.14958885889803719138
14.200000             -0.14958682096397432626
14.205000             -0.14967868235746828454
14.210000             -0.14986713223718961530
14.215000             -0.15014820860550653903
14.220000             -0.15052654610834906301
14.225000             -0.15099880299202769751
14.230000             -0.15156641139358520420
14.235000             -0.15223029321205266973
14.240000             -0.15298990513090729437
14.245000             -0.15384658613115145820
14.250000             -0.15480034207150664138
14.255000             -0.15585073850450922861
14.260000             -0.15699812749090516495
14.265000             -0.15824370231872206261
14.270000             -0.15958547259800173745
14.275000             -0.16102287048536217950
14.280000             -0.16255471671368185160
14.285000             -0.16417889844574179437
14.290000             -0.16589172508084182311
14.295000             -0.16769136946154505896
14.300000             -0.16957004198928729566
14.305000             -0.17152398843821106689
14.310000             -0.17354542095270344970
14.315000             -0.17562656996988337821
14.320000             -0.17775875728910400797
14.325000             -0.17993213352566939101
14.330000             -0.18213604321034934652
14.335000             -0.18436141817104356733
14.340000             -0.18659919886414425005
14.345000             -0.18884092116992315380
14.350000             -0.19107720392893637329
14.355000             -0.19330063406750003230
14.360000             -0.19550358429922423675
14.365000             -0.19767878553943438180
14.370000             -0.19981937146988792975
14.375000             -0.20191948624314284833
14.380000             -0.20397208051410922747
14.385000             -0.20597258481110455874
14.390000             -0.20791335407903838162
14.395000             -0.20978879433414929223
14.400000             -0.21159520475649629123
14.405000             -0.21332899993489765067
14.410000             -0.21498548896071706382
14.415000             -0.21656099384898708227
14.420000             -0.21805342333732805060
14.425000             -0.21946049590306765387
14.430000             -0.22078085287323676034
14.435000             -0.22201184310646837616
14.440000             -0.22315303951390291770
14.445000             -0.22420476087154983524
14.450000             -0.22516576998232129547
14.455000             -0.22603575279584786628
14.460000             -0.22681171640711372817
14.465000             -0.22749235203062917465
14.470000             -0.22807851069187401460
14.475000             -0.22856882202440864660
14.480000             -0.22896253584814033055
14.485000             -0.22925860034863462800
14.490000             -0.22945985855401038189
14.495000             -0.22956096576344903193
14.500000             -0.22956357753121298115
14.505000             -0.22947013162660684360
14.510000             -0.22927812417522755450
14.515000             -0.22898925102756129135
14.520000             -0.22860662167517692422
14.525000             -0.22813102864263576364
14.530000             -0.22756482334278499424
14.535000             -0.22691066645954402481
14.540000             -0.22617187162335788964
14.545000             -0.22535076277899987462
14.550000             -0.22445020609745686135
14.555000             -0.22347189793523469792
14.560000             -0.22241826720166821274
14.565000             -0.22129073039625199448
14.570000             -0.22009197499158655864
14.575000             -0.21882106164099912604
14.580000             -0.21747948989126056341
14.585000             -0.21607041589333869647
14.590000             -0.21458496359007891985
14.595000             -0.21303194717592729979
14.600000             -0.21141119911210390359
14.605000             -0.20972338312243909986
14.610000             -0.20797051124748267004
14.615000             -0.20615454871438892992
14.620000             -0.20427793831319343565
14.625000             -0.20234499391533267154
14.630000             -0.20035601563936922265
14.635000             -0.19831779823622794345
14.640000             -0.19623493585808160500
14.645000             -0.19410653721821319317
14.650000             -0.19194392599007842337
14.655000             -0.18975140809333518321
14.660000             -0.18753403887033545661
14.665000             -0.18529810800139315252
14.670000             -0.18304856371947642035
14.675000             -0.18079181716654246781
14.680000             -0.17853406876534844150
14.685000             -0.17628226650030121014
14.690000             -0.17404181584227745860
14.695000             -0.17181957474038422884
14.700000             -0.16962046500596814069
14.705000             -0.16745201237094792246
14.710000             -0.16532005185521825297
14.715000             -0.16322491682380246836
14.720000             -0.16117472186659065336
14.725000             -0.15917461930282206239
14.730000             -0.15722683496077929921
14.735000             -0.15533441451131738131
14.740000             -0.15350216657988541291
14.745000             -0.15173253591762475567
14.750000             -0.15002832385592024256
14.755000             -0.14839205640833166844
14.760000             -0.14682616005382495561
14.765000             -0.14533213904215316892
14.770000             -0.14391142828676603549
14.775000             -0.14256503903250097864
14.780000             -0.14129416355399676553
14.785000             -0.14009918204662247243
14.790000             -0.13898162094572524827
14.795000             -0.13794259105710632296
14.800000             -0.13698223165078535213
14.805000             -0.13610182294793934932
14.810000             -0.13530078881687293557
14.815000             -0.13457982762081169281
14.820000             -0.13394007204815741585
14.825000             -0.13338322495776072651
14.830000             -0.13291090119172280226
14.835000             -0.13252697289959611271
14.840000             -0.13223525103671646130
14.845000             -0.13204055306022793870
14.850000             -0.13194792711742769908
14.855000             -0.13196317191173623229
14.860000             -0.13209272143142647415
14.865000             -0.13234022863831321204
14.870000             -0.13271195861295886909
14.875000             -0.13321129587973035147
14.880000             -0.13384067794531154250
14.885000             -0.13460291437803020842
14.890000             -0.13549849829681018254
14.895000             -0.13652551712003246909
14.900000             -0.13768261214992605357
14.905000             -0.13896644104836869404
14.910000             -0.14037353488503853671
14.915000             -0.14189961760206495911
14.920000             -0.14354044808151536494
14.925000             -0.14528797472553992010
14.930000             -0.14713517252099114763
14.935000             -0.14907407527691837745
14.940000             -0.15109600258313438115
14.945000             -0.15319321339181166119
14.950000             -0.15535564788127487201
14.955000             -0.15757501707773272082
14.960000             -0.15984152546164734354
14.965000             -0.16214701986186258464
14.970000             -0.16448352191570977943
14.975000             -0.16684231576087155124
14.980000             -0.16921937084377408622
14.985000             -0.17160647535882325720
14.990000             -0.17399818614219289548
14.995000             -0.17639047316909733931
15.000000             -0.17878201791811390575
15.005000             -0.18116639714304313968
15.010000             -0.18354053464283193176
15.015000             -0.18590017095277056036
15.020000             -0.18824185776078736221
15.025000             -0.19056348216965954268
15.030000             -0.19285984032467479166
15.035000             -0.19512570320490477127
15.040000             -0.19735766380933802977
15.045000             -0.19955161720419298255
15.050000             -0.20170373164081664696
15.055000             -0.20380904969984933728
15.060000             -0.20586345709618483757
15.065000             -0.20786161796190988360
15.070000             -0.20980276933173536147
15.075000             -0.21167753400398761632
15.080000             -0.21348692958904652572
15.085000             -0.21522716513446876752
15.090000             -0.21689462508740198210
15.095000             -0.21848448014350455026
15.100000             -0.21999415172632061366
15.105000             -0.22141993466071807628
15.110000             -0.22275949464062005934
15.115000             -0.22400905820389654943
15.120000             -0.22516717201889913103
15.125000             -0.22623185815371071872
15.130000             -0.22720037669696710458
15.135000             -0.22807303044912016765
15.140000             -0.22884620853953391295
15.145000             -0.22952191197271373801
15.150000             -0.23009448934760234895
15.155000             -0.23056348719781472045
15.160000             -0.23092665384544910911
15.165000             -0.23118187652869093274
15.170000             -0.23132611945504810702
15.175000             -0.23135848739512165917
15.180000             -0.23127422599823177496
15.185000             -0.23107337849422507348
15.190000             -0.23075521706205259775
15.195000             -0.23031876726350494766
15.200000             -0.22976396208292462764
15.205000             -0.22909068613160940564
15.210000             -0.22830288820528737981
15.215000             -0.22740181482552229708
15.220000             -0.22639127187267590879
15.225000             -0.22527410090313015889
15.230000             -0.22405464849913545033
15.235000             -0.22273930390224574993
15.240000             -0.22133244513198857550
15.245000             -0.21984099823540170782
15.250000             -0.21826968737366816975
15.255000             -0.21662633952656640268
15.260000             -0.21491696121234851735
15.265000             -0.21314618108450383849
15.270000             -0.21131995950849322141
15.275000             -0.20944478898714999349
15.280000             -0.20752801503236809055
15.285000             -0.20557295085127458290
15.290000             -0.20358462599709029051
15.295000             -0.20156792627513869798
15.300000             -0.19952845986776918119
15.305000             -0.19746969903452732398
15.310000             -0.19539304946565941301
15.315000             -0.19330375797144253025
15.320000             -0.19120937168641385928
15.325000             -0.18911603866035797683
15.330000             -0.18702570921771941026
15.335000             -0.18494722624729181826
15.340000             -0.18288727669952273280
15.345000             -0.18085126902954484773
15.350000             -0.17884711893436400221
15.355000             -0.17687945395902165968
15.360000             -0.17496087510991836789
15.365000             -0.17309370681997204855
15.370000             -0.17128700507606547943
15.375000             -0.16954509307655235562
15.380000             -0.16787826732396524121
15.385000             -0.16629058899520202108
15.390000             -0.16478631706187452099
15.395000             -0.16337274958010927772
15.400000             -0.16205199956989116417
15.405000             -0.16082657771962738380
15.410000             -0.15970090522456992232
15.415000             -0.15867592911524114330
15.420000             -0.15775193340817766918
15.425000             -0.15692915152530442779
15.430000             -0.15620696533020470009
15.435000             -0.15558358322603652035
15.440000             -0.15505695564164179157
15.445000             -0.15462430571020846504
15.450000             -0.15428225906993003891
15.455000             -0.15402998596942774068
15.460000             -0.15386334166216633634
15.465000             -0.15377824903690506808
15.470000             -0.15377234025203290191
15.475000             -0.15384285870809932817
15.480000             -0.15398789539147675343
15.485000             -0.15420796241061304754
15.490000             -0.15450100935228822108
15.495000             -0.15486865174910074971
15.500000             -0.15531060018545925216
15.505000             -0.15583007044069724367
15.510000             -0.15642547368096282323
15.515000             -0.15709977982680531361
15.520000             -0.15785631974299574320
15.525000             -0.15869569962832702492
15.530000             -0.15961608230290882937
15.535000             -0.16061904213625383120
15.540000             -0.16170418076370210447
15.545000             -0.16287050390362023400
15.550000             -0.16411516543968990289
15.555000             -0.16543677358900474306
15.560000             -0.16682985568607153204
15.565000             -0.16829227956172379543
15.570000             -0.16981938896139578410
15.575000             -0.17140615209403931019
15.580000             -0.17304603548220703901
15.585000             -0.17473273709240486062
15.590000             -0.17645956754081507101
15.595000             -0.17821929651956822105
15.600000             -0.18000583730292912810
15.605000             -0.18181081222104192308
15.610000             -0.18362891322481147971
15.615000             -0.18545265872264865559
15.620000             -0.18727614477845219709
15.625000             -0.18909360528302029958
15.630000             -0.19089858562087622107
15.635000             -0.19268608309020379687
15.640000             -0.19445004171151533678
15.645000             -0.19618627208308797583
15.650000             -0.19789075119957624804
15.655000             -0.19955888496892626449
15.660000             -0.20118662138084975055
15.665000             -0.20277001183238618776
15.670000             -0.20430540019456305822
15.675000             -0.20578853045526696031
15.680000             -0.20721649461116531388
15.685000             -0.20858619046062637503
15.690000             -0.20989215065447727748
15.695000             -0.21113203818761355768
15.700000             -0.21230186140426066110
15.705000             -0.21339929281141131745
15.710000             -0.21442062585100435390
15.715000             -0.21536305676700759348
15.720000             -0.21622426945359346506
15.725000             -0.21700009108540790903
15.730000             -0.21768903392848962253
15.735000             -0.21828923685705253765
15.740000             -0.21879753981457766843
15.745000             -0.21921191684446073022
15.750000             -0.21953388861760175788
15.755000             -0.21976219332720878241
15.760000             -0.21989681324618831626
15.765000             -0.21993762690939816506
15.770000             -0.21988648464825916173
15.775000             -0.21974311908193117082
15.780000             -0.21950950685516712468
15.785000             -0.21918696006321650160
15.790000             -0.21877726364632799072
15.795000             -0.21828153324229260246
15.800000             -0.21770194226776701241
15.805000             -0.21704009505461127616
15.810000             -0.21629818572816417177
15.815000             -0.21547938212829861881
15.820000             -0.21458523540260254769
15.825000             -0.21361806728572535485
15.830000             -0.21258140544190426424
15.835000             -0.21147528011525701386
15.840000             -0.21030117151399566056
15.845000             -0.20906225041187145863
15.850000             -0.20776109776595061418
15.855000             -0.20639846419896956675
15.860000             -0.20497672632820626570
15.865000             -0.20349642769144660193
15.870000             -0.20196057332984951316
15.875000             -0.20037047575938898847
15.880000             -0.19872720471727201019
15.885000             -0.19703796886422098034
15.890000             -0.19530178393332636722
15.895000             -0.19352290197091179258
15.900000             -0.19170567698493901077
15.905000             -0.18985425293691635118
15.910000             -0.18797560666059709433
15.915000             -0.18607440955544046757
15.920000             -0.18415872497666979646
15.925000             -0.18223542723215138683
15.930000             -0.18031296207452274238
15.935000             -0.17839838762064180733
15.940000             -0.17649969937708662182
15.945000             -0.17462464093220628203
15.950000             -0.17277992577412951136
15.955000             -0.17097613018273358221
15.960000             -0.16921622801961327953
15.965000             -0.16750901593116637733
15.970000             -0.16585967538551912859
15.975000             -0.16427590003023695431
15.980000             -0.16276395695106998796
15.985000             -0.16133064381844514079
15.990000             -0.15998008880485317662
15.995000             -0.15871728798617651401
16.000000             -0.15754759172386711974
16.005000             -0.15647563904023636949
16.010000             -0.15550329241421798065
16.015000             -0.15463412213346958146
16.020000             -0.15386849330552190840
16.025000             -0.15320809908248253506
16.030000             -0.15265260473920982953
16.035000             -0.15220010479626289168
16.040000             -0.15185048861606831316
16.045000             -0.15159948526362512777
16.050000             -0.15144682190885000450
16.055000             -0.15138897801780562546
16.060000             -0.15142277756762745344
16.065000             -0.15154835680099013051
16.070000             -0.15176132973577388663
16.075000             -0.15205948553735279538
16.080000             -0.15243995134407531400
16.085000             -0.15290036838908860339
16.090000             -0.15343887075208911819
16.095000             -0.15405248858288309033
16.100000             -0.15473829313403947294
16.105000             -0.15549329390756086444
16.110000             -0.15631539469410435372
16.115000             -0.15720280589479534994
16.120000             -0.15815292406105471712
16.125000             -0.15916307548856251097
16.130000             -0.16023066696122301167
16.135000             -0.16135255105582427260
16.140000             -0.16252563544172293764
16.145000             -0.16374611610201225687
16.150000             -0.16500998530896568428
16.155000             -0.16631286075592602303
16.160000             -0.16765023625493147286
16.165000             -0.16901745850135235782
16.170000             -0.17041154638090835749
16.175000             -0.17182409454556255013
16.180000             -0.17324815876445015528
16.185000             -0.17467983279128956875
16.190000             -0.17611345496062372207
16.195000             -0.17754220354950700500
16.200000             -0.17896112318642309891
16.205000             -0.18036499346253392906
16.210000             -0.18175023533710324419
16.215000             -0.18311241282558310406
16.220000             -0.18444719671863848975
16.225000             -0.18575145862161834831
16.230000             -0.18702246396220664759
16.235000             -0.18826073778749655152
16.240000             -0.18946179823983791413
16.245000             -0.19062773359780124660
16.250000             -0.19175771092671578533
16.255000             -0.19285186456868999572
16.260000             -0.19391092429416173504
16.265000             -0.19493639638392953883
16.270000             -0.19592796203696088986
16.275000             -0.19688985433800951230
16.280000             -0.19782189187036683387
16.285000             -0.19872424065618579658
16.290000             -0.19959967364580688542
16.295000             -0.20044954116421587198
16.300000             -0.20127252459259045714
16.305000             -0.20207039259846276691
16.310000             -0.20284329259080402519
16.315000             -0.20359074210100069902
16.320000             -0.20431293560440577650
16.325000             -0.20500413206849144032
16.330000             -0.20566248435943487727
16.335000             -0.20628659946259070290
16.340000             -0.20687155373480209386
16.345000             -0.20741318911763173549
16.350000             -0.20790837315552679332
16.355000             -0.20835179957531183015
16.360000             -0.20874537800413356381
16.365000             -0.20908126524776191046
16.370000             -0.20935840621608745038
16.375000             -0.20957440715189951108
16.380000             -0.20972704561326252493
16.385000             -0.20981620548734980503
16.390000             -0.20984205571839592563
16.395000             -0.20980437862843170915
16.400000             -0.20970521901835706413
16.405000             -0.20954674736532094559
16.410000             -0.20933231783551825567
16.415000             -0.20906566348614225026
16.420000             -0.20875066321173935124
16.425000             -0.20839233979046725698
16.430000             -0.20799438726522609389
16.435000             -0.20756188395290059434
16.440000             -0.20709784857119239998
16.445000             -0.20660728841473813278
16.450000             -0.20608929339471304676
16.455000             -0.20554804293733067166
16.460000             -0.20498963805384903814
16.465000             -0.20441057838153431359
16.470000             -0.20381002720982518972
16.475000             -0.20318961469177851398
16.480000             -0.20255143389216401228
16.485000             -0.20189244925280014353
16.490000             -0.20121257318418869775
16.495000             -0.20051206206946659005
16.500000             -0.19978988892526172716
16.505000             -0.19904211043181355145
16.510000             -0.19827198075507959651
16.515000             -0.19748002075943313360
16.520000             -0.19666452674829512648
16.525000             -0.19582567492153807320
16.530000             -0.19496666774672716249
16.535000             -0.19409056261241608432
16.540000             -0.19319579810566242517
16.545000             -0.19228679407315046879
16.550000             -0.19136807495303467808
16.555000             -0.19044358882344822326
16.560000             -0.18951571891601021180
16.565000             -0.18859197323326959417
16.570000             -0.18767784453461439087
16.575000             -0.18677575249601427454
16.580000             -0.18588952952948506470
16.585000             -0.18502437415979688939
16.590000             -0.18418427180632379603
16.595000             -0.18337287348507033680
16.600000             -0.18259457660134206791
16.605000             -0.18185009009927011192
16.610000             -0.18114289721369236652
16.615000             -0.18047437285998901846
16.620000             -0.17984425781861310134
16.625000             -0.17925237766157797736
16.630000             -0.17869769921159114889
16.635000             -0.17817959129375984806
16.640000             -0.17769379217248351677
16.645000             -0.17723912504787694977
16.650000             -0.17681097348882707232
16.655000             -0.17640641573102053274
16.660000             -0.17602041581449162644
16.665000             -0.17565067416619162266
16.670000             -0.17529362860608821428
16.675000             -0.17494722347495483827
16.680000             -0.17460991990150825925
16.685000             -0.17428037842477606123
16.690000             -0.17395799215487953160
16.695000             -0.17364261161897009966
16.700000             -0.17333449611471579699
16.705000             -0.17303439830637631913
16.710000             -0.17274262883504987176
16.715000             -0.17246265797978860279
16.720000             -0.17219727012285218626
16.725000             -0.17194824839317446319
16.730000             -0.17171669769331598943
16.735000             -0.17150571799507344228
16.740000             -0.17131819604512038557
16.745000             -0.17115576789256228829
16.750000             -0.17101947131307571048
16.755000             -0.17091313828826457111
16.760000             -0.17083752164668744578
16.765000             -0.17079424533027720567
16.770000             -0.17078386701608017084
16.775000             -0.17080892169331540753
16.780000             -0.17086935244739889783
16.785000             -0.17096626788327751179
16.790000             -0.17109771741010462720
16.795000             -0.17126306647996750177
16.800000             -0.17145925395693484283
16.805000             -0.17168390578422765280
16.810000             -0.17193372398809245172
16.815000             -0.17220638467622231826
16.820000             -0.17249583942868892961
16.825000             -0.17280033479333864466
16.830000             -0.17311591771136058959
16.835000             -0.17343918879214120787
16.840000             -0.17376782462968209941
16.845000             -0.17409851414909199852
16.850000             -0.17443066320068728592
16.855000             -0.17476077967627728915
16.860000             -0.17508754117155933550
16.865000             -0.17540959168892356068
16.870000             -0.17572632074595165297
16.875000             -0.17603670640529608948
16.880000             -0.17634143031465943086
16.885000             -0.17664094064882851498
16.890000             -0.17693702138918232514
16.895000             -0.17723334458104458844
16.900000             -0.17752838390202929642
16.905000             -0.17782318893869941689
16.910000             -0.17811896074605676477
16.915000             -0.17841712231074299821
16.920000             -0.17871853871070680908
16.925000             -0.17902333560128488865
16.930000             -0.17933116796016571048
16.935000             -0.17964034281357851852
16.940000             -0.17995050948055241191
16.945000             -0.18026079609195014286
16.950000             -0.18056859623774215717
16.955000             -0.18087335211759983378
16.960000             -0.18117370422388481832
16.965000             -0.18146865062951306191
16.970000             -0.18175451509890738766
16.975000             -0.18203215334685540761
16.980000             -0.18230053587350683597
16.985000             -0.18255901373278998756
16.990000             -0.18280904518131033121
16.995000             -0.18305008810658252028
17.000000             -0.18328225859098079553
17.005000             -0.18350566351397051834
17.010000             -0.18372419862339570140
17.015000             -0.18393791379753601789
17.020000             -0.18414908834169349539
17.025000             -0.18435856548789453235
17.030000             -0.18456917870170716500
17.035000             -0.18478278029647621228
17.040000             -0.18500091644264132773
17.045000             -0.18522520525175831252
17.050000             -0.18545721096232736791
17.055000             -0.18569725881283646873
17.060000             -0.18594580112679298667
17.065000             -0.18620383910533946925
17.070000             -0.18647044895428008249
17.075000             -0.18674358672408655768
17.080000             -0.18702138207700264028
17.085000             -0.18730048489882880625
17.090000             -0.18757928416826982754
17.095000             -0.18785583519032694744
17.100000             -0.18812670008496709673
17.105000             -0.18838861130169348712
17.110000             -0.18864098475386767428
17.115000             -0.18888124294631647437
17.120000             -0.18910611258621171094
17.125000             -0.18931400856627408902
17.130000             -0.18950077488238545320
17.135000             -0.18966989070819093022
17.140000             -0.18982011970047707461
17.145000             -0.18995004474606155820
17.150000             -0.19005837479483675412
17.155000             -0.19014552867363199162
17.160000             -0.19021151369632413597
17.165000             -0.19025887332663957152
17.170000             -0.19028601374620660036
17.175000             -0.19029500646869626501
17.180000             -0.19028785951294713286
17.185000             -0.19026656930948471214
17.190000             -0.19023164823788213385
17.195000             -0.19018628323182656947
17.200000             -0.19013136883925513265
17.205000             -0.19006740871858701647
17.210000             -0.18999679583408499162
17.215000             -0.18991778934196784645
17.220000             -0.18983399979389958823
17.225000             -0.18974308472304737827
17.230000             -0.18964549642752445702
17.235000             -0.18954084303230600561
17.240000             -0.18943098766170463065
17.245000             -0.18931387740836205791
17.250000             -0.18919084669920679942
17.255000             -0.18906166447670683106
17.260000             -0.18892634306299091462
17.265000             -0.18878384050504784519
17.270000             -0.18863519857116289868
17.275000             -0.18848083998683984319
17.280000             -0.18832089083753364434
17.285000             -0.18815625865488902480
17.290000             -0.18798777224409340958
17.295000             -0.18781640158014037412
17.300000             -0.18764347411490342465
17.305000             -0.18746922259838688651
17.310000             -0.18729615485891151772
17.315000             -0.18712518071973213707
17.320000             -0.18695774706805923238
17.325000             -0.18679469469242798718
17.330000             -0.18663908096364500988
17.335000             -0.18649146009461167739
17.340000             -0.18635236954438300083
17.345000             -0.18622424314580748872
17.350000             -0.18610723979914831072
17.355000             -0.18600247545479520195
17.360000             -0.18591018439251694172
17.365000             -0.18583045468474609918
17.370000             -0.18576287627817100745
17.375000             -0.18570802670763678077
17.380000             -0.18566528029992038218
17.385000             -0.18563456079147952482
17.390000             -0.18561231696017463366
17.395000             -0.18559916803055490075
17.400000             -0.18559232008510978540
17.405000             -0.18558947640699244297
17.410000             -0.18558808940551219102
17.415000             -0.18558532149661713384
17.420000             -0.18557816134159910160
17.425000             -0.18556539192185120268
17.430000             -0.18554351013723091590
17.435000             -0.18550907797091401030
17.440000             -0.18545976789409746033
17.445000             -0.18539401714069259075
17.450000             -0.18530970336203514415
17.455000             -0.18520477493025000459
17.460000             -0.18507840095272479197
17.465000             -0.18492950626612417175
17.470000             -0.18475674409639131213
17.475000             -0.18456301720319007176
17.480000             -0.18434404527435074850
17.485000             -0.18410509836055202748
17.490000             -0.18384631664156594888
17.495000             -0.18357148311687629394
17.500000             -0.18328261837201892392
17.505000             -0.18297900602167568862
17.510000             -0.18266634331053824281
17.515000             -0.18234623632089863587
17.520000             -0.18201660750495687879
17.525000             -0.18168212389304588816
17.530000             -0.18134326735764746963
17.535000             -0.18100061128357031182
17.540000             -0.18066033874052228603
17.545000             -0.18031589461133243346
17.550000             -0.17996943182634769776
17.555000             -0.17961803304723236718
17.560000             -0.17926500965581715352
17.565000             -0.17890878618623967666
17.570000             -0.17854963301136034248
17.575000             -0.17818715942407600816
17.580000             -0.17782435304916538454
17.585000             -0.17745794688393376481
17.590000             -0.17709209300151279587
17.595000             -0.17672990214771749917
17.600000             -0.17637349967546847584
17.605000             -0.17602413959664084397
17.610000             -0.17568856801412596758
17.615000             -0.17537018945171095607
17.620000             -0.17507216670469047393
17.625000             -0.17480022565509731325
17.630000             -0.17455649961974864515
17.635000             -0.17434365479827984569
17.640000             -0.17416980292633241212
17.645000             -0.17403319352559501465
17.650000             -0.17393673143363413969
17.655000             -0.17388470046938428459
17.660000             -0.17387749109017747173
17.665000             -0.17391172155245870901
17.670000             -0.17398995570686748291
17.675000             -0.17411321885334973825
17.680000             -0.17427837463252460193
17.685000             -0.17448394788699408964
17.690000             -0.17472883074907571976
17.695000             -0.17501093922828450666
17.700000             -0.17532773739776860711
17.705000             -0.17567884844235293063
17.710000             -0.17606267453539656276
17.715000             -0.17647761229365843683
17.720000             -0.17692117953457212054
17.725000             -0.17739421385216083693
17.730000             -0.17789337715361833170
17.735000             -0.17841923467946746440
17.740000             -0.17897065581797746980
17.745000             -0.17954661004530333979
17.750000             -0.18014613363596093665
17.755000             -0.18076770259117205808
17.760000             -0.18141175753375160529
17.765000             -0.18207764787212757374
17.770000             -0.18276510607083470972
17.775000             -0.18347591928374928916
17.780000             -0.18420442404329948061
17.785000             -0.18495260416686437610
17.790000             -0.18571900970612773007
17.795000             -0.18650180917219799648
17.800000             -0.18729806195368361998
17.805000             -0.18810608132802139614
17.810000             -0.18892242310303750119
17.815000             -0.18974429324348485171
17.820000             -0.19056754831956845830
17.825000             -0.19138734088960521196
17.830000             -0.19220238251234533777
17.835000             -0.19300785196827824342
17.840000             -0.19380051473398929307
17.845000             -0.19457573525413790483
17.850000             -0.19533225885830182711
17.855000             -0.19606719805513794785
17.860000             -0.19677913830457793853
17.865000             -0.19746306403470378910
17.870000             -0.19811912936723247158
17.875000             -0.19874488068257697981
17.880000             -0.19933962953799178042
17.885000             -0.19990036210424874663
17.890000             -0.20042836857498483316
17.895000             -0.20092110129784573891
17.900000             -0.20137654510239488825
17.905000             -0.20179127188672413284
17.910000             -0.20216629803943894639
17.915000             -0.20249911520958147060
17.920000             -0.20279061901789549593
17.925000             -0.20303752716119929933
17.930000             -0.20324063434053271648
17.935000             -0.20339978222735258240
17.940000             -0.20351186394776069055
17.945000             -0.20357839407703579027
17.950000             -0.20359807325498766040
17.955000             -0.20357130049419472351
17.960000             -0.20350155276271414406
17.965000             -0.20338652181924604667
17.970000             -0.20322750637220460268
17.975000             -0.20302693450903400163
17.980000             -0.20278644531222958514
17.985000             -0.20250758792141607123
17.990000             -0.20219299697609305344
17.995000             -0.20184463104565247837
18.000000             -0.20146413485822250999
18.005000             -0.20105356916156211233
18.010000             -0.20061397840585343255
18.015000             -0.20014676174224937943
18.020000             -0.19965195399742580173
18.025000             -0.19912981996956197195
18.030000             -0.19857670774784358381
18.035000             -0.19799554829126764233
18.040000             -0.19738587378739441691
18.045000             -0.19674722502304795024
18.050000             -0.19607952350175211764
18.055000             -0.19538147975517600186
18.060000             -0.19465361558192911806
18.065000             -0.19389497794976073841
18.070000             -0.19310745391312900132
18.075000             -0.19228912493880495616
18.080000             -0.19144284682588585955
18.085000             -0.19057158205535321138
18.090000             -0.18967649617909801418
18.095000             -0.18876025648770658472
18.100000             -0.18782488002542319094
18.105000             -0.18687275848422255087
18.110000             -0.18590597750345930206
18.115000             -0.18492593247342267726
18.120000             -0.18393693869511842931
18.125000             -0.18293956528555921359
18.130000             -0.18193755949341347544
18.135000             -0.18093282390171930296
18.140000             -0.17992685576804828829
18.145000             -0.17892138685742281501
18.150000             -0.17791994010702369411
18.155000             -0.17692339000046397590
18.160000             -0.17593324960167394666
18.165000             -0.17495162726339671955
18.170000             -0.17397911672351970558
18.175000             -0.17301944498143664863
18.180000             -0.17207227297817634382
18.185000             -0.17114144992074975526
18.190000             -0.17022894543465863504
18.195000             -0.16933791715315746340
18.200000             -0.16847165909532171857
18.205000             -0.16763205556709093180
18.210000             -0.16682094304084305048
18.215000             -0.16604515846854212002
18.220000             -0.16530632533459235778
18.225000             -0.16460880839643360352
18.230000             -0.16395552811252264713
18.235000             -0.16335201264021009804
18.240000             -0.16279474233211849166
18.245000             -0.16229451541094325195
18.250000             -0.16184829854049723186
18.255000             -0.16145890638461249389
18.260000             -0.16112752721136458511
18.265000             -0.16085567707050529851
18.270000             -0.16064319913736588297
18.275000             -0.16048996646607541217
18.280000             -0.16039679222909600242
18.285000             -0.16036196913517183904
18.290000             -0.16038884785436569036
18.295000             -0.16047326149941906759
18.300000             -0.16061873209214364011
18.305000             -0.16082432016753930859
18.310000             -0.16109160261609686837
18.315000             -0.16142061532191384621
18.320000             -0.16181268591712419380
18.325000             -0.16226942977797328971
18.330000             -0.16278997842433212684
18.335000             -0.16337784689537585003
18.340000             -0.16403285688032709366
18.345000             -0.16475758184084346447
18.350000             -0.16555114877523283146
18.355000             -0.16641219105537047307
18.360000             -0.16734465156559452659
18.365000             -0.16834401310150146069
18.370000             -0.16940627044083711450
18.375000             -0.17053071287952895063
18.380000             -0.17171428864841220552
18.385000             -0.17294966177256257400
18.390000             -0.17423658611968170784
18.395000             -0.17556662465862968303
18.400000             -0.17693569735182629321
18.405000             -0.17833548148872149786
18.410000             -0.17976029375003313437
18.415000             -0.18120267266859857447
18.420000             -0.18265462110428043463
18.425000             -0.18411300466984201196
18.430000             -0.18556842942588536172
18.435000             -0.18701607584159568587
18.440000             -0.18845121892197647107
18.445000             -0.18986847844969659271
18.450000             -0.19126515574620900351
18.455000             -0.19263695931613961099
18.460000             -0.19398258580625962755
18.465000             -0.19529724629454608964
18.470000             -0.19658214010674412986
18.475000             -0.19783502917803338916
18.480000             -0.19905455116525425097
18.485000             -0.20023879177724543399
18.490000             -0.20138641440834853524
18.495000             -0.20249559901431418707
18.500000             -0.20356373111291126143
18.505000             -0.20458782876939735074
18.510000             -0.20556727062934612715
18.515000             -0.20649508084098378013
18.520000             -0.20737045070537124536
18.525000             -0.20818946337105218025
18.530000             -0.20894746312763523566
18.535000             -0.20964288001165176656
18.540000             -0.21027326240529622958
18.545000             -0.21083257056271756391
18.550000             -0.21132122808743986075
18.555000             -0.21173601097850122676
18.560000             -0.21207551737282986926
18.565000             -0.21233916405441216613
18.570000             -0.21252658120966425037
18.575000             -0.21263665021561700685
18.580000             -0.21267118029351303465
18.585000             -0.21263055353306917206
18.590000             -0.21251412372762124026
18.595000             -0.21232414556567780206
18.600000             -0.21206310356310664744
18.605000             -0.21173118411280261730
18.610000             -0.21132984742688373792
18.615000             -0.21086050739057637937
18.620000             -0.21032325198643431197
18.625000             -0.20972073300643356841
18.630000             -0.20905479451619829456
18.635000             -0.20832632675305023939
18.640000             -0.20753789889152124415
18.645000             -0.20669088972367299917
18.650000             -0.20578807314676306195
18.655000             -0.20483085044867377356
18.660000             -0.20382109128406547538
18.665000             -0.20276323104828694599
18.670000             -0.20165794380819884735
18.675000             -0.20050925235413713521
18.680000             -0.19932026352287221527
18.685000             -0.19809565615435495434
18.690000             -0.19683767271679430966
18.695000             -0.19555053188977267187
18.700000             -0.19423998295509548040
18.705000             -0.19290905837585040072
18.710000             -0.19156158905135858839
18.715000             -0.19020230193300854959
18.720000             -0.18883493356361683024
18.725000             -0.18746312427679370782
18.730000             -0.18609046803164749906
18.735000             -0.18472041503544345264
18.740000             -0.18335548997848469255
18.745000             -0.18199799773264915825
18.750000             -0.18064970461474286201
18.755000             -0.17931168278709025410
18.760000             -0.17798582308237223537
18.765000             -0.17667301400802956635
18.770000             -0.17537352601509131889
18.775000             -0.17408755440329673481
18.780000             -0.17281749177999428113
18.785000             -0.17156448765573426019
18.790000             -0.17032992980966166208
18.795000             -0.16911144395159422027
18.800000             -0.16791880538068199025
18.805000             -0.16675079873424905608
18.810000             -0.16561082140699265319
18.815000             -0.16450368028160386458
18.820000             -0.16343039297854103364
18.825000             -0.16239400877798687572
18.830000             -0.16139898209661737716
18.835000             -0.16044851482678107457
18.840000             -0.15954604536995395381
18.845000             -0.15869615506112602632
18.850000             -0.15790176932770655371
18.855000             -0.15716620959935415081
18.860000             -0.15649134634061034888
18.865000             -0.15588014142394621131
18.870000             -0.15533415962448771097
18.875000             -0.15485324931971714002
18.880000             -0.15444070121783098903
18.885000             -0.15409605850915644720
18.890000             -0.15382040006563660328
18.895000             -0.15361356041064502809
18.900000             -0.15347592635707418829
18.905000             -0.15340717340407805658
18.910000             -0.15340701259258110456
18.915000             -0.15347627682035980268
18.920000             -0.15361422121609696889
18.925000             -0.15381957094160594868
18.930000             -0.15409391484874454537
18.935000             -0.15443582680196255019
18.940000             -0.15484584399982664893
18.945000             -0.15532042266718940060
18.950000             -0.15586025800857100654
18.955000             -0.15646218875959944095
18.960000             -0.15712518530101374226
18.965000             -0.15784630855958289852
18.970000             -0.15862388536223029356
18.975000             -0.15945519441697239560
18.980000             -0.16033590087117419176
18.985000             -0.16126468255111037209
18.990000             -0.16223819711930712040
18.995000             -0.16325404945885568786
19.000000             -0.16430869206139078753
19.005000             -0.16539842191953318951
19.010000             -0.16652047658116489459
19.015000             -0.16767145299469685127
19.020000             -0.16884843479278860423
19.025000             -0.17004899607729068167
19.030000             -0.17127054960500354142
19.035000             -0.17251037425581225437
19.040000             -0.17376627380540199397
19.045000             -0.17503805016904833147
19.050000             -0.17632367615053526344
19.055000             -0.17762212743965868911
19.060000             -0.17893299728673431326
19.065000             -0.18025484496449606375
19.070000             -0.18158732205354694011
19.075000             -0.18292803926037864981
19.080000             -0.18427556262278826926
19.085000             -0.18562778733203633141
19.090000             -0.18698196603095004753
19.095000             -0.18833434557464157066
19.100000             -0.18968495980572450121
19.105000             -0.19102738750354616992
19.110000             -0.19235812631050899779
19.115000             -0.19367310638062087969
19.120000             -0.19496851686322125285
19.125000             -0.19624005266939520409
19.130000             -0.19748328152120786516
19.135000             -0.19869455048760639726
19.140000             -0.19987060211070437066
19.145000             -0.20100500103106769267
19.150000             -0.20209617930756715309
19.155000             -0.20314055138455586191
19.160000             -0.20413626500511394823
19.165000             -0.20507782356721032668
19.170000             -0.20596762318327996311
19.175000             -0.20680098668229709991
19.180000             -0.20757512433454120004
19.185000             -0.20829148172982367426
19.190000             -0.20894844561105188618
19.195000             -0.20954488305027274553
19.200000             -0.21008037567463300199
19.205000             -0.21055482276522688445
19.210000             -0.21096727641956850019
19.215000             -0.21131711591297702713
19.220000             -0.21160274097592896014
19.225000             -0.21182547467289974952
19.230000             -0.21198343589722143387
19.235000             -0.21207560135125749778
19.240000             -0.21210157338748283906
19.245000             -0.21205993521358623699
19.250000             -0.21194892300641243743
19.255000             -0.21176844591761065373
19.260000             -0.21151871595651128288
19.265000             -0.21120021941871341964
19.270000             -0.21081161830219644071
19.275000             -0.21035638476882792536
19.280000             -0.20983229480249704357
19.285000             -0.20924252554818628669
19.290000             -0.20858907464579634627
19.295000             -0.20787315643091744399
19.300000             -0.20709897791051107285
19.305000             -0.20626774888933457897
19.310000             -0.20538232644794521264
19.315000             -0.20444681138452713842
19.320000             -0.20346287814743507782
19.325000             -0.20243524636606749501
19.330000             -0.20136596638735609899
19.335000             -0.20026100204082264433
19.340000             -0.19912132575338070684
19.345000             -0.19795175242055615406
19.350000             -0.19675087713723909966
19.355000             -0.19552728152025769526
19.360000             -0.19427896932442867417
19.365000             -0.19300982023893020756
19.370000             -0.19172338267761487862
19.375000             -0.19042210369122844482
19.380000             -0.18911068258144633769
19.385000             -0.18779175058601962900
19.390000             -0.18646824464999969817
19.395000             -0.18514300911320538678
19.400000             -0.18382004365673468294
19.405000             -0.18250180020073253351
19.410000             -0.18119287681819912228
19.415000             -0.17989613019389108506
19.420000             -0.17861533170940968596
19.425000             -0.17735354592423130393
19.430000             -0.17611531433588464846
19.435000             -0.17490218314572700264
19.440000             -0.17371835007486194358
19.445000             -0.17256658348177036921
19.450000             -0.17145231170303312784
19.455000             -0.17037693397802905482
19.460000             -0.16934054300364689838
19.465000             -0.16834715561560997799
19.470000             -0.16739963337203589422
19.475000             -0.16649995058365618661
19.480000             -0.16564911758410907905
19.485000             -0.16484980949333782885
19.490000             -0.16410370784572061997
19.495000             -0.16341270573585617298
19.500000             -0.16277838253514653744
19.505000             -0.16220170220721807919
19.510000             -0.16168399313874151635
19.515000             -0.16122689220303110247
19.520000             -0.16083202124165257851
19.525000             -0.16050008573252286248
19.530000             -0.16023118007505846028
19.535000             -0.16002577402237166959
19.540000             -0.15988587706886556172
19.545000             -0.15981221252706445668
19.550000             -0.15980347196257504994
19.555000             -0.15986195940394601345
19.560000             -0.15998601573229356831
19.565000             -0.16017661836902644112
19.570000             -0.16042960533346772856
19.575000             -0.16074708654066169333
19.580000             -0.16112907134764445360
19.585000             -0.16157381305042034514
19.590000             -0.16207923517734654228
19.595000             -0.16264277946765035021
19.600000             -0.16326472944672509868
19.605000             -0.16394175490158566233
19.610000             -0.16467100293827263702
19.615000             -0.16545213348730269942
19.620000             -0.16628204453815775832
19.625000             -0.16715826816815509970
19.630000             -0.16807767860498529222
19.635000             -0.16903954483165961609
19.640000             -0.17003983001347014459
19.645000             -0.17107447233662737007
19.650000             -0.17214402781362386774
19.655000             -0.17324587333918120557
19.660000             -0.17437813524169668011
19.665000             -0.17553479165833701936
19.670000             -0.17671694768544818355
19.675000             -0.17792014279811552147
19.680000             -0.17914154896578007858
19.685000             -0.18037929515652947887
19.690000             -0.18163000669011400423
19.695000             -0.18288964279004119029
19.700000             -0.18415545289341297974
19.705000             -0.18542470406871289224
19.710000             -0.18669333074689004048
19.715000             -0.18795781167889175078
19.720000             -0.18921447411487213319
19.725000             -0.19046061164546029820
19.730000             -0.19169249373793495472
19.735000             -0.19290681570939202660
19.740000             -0.19410008141023243899
19.745000             -0.19526865823066796857
19.750000             -0.19640835834622905054
19.755000             -0.19751932080147019399
19.760000             -0.19859667847820167141
19.765000             -0.19963906463633976363
19.770000             -0.20064386164633141174
19.775000             -0.20160929978098840465
19.780000             -0.20253260406970299834
19.785000             -0.20341261278397637646
19.790000             -0.20424792413413828118
19.795000             -0.20503563929534895927
19.800000             -0.20577414980854888404
19.805000             -0.20646184611696541400
19.810000             -0.20709697467077609057
19.815000             -0.20767833522521178535
19.820000             -0.20820376238569379690
19.825000             -0.20867292225728464872
19.830000             -0.20908543762516812459
19.835000             -0.20944016067716922369
19.840000             -0.20973420655078969799
19.845000             -0.20996755987355050777
19.850000             -0.21013938710076768279
19.855000             -0.21024948465708051537
19.860000             -0.21029748754830446256
19.865000             -0.21028679693040600029
19.870000             -0.21021316709548409918
19.875000             -0.21007683383414810230
19.880000             -0.20987933462155083930
19.885000             -0.20961898815498827831
19.890000             -0.20929844375771095022
19.895000             -0.20891832060586862374
19.900000             -0.20847884855138898441
19.905000             -0.20798189076367798456
19.910000             -0.20742865888272715713
19.915000             -0.20681913444558555626
19.920000             -0.20615826430167674688
19.925000             -0.20544755193638072899
19.930000             -0.20468887767798965571
19.935000             -0.20388447250504554420
19.940000             -0.20303667993721971619
19.945000             -0.20214723120697719594
19.950000             -0.20121934299937024870
19.955000             -0.20025370562181737943
19.960000             -0.19925209787598632816
19.965000             -0.19821581902265347774
19.970000             -0.19715051081043913350
19.975000             -0.19605659137373152023
19.980000             -0.19493602229296611017
19.985000             -0.19379300915441230457
19.990000             -0.19262899104173181186
19.995000             -0.19144652049888583045
20.000000             -0.19024934955165401229
20.005000             -0.18903744510229275599
20.010000             -0.18781740509904454317
20.015000             -0.18659138992457816042
20.020000             -0.18536335987384858215
20.025000             -0.18413515826236637185
20.030000             -0.18291053611378876864
20.035000             -0.18169274167939916675
20.040000             -0.18048440242403251954
20.045000             -0.17928867937718839798
20.050000             -0.17810971946752615636
20.055000             -0.17695061903271724901
20.060000             -0.17581299685069246008
20.065000             -0.17469987655854657405
20.070000             -0.17361559670902651509
20.075000             -0.17256187227318839361
20.080000             -0.17154186134671822739
20.085000             -0.17055661259648410844
20.090000             -0.16960693060067799642
20.095000             -0.16869869467857251388
20.100000             -0.16782889210645293709
20.105000             -0.16700209378758326673
20.110000             -0.16622025999547959674
20.115000             -0.16548531961398121881
20.120000             -0.16479895159327623277
20.125000             -0.16416076871538931581
20.130000             -0.16357417650780589624
20.135000             -0.16304098800899022303
20.140000             -0.16256152289307762571
20.145000             -0.16213814899630452082
20.150000             -0.16177072008756313015
20.155000             -0.16146205481516656688
20.160000             -0.16121119828315338962
20.165000             -0.16101906469990343029
20.170000             -0.16088695360820154390
20.175000             -0.16081534257003349264
20.180000             -0.16080280983775324666
20.185000             -0.16085247314660727769
20.190000             -0.16096207146145996569
20.195000             -0.16112894428832547078
20.200000             -0.16135422861026882391
20.205000             -0.16163901375297129448
20.210000             -0.16198135154323892171
20.215000             -0.16237903916070745014
20.220000             -0.16283080024037269173
20.225000             -0.16333599165201656556
20.230000             -0.16389305416194296927
20.235000             -0.16450099193747386161
20.240000             -0.16515613444098498075
20.245000             -0.16585813010168176662
20.250000             -0.16660629937738152817
20.255000             -0.16739815068950816834
20.260000             -0.16823070941142065360
20.265000             -0.16910346220145430762
20.270000             -0.17001388302999995150
20.275000             -0.17095919296925451980
20.280000             -0.17193741262167142048
20.285000             -0.17294594251852307698
20.290000             -0.17398205049359216634
20.295000             -0.17504316994307686506
20.300000             -0.17612670442587172182
20.305000             -0.17722931440317643559
20.310000             -0.17835031062368672528
20.315000             -0.17948218643243685211
20.320000             -0.18062510059419770170
20.325000             -0.18177563345806974082
20.330000             -0.18293077209780755910
20.335000             -0.18408873780685544586
20.340000             -0.18524579146634187476
20.345000             -0.18639959875906544906
20.350000             -0.18754815406680222512
20.355000             -0.18868524850740234222
20.360000             -0.18980948620470308730
20.365000             -0.19091919540751287054
20.370000             -0.19201157037867253030
20.375000             -0.19308434801418394855
20.380000             -0.19413171946195600936
20.385000             -0.19515504425587590354
20.390000             -0.19614973904241592151
20.395000             -0.19711439839559832810
20.400000             -0.19804624570138579243
20.405000             -0.19894850513747550091
20.410000             -0.19981091421207655690
20.415000             -0.20063532683535240109
20.420000             -0.20141988099301283421
20.425000             -0.20215935958403691286
20.430000             -0.20285504018484740163
20.435000             -0.20350446193711152487
20.440000             -0.20410642828332178911
20.445000             -0.20465778688318131406
20.450000             -0.20515993461289566691
20.455000             -0.20560987201390010237
20.460000             -0.20600630826696400555
20.465000             -0.20634817894615117839
20.470000             -0.20663376807984396022
20.475000             -0.20686447551856440574
20.480000             -0.20703879835626232131
20.485000             -0.20715745446198174928
20.490000             -0.20721900604519846723
20.495000             -0.20722462797840202064
20.500000             -0.20717566053232583378
20.505000             -0.20706764527723042768
20.510000             -0.20690779081758112201
20.515000             -0.20669330373873587292
20.520000             -0.20642512050414021929
20.525000             -0.20610357080808341945
20.530000             -0.20573232926476242577
20.535000             -0.20530966809353523583
20.540000             -0.20483612578649898484
20.545000             -0.20431474208330199782
20.550000             -0.20374815078662375512
20.555000             -0.20313599319492747775
20.560000             -0.20247740104748856993
20.565000             -0.20177613895182061610
20.570000             -0.20103348266963880220
20.575000             -0.20025094427780540385
20.580000             -0.19942952025977225827
20.585000             -0.19857228683415123482
20.590000             -0.19768034688866914506
20.595000             -0.19675662130137663852
20.600000             -0.19580429691361642131
20.605000             -0.19482645417929267406
20.610000             -0.19382578781119755296
20.615000             -0.19280243220818293892
20.620000             -0.19176184244088087527
20.625000             -0.19070598466168600660
20.630000             -0.18963736347479487332
20.635000             -0.18855781501914245513
20.640000             -0.18747166532414502593
20.645000             -0.18638345310026441237
20.650000             -0.18529473010606059558
20.655000             -0.18420877736305682482
20.660000             -0.18312649821065732358
20.665000             -0.18204994912940611340
20.670000             -0.18098236739853704180
20.675000             -0.17992632614752240849
20.680000             -0.17888258779594107262
20.685000             -0.17785492729819843416
20.690000             -0.17684429184084821118
20.695000             -0.17585747818204955362
20.700000             -0.17489124088098415011
20.705000             -0.17395082394401317760
20.710000             -0.17303855276060642332
20.715000             -0.17215394805722719629
20.720000             -0.17130237940863171642
20.725000             -0.17048130318065862765
20.730000             -0.16969890168587192791
20.735000             -0.16895418973612427727
20.740000             -0.16824887289480347508
20.745000             -0.16758644059550781291
20.750000             -0.16696872766224812867
20.755000             -0.16639664820305055670
20.760000             -0.16587254380088412020
20.765000             -0.16539681388720225974
20.770000             -0.16497020241292395526
20.775000             -0.16459488532115892911
20.780000             -0.16427009477869533582
20.785000             -0.16399717519425283108
20.790000             -0.16377341104516887627
20.795000             -0.16360164546212596637
20.800000             -0.16348227995917188893
20.805000             -0.16341655286861372920
20.810000             -0.16340332228639911638
20.815000             -0.16344280187007020899
20.820000             -0.16353428244824841364
20.825000             -0.16367775569412185144
20.830000             -0.16387519004105596809
20.835000             -0.16412012258679503640
20.840000             -0.16441659591024754272
20.845000             -0.16476249230993636474
20.850000             -0.16515735490537644670
20.855000             -0.16560107420984648829
20.860000             -0.16609196091564820685
20.865000             -0.16662927562269463921
20.870000             -0.16721121662954402387
20.875000             -0.16783685866851594248
20.880000             -0.16850440050686435467
20.885000             -0.16921122195144114309
20.890000             -0.16995491821911934416
20.895000             -0.17073396664882495299
20.900000             -0.17154625796106948155
20.905000             -0.17238940890360859859
20.910000             -0.17326174861188664567
20.915000             -0.17416022096756073045
20.920000             -0.17508247069902529991
20.925000             -0.17602520451410572089
20.930000             -0.17698620316451163514
20.935000             -0.17796396897002661475
20.940000             -0.17895566917759767045
20.945000             -0.17996119580133029814
20.950000             -0.18097593614849033505
20.955000             -0.18199791039662185921
20.960000             -0.18302461816992482424
20.965000             -0.18405505066533403569
20.970000             -0.18508485589237747004
20.975000             -0.18611290411154041147
20.980000             -0.18713614858579522005
20.985000             -0.18815273948014135663
20.990000             -0.18916048442141561448
20.995000             -0.19015526388259815227
21.000000             -0.19113649795232531825
21.005000             -0.19210057075915981661
21.010000             -0.19304501243015845247
21.015000             -0.19396672936481160199
21.020000             -0.19486301634942809757
21.025000             -0.19573286045828675039
21.030000             -0.19657441917562040734
21.035000             -0.19738161046924068698
21.040000             -0.19815628729944592679
21.045000             -0.19889501077345997371
21.050000             -0.19959658349707731784
21.055000             -0.20026033644332108530
21.060000             -0.20088284535388550855
21.065000             -0.20146313385317848876
21.070000             -0.20200049860711544181
21.075000             -0.20249059727255319663
21.080000             -0.20293647247206569872
21.085000             -0.20333520929086890128
21.090000             -0.20368792030547047678
21.095000             -0.20399298274775290452
21.100000             -0.20424827807976186911
21.105000             -0.20445625026676966796
21.110000             -0.20461319074220143954
21.115000             -0.20472024245178141455
21.120000             -0.20477990284704475354
21.125000             -0.20479012599122137228
21.130000             -0.20475244503972100940
21.135000             -0.20466491635984843112
21.140000             -0.20452886976702366884
21.145000             -0.20434352988123682948
21.150000             -0.20410980449766000233
21.155000             -0.20382749077554668249
21.160000             -0.20349701976898637579
21.165000             -0.20311912043768928782
21.170000             -0.20269440358399576363
21.175000             -0.20222284108493385202
21.180000             -0.20170663924516954446
21.185000             -0.20114896525363271107
21.190000             -0.20055088481891900076
21.195000             -0.19991494349624852611
21.200000             -0.19924183309666160246
21.205000             -0.19853104195876766780
21.210000             -0.19778957450227760417
21.215000             -0.19701730717568657902
21.220000             -0.19621737607343411880
21.225000             -0.19539116658201180488
21.230000             -0.19454127714096292046
21.235000             -0.19366896740431210899
21.240000             -0.19277772523149208639
21.245000             -0.19186983966820242431
21.250000             -0.19094690411817932807
21.255000             -0.19001156279216913081
21.260000             -0.18906385937144673526
21.265000             -0.18810757638787867219
21.270000             -0.18714312092954013544
21.275000             -0.18617295418391649475
21.280000             -0.18519961693199024633
21.285000             -0.18422463695999161115
21.290000             -0.18325131365340752154
21.295000             -0.18228072637015177437
21.300000             -0.18131623163605894988
21.305000             -0.18036036108189337779
21.310000             -0.17941636865805593581
21.315000             -0.17848594808875706264
21.320000             -0.17757257700142503598
21.325000             -0.17667981547154160138
21.330000             -0.17580976173111939609
21.335000             -0.17496431514329427448
21.340000             -0.17414500536271074194
21.345000             -0.17335577447294850395
21.350000             -0.17259767358947800120
21.355000             -0.17187258880491901314
21.360000             -0.17118255808639917803
21.365000             -0.17052916466172868271
21.370000             -0.16991189354762104013
21.375000             -0.16933285437137898799
21.380000             -0.16879320819542179000
21.385000             -0.16829366493613925893
21.390000             -0.16783456387325279557
21.395000             -0.16741642777456039459
21.400000             -0.16704131082314746526
21.405000             -0.16671049634827067587
21.410000             -0.16642032296307515682
21.415000             -0.16617515597472271027
21.420000             -0.16597602189966065289
21.425000             -0.16582303829944447515
21.430000             -0.16571727232066518765
21.435000             -0.16565916534049121567
21.440000             -0.16564867808320807296
21.445000             -0.16568625438230943914
21.450000             -0.16577310048529739217
21.455000             -0.16590693076740992140
21.460000             -0.16608846715341715750
21.465000             -0.16631635398868452325
21.470000             -0.16658911899642264709
21.475000             -0.16690747857008303434
21.480000             -0.16727064323297302639
21.485000             -0.16767776448717947035
21.490000             -0.16812386278210186830
21.495000             -0.16861143643267803571
21.500000             -0.16913774432352776667
21.505000             -0.16970168830431064944
21.510000             -0.17030193563022108516
21.515000             -0.17093638204438582617
21.520000             -0.17160395767326755423
21.525000             -0.17230181838742075762
21.530000             -0.17302789224615144903
21.535000             -0.17378067516588371899
21.540000             -0.17455999224386273272
21.545000             -0.17536195180440791730
21.550000             -0.17618536860528039023
21.555000             -0.17702802444315324237
21.560000             -0.17788774608902946373
21.565000             -0.17876291073508546181
21.570000             -0.17965192878490435224
21.575000             -0.18055251118834422797
21.580000             -0.18146234907067823605
21.585000             -0.18237925177940583765
21.590000             -0.18330096618514377105
21.595000             -0.18422582537405571279
21.600000             -0.18514941994063574549
21.605000             -0.18607146323300235990
21.610000             -0.18699004475646491263
21.615000             -0.18790158246240565298
21.620000             -0.18880414662103151002
21.625000             -0.18969599027255609758
21.630000             -0.19057313455305793792
21.635000             -0.19143393846744632958
21.640000             -0.19227743170190239597
21.645000             -0.19309994943992256355
21.650000             -0.19389918896989438712
21.655000             -0.19467411188465158500
21.660000             -0.19542214613821004554
21.665000             -0.19614209317036218616
21.670000             -0.19683245615919345295
21.675000             -0.19749094276299317130
21.680000             -0.19811706440061199741
21.685000             -0.19870733875937426904
21.690000             -0.19926090730982881638
21.695000             -0.19977869135077727658
21.700000             -0.20025893358461846483
21.705000             -0.20069998567847319171
21.710000             -0.20110127620820048011
21.715000             -0.20146111926995785568
21.720000             -0.20177930627968937438
21.725000             -0.20205626116077832211
21.730000             -0.20228841284426538061
21.735000             -0.20247828667015863036
21.740000             -0.20262465194529533097
21.745000             -0.20272507400223868657
21.750000             -0.20278017836060843737
21.755000             -0.20278932859150838874
21.760000             -0.20275142384818550800
21.765000             -0.20266902584773996421
21.770000             -0.20254215094576838441
21.775000             -0.20236982893224450542
21.780000             -0.20215396775285332520
21.785000             -0.20189447507809615834
21.790000             -0.20159208962185667935
21.795000             -0.20124849715603337907
21.800000             -0.20086235077372899260
21.805000             -0.20043724341472224371
21.810000             -0.19997324723985396289
21.815000             -0.19947251622581343988
21.820000             -0.19893607679140351552
21.825000             -0.19836590672516046796
21.830000             -0.19776274997040393933
21.835000             -0.19713010631563265829
21.840000             -0.19646741325956570967
21.845000             -0.19577832962198141176
21.850000             -0.19506483935627805248
21.855000             -0.19432713758631564582
21.860000             -0.19356666348473339223
21.865000             -0.19278608109315448216
21.870000             -0.19198711176139607315
21.875000             -0.19117159856126553219
21.880000             -0.19034000555967786616
21.885000             -0.18949835852526050739
21.890000             -0.18864628687655959904
21.895000             -0.18778552663409295298
21.900000             -0.18691863910114075997
21.905000             -0.18604795604405882647
21.910000             -0.18517482626526060585
21.915000             -0.18430216754004083435
21.920000             -0.18343210839302775961
21.925000             -0.18256660660448797984
21.930000             -0.18170798671312121675
21.935000             -0.18085915618816039707
21.940000             -0.18002085612253534985
21.945000             -0.17919690352084943763
21.950000             -0.17838909605778807688
21.955000             -0.17759794019996757997
21.960000             -0.17682559944659981266
21.965000             -0.17607448012662635373
21.970000             -0.17534558738894764907
21.975000             -0.17464110165915561201
21.980000             -0.17396238947908307382
21.985000             -0.17331040828088428718
21.990000             -0.17268861361274218114
21.995000             -0.17209601489919870709
22.000000             -0.17153571073853488005
22.005000             -0.17100858002071470110
22.010000             -0.17051612788991560299
22.015000             -0.17006071025874888725
22.020000             -0.16964140880072267614
22.025000             -0.16926136888308707107
22.030000             -0.16892194738140742238
22.035000             -0.16862269775335536615
22.040000             -0.16836481719059245843
22.045000             -0.16814844635901288195
22.050000             -0.16797506242085194494
22.055000             -0.16784362023505086658
22.060000             -0.16775541825281339858
22.065000             -0.16771079154273146883
22.070000             -0.16770898569943104572
22.075000             -0.16774912188263874091
22.080000             -0.16783195218644625379
22.085000             -0.16795715102831135224
22.090000             -0.16812019851123896630
22.095000             -0.16832592977966193137
22.100000             -0.16857102227600881394
22.105000             -0.16885489388541558009
22.110000             -0.16917588542151607012
22.115000             -0.16953566584631779568
22.120000             -0.16993072055231051021
22.125000             -0.17036239346029050101
22.130000             -0.17082934674811187103
22.135000             -0.17132919892028788955
22.140000             -0.17186163008671884178
22.145000             -0.17242521563630661130
22.150000             -0.17301846845681603804
22.155000             -0.17364212653841953893
22.160000             -0.17429127842414324223
22.165000             -0.17496427988115251240
22.170000             -0.17566402355290805515
22.175000             -0.17638309490019096759
22.180000             -0.17712250873333187928
22.185000             -0.17787932423587191066
22.190000             -0.17865132949049544742
22.195000             -0.17943608011723199969
22.200000             -0.18023284853317900200
22.205000             -0.18103940930349649019
22.210000             -0.18185368534193546708
22.215000             -0.18267258395915123015
22.220000             -0.18349397996727237481
22.225000             -0.18431540827913714398
22.230000             -0.18513615050795564909
22.235000             -0.18595297813993597047
22.240000             -0.18676460717620588237
22.245000             -0.18756892565505714487
22.250000             -0.18836442128585134670
22.255000             -0.18914959701558625715
22.260000             -0.18992191515821776893
22.265000             -0.19068063741120744314
22.270000             -0.19142393294867407483
22.275000             -0.19215030387145198842
22.280000             -0.19285857737946840440
22.285000             -0.19354707656922406911
22.290000             -0.19421349866345327673
22.295000             -0.19485536550812254664
22.300000             -0.19547319389894465824
22.305000             -0.19606470460236941067
22.310000             -0.19662548484632369483
22.315000             -0.19715525576177592160
22.320000             -0.19765418870488618563
22.325000             -0.19811876037181475052
22.330000             -0.19854887650264205212
22.335000             -0.19894283235909296370
22.340000             -0.19930023664330945299
22.345000             -0.19962074203098925662
22.350000             -0.19990297928790379256
22.355000             -0.20014484962326048456
22.360000             -0.20034809597277919435
22.365000             -0.20051172658488905509
22.370000             -0.20063577294117654337
22.375000             -0.20071865876421121633
22.380000             -0.20076184434098820475
22.385000             -0.20076787112285371384
22.390000             -0.20073551501411410203
22.395000             -0.20066481411841863292
22.400000             -0.20055484317323765686
22.405000             -0.20040744251533904041
22.410000             -0.20022382879863212524
22.415000             -0.20000253948625029699
22.420000             -0.19974503267285093067
22.425000             -0.19945178557625367621
22.430000             -0.19912324809836456918
22.435000             -0.19876207451045249663
22.440000             -0.19836599576486696472
22.445000             -0.19793569152438567071
22.450000             -0.19747321127047934297
22.455000             -0.19697945280567255577
22.460000             -0.19645541754745188268
22.465000             -0.19590198650658044444
22.470000             -0.19532041627750709734
22.475000             -0.19471183795538776762
22.480000             -0.19407788919151486295
22.485000             -0.19342032210879264720
22.490000             -0.19274150023235403495
22.495000             -0.19204493475885719977
22.500000             -0.19133245543498575425
22.505000             -0.19060362098433189515
22.510000             -0.18986132058993518412
22.515000             -0.18910827909585542494
22.520000             -0.18834533039284781508
22.525000             -0.18757585400791346175
22.530000             -0.18680157225210169969
22.535000             -0.18602531314335266077
22.540000             -0.18524712455385924925
22.545000             -0.18446989061923110831
22.550000             -0.18369518491848585429
22.555000             -0.18292578568868636535
22.560000             -0.18216224846391310122
22.565000             -0.18140638737331901686
22.570000             -0.18066023505165051954
22.575000             -0.17992584420273072254
22.580000             -0.17920312453333880898
22.585000             -0.17849604179729658404
22.590000             -0.17780362875912641973
22.595000             -0.17712882277747149518
22.600000             -0.17647444469791440103
22.605000             -0.17584056591038141337
22.610000             -0.17523007527444314779
22.615000             -0.17464313318634522298
22.620000             -0.17408055183856513404
22.625000             -0.17354553183546897466
22.630000             -0.17303923100633766818
22.635000             -0.17256297484304050638
22.640000             -0.17211628800673489659
22.645000             -0.17170442507351507677
22.650000             -0.17132847036696555176
22.655000             -0.17098640440918463912
22.660000             -0.17068058273130590208
22.665000             -0.17041137956493263017
22.670000             -0.17018007457442857477
22.675000             -0.16998537877865266266
22.680000             -0.16982861938976615002
22.685000             -0.16970742902049365530
22.690000             -0.16962185585229566653
22.695000             -0.16957336144533977085
22.700000             -0.16956285596855863451
22.705000             -0.16958732258919617664
22.710000             -0.16964744731112021969
22.715000             -0.16974337506257397568
22.720000             -0.16987414570143632986
22.725000             -0.17004028023296977046
22.730000             -0.17024110993918598056
22.735000             -0.17047780679991542119
22.740000             -0.17074746348242594851
22.745000             -0.17105124411215669178
22.750000             -0.17138843341088605410
22.755000             -0.17175989910809760786
22.760000             -0.17216399351602112988
22.765000             -0.17259758506241895670
22.770000             -0.17306155012034751817
22.775000             -0.17355578604697355360
22.780000             -0.17407673258130099136
22.785000             -0.17462472147459900951
22.790000             -0.17519669541767735055
22.795000             -0.17579369862663335455
22.800000             -0.17641309630243523499
22.805000             -0.17705023231895103408
22.810000             -0.17770452473428599571
22.815000             -0.17837605798817157687
22.820000             -0.17905928213468663701
22.825000             -0.17975532980024619412
22.830000             -0.18046148360636912744
22.835000             -0.18117502999245579942
22.840000             -0.18189599719348573115
22.845000             -0.18262169659011387446
22.850000             -0.18335046841700147757
22.855000             -0.18408135477341266983
22.860000             -0.18481235543921689657
22.865000             -0.18554252671483512094
22.870000             -0.18627056002946743019
22.875000             -0.18699456833874164574
22.880000             -0.18771269195426193432
22.885000             -0.18842258619901861016
22.890000             -0.18912450291759680399
22.895000             -0.18981426564036013582
22.900000             -0.19049217499641385443
22.905000             -0.19115368679508340510
22.910000             -0.19179925128305710946
22.915000             -0.19242704234166049804
22.920000             -0.19303430626506831724
22.925000             -0.19361977973890151516
22.930000             -0.19418159765665257699
22.935000             -0.19471933890133044653
22.940000             -0.19523007318515700481
22.945000             -0.19571455052545982944
22.950000             -0.19617132005716131360
22.955000             -0.19659718285881436217
22.960000             -0.19698974234950042406
22.965000             -0.19735229345711263749
22.970000             -0.19768070876778126577
22.975000             -0.19797682610642711176
22.980000             -0.19823760867044867839
22.985000             -0.19846377277659787985
22.990000             -0.19865526526323479262
22.995000             -0.19881208456989826749
23.000000             -0.19893401530275836575
23.005000             -0.19902144438623869949
23.010000             -0.19907430003788656458
23.015000             -0.19909234813668827413
23.020000             -0.19907600463801206070
23.025000             -0.19902162222085945098
23.030000             -0.19893265917226121697
23.035000             -0.19881012608593592872
23.040000             -0.19865396322078623936
23.045000             -0.19846361798878997540
23.050000             -0.19823974254897883118
23.055000             -0.19798310994138904051
23.060000             -0.19769287343486485753
23.065000             -0.19737055513937581952
23.070000             -0.19701761038441772955
23.075000             -0.19663409159616737631
23.080000             -0.19621917445594908025
23.085000             -0.19577766097497212305
23.090000             -0.19530752679181354048
23.095000             -0.19481194508488061667
23.100000             -0.19429134884965124086
23.105000             -0.19374899080669269469
23.110000             -0.19318716499393293051
23.115000             -0.19260407339254906334
23.120000             -0.19200312482989664864
23.125000             -0.19138551737405562481
23.130000             -0.19075308195244999876
23.135000             -0.19010609680641868402
23.140000             -0.18944656938794940393
23.145000             -0.18877936343351234272
23.150000             -0.18810097103350309489
23.155000             -0.18741816284262843850
23.160000             -0.18673026665928516010
23.165000             -0.18603882706713334438
23.170000             -0.18534517494823851691
23.175000             -0.18465144856544932206
23.180000             -0.18395883993902037434
23.185000             -0.18326851878164726606
23.190000             -0.18258186295629388884
23.195000             -0.18190176525047649370
23.200000             -0.18122879596994348472
23.205000             -0.18056504328182687580
23.210000             -0.17991275571978287973
23.215000             -0.17927267200523153146
23.220000             -0.17864751844805581982
23.225000             -0.17804083189550842792
23.230000             -0.17745197823928693381
23.235000             -0.17688313710227693276
23.240000             -0.17633457403900837379
23.245000             -0.17580877335329986311
23.250000             -0.17530726158497259015
23.255000             -0.17483110509571472835
23.260000             -0.17437991762477086932
23.265000             -0.17395578122044680347
23.270000             -0.17356200199667984330
23.275000             -0.17319625826590756557
23.280000             -0.17285877487561682186
23.285000             -0.17255072515214162077
23.290000             -0.17227354350192702892
23.295000             -0.17202734215876219759
23.300000             -0.17181279776748750732
23.305000             -0.17163056457730116455
23.310000             -0.17148209542045234066
23.315000             -0.17136491625541988570
23.320000             -0.17128079149689373617
23.325000             -0.17122863990649253574
23.330000             -0.17121209109524887504
23.335000             -0.17122736197990151563
23.340000             -0.17127508070912042526
23.345000             -0.17135571844907124262
23.350000             -0.17147122549089807708
23.355000             -0.17161869185986503017
23.360000             -0.17179475500865587501
23.365000             -0.17200658380438421657
23.370000             -0.17224956635680996331
23.375000             -0.17252470571242914388
23.380000             -0.17283034415098710856
23.385000             -0.17316483527230480677
23.390000             -0.17352904166668248198
23.395000             -0.17392159486040073557
23.400000             -0.17434207539918847307
23.405000             -0.17478507471811927099
23.410000             -0.17525355252946753226
23.415000             -0.17574644505682179840
23.420000             -0.17625853807890773384
23.425000             -0.17679068172608847220
23.430000             -0.17734129602489448474
23.435000             -0.17790782738856525391
23.440000             -0.17849119498275273221
23.445000             -0.17908679244813940912
23.450000             -0.17969211902767032174
23.455000             -0.18030849565877449248
23.460000             -0.18093456268418900423
23.465000             -0.18156927773001282911
23.470000             -0.18220963687401733888
23.475000             -0.18285536625231690877
23.480000             -0.18350436367340583477
23.485000             -0.18415519731368459877
23.490000             -0.18480754941664687130
23.495000             -0.18545798591901188623
23.500000             -0.18610756709992948288
23.505000             -0.18675292841191443172
23.510000             -0.18739268106725190388
23.515000             -0.18802598869836706363
23.520000             -0.18865095956765551288
23.525000             -0.18926564762675338049
23.530000             -0.18986897240045005897
23.535000             -0.19045755084878729368
23.540000             -0.19102943063893296216
23.545000             -0.19158489624251173744
23.550000             -0.19212071728011761995
23.555000             -0.19263688846548762679
23.560000             -0.19313054747018204571
23.565000             -0.19360154327981590749
23.570000             -0.19404916398227048391
23.575000             -0.19447181018206438630
23.580000             -0.19486871790238355362
23.585000             -0.19523954077459348966
23.590000             -0.19558351516105140777
23.595000             -0.19590078790771661699
23.600000             -0.19618956279777549634
23.605000             -0.19644768389414876686
23.610000             -0.19667781264406522523
23.615000             -0.19687997818246713577
23.620000             -0.19705179213966972362
23.625000             -0.19719364163542518753
23.630000             -0.19730553236734088562
23.635000             -0.19738767489728395454
23.640000             -0.19743611358877671824
23.645000             -0.19745404129219606970
23.650000             -0.19744054377439956838
23.655000             -0.19739504341053129566
23.660000             -0.19731797799963066153
23.665000             -0.19721053186990519790
23.670000             -0.19706869015401828893
23.675000             -0.19689656422674448044
23.680000             -0.19669348969577357678
23.685000             -0.19646098770348380258
23.690000             -0.19619904363654908086
23.695000             -0.19590593033152015057
23.700000             -0.19558769975231546367
23.705000             -0.19524135181398252770
23.710000             -0.19486965953674886820
23.715000             -0.19447283811004920095
23.720000             -0.19405265618908459913
23.725000             -0.19361223575204131175
23.730000             -0.19314983374044678022
23.735000             -0.19266870086575005327
23.740000             -0.19216894236307813237
23.745000             -0.19165224479285858372
23.750000             -0.19111951026303025669
23.755000             -0.19057406950332908546
23.760000             -0.19001436943144511815
23.765000             -0.18944612915192712843
23.770000             -0.18886609679656030103
23.775000             -0.18827627092868787217
23.780000             -0.18767893052436204759
23.785000             -0.18707708517137086601
23.790000             -0.18646811851693168016
23.795000             -0.18585741310417297489
23.800000             -0.18524412786411056930
23.805000             -0.18463092987970164405
23.810000             -0.18401810213734429156
23.815000             -0.18340786891576552065
23.820000             -0.18280205260581666726
23.825000             -0.18220071086033948204
23.830000             -0.18160596217996935464
23.835000             -0.18102413701539527002
23.840000             -0.18045136586376839261
23.845000             -0.17988883640456249102
23.850000             -0.17934179511316622468
23.855000             -0.17880878723547169451
23.860000             -0.17829263280663976143
23.865000             -0.17779263796790653607
23.870000             -0.17731176113412655537
23.875000             -0.17685058391499874908
23.880000             -0.17641065301338207383
23.885000             -0.17599219165695159650
23.890000             -0.17559632718939705009
23.895000             -0.17522417022636690986
23.900000             -0.17487604192263364600
23.905000             -0.17455364965703537572
23.910000             -0.17425630388212351440
23.915000             -0.17398482582185348377
23.920000             -0.17374378033081966377
23.925000             -0.17353091884718449545
23.930000             -0.17334605466204019986
23.935000             -0.17318852667260414835
23.940000             -0.17305941768977201045
23.945000             -0.17295991666027657474
23.950000             -0.17288772018755016457
23.955000             -0.17284511139329011842
23.960000             -0.17283210922498484785
23.965000             -0.17284853146098247412
23.970000             -0.17289448144590061074
23.975000             -0.17297150370363903460
23.980000             -0.17307497758505813179
23.985000             -0.17320815127934316435
23.990000             -0.17337033671723731110
23.995000             -0.17356330499925493038
24.000000             -0.17378350207203338562
24.005000             -0.17403168577064656586
24.010000             -0.17430674304410065378
24.015000             -0.17460828949234319385
24.020000             -0.17493682713334599010
24.025000             -0.17528613181084976014
24.030000             -0.17565888585182545811
24.035000             -0.17605187031563254707
24.040000             -0.17646647009566446274
24.045000             -0.17689760941045323817
24.050000             -0.17734628327528453862
24.055000             -0.17781136974495964642
24.060000             -0.17829235249688479836
24.065000             -0.17878704611336357355
24.070000             -0.17929486353518681030
24.075000             -0.17981409121155708664
24.080000             -0.18034512207897843150
24.085000             -0.18088744896455977162
24.090000             -0.18143864436876536161
24.095000             -0.18199903807098025132
24.100000             -0.18256748858958915527
24.105000             -0.18314115191862584409
24.110000             -0.18371865325363723187
24.115000             -0.18429779526547138135
24.120000             -0.18487825752656553147
24.125000             -0.18545771167027175208
24.130000             -0.18603488345953722582
24.135000             -0.18660614375864520431
24.140000             -0.18717426576664178417
24.145000             -0.18773423042317605169
24.150000             -0.18828368779710438763
24.155000             -0.18882331696650370145
24.160000             -0.18935121765402068705
24.165000             -0.18986583274155643952
24.170000             -0.19036559461652161063
24.175000             -0.19085033576040333347
24.180000             -0.19131787387461693384
24.185000             -0.19176636257349694015
24.190000             -0.19219711057701482915
24.195000             -0.19260868892075455605
24.200000             -0.19300024954476391326
24.205000             -0.19337077456698709144
24.210000             -0.19371835427296987819
24.215000             -0.19404531081098988499
24.220000             -0.19435083236580172339
24.225000             -0.19462904376458606270
24.230000             -0.19488380977225250312
24.235000             -0.19511335440590471535
24.240000             -0.19531635175084927081
24.245000             -0.19549254586035155756
24.250000             -0.19564212524148658079
24.255000             -0.19576357155679902089
24.260000             -0.19585622510454489542
24.265000             -0.19591992663519514073
24.270000             -0.19595554319563315837
24.275000             -0.19596175802018081513
24.280000             -0.19593859394761869996
24.285000             -0.19588704823017163981
24.290000             -0.19580718345398659408
24.295000             -0.19569859669335093466
24.300000             -0.19556322504532810957
24.305000             -0.19540137442862137718
24.310000             -0.19521365843770657755
24.315000             -0.19500152568989378987
24.320000             -0.19476651013168500004
24.325000             -0.19450814621300044349
24.330000             -0.19422726097965781200
24.335000             -0.19392499899029708166
24.340000             -0.19360048877870475459
24.345000             -0.19325689920223038110
24.350000             -0.19289292988593079170
24.355000             -0.19250980225860250816
24.360000             -0.19210834477992941305
24.365000             -0.19168924726939359782
24.370000             -0.19125348631523847454
24.375000             -0.19080167898769878621
24.380000             -0.19033397173282359804
24.385000             -0.18985241692079207754
24.390000             -0.18935788172059450640
24.395000             -0.18885096969744574746
24.400000             -0.18833370997106796407
24.405000             -0.18780632782572853623
24.410000             -0.18727274392477485931
24.415000             -0.18673430738217255964
24.420000             -0.18618984943643385188
24.425000             -0.18564193570469689210
24.430000             -0.18509324555926084943
24.435000             -0.18454534563998459262
24.440000             -0.18399948247042455240
24.445000             -0.18345605427722727621
24.450000             -0.18291760283541860788
24.455000             -0.18238592887492496852
24.460000             -0.18186103133556849598
24.465000             -0.18134414539351303985
24.470000             -0.18083630318628651779
24.475000             -0.18033900705170805012
24.480000             -0.17985552581235725311
24.485000             -0.17938612538695369869
24.490000             -0.17893008623108408450
24.495000             -0.17848998780780289675
24.500000             -0.17806667438651027635
24.505000             -0.17766075982150700274
24.510000             -0.17727202670792399641
24.515000             -0.17690287097842621877
24.520000             -0.17655370870414388573
24.525000             -0.17622294800347704236
24.530000             -0.17591466280941181477
24.535000             -0.17562880403561506593
24.540000             -0.17536431085316803169
24.545000             -0.17512300463453919774
24.550000             -0.17490300728384169937
24.555000             -0.17470998494916781252
24.560000             -0.17454123373321017709
24.565000             -0.17439791300012033592
24.570000             -0.17428051921941126179
24.575000             -0.17419144916044657090
24.580000             -0.17412889216093443978
24.585000             -0.17409313158429551294
24.590000             -0.17408575898160288942
24.595000             -0.17410575108194933924
24.600000             -0.17415232562552104834
24.605000             -0.17422683323105503383
24.610000             -0.17432750123474347048
24.615000             -0.17445579903150473799
24.620000             -0.17460914480901632007
24.625000             -0.17478730767596539764
24.630000             -0.17498809610538976211
24.635000             -0.17521180348493672896
24.640000             -0.17545731790681864948
24.645000             -0.17572494399058488646
24.650000             -0.17601083628354202704
24.655000             -0.17631756247964475159
24.660000             -0.17664359173780508350
24.665000             -0.17698833154933604761
24.670000             -0.17735117397077512780
24.675000             -0.17773081446803076777
24.680000             -0.17812780981115503010
24.685000             -0.17854071814682043184
24.690000             -0.17896827572257903438
24.695000             -0.17941045291639393100
24.700000             -0.17986547755554560535
24.705000             -0.18033193629920676870
24.710000             -0.18081081244889163351
24.715000             -0.18129953155956077260
24.720000             -0.18179759420447885732
24.725000             -0.18230229797491195876
24.730000             -0.18281285826558421603
24.735000             -0.18332790594809547646
24.740000             -0.18384553623970009695
24.745000             -0.18436425643154713550
24.750000             -0.18488379060592360914
24.755000             -0.18540410363403495020
24.760000             -0.18591889357645749459
24.765000             -0.18643063632258843887
24.770000             -0.18693635173601741428
24.775000             -0.18743519931259239319
24.780000             -0.18792609387198166981
24.785000             -0.18840717408220408746
24.790000             -0.18887723882490015104
24.795000             -0.18933562341014351094
24.800000             -0.18978157794041627948
24.805000             -0.19021407954719585232
24.810000             -0.19063280748668345876
24.815000             -0.19103593347233513433
24.820000             -0.19142312457554216953
24.825000             -0.19179286913107154722
24.830000             -0.19214557578817770267
24.835000             -0.19248019391305817849
24.840000             -0.19279622633755841288
24.845000             -0.19309170752418389205
24.850000             -0.19336708385214418371
24.855000             -0.19361955415935344638
24.860000             -0.19385097058806796677
24.865000             -0.19405771268239307981
24.870000             -0.19424011543533181712
24.875000             -0.19439708752707890449
24.880000             -0.19452938282489617983
24.885000             -0.19463898561315179370
24.890000             -0.19472259167367222954
24.895000             -0.19478055030392316116
24.900000             -0.19481212792309338111
24.905000             -0.19482082070137010654
24.910000             -0.19480455439949542762
24.915000             -0.19476313631518787917
24.920000             -0.19469603075528646441
24.925000             -0.19460383738332498460
24.930000             -0.19448700440843127990
24.935000             -0.19434652015604830799
24.940000             -0.19418400345205441559
24.945000             -0.19399813962401263323
24.950000             -0.19378996726769295855
24.955000             -0.19356065407553590951
24.960000             -0.19330959894313767822
24.965000             -0.19303787005703673674
24.970000             -0.19274655834957399314
24.975000             -0.19243457300932451104
24.980000             -0.19210310415492296010
24.985000             -0.19175587567958707336
24.990000             -0.19139273081597679704
