# time u2_x
0.005000              0.00000000000000000000
0.010000              0.00000065986144222123
0.015000              0.00000175660499653454
0.020000              0.00000331048359494218
0.025000              0.00000532444742296968
0.030000              0.00000780581325002938
0.035000              0.00001076193677652884
0.040000              0.00001419785562524089
0.045000              0.00001811637516826968
0.050000              0.00002251335109151103
0.055000              0.00002737951838976001
0.060000              0.00003269802486267312
0.065000              0.00003844485376525194
0.070000              0.00004459468364431872
0.075000              0.00005111861287051125
0.080000              0.00005798892011980221
0.085000              0.00006517654779699003
0.090000              0.00007264890201510764
0.095000              0.00008037102947845449
0.100000              0.00008830855299101944
0.105000              0.00009642811869481079
0.110000              0.00010470209472632589
0.115000              0.00011310204291102959
0.120000              0.00012160510215475186
0.125000              0.00013018731634896829
0.130000              0.00013882598665570367
0.135000              0.00014749633333630352
0.140000              0.00015615856740365335
0.145000              0.00016477171678382497
0.150000              0.00017327953795747680
0.155000              0.00018162305349938125
0.160000              0.00018975834701584233
0.165000              0.00019765740444315855
0.170000              0.00020529316632491356
0.175000              0.00021265680378832342
0.180000              0.00021975572858320012
0.185000              0.00022659042262299770
0.190000              0.00023318075342684407
0.195000              0.00023952250398904672
0.200000              0.00024559394896970436
0.205000              0.00025136956843490330
0.210000              0.00025681349694588830
0.215000              0.00026188111321923330
0.220000              0.00026648728719841152
0.225000              0.00027053652535848299
0.230000              0.00027387280129939992
0.235000              0.00027638520974515270
0.240000              0.00027789914451550380
0.245000              0.00027825765003523079
0.250000              0.00027735799654983971
0.255000              0.00027512466376792768
0.260000              0.00027163078047065823
0.265000              0.00026701341869728488
0.270000              0.00026134684745362721
0.275000              0.00025471391465729559
0.280000              0.00024708278412483812
0.285000              0.00023841609610585567
0.290000              0.00022868431120299097
0.295000              0.00021789075965349770
0.300000              0.00020607914312773790
0.305000              0.00019333347981027350
0.310000              0.00017973165270378103
0.315000              0.00016536487411133649
0.320000              0.00015026714545755720
0.325000              0.00013445491279926393
0.330000              0.00011793095086291242
0.335000              0.00010069291579841081
0.340000              0.00008279340505045984
0.345000              0.00006429742429052356
0.350000              0.00004534085353760479
0.355000              0.00002609058646098810
0.360000              0.00000674540734767891
0.365000             -0.00001247350854534413
0.370000             -0.00003152282809873669
0.375000             -0.00005041760531622168
0.380000             -0.00006922883152021151
0.385000             -0.00008806494750923629
0.390000             -0.00010692734024725873
0.395000             -0.00012578860067572527
0.400000             -0.00014450623649266614
0.405000             -0.00016288817309525268
0.410000             -0.00018076471791521291
0.415000             -0.00019795251205029110
0.420000             -0.00021435392304514384
0.425000             -0.00022988540088083085
0.430000             -0.00024451606542671853
0.435000             -0.00025821183610105980
0.440000             -0.00027093766148155775
0.445000             -0.00028264448279715645
0.450000             -0.00029330892657485047
0.455000             -0.00030289323938340084
0.460000             -0.00031140943216085274
0.465000             -0.00031888891587424469
0.470000             -0.00032565199583641934
0.475000             -0.00033214582330898517
0.480000             -0.00033888683943850254
0.485000             -0.00034648787686769432
0.490000             -0.00035546480338593308
0.495000             -0.00036633217120233934
0.500000             -0.00037953206668746927
0.505000             -0.00039548059542613047
0.510000             -0.00041462650166422386
0.515000             -0.00043739276863365303
0.520000             -0.00046399895282233191
0.525000             -0.00049454772003970453
0.530000             -0.00052888726748232787
0.535000             -0.00056675050527892946
0.540000             -0.00060794376391017254
0.545000             -0.00065229198765929869
0.550000             -0.00069926552221424333
0.555000             -0.00074814767418992134
0.560000             -0.00079828959625486415
0.565000             -0.00084902386815695167
0.570000             -0.00089981154523386883
0.575000             -0.00095020046154377456
0.580000             -0.00099981634983902813
0.585000             -0.00104834107275449183
0.590000             -0.00109530602054287523
0.595000             -0.00114027045038348081
0.600000             -0.00118263210268287769
0.605000             -0.00122178927735279463
0.610000             -0.00125721173379973283
0.615000             -0.00128837135531649234
0.620000             -0.00131496602202986999
0.625000             -0.00133668496408224447
0.630000             -0.00135347817550873209
0.635000             -0.00136535504937610993
0.640000             -0.00137241482202518509
0.645000             -0.00137478536378047352
0.650000             -0.00137249535509106207
0.655000             -0.00136561539178076813
0.660000             -0.00135426687423132364
0.665000             -0.00133876043720178371
0.670000             -0.00131979150444691529
0.675000             -0.00129839504353790173
0.680000             -0.00127557697342229204
0.685000             -0.00125244713312044897
0.690000             -0.00122952530540202504
0.695000             -0.00120717989453168794
0.700000             -0.00118530966582662458
0.705000             -0.00116350542283699373
0.710000             -0.00114150414345052837
0.715000             -0.00111880680635934125
0.720000             -0.00109477816603545711
0.725000             -0.00106866805729216325
0.730000             -0.00103973859489998833
0.735000             -0.00100696187350809139
0.740000             -0.00096954498451156670
0.745000             -0.00092665780515543094
0.750000             -0.00087768979336811639
0.755000             -0.00082195486329014928
0.760000             -0.00075917024208650599
0.765000             -0.00068918595820449810
0.770000             -0.00061258360885409939
0.775000             -0.00053019168919443032
0.780000             -0.00044327794416765043
0.785000             -0.00035338722313682183
0.790000             -0.00026151544373902483
0.795000             -0.00016860226876582588
0.800000             -0.00007531113169989305
0.805000              0.00001775514701832866
0.810000              0.00010974226979279049
0.815000              0.00019971289644229328
0.820000              0.00028660044376578857
0.825000              0.00036927307243368284
0.830000              0.00044668337824714538
0.835000              0.00051783721604256106
0.840000              0.00058209492616823099
0.845000              0.00063901632547299064
0.850000              0.00068836837484186769
0.855000              0.00073008237944640578
0.860000              0.00076423266171425945
0.865000              0.00079097712307203260
0.870000              0.00081084525798436372
0.875000              0.00082457159407035461
0.880000              0.00083298177361022492
0.885000              0.00083710533015536766
0.890000              0.00083838098501972920
0.895000              0.00083851752519814712
0.900000              0.00083936757155109426
0.905000              0.00084289613769960626
0.910000              0.00085061273712593358
0.915000              0.00086382532133569333
0.920000              0.00088312794726130048
0.925000              0.00090880141039196660
0.930000              0.00094095365597931439
0.935000              0.00097954323638635953
0.940000              0.00102466181549681857
0.945000              0.00107648253433242588
0.950000              0.00113508671627348778
0.955000              0.00120062612193786583
0.960000              0.00127258889914966559
0.965000              0.00135023889607778784
0.970000              0.00143271378501109211
0.975000              0.00151895284115353317
0.980000              0.00160824554741148475
0.985000              0.00169989787204837288
0.990000              0.00179331628599231174
0.995000              0.00188791529558982041
1.000000              0.00198278911941682581
1.005000              0.00207681773469767976
1.010000              0.00216831632805997111
1.015000              0.00225552423800160851
1.020000              0.00233655726725781653
1.025000              0.00240981655496280527
1.030000              0.00247369798296285257
1.035000              0.00252705203165196849
1.040000              0.00256866773030382627
1.045000              0.00259753867162829154
1.050000              0.00261218109483058597
1.055000              0.00261077537875346096
1.060000              0.00259197084932325005
1.065000              0.00255431801634438274
1.070000              0.00249769455092408105
1.075000              0.00242249328810056896
1.080000              0.00232987281503640228
1.085000              0.00222145138947273373
1.090000              0.00209912627885528846
1.095000              0.00196549624757412283
1.100000              0.00182306031953337203
1.105000              0.00167478218657603163
1.110000              0.00152315559878649369
1.115000              0.00137067563459087032
1.120000              0.00121881764484637971
1.125000              0.00106860121497190917
1.130000              0.00092040088913587586
1.135000              0.00077410344009186882
1.140000              0.00062928122253581528
1.145000              0.00048524540198485917
1.150000              0.00034102422697693713
1.155000              0.00019538366607606717
1.160000              0.00004671486907838794
1.165000             -0.00010677256954370534
1.170000             -0.00026664078579997067
1.175000             -0.00043435316414620526
1.180000             -0.00061064159927119949
1.185000             -0.00079588559169940570
1.190000             -0.00099008805389546521
1.195000             -0.00119290000642270134
1.200000             -0.00140393708639491993
1.205000             -0.00162258111040714643
1.210000             -0.00184815279128275941
1.215000             -0.00207970422838149810
1.220000             -0.00231596908241172130
1.225000             -0.00255552821494477210
1.230000             -0.00279616319436158623
1.235000             -0.00303541361329235163
1.240000             -0.00327044558094370707
1.245000             -0.00349824438564311484
1.250000             -0.00371569888660304957
1.255000             -0.00391951044090812703
1.260000             -0.00410670707069705869
1.265000             -0.00427446801011342747
1.270000             -0.00442066961013764647
1.275000             -0.00454363293855851967
1.280000             -0.00464239635386937567
1.285000             -0.00471643223622373285
1.290000             -0.00476590531262277486
1.295000             -0.00479230673185412556
1.300000             -0.00479737848074536163
1.305000             -0.00478331677312391745
1.310000             -0.00475254952597732507
1.315000             -0.00470655766536533498
1.320000             -0.00464769719227138296
1.325000             -0.00457732835345356533
1.330000             -0.00449781006928682593
1.335000             -0.00441120652582007496
1.340000             -0.00431981229603542807
1.345000             -0.00422516322154445779
1.350000             -0.00412855038228240791
1.355000             -0.00403075085542944651
1.360000             -0.00393170309210650638
1.365000             -0.00383091167824566210
1.370000             -0.00372715344475893842
1.375000             -0.00361898094260963482
1.380000             -0.00350508582617639836
1.385000             -0.00338393881567986173
1.390000             -0.00325477446107191263
1.395000             -0.00311674601738389954
1.400000             -0.00296939783435631963
1.405000             -0.00281239133627997091
1.410000             -0.00264615426271146972
1.415000             -0.00247108479295140605
1.420000             -0.00228854116779188699
1.425000             -0.00210029117176796726
1.430000             -0.00190850524607630041
1.435000             -0.00171561635519666385
1.440000             -0.00152369516939978287
1.445000             -0.00133470043947616019
1.450000             -0.00115008372688314557
1.455000             -0.00097097826856842623
1.460000             -0.00079830714108905553
1.465000             -0.00063278101495674571
1.470000             -0.00047453935924813851
1.475000             -0.00032343142797997627
1.480000             -0.00017877960639239173
1.485000             -0.00003953945554683426
1.490000              0.00009546764841617039
1.495000              0.00022760740531857610
1.500000              0.00035807797265444282
1.505000              0.00048804928757026139
1.510000              0.00061828038512806781
1.515000              0.00074931016523105225
1.520000              0.00088147331342868255
1.525000              0.00101488069727933899
1.530000              0.00114933645477635410
1.535000              0.00128436815245389492
1.540000              0.00141933928206644890
1.545000              0.00155339896731605809
1.550000              0.00168579988078866117
1.555000              0.00181587760218380242
1.560000              0.00194276477904672083
1.565000              0.00206581938525775451
1.570000              0.00218375394457908951
1.575000              0.00229514939778848338
1.580000              0.00239809534774010477
1.585000              0.00249051370210023318
1.590000              0.00257140801660944371
1.595000              0.00264029226167358279
1.600000              0.00269815587266590768
1.605000              0.00274693627820629021
1.610000              0.00278856136001912796
1.615000              0.00282521613782192767
1.620000              0.00285833712424100233
1.625000              0.00288912652344223888
1.630000              0.00291893966266442871
1.635000              0.00294855461118484355
1.640000              0.00297990929401897690
1.645000              0.00301442587630322990
1.650000              0.00305387405168404749
1.655000              0.00309965728694932153
1.660000              0.00315274788684304910
1.665000              0.00321340638417423868
1.670000              0.00328026633959206497
1.675000              0.00335101907807955303
1.680000              0.00342221915980975766
1.685000              0.00348948214958010993
1.690000              0.00354866541960946989
1.695000              0.00359522561078653123
1.700000              0.00362542282441941262
1.705000              0.00363529843954569706
1.710000              0.00362133787926032825
1.715000              0.00358011194960325754
1.720000              0.00350906822453149860
1.725000              0.00340607085210170015
1.730000              0.00327054382508906076
1.735000              0.00310224507730274060
1.740000              0.00290226189535007116
1.745000              0.00267237102985884954
1.750000              0.00241457496748749513
1.755000              0.00213157776401306067
1.760000              0.00182602666517268811
1.765000              0.00150070043491243549
1.770000              0.00115854786473053827
1.775000              0.00080230038725494679
1.780000              0.00043432635233998750
1.785000              0.00005661098301084150
1.790000             -0.00032969907884485526
1.795000             -0.00072407380825177041
1.800000             -0.00112645187913686150
1.805000             -0.00153722464700055666
1.810000             -0.00195636826514609171
1.815000             -0.00238390944558431990
1.820000             -0.00281904262143157277
1.825000             -0.00326059174023240680
1.830000             -0.00370660959635135418
1.835000             -0.00415444494686961589
1.840000             -0.00460122495351402046
1.845000             -0.00504360101609851053
1.850000             -0.00547853417140612819
1.855000             -0.00590286178136063995
1.860000             -0.00631423906226643347
1.865000             -0.00671051020686966142
1.870000             -0.00708920818453380973
1.875000             -0.00744809583234948714
1.880000             -0.00778329080937928495
1.885000             -0.00809101979336251942
1.890000             -0.00836637496718433717
1.895000             -0.00860540821224836314
1.900000             -0.00880410059776868398
1.905000             -0.00895873042500238033
1.910000             -0.00906618580940550013
1.915000             -0.00912326229811035241
1.920000             -0.00912730632444097058
1.925000             -0.00907587438444795204
1.930000             -0.00896776582444843914
1.935000             -0.00880238507680239889
1.940000             -0.00858038969156688439
1.945000             -0.00830467789239405611
1.950000             -0.00797852197652158812
1.955000             -0.00760732969245502509
1.960000             -0.00719764939407426755
1.965000             -0.00675680201878336908
1.970000             -0.00629212378740227722
1.975000             -0.00581108927511138525
1.980000             -0.00531950449826355462
1.985000             -0.00482259488427306659
1.990000             -0.00432386235968131027
1.995000             -0.00382596489071265321
2.000000             -0.00333036085567596507
2.005000             -0.00283746969733166682
2.010000             -0.00234723433039019493
2.015000             -0.00185905345116350808
2.020000             -0.00137228898618898198
2.025000             -0.00088617393927732083
2.030000             -0.00040006662903983425
2.035000              0.00008663896622962941
2.040000              0.00057399381097198636
2.045000              0.00106177181141658733
2.050000              0.00154908727981890480
2.055000              0.00203464722038253264
2.060000              0.00251690768561604406
2.065000              0.00299401370365179938
2.070000              0.00346393217034272763
2.075000              0.00392433044837850811
2.080000              0.00437326385145099875
2.085000              0.00480872363167428925
2.090000              0.00522915331435940163
2.095000              0.00563307633522775863
2.100000              0.00601909401633384401
2.105000              0.00638575962434900085
2.110000              0.00673320884734680044
2.115000              0.00706117998002509049
2.120000              0.00737059685039113000
2.125000              0.00766272885099930894
2.130000              0.00793954971194081247
2.135000              0.00820358670088020860
2.140000              0.00845749965988220470
2.145000              0.00870456844687535897
2.150000              0.00894805766796359127
2.155000              0.00919118521853902991
2.160000              0.00943731333027249264
2.165000              0.00969033558329413305
2.170000              0.00995351828419793229
2.175000              0.01022992222251852684
2.180000              0.01052266053269933395
2.185000              0.01083239652621520270
2.190000              0.01116157868594315657
2.195000              0.01151027754247128769
2.200000              0.01187696966342493415
2.205000              0.01225979444403939300
2.210000              0.01265521570883272086
2.215000              0.01305881236537584714
2.220000              0.01346595929156966555
2.225000              0.01387117588707116080
2.230000              0.01426932143567444418
2.235000              0.01465549287808124747
2.240000              0.01502457225508364164
2.245000              0.01537158891680308510
2.250000              0.01569104055484644988
2.255000              0.01597786356482702383
2.260000              0.01622729203855280064
2.265000              0.01643508488457004826
2.270000              0.01659914210670174889
2.275000              0.01671638796950574921
2.280000              0.01678668975382141895
2.285000              0.01681009638622688734
2.290000              0.01678800860297832015
2.295000              0.01672228494271266880
2.300000              0.01661581126758383820
2.305000              0.01647136601089081720
2.310000              0.01629245911470505320
2.315000              0.01608059634404548910
2.320000              0.01583805409489733376
2.325000              0.01556556575649297933
2.330000              0.01526308014785677548
2.335000              0.01492838506386499377
2.340000              0.01456024699828525372
2.345000              0.01415456462904128056
2.350000              0.01370824064070219617
2.355000              0.01321579878120261037
2.360000              0.01267261276247795380
2.365000              0.01207312329853609499
2.370000              0.01141455740591062161
2.375000              0.01069283921853007857
2.380000              0.00990800851362608204
2.385000              0.00905966890942442628
2.390000              0.00814955104548655690
2.395000              0.00718075770247153782
2.400000              0.00615702112890162672
2.405000              0.00508335231683135387
2.410000              0.00396499014645991087
2.415000              0.00280793683673249755
2.420000              0.00161820700834443775
2.425000              0.00040252155685133547
2.430000             -0.00083253290326690689
2.435000             -0.00207985261008627196
2.440000             -0.00333302399190728510
2.445000             -0.00458611246751047374
2.450000             -0.00583481270668205401
2.455000             -0.00707592459344108093
2.460000             -0.00830598821820088644
2.465000             -0.00952205699195217414
2.470000             -0.01071929355561611515
2.475000             -0.01189231953846266870
2.480000             -0.01303576340814083245
2.485000             -0.01414398847179302449
2.490000             -0.01521252788852721881
2.495000             -0.01623727086650082058
2.500000             -0.01721500857915639338
2.505000             -0.01814226314827364558
2.510000             -0.01901727495193840725
2.515000             -0.01983880133617324515
2.520000             -0.02060732551862493739
2.525000             -0.02132348893290693728
2.530000             -0.02198790282703248430
2.535000             -0.02260135905213648752
2.540000             -0.02316161134253416631
2.545000             -0.02366982880541356610
2.550000             -0.02412230944735165028
2.555000             -0.02451674840200469482
2.560000             -0.02484980197108030073
2.565000             -0.02512038069929148701
2.570000             -0.02532808670357756739
2.575000             -0.02547704731574535961
2.580000             -0.02556776401974902510
2.585000             -0.02560328626886783712
2.590000             -0.02558426063487972274
2.595000             -0.02551121330985693658
2.600000             -0.02538304072285486185
2.605000             -0.02519898401521333126
2.610000             -0.02495958477983422491
2.615000             -0.02466333530094473245
2.620000             -0.02431182225125291460
2.625000             -0.02390606267186102390
2.630000             -0.02344933642472233140
2.635000             -0.02294574951882990752
2.640000             -0.02239696977552406779
2.645000             -0.02180662450510330655
2.650000             -0.02117540146312574256
2.655000             -0.02050317235616488931
2.660000             -0.01978991791360081021
2.665000             -0.01903328472421006445
2.670000             -0.01823199760599521213
2.675000             -0.01738445016916597211
2.680000             -0.01648888227051642161
2.685000             -0.01554458094639107890
2.690000             -0.01454856297537629461
2.695000             -0.01349873607092505132
2.700000             -0.01239531898637728086
2.705000             -0.01123897836973847784
2.710000             -0.01003332317874162938
2.715000             -0.00878306226786745858
2.720000             -0.00749544295392314767
2.725000             -0.00617865087947450358
2.730000             -0.00484158045087633611
2.735000             -0.00349404694558543786
2.740000             -0.00214459844315781530
2.745000             -0.00080185986979618617
2.750000              0.00052713532366788619
2.755000              0.00183563391791779899
2.760000              0.00311774418529827020
2.765000              0.00436787686340805396
2.770000              0.00558155884888013234
2.775000              0.00675481187871337235
2.780000              0.00788593092326460299
2.785000              0.00897423465208032831
2.790000              0.01002261356143220768
2.795000              0.01103525198700577165
2.800000              0.01201805554070718707
2.805000              0.01297683482668443751
2.810000              0.01391655256583698708
2.815000              0.01484169069401862842
2.820000              0.01575342997354553173
2.825000              0.01665102122469963586
2.830000              0.01753078658733107226
2.835000              0.01838745600618737347
2.840000              0.01921572861197867396
2.845000              0.02000958677333011457
2.850000              0.02076248230903344691
2.855000              0.02146881904462660806
2.860000              0.02212094644913893682
2.865000              0.02271194117091601336
2.870000              0.02323662030993223215
2.875000              0.02368983873031399109
2.880000              0.02406839725396197477
2.885000              0.02437089247825964186
2.890000              0.02459398287538515013
2.895000              0.02473763232535093615
2.900000              0.02479934176799795248
2.905000              0.02477663304423764062
2.910000              0.02466686522487374078
2.915000              0.02446765271542213072
2.920000              0.02417776450059259258
2.925000              0.02379732714538903421
2.930000              0.02332735936729662951
2.935000              0.02277075989680565557
2.940000              0.02213176883403866063
2.945000              0.02141417935157905253
2.950000              0.02062548618474430509
2.955000              0.01977197510195854296
2.960000              0.01886032369427496566
2.965000              0.01789918579309789787
2.970000              0.01689109562531659198
2.975000              0.01584221545722648561
2.980000              0.01475604106585064017
2.985000              0.01363725889763919147
2.990000              0.01248814307594712202
2.995000              0.01131152693027689081
3.000000              0.01010874958702305017
3.005000              0.00888094077687079202
3.010000              0.00762856334715950220
3.015000              0.00635152819825178690
3.020000              0.00504966550596258525
3.025000              0.00372233805960198042
3.030000              0.00236893027147543674
3.035000              0.00098922495599534834
3.040000             -0.00041553572786875396
3.045000             -0.00184339346286264256
3.050000             -0.00329080083959702209
3.055000             -0.00475323564471760718
3.060000             -0.00622527898899363167
3.065000             -0.00770096374481350938
3.070000             -0.00917466776909569952
3.075000             -0.01064023122434596021
3.080000             -0.01209212069683356268
3.085000             -0.01352473571679064721
3.090000             -0.01493180770742107838
3.095000             -0.01630697506427757071
3.100000             -0.01764381472545232740
3.105000             -0.01893619837411911547
3.110000             -0.02017803828240592387
3.115000             -0.02136367190274805414
3.120000             -0.02248737101427619733
3.125000             -0.02354513850517915563
3.130000             -0.02453153910568606558
3.135000             -0.02544220440417125847
3.140000             -0.02627294089953713038
3.145000             -0.02702050826248872731
3.150000             -0.02768185042138995508
3.155000             -0.02825546396245142214
3.160000             -0.02873903261596786468
3.165000             -0.02913736821918004941
3.170000             -0.02945105226264966430
3.175000             -0.02968535263708434527
3.180000             -0.02984333525337157927
3.185000             -0.02993072301253004580
3.190000             -0.02995182161625642436
3.195000             -0.02991177066174273771
3.200000             -0.02981576329018872928
3.205000             -0.02966909358053588380
3.210000             -0.02947788503990215678
3.215000             -0.02924720571830529206
3.220000             -0.02898221323689556192
3.225000             -0.02868709809711651390
3.230000             -0.02836467104724678737
3.235000             -0.02801781863960475447
3.240000             -0.02764573935545994871
3.245000             -0.02724780748147110840
3.250000             -0.02682155628158253841
3.255000             -0.02636307800434494961
3.260000             -0.02586640954221596650
3.265000             -0.02532649506455651733
3.270000             -0.02473547918570786694
3.275000             -0.02408826515319167916
3.280000             -0.02337660928370105529
3.285000             -0.02259546810569039096
3.290000             -0.02173839709643393334
3.295000             -0.02080066656406609135
3.300000             -0.01978087893079923110
3.305000             -0.01867928502890120121
3.310000             -0.01749956041783718580
3.315000             -0.01624749369411796970
3.320000             -0.01492901019006279834
3.325000             -0.01354958941274587644
3.330000             -0.01211360845634923585
3.335000             -0.01062441072708819774
3.340000             -0.00908504499692270456
3.345000             -0.00749802501634757017
3.350000             -0.00586662849922051002
3.355000             -0.00419525179347297883
3.360000             -0.00248758779081976718
3.365000             -0.00074907807684836776
3.370000              0.00101547860120046701
3.375000              0.00280110766967435606
3.380000              0.00460251216744816428
3.385000              0.00641446623243730786
3.390000              0.00823150034538061050
3.395000              0.01004802124400308062
3.400000              0.01185847746095456887
3.405000              0.01365707398386946381
3.410000              0.01543789284902269930
3.415000              0.01719467057400742710
3.420000              0.01892130079724485200
3.425000              0.02061070273955047105
3.430000              0.02225746310975783640
3.435000              0.02385400640912162945
3.440000              0.02539389764555469164
3.445000              0.02687129444112151821
3.450000              0.02828193043094191783
3.455000              0.02962239502103438879
3.460000              0.03088989930269260553
3.465000              0.03208267537387934909
3.470000              0.03319946701576243636
3.475000              0.03424024359176446042
3.480000              0.03520497610320249410
3.485000              0.03609444118064971535
3.490000              0.03690719907518306281
3.495000              0.03764480470883307256
3.500000              0.03830601466590547594
3.505000              0.03889278646578735871
3.510000              0.03940691789860441968
3.515000              0.03984902931488085165
3.520000              0.04022033451356122474
3.525000              0.04052225798692524195
3.530000              0.04075402216442718800
3.535000              0.04091929415511968982
3.540000              0.04101475157811879796
3.545000              0.04104355772897621407
3.550000              0.04099933768889601343
3.555000              0.04088071243767563145
3.560000              0.04068321148414578287
3.565000              0.04040214209267230933
3.570000              0.04003611511673951101
3.575000              0.03957790976247621550
3.580000              0.03902262831672573956
3.585000              0.03836308566812033499
3.590000              0.03759807829153687803
3.595000              0.03672048471389644658
3.600000              0.03573037247536040018
3.605000              0.03462679172602270428
3.610000              0.03340950858243147553
3.615000              0.03208312550635299132
3.620000              0.03064876547239910390
3.625000              0.02911318395262606565
3.630000              0.02748284413186178818
3.635000              0.02576501908577847125
3.640000              0.02396612984181009307
3.645000              0.02209488309375786871
3.650000              0.02015634959343502383
3.655000              0.01815796902950844380
3.660000              0.01610450712178650157
3.665000              0.01400068725310774607
3.670000              0.01184913429206357026
3.675000              0.00965165383346288860
3.680000              0.00740892255458016746
3.685000              0.00512032230442958838
3.690000              0.00278557183156704063
3.695000              0.00040316611004135000
3.700000             -0.00202808502385867003
3.705000             -0.00450979033563257258
3.710000             -0.00704216132816433936
3.715000             -0.00962528024780018830
3.720000             -0.01225719945174954216
3.725000             -0.01493550636183665035
3.730000             -0.01765601935211036366
3.735000             -0.02041394714614893496
3.740000             -0.02320248092966281650
3.745000             -0.02601383932878817071
3.750000             -0.02884025322722857596
3.755000             -0.03166905784117034217
3.760000             -0.03448503348091069148
3.765000             -0.03726900380446691169
3.770000             -0.03999699624778415424
3.775000             -0.04264292080051312189
3.780000             -0.04517989379073190231
3.785000             -0.04758215706301711923
3.790000             -0.04982993607298981387
3.795000             -0.05190068905351798156
3.800000             -0.05378189255582542516
3.805000             -0.05546087781413781836
3.810000             -0.05692786987186774367
3.815000             -0.05817473733267399666
3.820000             -0.05919764283425729690
3.825000             -0.05999169413085515129
3.830000             -0.06055648613152522092
3.835000             -0.06088999505307958471
3.840000             -0.06099404267598732693
3.845000             -0.06086873858665804715
3.850000             -0.06052232380237129034
3.855000             -0.05995886214366055039
3.860000             -0.05918662590542047436
3.865000             -0.05821988475550708697
3.870000             -0.05707622744400085019
3.875000             -0.05577515702408989556
3.880000             -0.05433190731755294101
3.885000             -0.05276518717657745910
3.890000             -0.05108531057473429671
3.895000             -0.04930484249443976147
3.900000             -0.04742810143204505974
3.905000             -0.04546666890686124063
3.910000             -0.04342068979382908422
3.915000             -0.04129343365458826298
3.920000             -0.03908162863901339795
3.925000             -0.03678056746708809055
3.930000             -0.03438835807047289223
3.935000             -0.03189459041068291173
3.940000             -0.02929394582013260598
3.945000             -0.02658068006216971271
3.950000             -0.02374956251749468089
3.955000             -0.02079578645245354351
3.960000             -0.01771660021136291577
3.965000             -0.01451057458141016485
3.970000             -0.01117978362750828882
3.975000             -0.00772677367426913460
3.980000             -0.00415827693716090945
3.985000             -0.00048274103630122924
3.990000              0.00328475992741986134
3.995000              0.00712683158218119228
4.000000              0.01101283280470501807
4.005000              0.01490640871214642116
4.010000              0.01876555727100656656
4.015000              0.02254426414551721075
4.020000              0.02619919097823805373
4.025000              0.02968535586953031935
4.030000              0.03296936339332652566
4.035000              0.03601914080756508235
4.040000              0.03881439314611397767
4.045000              0.04134275131728957359
4.050000              0.04359468661171063408
4.055000              0.04556785089614937001
4.060000              0.04726619122191082906
4.065000              0.04870177069813560328
4.070000              0.04989188593355987911
4.075000              0.05086134698047285740
4.080000              0.05163897578386979215
4.085000              0.05225482962992426123
4.090000              0.05274262519152445733
4.095000              0.05313530988201940058
4.100000              0.05345757506412660010
4.105000              0.05373115094196049407
4.110000              0.05397247770172656361
4.115000              0.05418799411103261687
4.120000              0.05438064855528787489
4.125000              0.05454740492022777665
4.130000              0.05467816581121151542
4.135000              0.05475557651504804613
4.140000              0.05475937168410749400
4.145000              0.05466352414765861256
4.150000              0.05444858506588406283
4.155000              0.05408418518415698123
4.160000              0.05354704856696284460
4.165000              0.05280534295797171401
4.170000              0.05184206179854936036
4.175000              0.05064173528882396497
4.180000              0.04920513553501261461
4.185000              0.04754211493271379846
4.190000              0.04567173254152995243
4.195000              0.04362448904558981905
4.200000              0.04142808745634544987
4.205000              0.03912023491588464269
4.210000              0.03673334853640380232
4.215000              0.03430526223173530759
4.220000              0.03187280296075487018
4.225000              0.02947120898655368471
4.230000              0.02713716561844929306
4.235000              0.02490488223596986142
4.240000              0.02280146484948682856
4.245000              0.02085374598138657262
4.250000              0.01908004918878152337
4.255000              0.01749175302703104978
4.260000              0.01608772053843003647
4.265000              0.01486052365862699891
4.270000              0.01378410105023993547
4.275000              0.01282354220796824013
4.280000              0.01193364342215816679
4.285000              0.01106416823846415563
4.290000              0.01017119827964738620
4.295000              0.00921388105435542483
4.300000              0.00815973306377691839
4.305000              0.00698186457720037165
4.310000              0.00566200669093778770
4.315000              0.00418912534565186751
4.320000              0.00255965087845052989
4.325000              0.00077794645248800806
4.330000             -0.00114437777159110722
4.335000             -0.00318929110489500752
4.340000             -0.00533644694491272782
4.345000             -0.00756206574713215625
4.350000             -0.00984415374748365615
4.355000             -0.01216034907451410407
4.360000             -0.01448938686264666237
4.365000             -0.01681162441820990838
4.370000             -0.01910878930186011779
4.375000             -0.02136576694705121307
4.380000             -0.02357140508443572591
4.385000             -0.02571898207567054062
4.390000             -0.02780726971118155019
4.395000             -0.02983859873555999923
4.400000             -0.03182150648425843831
4.405000             -0.03376537681484294284
4.410000             -0.03568276168218892375
4.415000             -0.03758550249628182099
4.420000             -0.03948459086556446729
4.425000             -0.04138857390780007611
4.430000             -0.04330277671124948408
4.435000             -0.04522833592880327186
4.440000             -0.04715955719809119401
4.445000             -0.04908668514853396780
4.450000             -0.05099541573594212202
4.455000             -0.05286682795607860336
4.460000             -0.05468118953276562832
4.465000             -0.05641632448470586259
4.470000             -0.05805496479476594807
4.475000             -0.05957845528389425077
4.480000             -0.06097062407333363188
4.485000             -0.06221944908407157915
4.490000             -0.06331641078017560820
4.495000             -0.06425627752666719650
4.500000             -0.06504021979227067596
4.505000             -0.06567233460490927432
4.510000             -0.06616450356678338363
4.515000             -0.06653217735983726899
4.520000             -0.06680031893173714319
4.525000             -0.06698616289914242905
4.530000             -0.06711218951123111565
4.535000             -0.06719894131109033220
4.540000             -0.06726388583180761827
4.545000             -0.06732112307172694043
4.550000             -0.06738326425767010575
4.555000             -0.06746167654755093335
4.560000             -0.06756011309909867868
4.565000             -0.06768368329925206206
4.570000             -0.06783015621596752420
4.575000             -0.06799977358815204043
4.580000             -0.06818251451241315320
4.585000             -0.06836881791201443459
4.590000             -0.06854436182690462620
4.595000             -0.06869445167819089593
4.600000             -0.06880315261919324465
4.605000             -0.06885602105678230445
4.610000             -0.06884014448200913294
4.615000             -0.06874190874814946339
4.620000             -0.06855393152312450056
4.625000             -0.06826737877784534725
4.630000             -0.06788213320969911646
4.635000             -0.06739982178056970474
4.640000             -0.06682263092566168017
4.645000             -0.06615575716595378797
4.650000             -0.06540659674141087454
4.655000             -0.06457927051933004536
4.660000             -0.06368473635837383628
4.665000             -0.06272516299473857027
4.670000             -0.06171251478167816273
4.675000             -0.06063981844590535242
4.680000             -0.05951948558629894387
4.685000             -0.05834003420104858645
4.690000             -0.05710099056872706969
4.695000             -0.05578782339075503277
4.700000             -0.05438844913668192810
4.705000             -0.05289229090393206267
4.710000             -0.05128656669956128261
4.715000             -0.04956081465490579097
4.720000             -0.04770278652132106667
4.725000             -0.04570471704151560233
4.730000             -0.04355546576207421777
4.735000             -0.04124714835768187454
4.740000             -0.03877035570509886064
4.745000             -0.03612345210554367830
4.750000             -0.03330606958361253395
4.755000             -0.03031991533667876063
4.760000             -0.02716843800978695905
4.765000             -0.02386075468372111930
4.770000             -0.02040439613452486173
4.775000             -0.01680920070348730644
4.780000             -0.01308606413311527369
4.785000             -0.00924668092833535321
4.790000             -0.00529962143428345123
4.795000             -0.00125101438094149943
4.800000              0.00289528509471922123
4.805000              0.00714028657485219886
4.810000              0.01148731931119355114
4.815000              0.01594207892414783653
4.820000              0.02051476794979081864
4.825000              0.02521700066162979592
4.830000              0.03006211936911775545
4.835000              0.03506348958499783119
4.840000              0.04023461184915725491
4.845000              0.04558648524002897190
4.850000              0.05112982713702648313
4.855000              0.05687229884286826298
4.860000              0.06282344220201104001
4.865000              0.06898469060357667604
4.870000              0.07536039862119225941
4.875000              0.08194737837466596619
4.880000              0.08873886742835655761
4.885000              0.09572426677802610417
4.890000              0.10288934528597820650
4.895000              0.11022499956514864028
4.900000              0.11772367194806387936
4.905000              0.12537170047859519384
4.910000              0.13317573907779367559
4.915000              0.14115272208994775194
4.920000              0.14931160790622863277
4.925000              0.15766293064707767591
4.930000              0.16619135700798104427
4.935000              0.17492962654516400200
4.940000              0.18386798767653672604
4.945000              0.19301072155579701572
4.950000              0.20231292068664186168
4.955000              0.21175242248493947317
4.960000              0.22124735722647176361
4.965000              0.23070245513693432571
4.970000              0.24002575575828796750
4.975000              0.24911699895986766373
4.980000              0.25790650974338008572
4.985000              0.26633702858781777012
4.990000              0.27435914790060944579
4.995000              0.28192894999476553197
5.000000              0.28899536246921292415
5.005000              0.29554485881642761358
5.010000              0.30151589260167682705
5.015000              0.30688025422941545006
5.020000              0.31162683370795407622
5.025000              0.31571868220436627439
5.030000              0.31914226375949483749
5.035000              0.32188053805982330680
5.040000              0.32391747764528650011
5.045000              0.32524602020304232974
5.050000              0.32586436380498240428
5.055000              0.32581056535434893551
5.060000              0.32509083629930307646
5.065000              0.32373843595442985954
5.070000              0.32181736425046514327
5.075000              0.31937276292270533329
5.080000              0.31647449043353337306
5.085000              0.31319724568633516837
5.090000              0.30962983390146536777
5.095000              0.30583943888278930512
5.100000              0.30192327873141350247
5.105000              0.29793590063800495793
5.110000              0.29396033197731363806
5.115000              0.29005031731735886336
5.120000              0.28623836846312011861
5.125000              0.28253127726103732797
5.130000              0.27894380160512743938
5.135000              0.27547252686361067830
5.140000              0.27210712113550894475
5.145000              0.26882631052688860107
5.150000              0.26560614730853276955
5.155000              0.26242049469346268031
5.160000              0.25922509586547620719
5.165000              0.25599106339894772688
5.170000              0.25265724811625095425
5.175000              0.24918314641839608981
5.180000              0.24554122278661771883
5.185000              0.24171855154435326063
5.190000              0.23769999976275565934
5.195000              0.23350447375868377264
5.200000              0.22913499009188820210
5.205000              0.22460772009174720387
5.210000              0.21993543919624400362
5.215000              0.21513785806308133308
5.220000              0.21023487720274591783
5.225000              0.20524244822812218181
5.230000              0.20017971108291812699
5.235000              0.19505849180597911730
5.240000              0.18988970744407743241
5.245000              0.18469522631674886726
5.250000              0.17948918213710937652
5.255000              0.17427833246619714447
5.260000              0.16908121561528921539
5.265000              0.16391461412717386881
5.270000              0.15879238163216566337
5.275000              0.15373620752827169000
5.280000              0.14876973852073455129
5.285000              0.14391639468487860132
5.290000              0.13920214044368373063
5.295000              0.13465764714987513151
5.300000              0.13030861090134701619
5.305000              0.12618739932336081599
5.310000              0.12232517233572226534
5.315000              0.11875105229756181824
5.320000              0.11548981675441598316
5.325000              0.11256789007879233755
5.330000              0.11001206872082636146
5.335000              0.10784904208934245617
5.340000              0.10609651512360120107
5.345000              0.10477086668498943045
5.350000              0.10388231215692467213
5.355000              0.10344261746768911026
5.360000              0.10345770742130096231
5.365000              0.10393265684778905944
5.370000              0.10485955663896102952
5.375000              0.10623192474543038943
5.380000              0.10801841811865908749
5.385000              0.11020909910186964253
5.390000              0.11277128518033385784
5.395000              0.11567197169883543240
5.400000              0.11887397875685774828
5.405000              0.12234721029163790618
5.410000              0.12605468051657811590
5.415000              0.12996451621592919334
5.420000              0.13404722368693183787
5.425000              0.13827620425860662201
5.430000              0.14263751124988449659
5.435000              0.14711975304074395576
5.440000              0.15171876658788233105
5.445000              0.15644161622878308138
5.450000              0.16128629735752944563
5.455000              0.16625690335871792791
5.460000              0.17135813491555268451
5.465000              0.17659169789312248455
5.470000              0.18195145638125462262
5.475000              0.18742983266393825614
5.480000              0.19299786818848133074
5.485000              0.19863418233691154668
5.490000              0.20430687548019224598
5.495000              0.20998985724599100733
5.500000              0.21564061349937904688
5.505000              0.22123254996232330494
5.510000              0.22672805303341825311
5.515000              0.23209826936927904772
5.520000              0.23731460579864649407
5.525000              0.24234845545305253034
5.530000              0.24717106865978416552
5.535000              0.25176097805131586460
5.540000              0.25609932692483744487
5.545000              0.26016683831522691150
5.550000              0.26395637987122944068
5.555000              0.26746416828029767609
5.560000              0.27068791662792046626
5.565000              0.27363708145799392479
5.570000              0.27631915699451237156
5.575000              0.27876013228366292029
5.580000              0.28097540831773815118
5.585000              0.28298492146698056571
5.590000              0.28481916374462118435
5.595000              0.28649807899195772753
5.600000              0.28804158154518499924
5.605000              0.28946901760501203560
5.610000              0.29080084066322903213
5.615000              0.29204866504406185035
5.620000              0.29321576888027350849
5.625000              0.29431765441446100517
5.630000              0.29533845408967990265
5.635000              0.29630306437880893355
5.640000              0.29719691902058065214
5.645000              0.29800392837028527593
5.650000              0.29871869185365684807
5.655000              0.29931204979197678639
5.660000              0.29978775832421539205
5.665000              0.30009767728950087484
5.670000              0.30024293306713462082
5.675000              0.30020494571393030458
5.680000              0.29996155277111824500
5.685000              0.29949244559791399212
5.690000              0.29878102910493792299
5.695000              0.29781203155664337512
5.700000              0.29658623283004720284
5.705000              0.29509316621024617167
5.710000              0.29333391847347739523
5.715000              0.29131596913472751487
5.720000              0.28904737876136482599
5.725000              0.28656302935382166330
5.730000              0.28384743417724966896
5.735000              0.28091862815426721367
5.740000              0.27779501308503723456
5.745000              0.27449209014888198421
5.750000              0.27101569109874207308
5.755000              0.26737713776818555766
5.760000              0.26359563486761578011
5.765000              0.25967074356207558994
5.770000              0.25561763745310178697
5.775000              0.25141858387643933881
5.780000              0.24707568677423924486
5.785000              0.24259531846022799884
5.790000              0.23798614253530797624
5.795000              0.23324573095147724255
5.800000              0.22838500986765275513
5.805000              0.22341624050174890836
5.810000              0.21835417234345164128
5.815000              0.21320971536559926718
5.820000              0.20800981465844434193
5.825000              0.20277684926517428043
5.830000              0.19753763648758818072
5.835000              0.19231328194328267678
5.840000              0.18713697937847520447
5.845000              0.18201886299836284033
5.850000              0.17698591679056099868
5.855000              0.17204567396927764045
5.860000              0.16720962016519860804
5.865000              0.16248915641196209902
5.870000              0.15788047327123699848
5.875000              0.15340148257148858435
5.880000              0.14904643001424666693
5.885000              0.14482359809753123092
5.890000              0.14073826660477661843
5.895000              0.13679087018442795398
5.900000              0.13298414498368418823
5.905000              0.12931710887835209944
5.910000              0.12579326880752192408
5.915000              0.12240619653871406824
5.920000              0.11915490964160210807
5.925000              0.11604052885587333444
5.930000              0.11305803037727860105
5.935000              0.11020476908553236695
5.940000              0.10747752098981501467
5.945000              0.10488100411915664278
5.950000              0.10241649699138921648
5.955000              0.10008884637146975294
5.960000              0.09789952239480620433
5.965000              0.09585432061126962500
5.970000              0.09395833200217837411
5.975000              0.09221841137554881440
5.980000              0.09063654745244180411
5.985000              0.08921646619812652335
5.990000              0.08796068064207299142
5.995000              0.08686729893779984724
6.000000              0.08593803477337016994
6.005000              0.08516888921945479918
6.010000              0.08456424933323260229
6.015000              0.08413311568896447712
6.020000              0.08387257000091773163
6.025000              0.08378944871201556011
6.030000              0.08388112119338632378
6.035000              0.08414203714740915718
6.040000              0.08456876900801736652
6.045000              0.08515359077781749220
6.050000              0.08588878636050009674
6.055000              0.08677007017282904744
6.060000              0.08778888535976754615
6.065000              0.08894110425093983141
6.070000              0.09022961434327533836
6.075000              0.09164463334495931424
6.080000              0.09319748957408945100
6.085000              0.09488693818323204465
6.090000              0.09672210528985351885
6.095000              0.09871080819478655899
6.100000              0.10086195098252760671
6.105000              0.10318683125980517012
6.110000              0.10569281419218147511
6.115000              0.10838767676427073228
6.120000              0.11127539633077196402
6.125000              0.11436344924209157492
6.130000              0.11764991775183436529
6.135000              0.12113344702182006485
6.140000              0.12480788273952077294
6.145000              0.12866372768514233726
6.150000              0.13268723022714387638
6.155000              0.13685755691324102967
6.160000              0.14115472150425506515
6.165000              0.14555567955695719595
6.170000              0.15002394879336383715
6.175000              0.15453777138726293439
6.180000              0.15906015491593850086
6.185000              0.16357543334339566532
6.190000              0.16805467107793098380
6.195000              0.17247866093078675909
6.200000              0.17683015358032277975
6.205000              0.18110009605749932682
6.210000              0.18527783206429299101
6.215000              0.18936563036219405953
6.220000              0.19336536840198148557
6.225000              0.19728510345205924059
6.230000              0.20112945075194060829
6.235000              0.20491029899922247326
6.240000              0.20864198898539138005
6.245000              0.21232884630143544769
6.250000              0.21598069411922954375
6.255000              0.21960858632584825956
6.260000              0.22321342107395786281
6.265000              0.22679201318968655876
6.270000              0.23036100032425488315
6.275000              0.23389623914687621142
6.280000              0.23739202918100338335
6.285000              0.24084448920175072217
6.290000              0.24424207673642547856
6.295000              0.24756445162451246045
6.300000              0.25079974042913144583
6.305000              0.25392638859416150066
6.310000              0.25693006364737630554
6.315000              0.25979384076011369231
6.320000              0.26248594100515842964
6.325000              0.26499661681287384196
6.330000              0.26730435012852410415
6.335000              0.26938881816347876041
6.340000              0.27123356689639460670
6.345000              0.27281382865795622550
6.350000              0.27414052395719656907
6.355000              0.27519973783171497450
6.360000              0.27597804302284717481
6.365000              0.27646960184379387737
6.370000              0.27667559007124825632
6.375000              0.27657319826232651394
6.380000              0.27616836462628724380
6.385000              0.27545668487731395091
6.390000              0.27444914749191789971
6.395000              0.27312240589149089365
6.400000              0.27147350569436035084
6.405000              0.26951549361464538501
6.410000              0.26722426424125161892
6.415000              0.26460844894990781517
6.420000              0.26166277580625252330
6.425000              0.25839502126204505483
6.430000              0.25480307750458303095
6.435000              0.25089730091744560925
6.440000              0.24667792356395104592
6.445000              0.24216017916963042400
6.450000              0.23735791785061194359
6.455000              0.23228215173336694277
6.460000              0.22695123893750482336
6.465000              0.22138859527110599235
6.470000              0.21559769090483940635
6.475000              0.20959868019375543780
6.480000              0.20340402271361485154
6.485000              0.19703766376095585566
6.490000              0.19051209562413298770
6.495000              0.18384340351058017782
6.500000              0.17704881396030944241
6.505000              0.17014781230764450259
6.510000              0.16313967207076363053
6.515000              0.15604697447052340298
6.520000              0.14886266776069648210
6.525000              0.14159608595531769648
6.530000              0.13425065487014037346
6.535000              0.12681819769740179660
6.540000              0.11930887858475963670
6.545000              0.11173160380190699792
6.550000              0.10409162597453298915
6.555000              0.09639537069930831370
6.560000              0.08866296414237910539
6.565000              0.08091202512171875860
6.570000              0.07316702303431288357
6.575000              0.06543941340893069669
6.580000              0.05777582808199040187
6.585000              0.05016552841401987484
6.590000              0.04264401332391652005
6.595000              0.03521169443179219399
6.600000              0.02790492652441077873
6.605000              0.02075077644312776567
6.610000              0.01376154947949806764
6.615000              0.00695641313665809526
6.620000              0.00036409801020164848
6.625000             -0.00598702026998984647
6.630000             -0.01207356327167223575
6.635000             -0.01786970312356114116
6.640000             -0.02334921425165062403
6.645000             -0.02848773337556501084
6.650000             -0.03326428483898424826
6.655000             -0.03765865735933061204
6.660000             -0.04165021738596424300
6.665000             -0.04522515281423961087
6.670000             -0.04836709407922964304
6.675000             -0.05106543794014078985
6.680000             -0.05331200123280554343
6.685000             -0.05510226029145999516
6.690000             -0.05643626244170368844
6.695000             -0.05732058515110265151
6.700000             -0.05777069880778687438
6.705000             -0.05779346713042394362
6.710000             -0.05741164787486829207
6.715000             -0.05664474181475381842
6.720000             -0.05552407424578767459
6.725000             -0.05407497071932031857
6.730000             -0.05232588836354815087
6.735000             -0.05030403831506805729
6.740000             -0.04803472303366765339
6.745000             -0.04553854207800362569
6.750000             -0.04283059177593209060
6.755000             -0.03992292270616664557
6.760000             -0.03682286465038873274
6.765000             -0.03353853424627895041
6.770000             -0.03007286403968123870
6.775000             -0.02642787206821399504
6.780000             -0.02260577501991890143
6.785000             -0.01860866706343269200
6.790000             -0.01443601142238783337
6.795000             -0.01008893121305512799
6.800000             -0.00557050124087707984
6.805000             -0.00088723114383157397
6.810000              0.00394930213808838016
6.815000              0.00892367310505440964
6.820000              0.01401592379271104742
6.825000              0.01920347087751737153
6.830000              0.02446164336153538316
6.835000              0.02976473887508805649
6.840000              0.03508735692737870865
6.845000              0.04040598433233918291
6.850000              0.04570327747360772991
6.855000              0.05096555922226740643
6.860000              0.05618680215568273850
6.865000              0.06136501970290429014
6.870000              0.06650256619269769021
6.875000              0.07160762386987938599
6.880000              0.07669184171567190733
6.885000              0.08176955810593231067
6.890000              0.08685449348150732496
6.895000              0.09196359549133836797
6.900000              0.09710884813822483197
6.905000              0.10229707984064569104
6.910000              0.10753180965491365706
6.915000              0.11281045425319982667
6.920000              0.11812679930720879073
6.925000              0.12346375378999037420
6.930000              0.12880979040950257808
6.935000              0.13415189443110597800
6.940000              0.13947944809886744788
6.945000              0.14476872148619934766
6.950000              0.15000908051272374144
6.955000              0.15517668695293168613
6.960000              0.16025604372680191112
6.965000              0.16523295185412373298
6.970000              0.17008851817890024982
6.975000              0.17480417993184255154
6.980000              0.17936386526313033429
6.985000              0.18374933360138306915
6.990000              0.18793558708357718801
6.995000              0.19191419035352724753
7.000000              0.19567773200876101281
7.005000              0.19922025740255502879
7.010000              0.20253619908253719939
7.015000              0.20563045563767087809
7.020000              0.20849450917461498367
7.025000              0.21114031261534935147
7.030000              0.21357519765751201146
7.035000              0.21580139700536979386
7.040000              0.21783664430073201856
7.045000              0.21968178418917877481
7.050000              0.22136391942758765206
7.055000              0.22288516032164126801
7.060000              0.22425778584214015043
7.065000              0.22549052403416061652
7.070000              0.22658973092851439346
7.075000              0.22755967917603908690
7.080000              0.22840279201022628541
7.085000              0.22911756717024531205
7.090000              0.22970080031384812469
7.095000              0.23013419784949831759
7.100000              0.23042134754575757660
7.105000              0.23054290851315381583
7.110000              0.23048463005919814228
7.115000              0.23023533702622717145
7.120000              0.22977119358776323943
7.125000              0.22908150008276323417
7.130000              0.22815479104414956857
7.135000              0.22697133301843797071
7.140000              0.22551617406552354472
7.145000              0.22377495647435813320
7.150000              0.22173681572036407772
7.155000              0.21939498770585225129
7.160000              0.21675634379015479292
7.165000              0.21381288791933544813
7.170000              0.21056644868014232075
7.175000              0.20702533787146840116
7.180000              0.20319703878918471407
7.185000              0.19908711406889958995
7.190000              0.19471138950748095864
7.195000              0.19007622407890042981
7.200000              0.18520454527637952857
7.205000              0.18010662482156192254
7.210000              0.17478779986647921540
7.215000              0.16926568134807010169
7.220000              0.16354469268075733090
7.225000              0.15763367463068869712
7.230000              0.15154062226269335301
7.235000              0.14526447952512069883
7.240000              0.13880902513284942845
7.245000              0.13218385900233944885
7.250000              0.12538960860245140783
7.255000              0.11842894671235824899
7.260000              0.11129436382190446841
7.265000              0.10398704725017472728
7.270000              0.09649921163516864131
7.275000              0.08883017849469686256
7.280000              0.08097585621031247460
7.285000              0.07293693449330181100
7.290000              0.06471456204627026865
7.295000              0.05631745412546629997
7.300000              0.04775583548267069850
7.305000              0.03904341529497075414
7.310000              0.03019197837105419557
7.315000              0.02122631659800638254
7.320000              0.01214204232187652242
7.325000              0.00296462070443218040
7.330000             -0.00629684417128958604
7.335000             -0.01563777795707268353
7.340000             -0.02506315626341366551
7.345000             -0.03456073367975446425
7.350000             -0.04412198418322947624
7.355000             -0.05372597581456688143
7.360000             -0.06337500597846296158
7.365000             -0.07305455489313880668
7.370000             -0.08275352239225644557
7.375000             -0.09245619355523067295
7.380000             -0.10215177504269663811
7.385000             -0.11182907473948131005
7.390000             -0.12147051544206820262
7.395000             -0.13106108089771312253
7.400000             -0.14058767719488654557
7.405000             -0.15003417477028740956
7.410000             -0.15938540124774230877
7.415000             -0.16862588139036860380
7.420000             -0.17773974682396931346
7.425000             -0.18671713747812157536
7.430000             -0.19553633467382891542
7.435000             -0.20418410158159752688
7.440000             -0.21264291922281250424
7.445000             -0.22089390999611133171
7.450000             -0.22891889779155358275
7.455000             -0.23669419011889936133
7.460000             -0.24420313009928917847
7.465000             -0.25143964828475401374
7.470000             -0.25838424311669661027
7.475000             -0.26502509416181696533
7.480000             -0.27136476247535945561
7.485000             -0.27739064575493405096
7.490000             -0.28308913028688814650
7.495000             -0.28846541545696341435
7.500000             -0.29351560554828104443
7.505000             -0.29823779699036334634
7.510000             -0.30262431707705084172
7.515000             -0.30668296106915976518
7.520000             -0.31041713190697850511
7.525000             -0.31381300692478020231
7.530000             -0.31690149248038784746
7.535000             -0.31966326049273285914
7.540000             -0.32210496961841977859
7.545000             -0.32421982865622334113
7.550000             -0.32601904781043855586
7.555000             -0.32748336485609003121
7.560000             -0.32862751211008084384
7.565000             -0.32943451580865396044
7.570000             -0.32992996299668275739
7.575000             -0.33007129305454241397
7.580000             -0.32988129005957222972
7.585000             -0.32935221454152985299
7.590000             -0.32848666524569930525
7.595000             -0.32727740156349904854
7.600000             -0.32574288544581336824
7.605000             -0.32388806367909950268
7.610000             -0.32171985425467958253
7.615000             -0.31925470501441843840
7.620000             -0.31651137553577096684
7.625000             -0.31350482758202680156
7.630000             -0.31026923764662328598
7.635000             -0.30683781460901332627
7.640000             -0.30324787795768326504
7.645000             -0.29954303477368243724
7.650000             -0.29575107568672176495
7.655000             -0.29190412018209621614
7.660000             -0.28803161705840546469
7.665000             -0.28415903224369615243
7.670000             -0.28030849977948635310
7.675000             -0.27649197113291551497
7.680000             -0.27271402091873736540
7.685000             -0.26899573979018104319
7.690000             -0.26534839142094029940
7.695000             -0.26177226167101996790
7.700000             -0.25827559983047421177
7.705000             -0.25486380016843324103
7.710000             -0.25154049844741865893
7.715000             -0.24830991950214956199
7.720000             -0.24517092582218430463
7.725000             -0.24212403751766489735
7.730000             -0.23916877916871986942
7.735000             -0.23632365741184510610
7.740000             -0.23358265368520730876
7.745000             -0.23096680940941269333
7.750000             -0.22846686440403923823
7.755000             -0.22609310123838941009
7.760000             -0.22383914513257213708
7.765000             -0.22170781670324751778
7.770000             -0.21969776724003495239
7.775000             -0.21780609197791392373
7.780000             -0.21603277536381029766
7.785000             -0.21436457509517789499
7.790000             -0.21280360661171848768
7.795000             -0.21134008601807449668
7.800000             -0.20996041738991558234
7.805000             -0.20866874804417356870
7.810000             -0.20745478206412051869
7.815000             -0.20630489914533856055
7.820000             -0.20521216570735045792
7.825000             -0.20416620088472248185
7.830000             -0.20315595774447728350
7.835000             -0.20218099043510165402
7.840000             -0.20123142279901345963
7.845000             -0.20030032005318029742
7.850000             -0.19938218960653253387
7.855000             -0.19847285705963493840
7.860000             -0.19756542097297047356
7.865000             -0.19665532038352945277
7.870000             -0.19574704055338956743
7.875000             -0.19482695638454375353
7.880000             -0.19391258959230014969
7.885000             -0.19299546358160746262
7.890000             -0.19208198161118295033
7.895000             -0.19117206395083552462
7.900000             -0.19026706278161534258
7.905000             -0.18936883655901456947
7.910000             -0.18847596091551499509
7.915000             -0.18758979747064674637
7.920000             -0.18671161366556585093
7.925000             -0.18584042123871935548
7.930000             -0.18497467719511320738
7.935000             -0.18410770439971460566
7.940000             -0.18324509620175730151
7.945000             -0.18237434077341160843
7.950000             -0.18149184957759942338
7.955000             -0.18059564637319883151
7.960000             -0.17967103416202387378
7.965000             -0.17871514846727953874
7.970000             -0.17772019022505394781
7.975000             -0.17668302233297922266
7.980000             -0.17559806069489458658
7.985000             -0.17446891440473727419
7.990000             -0.17329912323944196562
7.995000             -0.17210599706516632734
8.000000             -0.17090404333409062176
8.005000             -0.16971510989393470692
8.010000             -0.16856469578447638713
8.015000             -0.16746892877577485015
8.020000             -0.16644755748680997720
8.025000             -0.16552123900827295233
8.030000             -0.16471434817208513435
8.035000             -0.16404407250533989404
8.040000             -0.16353494055483344671
8.045000             -0.16319779417146190736
8.050000             -0.16305239633305559921
8.055000             -0.16310743048869921767
8.060000             -0.16337380850622695849
8.065000             -0.16385626128725555573
8.070000             -0.16455726059258479754
8.075000             -0.16547498341195557292
8.080000             -0.16660914967163539813
8.085000             -0.16795642892180021044
8.090000             -0.16951041033317829076
8.095000             -0.17126510130667968457
8.100000             -0.17321270844109123987
8.105000             -0.17533937523768511335
8.110000             -0.17764325948210812900
8.115000             -0.18012161569903936686
8.120000             -0.18274992523327260319
8.125000             -0.18552412983738869601
8.130000             -0.18843107436143291533
8.135000             -0.19146243478508831459
8.140000             -0.19460574200378757959
8.145000             -0.19785933866638366618
8.150000             -0.20121622180576623218
8.155000             -0.20467683945519432598
8.160000             -0.20824328847510986673
8.165000             -0.21192042340811187429
8.170000             -0.21568668752435177227
8.175000             -0.21955578680442164319
8.180000             -0.22350716682677562730
8.185000             -0.22752638030208180431
8.190000             -0.23159404596323321379
8.195000             -0.23568824071345539917
8.200000             -0.23978063455582648844
8.205000             -0.24383719895284697299
8.210000             -0.24782676939958622753
8.215000             -0.25171125847503406092
8.220000             -0.25545642646754468386
8.225000             -0.25903454859692265355
8.230000             -0.26239963530340837394
8.235000             -0.26554086413073041406
8.240000             -0.26842423639997697871
8.245000             -0.27103375774514770757
8.250000             -0.27335622824909655559
8.255000             -0.27537310726148561679
8.260000             -0.27709710074942611735
8.265000             -0.27849966468542508569
8.270000             -0.27958034952347560198
8.275000             -0.28036846679498250712
8.280000             -0.28084079832192770931
8.285000             -0.28101213317054646312
8.290000             -0.28089817828878693717
8.295000             -0.28049701629463191788
8.300000             -0.27982568163667514982
8.305000             -0.27889766143358696304
8.310000             -0.27772739685442554558
8.315000             -0.27633123705044326801
8.320000             -0.27472524240362761194
8.325000             -0.27291337625645201159
8.330000             -0.27089850807939463984
8.335000             -0.26870765686197972677
8.340000             -0.26634407422703881840
8.345000             -0.26379640281631722143
8.350000             -0.26107591567996801807
8.355000             -0.25817536690009718070
8.360000             -0.25509943661430722894
8.365000             -0.25184870609225123994
8.370000             -0.24842074367087235709
8.375000             -0.24481427190965690532
8.380000             -0.24103450831593489778
8.385000             -0.23707820226254502916
8.390000             -0.23296024469072712515
8.395000             -0.22868985365827401712
8.400000             -0.22428196711294698384
8.405000             -0.21975161013755450945
8.410000             -0.21511818796058559955
8.415000             -0.21039882556877598230
8.420000             -0.20561949629343467816
8.425000             -0.20080878598348469999
8.430000             -0.19599736282525689890
8.435000             -0.19121940682772162190
8.440000             -0.18649455930053046582
8.445000             -0.18185654983503185544
8.450000             -0.17732548589654639759
8.455000             -0.17292319546083737003
8.460000             -0.16865406258577403387
8.465000             -0.16453999654927148333
8.470000             -0.16059111486231381072
8.475000             -0.15681214088831832432
8.480000             -0.15320451078859398386
8.485000             -0.14977015392774736813
8.490000             -0.14650654814887029143
8.495000             -0.14342194172032834976
8.500000             -0.14050652428164162044
8.505000             -0.13776470645687452499
8.510000             -0.13519691042603945719
8.515000             -0.13281075301344555384
8.520000             -0.13059795510067045976
8.525000             -0.12856848555455901995
8.530000             -0.12672747038211409909
8.535000             -0.12507380505852230823
8.540000             -0.12361927730461627628
8.545000             -0.12236536593147687157
8.550000             -0.12132869700853353423
8.555000             -0.12051380170839934292
8.560000             -0.11993510194405643254
8.565000             -0.11959867097747291231
8.570000             -0.11951559478389997548
8.575000             -0.11969668882210009186
8.580000             -0.12015198255203939082
8.585000             -0.12088412318312226346
8.590000             -0.12190050819566569662
8.595000             -0.12319349750939805055
8.600000             -0.12475889913018819999
8.605000             -0.12658661338693716347
8.610000             -0.12866858206816858545
8.615000             -0.13098675263946496505
8.620000             -0.13352951461498011043
8.625000             -0.13628159748861057299
8.630000             -0.13922477784996856176
8.635000             -0.14235376637605406946
8.640000             -0.14565392709676097671
8.645000             -0.14911441035218397921
8.650000             -0.15272730950931379112
8.655000             -0.15648469706256137868
8.660000             -0.16037968249992712311
8.665000             -0.16440668553148268805
8.670000             -0.16855742896284162113
8.675000             -0.17282288335605736074
8.680000             -0.17718698292517212622
8.685000             -0.18163601559888070680
8.690000             -0.18614675723279824893
8.695000             -0.19069528210774797095
8.700000             -0.19526181343333506857
8.705000             -0.19982212423285017344
8.710000             -0.20434414016258878322
8.715000             -0.20880543123131328764
8.720000             -0.21317776026425455660
8.725000             -0.21743076419149698353
8.730000             -0.22153360003321359573
8.735000             -0.22546372710821860341
8.740000             -0.22919277836533316628
8.745000             -0.23271176963657794201
8.750000             -0.23598426392353263892
8.755000             -0.23900599321037474532
8.760000             -0.24175134042574600302
8.765000             -0.24421715147996972406
8.770000             -0.24639357636881664693
8.775000             -0.24828105478492060176
8.780000             -0.24987812027703018569
8.785000             -0.25118502060158548472
8.790000             -0.25221629475946577559
8.795000             -0.25298716799725445847
8.800000             -0.25350824757048645575
8.805000             -0.25381218703006169779
8.810000             -0.25391793462504147483
8.815000             -0.25385158550380443332
8.820000             -0.25362419574529754263
8.825000             -0.25325981006139081098
8.830000             -0.25276961046141271927
8.835000             -0.25217067273341675637
8.840000             -0.25146333881318344572
8.845000             -0.25068438160654910041
8.850000             -0.24981403757187686798
8.855000             -0.24887187280413849977
8.860000             -0.24785505742760438608
8.865000             -0.24677901972331275915
8.870000             -0.24563542548876940441
8.875000             -0.24442540804006135380
8.880000             -0.24314752445154930172
8.885000             -0.24179501459812824393
8.890000             -0.24037520151771674115
8.895000             -0.23888017510295853074
8.900000             -0.23731270481676719486
8.905000             -0.23567353617395209175
8.910000             -0.23395979612238088086
8.915000             -0.23218158718471870738
8.920000             -0.23033526260944217623
8.925000             -0.22842917319952971145
8.930000             -0.22646361196921202530
8.935000             -0.22444783221212175062
8.940000             -0.22237717804397069687
8.945000             -0.22027714867028688750
8.950000             -0.21815163487272967724
8.955000             -0.21602485168555568551
8.960000             -0.21390956776626468550
8.965000             -0.21182447232061329956
8.970000             -0.20976960114158865744
8.975000             -0.20775503223614291692
8.980000             -0.20578966565591741422
8.985000             -0.20387489566319363932
8.990000             -0.20201637203610378624
8.995000             -0.20020929531579742533
9.000000             -0.19844914920550671411
9.005000             -0.19673118727270308415
9.010000             -0.19504882027705733316
9.015000             -0.19339972896377854994
9.020000             -0.19176963821217007933
9.025000             -0.19015605160872350865
9.030000             -0.18855359677079813752
9.035000             -0.18695619228380030985
9.040000             -0.18536288851530163813
9.045000             -0.18377011908678897445
9.050000             -0.18217940673269703011
9.055000             -0.18059647594683544969
9.060000             -0.17902125181685438204
9.065000             -0.17745774888140855574
9.070000             -0.17592587089037478587
9.075000             -0.17441766979262651738
9.080000             -0.17294266085915363518
9.085000             -0.17149546223677530898
9.090000             -0.17010366685944228182
9.095000             -0.16875502324476107652
9.100000             -0.16747391850450069062
9.105000             -0.16623827985745101565
9.110000             -0.16507156613456039351
9.115000             -0.16396834483933231397
9.120000             -0.16293698408542842127
9.125000             -0.16198360641067821586
9.130000             -0.16111269034885331020
9.135000             -0.16033174002688199700
9.140000             -0.15965132703854717500
9.145000             -0.15907492075582682634
9.150000             -0.15861620008674476301
9.155000             -0.15828102268786051199
9.160000             -0.15807866666349523754
9.165000             -0.15801615292593740314
9.170000             -0.15810360166860554232
9.175000             -0.15834362930919637646
9.180000             -0.15874930303977238810
9.185000             -0.15931758996969469511
9.190000             -0.16005735479679208955
9.195000             -0.16096656125361502587
9.200000             -0.16204565273464935360
9.205000             -0.16329291912257121178
9.210000             -0.16470245994295379388
9.215000             -0.16626800753906456620
9.220000             -0.16798031268098262414
9.225000             -0.16982666564284923383
9.230000             -0.17179291968496612775
9.235000             -0.17386414707195943508
9.240000             -0.17601856117423961279
9.245000             -0.17823832597628225249
9.250000             -0.18050432804018548549
9.255000             -0.18279294165832654651
9.260000             -0.18508400918223980036
9.265000             -0.18736123990748212997
9.270000             -0.18961012286957998341
9.275000             -0.19181118143466058257
9.280000             -0.19395061620673562097
9.285000             -0.19602227422381626742
9.290000             -0.19801794171088479835
9.295000             -0.19993463530435720554
9.300000             -0.20177177273602747709
9.305000             -0.20353355173271661660
9.310000             -0.20522423575714901500
9.315000             -0.20685895355625932845
9.320000             -0.20843493356441378239
9.325000             -0.20997269116672331868
9.330000             -0.21146715271265711933
9.335000             -0.21294098523903709497
9.340000             -0.21439037904643309940
9.345000             -0.21582624221428683975
9.350000             -0.21724990259004725579
9.355000             -0.21866233359118031343
9.360000             -0.22006635062407398085
9.365000             -0.22145481794265237108
9.370000             -0.22282833849065389331
9.375000             -0.22418112401952089430
9.380000             -0.22550731054253800312
9.385000             -0.22680455586256087486
9.390000             -0.22806223391015836843
9.395000             -0.22927564275521913895
9.400000             -0.23043909563752462688
9.405000             -0.23154522120162968069
9.410000             -0.23259039126786454355
9.415000             -0.23356613315080848592
9.420000             -0.23447111149807300934
9.425000             -0.23530676775482281537
9.430000             -0.23605899757535600547
9.435000             -0.23673666507873558640
9.440000             -0.23733737624095402330
9.445000             -0.23786422825383710111
9.450000             -0.23832161284308650551
9.455000             -0.23871235974051360773
9.460000             -0.23903636288994017933
9.465000             -0.23930517719148294842
9.470000             -0.23951764721274668157
9.475000             -0.23967850580198366006
9.480000             -0.23979647831027053884
9.485000             -0.23986595606352084653
9.490000             -0.23989773963345972785
9.495000             -0.23989301067431148540
9.500000             -0.23985292869541785521
9.505000             -0.23978226259032900392
9.510000             -0.23967958873320416302
9.515000             -0.23954481256180198967
9.520000             -0.23938015002022822175
9.525000             -0.23918098447008370733
9.530000             -0.23894880192789139106
9.535000             -0.23868768646242588538
9.540000             -0.23839407657210670566
9.545000             -0.23808003004083133636
9.550000             -0.23773069337736671414
9.555000             -0.23735303584910083519
9.560000             -0.23694451149191031458
9.565000             -0.23650548636350449128
9.570000             -0.23603257964372034716
9.575000             -0.23552513528888727179
9.580000             -0.23497357959289683071
9.585000             -0.23437730144057652981
9.590000             -0.23372654271274778681
9.595000             -0.23301425757255325721
9.600000             -0.23224015380226922800
9.605000             -0.23140012575036478237
9.610000             -0.23048978951528625858
9.615000             -0.22951317886813876745
9.620000             -0.22845798419865268047
9.625000             -0.22733352190094985312
9.630000             -0.22613742564777083999
9.635000             -0.22487574065197216133
9.640000             -0.22355235000305465065
9.645000             -0.22217263329901629221
9.650000             -0.22074635044728191380
9.655000             -0.21927769753928130769
9.660000             -0.21777816486713322264
9.665000             -0.21626199019892802800
9.670000             -0.21473746456983730524
9.675000             -0.21321416887529587303
9.680000             -0.21170409842301102232
9.685000             -0.21021597611519968196
9.690000             -0.20875996383108780252
9.695000             -0.20734335085448882263
9.700000             -0.20597228470074441242
9.705000             -0.20464835224757532695
9.710000             -0.20336943810124769039
9.715000             -0.20213526779232038333
9.720000             -0.20094498799152563095
9.725000             -0.19978789689912493377
9.730000             -0.19865392753506974644
9.735000             -0.19753900345016420226
9.740000             -0.19643583594968208605
9.745000             -0.19533470065593619425
9.750000             -0.19422680656321264503
9.755000             -0.19310160786380217712
9.760000             -0.19195508344759346087
9.765000             -0.19077990677133763175
9.770000             -0.18957245967955627108
9.775000             -0.18833628337495425531
9.780000             -0.18706721225181424662
9.785000             -0.18577620278912496121
9.790000             -0.18445730638293941772
9.795000             -0.18312784656409208939
9.800000             -0.18179111306341119714
9.805000             -0.18044545465532205175
9.810000             -0.17912066920252858737
9.815000             -0.17780826713438169229
9.820000             -0.17651435259516759513
9.825000             -0.17526146359721445078
9.830000             -0.17403033756401570242
9.835000             -0.17285223486354883704
9.840000             -0.17172425129080590156
9.845000             -0.17065352548386811260
9.850000             -0.16963760676224537427
9.855000             -0.16868022337244015230
9.860000             -0.16777964613582049824
9.865000             -0.16693605131627606286
9.870000             -0.16614873646107955474
9.875000             -0.16540690613037523082
9.880000             -0.16470555426858143888
9.885000             -0.16403494016895311947
9.890000             -0.16340030601550675771
9.895000             -0.16279481106661011780
9.900000             -0.16221222526683354292
9.905000             -0.16165309997843466117
9.910000             -0.16111698451156508671
9.915000             -0.16060416134753938144
9.920000             -0.16011563782427384872
9.925000             -0.15965291491083208331
9.930000             -0.15921718374953344743
9.935000             -0.15881122694011901020
9.940000             -0.15843586573318482746
9.945000             -0.15809072582553118647
9.950000             -0.15778443470741454480
9.955000             -0.15750925062885143269
9.960000             -0.15727440974907200277
9.965000             -0.15707197250316129455
9.970000             -0.15690141597082185587
9.975000             -0.15677038786324334896
9.980000             -0.15668558995049000626
9.985000             -0.15663324230329084275
9.990000             -0.15662324633833393794
9.995000             -0.15665774693301687259
10.000000             -0.15674134997369820743
10.005000             -0.15688149636211462523
10.010000             -0.15708422347322895107
10.015000             -0.15735863234658734044
10.020000             -0.15770712121224209068
10.025000             -0.15814448737357725272
10.030000             -0.15867588833771670287
10.035000             -0.15930204793297453314
10.040000             -0.16003983235068913737
10.045000             -0.16088249186356817777
10.050000             -0.16183862668200219015
10.055000             -0.16290296670111895083
10.060000             -0.16408284589404698028
10.065000             -0.16537798004865028600
10.070000             -0.16678582903085520384
10.075000             -0.16830307110970646467
10.080000             -0.16992331146786698870
10.085000             -0.17164185096447368006
10.090000             -0.17345195872809168747
10.095000             -0.17534728534179350179
10.100000             -0.17731958147072135468
10.105000             -0.17935843472378498742
10.110000             -0.18146502214726589752
10.115000             -0.18362088870603518465
10.120000             -0.18582268485451958195
10.125000             -0.18806082062935092214
10.130000             -0.19034081401086236363
10.135000             -0.19264957461056778087
10.140000             -0.19498984974405994541
10.145000             -0.19736066717435696294
10.150000             -0.19976128245994109744
10.155000             -0.20219207732859612037
10.160000             -0.20465475881288996973
10.165000             -0.20714368241531694315
10.170000             -0.20965351256147710113
10.175000             -0.21218255865125229542
10.180000             -0.21471710913644814767
10.185000             -0.21725479390102192534
10.190000             -0.21978040794910208566
10.195000             -0.22227669907774705305
10.200000             -0.22474051377240009120
10.205000             -0.22715394953892886765
10.210000             -0.22950175502030528696
10.215000             -0.23176876828797096652
10.220000             -0.23394431355040534726
10.225000             -0.23601504594766123390
10.230000             -0.23796750583799189394
10.235000             -0.23978858542064135362
10.240000             -0.24146426737786744199
10.245000             -0.24298623459801443891
10.250000             -0.24434157391798411174
10.255000             -0.24552830828124669327
10.260000             -0.24651916957738917446
10.265000             -0.24732144173081466176
10.270000             -0.24792561066768917244
10.275000             -0.24833160181604649330
10.280000             -0.24853260292659884456
10.285000             -0.24853552975719475637
10.290000             -0.24833309363211991672
10.295000             -0.24792914972636398430
10.300000             -0.24732307734322370174
10.305000             -0.24652009011379810710
10.310000             -0.24551839465765529225
10.315000             -0.24432894220463341473
10.320000             -0.24294065251159646657
10.325000             -0.24135524352218373778
10.330000             -0.23957823808311384806
10.335000             -0.23760912538713427344
10.340000             -0.23544571913111078665
10.345000             -0.23309502427230940902
10.350000             -0.23056214439159689045
10.355000             -0.22784985893065481943
10.360000             -0.22496967989220886808
10.365000             -0.22193627114912342635
10.370000             -0.21874432589281606054
10.375000             -0.21542458042194928547
10.380000             -0.21197790849496425669
10.385000             -0.20842552036473563359
10.390000             -0.20478704061614921850
10.395000             -0.20106773461863233776
10.400000             -0.19729434508534615667
10.405000             -0.19347761982696010108
10.410000             -0.18964534825334611323
10.415000             -0.18580891288728992872
10.420000             -0.18197447771406019545
10.425000             -0.17816046405376459449
10.430000             -0.17437767829214403936
10.435000             -0.17063679172831530684
10.440000             -0.16694281992109968882
10.445000             -0.16330735920662911576
10.450000             -0.15973435539230751434
10.455000             -0.15622807273393202188
10.460000             -0.15280187991945082260
10.465000             -0.14946042572656276226
10.470000             -0.14620712745592545634
10.475000             -0.14304707266085492368
10.480000             -0.13998958997050575670
10.485000             -0.13703574777521343453
10.490000             -0.13419175813131670183
10.495000             -0.13146676600427578685
10.500000             -0.12886656002578902869
10.505000             -0.12640779301882199004
10.510000             -0.12410217787354471675
10.515000             -0.12196406994600002272
10.520000             -0.12000954205685311627
10.525000             -0.11825355332950267251
10.530000             -0.11670896121497705000
10.535000             -0.11538932473675973800
10.540000             -0.11430212353235867651
10.545000             -0.11345291751599373420
10.550000             -0.11284363777479816671
10.555000             -0.11247871607872875210
10.560000             -0.11236863630305261863
10.565000             -0.11250862748271911462
10.570000             -0.11289371266908558578
10.575000             -0.11352699756477575843
10.580000             -0.11440263096792133157
10.585000             -0.11551277539450731380
10.590000             -0.11685481513583477475
10.595000             -0.11841875857881441203
10.600000             -0.12019811139249901577
10.605000             -0.12217675445364152564
10.610000             -0.12434437060125927421
10.615000             -0.12668289717687220008
10.620000             -0.12917762121877773840
10.625000             -0.13181226092715714326
10.630000             -0.13457343041339675516
10.635000             -0.13744537062719691667
10.640000             -0.14041301449772797261
10.645000             -0.14346302027542917612
10.650000             -0.14658306607541554678
10.655000             -0.14975543939327887188
10.660000             -0.15297108765768521743
10.665000             -0.15621116928248832134
10.670000             -0.15946349175148230581
10.675000             -0.16270959202658716314
10.680000             -0.16593718133972173989
10.685000             -0.16914215353648004436
10.690000             -0.17231755749691837765
10.695000             -0.17543682437285035292
10.700000             -0.17850506406325561404
10.705000             -0.18149915367247371201
10.710000             -0.18442568662413627578
10.715000             -0.18725792553125275575
10.720000             -0.19000299947154544733
10.725000             -0.19264662970811685661
10.730000             -0.19518538869374113531
10.735000             -0.19761907886250870692
10.740000             -0.19994931823274272875
10.745000             -0.20217451537197381195
10.750000             -0.20430196349795431976
10.755000             -0.20632806327190783557
10.760000             -0.20825732613847752761
10.765000             -0.21009410434924183364
10.770000             -0.21184690734045827365
10.775000             -0.21351042222057670106
10.780000             -0.21509046143957932795
10.785000             -0.21658733476096803106
10.790000             -0.21799983540374795465
10.795000             -0.21932703001888292915
10.800000             -0.22056504749092611939
10.805000             -0.22171316681636379919
10.810000             -0.22276736782989300933
10.815000             -0.22372394893711264330
10.820000             -0.22457239840235818096
10.825000             -0.22530479052255292238
10.830000             -0.22591833658456111911
10.835000             -0.22639958102310847599
10.840000             -0.22674443940671137887
10.845000             -0.22694957726543993348
10.850000             -0.22700903009958811607
10.855000             -0.22691921520327135164
10.860000             -0.22668107891100289231
10.865000             -0.22629742363914198688
10.870000             -0.22576889614900294556
10.875000             -0.22511236385959293438
10.880000             -0.22433011728550508734
10.885000             -0.22343165435003922714
10.890000             -0.22243151635666164045
10.895000             -0.22134422647292251174
10.900000             -0.22017579110237051054
10.905000             -0.21894079959096293675
10.910000             -0.21763978801882713499
10.915000             -0.21629016301039566406
10.920000             -0.21489770761672274957
10.925000             -0.21346233268681696904
10.930000             -0.21199562242262126599
10.935000             -0.21048996817994722330
10.940000             -0.20895670110995637203
10.945000             -0.20736958462448157325
10.950000             -0.20573984368501618825
10.955000             -0.20407056527601316609
10.960000             -0.20236298038162148227
10.965000             -0.20060347351993701448
10.970000             -0.19879058406293328987
10.975000             -0.19692210923293462788
10.980000             -0.19499762481083698917
10.985000             -0.19301294839694363437
10.990000             -0.19097041797615257885
10.995000             -0.18887539537406225487
11.000000             -0.18673202807220290467
11.005000             -0.18454220107230601133
11.010000             -0.18231792742645272498
11.015000             -0.18007791562623998161
11.020000             -0.17782835090000892464
11.025000             -0.17558573200519395074
11.030000             -0.17336549478512161548
11.035000             -0.17118590412058418138
11.040000             -0.16906566822847068909
11.045000             -0.16702244100214252986
11.050000             -0.16506190438451448510
11.055000             -0.16320075870823272379
11.060000             -0.16144411759629428982
11.065000             -0.15980743681956510738
11.070000             -0.15828544638252245447
11.075000             -0.15689083133863532260
11.080000             -0.15562055989031359227
11.085000             -0.15447923859912601752
11.090000             -0.15345371162385607056
11.095000             -0.15256525412391747087
11.100000             -0.15177924451170562992
11.105000             -0.15112739805429051265
11.110000             -0.15058710347422918363
11.115000             -0.15015456011423025662
11.120000             -0.14982405353744407406
11.125000             -0.14959144385895220553
11.130000             -0.14945413249941702505
11.135000             -0.14941000228475470601
11.140000             -0.14945886512646391897
11.145000             -0.14960036734447129669
11.150000             -0.14983627696226783921
11.155000             -0.15016807989379177268
11.160000             -0.15059817018091914420
11.165000             -0.15112297383900999415
11.170000             -0.15174676330400246882
11.175000             -0.15246536357150047847
11.180000             -0.15328668213461474346
11.185000             -0.15420299665185577265
11.190000             -0.15522218313928606848
11.195000             -0.15633313003366361427
11.200000             -0.15753937979514506806
11.205000             -0.15883384355519161724
11.210000             -0.16021486651614993968
11.215000             -0.16167420963193826489
11.220000             -0.16320581660815916547
11.225000             -0.16480277668379161859
11.230000             -0.16645454330414033439
11.235000             -0.16815806990987816616
11.240000             -0.16990555476892812981
11.245000             -0.17169199156657327654
11.250000             -0.17350595157094783616
11.255000             -0.17534652502546790864
11.260000             -0.17721027301522479513
11.265000             -0.17908933374837068819
11.270000             -0.18098412842820921220
11.275000             -0.18289108910957410647
11.280000             -0.18480602276271834716
11.285000             -0.18673039854918202507
11.290000             -0.18865609715955589110
11.295000             -0.19058340448711888482
11.300000             -0.19250549348126586024
11.305000             -0.19441885656520388470
11.310000             -0.19631763990937250997
11.315000             -0.19819336556756927958
11.320000             -0.20004126441046490847
11.325000             -0.20185229860564293802
11.330000             -0.20361951534822678167
11.335000             -0.20533512159509462180
11.340000             -0.20699164322502364155
11.345000             -0.20858234557382948626
11.350000             -0.21010304197329160436
11.355000             -0.21154664537280876146
11.360000             -0.21290718527897059542
11.365000             -0.21418434468834146589
11.370000             -0.21536687808710400227
11.375000             -0.21645357958662034270
11.380000             -0.21744034982372523190
11.385000             -0.21831583858584543978
11.390000             -0.21909184684075078131
11.395000             -0.21975536259784825277
11.400000             -0.22031961783572889813
11.405000             -0.22077058344377184507
11.410000             -0.22111279373096748291
11.415000             -0.22134249291015289929
11.420000             -0.22146782185929778097
11.425000             -0.22147990519056162673
11.430000             -0.22138784275590411843
11.435000             -0.22118654957582503662
11.440000             -0.22087890100119145220
11.445000             -0.22046523725674155303
11.450000             -0.21994727274963332686
11.455000             -0.21932360629499444982
11.460000             -0.21859595689155419951
11.465000             -0.21776879891906805731
11.470000             -0.21682889743157915396
11.475000             -0.21579586242567699861
11.480000             -0.21466132349138988822
11.485000             -0.21343178135714940824
11.490000             -0.21210638658100575138
11.495000             -0.21069740840157483164
11.500000             -0.20919074529387621242
11.505000             -0.20760209160220755020
11.510000             -0.20592555025032985294
11.515000             -0.20416413796877694309
11.520000             -0.20232135891994787458
11.525000             -0.20040023681082930196
11.530000             -0.19840632090319859637
11.535000             -0.19634666390112140433
11.540000             -0.19422231426186986614
11.545000             -0.19203860748670037450
11.550000             -0.18980327770563815148
11.555000             -0.18752406164547394396
11.560000             -0.18520091349479905762
11.565000             -0.18284542104632900417
11.570000             -0.18046241095278789390
11.575000             -0.17805856751916102065
11.580000             -0.17564070075626084244
11.585000             -0.17321318911380576000
11.590000             -0.17079902477403857697
11.595000             -0.16838584885241236755
11.600000             -0.16599077306477280636
11.605000             -0.16361452357115263689
11.610000             -0.16126318634239603100
11.615000             -0.15894418410497737626
11.620000             -0.15666578215545648445
11.625000             -0.15443812120743810601
11.630000             -0.15226370420058341071
11.635000             -0.15015574366819200991
11.640000             -0.14812024021593153678
11.645000             -0.14616795321663128560
11.650000             -0.14430933150730249070
11.655000             -0.14255063235049303394
11.660000             -0.14090615511978626939
11.665000             -0.13937823395242793234
11.670000             -0.13797977583448120531
11.675000             -0.13671669115597068211
11.680000             -0.13559650426393279887
11.685000             -0.13462590138875676904
11.690000             -0.13381149521611085396
11.695000             -0.13315634785298732790
11.700000             -0.13266419132514012391
11.705000             -0.13233739665556429332
11.710000             -0.13217772922186901696
11.715000             -0.13218278595437563117
11.720000             -0.13235509678082893470
11.725000             -0.13268894057652638740
11.730000             -0.13318358700517063387
11.735000             -0.13383120168047688003
11.740000             -0.13462818095538750529
11.745000             -0.13557113581910298916
11.750000             -0.13664611339353671671
11.755000             -0.13785246148330024263
11.760000             -0.13918265983975056099
11.765000             -0.14062715649303947352
11.770000             -0.14218254195852633726
11.775000             -0.14383970116382779891
11.780000             -0.14559476158989229089
11.785000             -0.14744229795674532180
11.790000             -0.14937908612977443545
11.795000             -0.15140144052105597439
11.800000             -0.15350848495853869347
11.805000             -0.15569902847135272395
11.810000             -0.15796488686093373977
11.815000             -0.16032328234510193066
11.820000             -0.16275498428835841191
11.825000             -0.16526177931570307233
11.830000             -0.16784137397746062836
11.835000             -0.17048735437603104725
11.840000             -0.17319786571755696469
11.845000             -0.17595721093278185454
11.850000             -0.17877001808452194775
11.855000             -0.18162473391767139375
11.860000             -0.18451158638636924736
11.865000             -0.18742293316615021848
11.870000             -0.19034506780354829014
11.875000             -0.19327226145932308032
11.880000             -0.19619049473261890304
11.885000             -0.19909510451358028438
11.890000             -0.20197234170282710175
11.895000             -0.20481471035990742036
11.900000             -0.20761210257771378629
11.905000             -0.21035325306692298497
11.910000             -0.21303313707849177994
11.915000             -0.21564476241455068917
11.920000             -0.21817627170102643630
11.925000             -0.22061834378695557857
11.930000             -0.22297695316205559668
11.935000             -0.22523353088618189299
11.940000             -0.22738331937765321467
11.945000             -0.22941862909899823908
11.950000             -0.23133345927070858572
11.955000             -0.23313119376948396311
11.960000             -0.23480638330710063011
11.965000             -0.23636174733804823922
11.970000             -0.23778613930791672737
11.975000             -0.23908382658943622134
11.980000             -0.24024727361522427160
11.985000             -0.24128290360640827772
11.990000             -0.24218460310301931360
11.995000             -0.24294831807736949614
12.000000             -0.24356787947477656631
12.005000             -0.24404511610124313137
12.010000             -0.24436805311754056236
12.015000             -0.24454706403386478053
12.020000             -0.24456118162214179890
12.025000             -0.24441948538023280935
12.030000             -0.24411127673552435180
12.035000             -0.24365194413216856306
12.040000             -0.24303281229647935580
12.045000             -0.24225651318100444032
12.050000             -0.24133190261342227223
12.055000             -0.24024926675547458865
12.060000             -0.23902097958149970403
12.065000             -0.23764946568837388985
12.070000             -0.23613766747630832166
12.075000             -0.23449027938423558370
12.080000             -0.23270834744597079791
12.085000             -0.23079329010845905934
12.090000             -0.22874969260615279909
12.095000             -0.22657731885485027368
12.100000             -0.22428958774229243445
12.105000             -0.22187020235507518007
12.110000             -0.21933909868412457267
12.115000             -0.21669503797986322535
12.120000             -0.21395577298485268791
12.125000             -0.21109527878449052540
12.130000             -0.20815712480021364428
12.135000             -0.20512908729346096548
12.140000             -0.20202709714994424028
12.145000             -0.19885980335614300563
12.150000             -0.19563892690680928510
12.155000             -0.19237597633026881638
12.160000             -0.18908290211321673868
12.165000             -0.18577241918754547334
12.170000             -0.18245602285552586785
12.175000             -0.17914503450967403375
12.180000             -0.17585136186337088637
12.185000             -0.17258957686754461403
12.190000             -0.16936427986950033930
12.195000             -0.16619033940579436281
12.200000             -0.16307640438610790379
12.205000             -0.16002709179393073691
12.210000             -0.15705310679801462448
12.215000             -0.15415684296524348462
12.220000             -0.15134431292788450008
12.225000             -0.14861759412479888520
12.230000             -0.14598361482942642797
12.235000             -0.14344160344925266370
12.240000             -0.14099396446892428769
12.245000             -0.13863994273071048036
12.250000             -0.13639021597613248948
12.255000             -0.13423261782310230705
12.260000             -0.13217907336714510014
12.265000             -0.13022903636429328245
12.270000             -0.12838625855698232447
12.275000             -0.12665379094713027919
12.280000             -0.12503451769331386245
12.285000             -0.12353626590953947773
12.290000             -0.12216305939843065398
12.295000             -0.12091966875993033492
12.300000             -0.11981654665027378914
12.305000             -0.11885456335474058054
12.310000             -0.11803739829749190782
12.315000             -0.11736917886214991158
12.320000             -0.11685323194612012854
12.325000             -0.11649037224039218708
12.330000             -0.11628113828080051395
12.335000             -0.11622520054082385865
12.340000             -0.11632288921990328878
12.345000             -0.11656570121523301964
12.350000             -0.11695403072897632424
12.355000             -0.11748059144111799856
12.360000             -0.11814422877772970399
12.365000             -0.11893184368864188893
12.370000             -0.11984302734452434436
12.375000             -0.12087154890910931093
12.380000             -0.12201492166540596485
12.385000             -0.12326920517015488299
12.390000             -0.12463046976239934571
12.395000             -0.12609623181585369323
12.400000             -0.12766648504383421026
12.405000             -0.12933927569135011959
12.410000             -0.13111460336808092308
12.415000             -0.13299168490332025083
12.420000             -0.13497007809944810974
12.425000             -0.13705280911624176388
12.430000             -0.13923314673570075239
12.435000             -0.14150850453086943892
12.440000             -0.14388177441047450555
12.445000             -0.14635321990877422915
12.450000             -0.14890347203645160068
12.455000             -0.15153549353535913924
12.460000             -0.15423847802434934029
12.465000             -0.15701448298528764003
12.470000             -0.15984960501387113219
12.475000             -0.16273545673975406411
12.480000             -0.16565985050301165749
12.485000             -0.16861235582758843377
12.490000             -0.17156987828486253145
12.495000             -0.17454662163473239067
12.500000             -0.17751638785877896232
12.505000             -0.18047309310926176740
12.510000             -0.18340636651762681764
12.515000             -0.18631188634016021544
12.520000             -0.18918065933599606532
12.525000             -0.19200069998900096135
12.530000             -0.19476748696841303388
12.535000             -0.19747716209880794569
12.540000             -0.20011818552974158791
12.545000             -0.20269569013629681886
12.550000             -0.20519677737191238664
12.555000             -0.20762535160522671562
12.560000             -0.20997137714364155769
12.565000             -0.21224117677708070895
12.570000             -0.21441672780295678580
12.575000             -0.21650465096981222346
12.580000             -0.21849825857974791710
12.585000             -0.22040153296376022163
12.590000             -0.22219550306448734855
12.595000             -0.22388972465199191708
12.600000             -0.22548129392271656912
12.605000             -0.22699276428495027136
12.610000             -0.22837965284672093191
12.615000             -0.22966292138254237876
12.620000             -0.23084130811790859461
12.625000             -0.23191419735039475736
12.630000             -0.23287164403972054894
12.635000             -0.23371195572396921691
12.640000             -0.23443384891183446928
12.645000             -0.23503825819285092957
12.650000             -0.23552326944811816101
12.655000             -0.23588827796152303518
12.660000             -0.23613243481043924565
12.665000             -0.23625494670450880585
12.670000             -0.23625739978840754052
12.675000             -0.23614079601148740828
12.680000             -0.23590096402421853461
12.685000             -0.23554680045727416360
12.690000             -0.23507601849141634975
12.695000             -0.23448651888350871553
12.700000             -0.23378030618214476477
12.705000             -0.23296753334455219675
12.710000             -0.23203365376860143887
12.715000             -0.23100217373472511917
12.720000             -0.22985443118663798079
12.725000             -0.22860213401209700246
12.730000             -0.22724217841187641098
12.735000             -0.22578262160095760591
12.740000             -0.22421401826118383949
12.745000             -0.22254852995115512182
12.750000             -0.22078703418211989562
12.755000             -0.21893301635151921070
12.760000             -0.21698942483621047606
12.765000             -0.21496177355061676928
12.770000             -0.21285116114281024680
12.775000             -0.21067504456269617319
12.780000             -0.20842030541098391372
12.785000             -0.20610809637979049525
12.790000             -0.20374544735498717474
12.795000             -0.20134227847487987106
12.800000             -0.19890490840910704518
12.805000             -0.19644570687177903556
12.810000             -0.19396992630728671081
12.815000             -0.19149173385036685757
12.820000             -0.18901369885800445303
12.825000             -0.18655250269824427689
12.830000             -0.18411662063567749148
12.835000             -0.18171400112911351155
12.840000             -0.17935890005554439020
12.845000             -0.17705212990112084714
12.850000             -0.17480981293424616152
12.855000             -0.17262132123244716686
12.860000             -0.17050904293732341288
12.865000             -0.16846970763994742470
12.870000             -0.16650672028658852764
12.875000             -0.16462872756873822566
12.880000             -0.16283824382518358176
12.885000             -0.16113878411662979628
12.890000             -0.15953094061241923640
12.895000             -0.15801718051722543623
12.900000             -0.15659681252435739274
12.905000             -0.15528048203683006423
12.910000             -0.15407013925400711574
12.915000             -0.15296199930909593068
12.920000             -0.15196106707641177103
12.925000             -0.15107496866096406518
12.930000             -0.15029703844087258235
12.935000             -0.14963779488109710258
12.940000             -0.14909247486412841033
12.945000             -0.14866852397398827579
12.950000             -0.14836858931224239377
12.955000             -0.14819465869031139826
12.960000             -0.14815368881578405702
12.965000             -0.14824165425978536037
12.970000             -0.14846305270949286537
12.975000             -0.14881871933948614961
12.980000             -0.14931307118299685932
12.985000             -0.14994724890093744096
12.990000             -0.15071967177638534441
12.995000             -0.15163317150945029854
13.000000             -0.15267809900386342115
13.005000             -0.15385526008938701925
13.010000             -0.15516446227506111577
13.015000             -0.15658604280137700115
13.020000             -0.15812409124095083701
13.025000             -0.15976802018303007391
13.030000             -0.16150831550500308054
13.035000             -0.16334281195226388328
13.040000             -0.16525818439321207642
13.045000             -0.16724779353283558692
13.050000             -0.16929589518620177802
13.055000             -0.17139469590385128517
13.060000             -0.17353241492610418928
13.065000             -0.17570074451998893283
13.070000             -0.17788651698052701522
13.075000             -0.18007425942932131502
13.080000             -0.18226167215937205679
13.085000             -0.18442727424215071830
13.090000             -0.18656663684062582687
13.095000             -0.18867208509699007202
13.100000             -0.19072656484335545612
13.105000             -0.19273013236688804617
13.110000             -0.19467869798759029898
13.115000             -0.19656431873924568032
13.120000             -0.19837907780832661486
13.125000             -0.20012171121149580078
13.130000             -0.20178806969483678579
13.135000             -0.20337234113457630658
13.140000             -0.20487709408072365957
13.145000             -0.20630583030217708451
13.150000             -0.20764367564565663904
13.155000             -0.20890293371743984263
13.160000             -0.21007811582174434895
13.165000             -0.21116565342490994928
13.170000             -0.21216476382979002069
13.175000             -0.21307826373623234284
13.180000             -0.21390362155764508501
13.185000             -0.21464272044518784011
13.190000             -0.21529090501712144778
13.195000             -0.21585263232561990865
13.200000             -0.21632762067067370926
13.205000             -0.21671252397155421621
13.210000             -0.21700858492796040733
13.215000             -0.21721567022223695065
13.220000             -0.21733481019726524908
13.225000             -0.21736563869656028158
13.230000             -0.21730966856589900571
13.235000             -0.21716775561830378716
13.240000             -0.21694292101425563524
13.245000             -0.21663753603057406272
13.250000             -0.21625397844827354277
13.255000             -0.21579275149607163309
13.260000             -0.21525815273965528962
13.265000             -0.21464934526638201895
13.270000             -0.21396995337463023401
13.275000             -0.21321898457204133126
13.280000             -0.21242147527530488849
13.285000             -0.21154746755633327404
13.290000             -0.21062654791442020352
13.295000             -0.20963731044419781080
13.300000             -0.20859949844782449402
13.305000             -0.20751052241979339730
13.310000             -0.20637784257840685598
13.315000             -0.20520048462552978319
13.320000             -0.20399025384046953757
13.325000             -0.20274517412014048112
13.330000             -0.20147255840431596563
13.335000             -0.20017760830809991357
13.340000             -0.19886467591417192335
13.345000             -0.19752959069229103495
13.350000             -0.19617694516778264036
13.355000             -0.19480710736641934644
13.360000             -0.19342092570517838146
13.365000             -0.19201633585232899537
13.370000             -0.19059956204757866338
13.375000             -0.18915692939071687695
13.380000             -0.18769321675564307195
13.385000             -0.18620789303692841798
13.390000             -0.18469967532251327369
13.395000             -0.18317055418781683085
13.400000             -0.18162252386362867651
13.405000             -0.18005366762708921446
13.410000             -0.17847081573621009776
13.415000             -0.17688116831087188907
13.420000             -0.17528330105271100470
13.425000             -0.17369152611308752432
13.430000             -0.17211238385798827144
13.435000             -0.17055193680049499094
13.440000             -0.16902385838522612782
13.445000             -0.16753295394564018950
13.450000             -0.16608832743661669507
13.455000             -0.16469816016028590577
13.460000             -0.16336871843093450640
13.465000             -0.16210905114685406070
13.470000             -0.16091858430799713120
13.475000             -0.15980330767955869264
13.480000             -0.15876280309900811516
13.485000             -0.15780236707507797056
13.490000             -0.15691948874495148525
13.495000             -0.15611695903983596745
13.500000             -0.15538357780524758578
13.505000             -0.15472365265128676382
13.510000             -0.15413525921496784576
13.515000             -0.15360662747644859838
13.520000             -0.15314270436200033698
13.525000             -0.15273650174994291007
13.530000             -0.15238432372999896613
13.535000             -0.15208529036682902347
13.540000             -0.15183491880799362961
13.545000             -0.15163566603346417816
13.550000             -0.15147973006670600871
13.555000             -0.15137540558003115265
13.560000             -0.15131845612302929904
13.565000             -0.15131326548546347732
13.570000             -0.15135949433451190149
13.575000             -0.15145995493533453979
13.580000             -0.15161437874644467794
13.585000             -0.15182794697051213428
13.590000             -0.15209986155523999574
13.595000             -0.15243697002853620615
13.600000             -0.15283688695293698445
13.605000             -0.15330151721927612329
13.610000             -0.15382594787078859855
13.615000             -0.15441477577591436465
13.620000             -0.15506500898771860553
13.625000             -0.15577601035110094641
13.630000             -0.15654752275047645327
13.635000             -0.15738289848225603396
13.640000             -0.15827123542179716287
13.645000             -0.15921943264834911846
13.650000             -0.16022400720794358064
13.655000             -0.16128111946177792202
13.660000             -0.16238879912993953170
13.665000             -0.16354969556955228915
13.670000             -0.16476199326691395863
13.675000             -0.16601828748484523390
13.680000             -0.16732763013335136271
13.685000             -0.16867384885361277891
13.690000             -0.17006665577965718317
13.695000             -0.17150180561324884776
13.700000             -0.17297857262294613623
13.705000             -0.17449600850823146492
13.710000             -0.17605348323288641521
13.715000             -0.17764471575354964794
13.720000             -0.17927480826807307146
13.725000             -0.18093472043663721971
13.730000             -0.18262525215241728893
13.735000             -0.18433983054984007244
13.740000             -0.18608141781806167292
13.745000             -0.18783054669876422804
13.750000             -0.18959275597087191234
13.755000             -0.19134484159170672690
13.760000             -0.19309187373908745511
13.765000             -0.19483080027539384504
13.770000             -0.19655010749602219722
13.775000             -0.19823597729951891733
13.780000             -0.19989480616560906245
13.785000             -0.20150806179510705185
13.790000             -0.20308008501999508244
13.795000             -0.20460309320952937973
13.800000             -0.20607464517591572717
13.805000             -0.20748869926961063803
13.810000             -0.20885022553549278945
13.815000             -0.21015236080920762785
13.820000             -0.21140263389168106878
13.825000             -0.21258813946333229850
13.830000             -0.21371297325786453580
13.835000             -0.21477241315873624172
13.840000             -0.21576694233119941835
13.845000             -0.21669208120536906370
13.850000             -0.21754724773976522045
13.855000             -0.21832626753137651665
13.860000             -0.21902599819052925856
13.865000             -0.21964254328756335766
13.870000             -0.22017383552468652863
13.875000             -0.22061621901947459090
13.880000             -0.22097281014484063122
13.885000             -0.22122696902148283882
13.890000             -0.22139677976963040296
13.895000             -0.22146837031728877632
13.900000             -0.22144279912802702914
13.905000             -0.22131476911243888606
13.910000             -0.22108535815390428780
13.915000             -0.22075073849160803396
13.920000             -0.22031979402570886495
13.925000             -0.21978454882227743683
13.930000             -0.21916388470735251315
13.935000             -0.21844599780702741998
13.940000             -0.21763846899424582615
13.945000             -0.21674650590853689058
13.950000             -0.21577210901895882422
13.955000             -0.21472111472710059266
13.960000             -0.21359305957947438692
13.965000             -0.21239696747968378476
13.970000             -0.21113679563925755178
13.975000             -0.20981124147883373210
13.980000             -0.20842185054110545783
13.985000             -0.20697884915354053392
13.990000             -0.20548492740499596509
13.995000             -0.20393339401901472430
14.000000             -0.20233546268839971982
14.005000             -0.20068480197059190839
14.010000             -0.19899782915139996309
14.015000             -0.19726687922150082377
14.020000             -0.19550508457509466198
14.025000             -0.19370640046758902386
14.030000             -0.19188750731451040266
14.035000             -0.19004881115409896775
14.040000             -0.18820706779556689581
14.045000             -0.18635437751974540110
14.050000             -0.18449812779369248461
14.055000             -0.18263624412553586263
14.060000             -0.18077820975684921745
14.065000             -0.17893296378770334742
14.070000             -0.17710263701447614970
14.075000             -0.17528833422093836880
14.080000             -0.17350301885012411884
14.085000             -0.17174764920636581556
14.090000             -0.17004185441026362091
14.095000             -0.16838004279798593488
14.100000             -0.16676885528117110780
14.105000             -0.16521542763326907410
14.110000             -0.16372314710856950004
14.115000             -0.16229300707138824555
14.120000             -0.16093550649508447936
14.125000             -0.15964725828528741891
14.130000             -0.15843203818902745761
14.135000             -0.15729515745038549768
14.140000             -0.15623333315324305914
14.145000             -0.15525106577862740620
14.150000             -0.15434752003002283338
14.155000             -0.15352289976279417938
14.160000             -0.15277969179646488929
14.165000             -0.15212522906669165290
14.170000             -0.15155530613070486434
14.175000             -0.15107273974574553232
14.180000             -0.15068058462749095439
14.185000             -0.15038040096810378898
14.190000             -0.15017320536776535000
14.195000             -0.15006138300419574749
14.200000             -0.15004510612789470625
14.205000             -0.15012245755989570006
14.210000             -0.15029535578840624854
14.215000             -0.15056394744060913604
14.220000             -0.15092915497905465272
14.225000             -0.15139160357385314515
14.230000             -0.15194881906319632203
14.235000             -0.15259966006464525945
14.240000             -0.15334306612681466997
14.245000             -0.15418149405952263908
14.250000             -0.15511551639465132046
14.255000             -0.15614651974744753193
14.260000             -0.15727058336423105356
14.265000             -0.15848942165525647940
14.270000             -0.15980388970732048448
14.275000             -0.16121033925454092417
14.280000             -0.16270915993023910007
14.285000             -0.16429920849058343713
14.290000             -0.16597589370851331680
14.295000             -0.16774171066281462483
14.300000             -0.16958012035145347829
14.305000             -0.17149442446838478182
14.310000             -0.17347748972062762562
14.315000             -0.17551741054128508490
14.320000             -0.17761403204062581329
14.325000             -0.17974920628165430569
14.330000             -0.18191802696913331183
14.335000             -0.18411141810977804667
14.340000             -0.18631741548352273585
14.345000             -0.18852895820273618543
14.350000             -0.19074488663767402707
14.355000             -0.19294447582247412076
14.360000             -0.19512420433428759314
14.365000             -0.19728307989386173471
14.370000             -0.19940714704526857348
14.375000             -0.20149205847562082217
14.380000             -0.20352144838897578971
14.385000             -0.20549916632075773681
14.390000             -0.20741716316393640773
14.395000             -0.20927203830390223027
14.400000             -0.21105956996392372105
14.405000             -0.21277587527284852476
14.410000             -0.21441535303899020293
14.415000             -0.21597499791969426708
14.420000             -0.21746001789014743344
14.425000             -0.21886059714919234298
14.430000             -0.22017696079432119705
14.435000             -0.22140034269104461040
14.440000             -0.22254164994540190370
14.445000             -0.22359382930876822715
14.450000             -0.22455711382289275657
14.455000             -0.22543423888503547059
14.460000             -0.22622739077076367553
14.465000             -0.22693473916244946698
14.470000             -0.22754660370333359976
14.475000             -0.22806676583502377698
14.480000             -0.22849072490842967098
14.485000             -0.22882013076970242338
14.490000             -0.22904929719317199122
14.495000             -0.22918072442254600052
14.500000             -0.22921601960861007208
14.505000             -0.22915381007682056325
14.510000             -0.22898774493709220246
14.515000             -0.22873121313864641646
14.520000             -0.22837188867491553523
14.525000             -0.22792459719309174360
14.530000             -0.22738375985597397699
14.535000             -0.22675713726387591862
14.540000             -0.22604655254824010391
14.545000             -0.22525728267367864377
14.550000             -0.22438934519690864611
14.555000             -0.22344586115641698609
14.560000             -0.22242808273042039002
14.565000             -0.22133770267871813453
14.570000             -0.22017834237729946856
14.575000             -0.21895022536664135449
14.580000             -0.21765318607332159728
14.585000             -0.21629305780764895850
14.590000             -0.21486230048795587622
14.595000             -0.21336420370912304034
14.600000             -0.21179884676566657076
14.605000             -0.21016650005220680053
14.610000             -0.20846547198717332861
14.615000             -0.20669993035013289884
14.620000             -0.20486796522021707978
14.625000             -0.20297389067692336861
14.630000             -0.20102397038437547216
14.635000             -0.19901900967950306165
14.640000             -0.19696069404313745754
14.645000             -0.19485663209022882625
14.650000             -0.19271269885851119441
14.655000             -0.19053012748196154758
14.660000             -0.18831813213112474914
14.665000             -0.18608220202729428006
14.670000             -0.18382897262191905119
14.675000             -0.18156733063365906866
14.680000             -0.17929905547744251493
14.685000             -0.17704523457897849981
14.690000             -0.17479661390321266090
14.695000             -0.17256832954736331387
14.700000             -0.17035930836180918080
14.705000             -0.16819139292811804975
14.710000             -0.16605898260309392978
14.715000             -0.16397108129063525661
14.720000             -0.16192765384296683995
14.725000             -0.15993385979119981166
14.730000             -0.15799064531836692904
14.735000             -0.15610283112775197312
14.740000             -0.15427032377231578164
14.745000             -0.15249704265620467325
14.750000             -0.15078922691059395977
14.755000             -0.14914330373882883629
14.760000             -0.14756057414071863110
14.765000             -0.14604687741290797720
14.770000             -0.14460106428448279980
14.775000             -0.14322497810179385391
14.780000             -0.14192239374759987869
14.785000             -0.14069198887734846171
14.790000             -0.13954455572531190843
14.795000             -0.13847088739619067832
14.800000             -0.13747812121842600819
14.805000             -0.13656647390739676262
14.810000             -0.13573785638220028926
14.815000             -0.13499300327623220408
14.820000             -0.13433419414489991550
14.825000             -0.13376151572807154500
14.830000             -0.13327927874548767262
14.835000             -0.13288146150611124252
14.840000             -0.13258168454004454206
14.845000             -0.13237965378124527671
14.850000             -0.13227837000337305806
14.855000             -0.13228815350958153529
14.860000             -0.13240597980567461733
14.865000             -0.13264916325021081089
14.870000             -0.13300812159142491597
14.875000             -0.13349030407472819992
14.880000             -0.13409803812865531136
14.885000             -0.13483173780253226992
14.890000             -0.13569941453027198341
14.895000             -0.13669345943995178660
14.900000             -0.13781421733468227075
14.905000             -0.13906204554823495267
14.910000             -0.14043209280396271033
14.915000             -0.14192406955813571812
14.920000             -0.14353144045618773661
14.925000             -0.14524957530312140874
14.930000             -0.14707207434419333758
14.935000             -0.14899070067900521686
14.940000             -0.15099896178165886362
14.945000             -0.15308532826726672926
14.950000             -0.15524147065139284885
14.955000             -0.15745735145599570881
14.960000             -0.15972275595823445804
14.965000             -0.16202357066456196666
14.970000             -0.16435997087805193084
14.975000             -0.16672357680390115231
14.980000             -0.16910385157588644911
14.985000             -0.17149455778036623577
14.990000             -0.17389041086305459527
14.995000             -0.17628954614713804316
15.000000             -0.17868865914984427556
15.005000             -0.18108016752316363762
15.010000             -0.18346307390323715603
15.015000             -0.18582935488854893102
15.020000             -0.18817698738537233516
15.025000             -0.19050935893765391649
15.030000             -0.19281284441626056481
15.035000             -0.19508985004960346932
15.040000             -0.19732421267385988339
15.045000             -0.19952531112407509428
15.050000             -0.20168090418353382121
15.055000             -0.20379344635186788515
15.060000             -0.20585753753666280463
15.065000             -0.20787497163917290077
15.070000             -0.20983385131244058908
15.075000             -0.21173302570380211907
15.080000             -0.21356627232954294993
15.085000             -0.21533067471955577576
15.090000             -0.21702084086220818637
15.095000             -0.21863548886498229695
15.100000             -0.22016872649143023888
15.105000             -0.22161692684826278521
15.110000             -0.22297747057770112011
15.115000             -0.22424501630243601213
15.120000             -0.22541916648339457852
15.125000             -0.22649638782889683353
15.130000             -0.22747696182343016269
15.135000             -0.22835899375584053916
15.140000             -0.22913916955988899993
15.145000             -0.22981992316787194786
15.150000             -0.23039665210989107580
15.155000             -0.23087661693587649414
15.160000             -0.23124045757217862040
15.165000             -0.23149201296876176226
15.170000             -0.23163921286225991336
15.175000             -0.23167598303324754561
15.180000             -0.23159656642092532608
15.185000             -0.23140331671176592176
15.190000             -0.23109337221482559310
15.195000             -0.23066496104560268998
15.200000             -0.23012278617811474102
15.205000             -0.22946564053110829473
15.210000             -0.22869241512188126508
15.215000             -0.22780558546122117725
15.220000             -0.22680515163031367276
15.225000             -0.22570142131009601760
15.230000             -0.22449084337431293723
15.235000             -0.22318240887757931357
15.240000             -0.22177970670153090982
15.245000             -0.22028913557971460668
15.250000             -0.21871698146560103471
15.255000             -0.21707101278537030420
15.260000             -0.21535661016603419027
15.265000             -0.21357897970070527371
15.270000             -0.21174518692893889993
15.275000             -0.20985940480788697893
15.280000             -0.20793504828699810316
15.285000             -0.20597232277046706450
15.290000             -0.20397764340303356501
15.295000             -0.20195776963684453076
15.300000             -0.19992312512057286433
15.305000             -0.19786870838031553332
15.310000             -0.19581096875234763055
15.315000             -0.19373447585373085311
15.320000             -0.19166561470527382349
15.325000             -0.18958141542973416804
15.330000             -0.18750471331896573224
15.335000             -0.18542881193239152404
15.340000             -0.18338120573488397858
15.345000             -0.18135218182448917257
15.350000             -0.17935878959385401221
15.355000             -0.17739601989052039555
15.360000             -0.17548644347950304034
15.365000             -0.17362881206865202199
15.370000             -0.17182530873949969363
15.375000             -0.17008929741028458449
15.380000             -0.16842682655482527077
15.385000             -0.16684317054263306246
15.390000             -0.16534308041197126604
15.395000             -0.16393099510819056364
15.400000             -0.16261597289326554239
15.405000             -0.16139044862287776905
15.410000             -0.16027396491544357304
15.415000             -0.15925561137456212268
15.420000             -0.15834756796078500174
15.425000             -0.15753938301220554719
15.430000             -0.15683909372365439916
15.435000             -0.15623360779413367205
15.440000             -0.15572646221574004688
15.445000             -0.15531243589881993383
15.450000             -0.15498907072021200770
15.455000             -0.15474969800534343900
15.460000             -0.15459152769153886031
15.465000             -0.15450836378491072942
15.470000             -0.15449669975081231632
15.475000             -0.15455440065610939748
15.480000             -0.15467847369876747132
15.485000             -0.15487413533299784762
15.490000             -0.15514078493354149790
15.495000             -0.15547776025455475879
15.500000             -0.15588767193276573120
15.505000             -0.15637336625964054493
15.510000             -0.15693778519465786947
15.515000             -0.15758443483143078079
15.520000             -0.15831653285508953677
15.525000             -0.15913554296366314023
15.530000             -0.16003857295572820885
15.535000             -0.16103464406734382952
15.540000             -0.16211705281573429716
15.545000             -0.16328473541928276158
15.550000             -0.16452933924292609258
15.555000             -0.16585319912959448074
15.560000             -0.16724533688701304079
15.565000             -0.16870875662079501400
15.570000             -0.17022867575917849381
15.575000             -0.17180305096248255081
15.580000             -0.17341986611122192641
15.585000             -0.17508533146296653693
15.590000             -0.17678031170191321753
15.595000             -0.17850556550328774974
15.600000             -0.18025308051967822709
15.605000             -0.18201452389203831572
15.610000             -0.18378458901207470055
15.615000             -0.18555957029590583462
15.620000             -0.18733258007220549013
15.625000             -0.18910387594673735978
15.630000             -0.19086796122950455690
15.635000             -0.19261665772240438299
15.640000             -0.19434776702665207404
15.645000             -0.19605782382495681726
15.650000             -0.19774244907513621738
15.655000             -0.19939671181512108600
15.660000             -0.20102202407344468837
15.665000             -0.20260432537957695498
15.670000             -0.20414289569517654610
15.675000             -0.20563170556573229231
15.680000             -0.20706881942766491855
15.685000             -0.20844574525637130091
15.690000             -0.20975924759176534096
15.695000             -0.21100530539084669246
15.700000             -0.21217814597165410295
15.705000             -0.21326948849193863578
15.710000             -0.21428505769603936604
15.715000             -0.21521584295424936450
15.720000             -0.21606095734166291811
15.725000             -0.21681773521736899535
15.730000             -0.21748373477339297266
15.735000             -0.21806267305481993879
15.740000             -0.21854845234565190015
15.745000             -0.21894755781092078983
15.750000             -0.21926291915471221583
15.755000             -0.21949506568763443859
15.760000             -0.21963651685998203389
15.765000             -0.21969210570927244497
15.770000             -0.21965986961243444409
15.775000             -0.21954684009986469295
15.780000             -0.21935029704590369715
15.785000             -0.21907210359653489506
15.790000             -0.21870356203104590609
15.795000             -0.21825527532209770820
15.800000             -0.21772275331025009448
15.805000             -0.21710599812522771157
15.810000             -0.21641608785249757951
15.815000             -0.21563575214594019047
15.820000             -0.21477744196123052522
15.825000             -0.21384248264974534126
15.830000             -0.21282699953111647306
15.835000             -0.21174384449127306440
15.840000             -0.21058666519537833084
15.845000             -0.20936297788680155452
15.850000             -0.20805965171889964638
15.855000             -0.20669927404957352812
15.860000             -0.20527644381936274720
15.865000             -0.20379371992542244518
15.870000             -0.20226202290499312175
15.875000             -0.20067729402176068265
15.880000             -0.19904378845014097932
15.885000             -0.19737260460379432714
15.890000             -0.19565092690447802304
15.895000             -0.19389124938937352116
15.900000             -0.19209740838601957469
15.905000             -0.19027336038616163294
15.910000             -0.18842525819690092437
15.915000             -0.18655622417727132922
15.920000             -0.18467469463930677454
15.925000             -0.18278102126956896623
15.930000             -0.18088843397335976904
15.935000             -0.17899865751724181040
15.940000             -0.17711954672823379542
15.945000             -0.17525454288607450470
15.950000             -0.17342145913714832051
15.955000             -0.17161781826939748186
15.960000             -0.16984841925663618500
15.965000             -0.16812694459893928745
15.970000             -0.16645460770350559154
15.975000             -0.16484389499601356799
15.980000             -0.16329983070916392895
15.985000             -0.16183391417746970098
15.990000             -0.16045124157221335448
15.995000             -0.15915622576390467402
16.000000             -0.15795158353825092257
16.005000             -0.15685243411774563160
16.010000             -0.15586135626710956315
16.015000             -0.15497785039378017546
16.020000             -0.15420172529802908534
16.025000             -0.15353921839578890673
16.030000             -0.15298469722937635407
16.035000             -0.15253444901777174492
16.040000             -0.15219356266912215103
16.045000             -0.15194899657779611934
16.050000             -0.15179676400121394630
16.055000             -0.15174057070374408207
16.060000             -0.15176908991809637262
16.065000             -0.15188215635790622282
16.070000             -0.15207771460204641545
16.075000             -0.15233665634200943551
16.080000             -0.15267735137229374032
16.085000             -0.15309254544421382893
16.090000             -0.15358527843701325066
16.095000             -0.15414237444290146417
16.100000             -0.15476937258021591926
16.105000             -0.15546371791265847784
16.110000             -0.15622687777944696541
16.115000             -0.15705708400893161891
16.120000             -0.15795740171534825014
16.125000             -0.15892658652618746329
16.130000             -0.15995561036821664969
16.135000             -0.16104592787048777058
16.140000             -0.16219701880555986717
16.145000             -0.16340384924604064998
16.150000             -0.16466441751626101353
16.155000             -0.16596781140261709919
16.160000             -0.16731681332790951378
16.165000             -0.16869371037026431592
16.170000             -0.17009815951566253922
16.175000             -0.17152058514098447728
16.180000             -0.17294806549477723112
16.185000             -0.17438170994597548824
16.190000             -0.17581090347573291588
16.195000             -0.17723109803556669206
16.200000             -0.17863510683831276826
16.205000             -0.18002090654994726271
16.210000             -0.18138137477770388539
16.215000             -0.18271504016227729794
16.220000             -0.18401966451674819925
16.225000             -0.18529726492708287200
16.230000             -0.18654617464444386843
16.235000             -0.18776438306411957768
16.240000             -0.18895332645319923293
16.245000             -0.19011933959314833431
16.250000             -0.19125259083843748620
16.255000             -0.19235684376623402025
16.260000             -0.19343282020793067799
16.265000             -0.19447771502256380738
16.270000             -0.19549544151704023598
16.275000             -0.19649076179783089846
16.280000             -0.19745700079051742293
16.285000             -0.19839964384864183788
16.290000             -0.19931161374507541661
16.295000             -0.20019479819238172880
16.300000             -0.20105373222636818697
16.305000             -0.20187817087831130825
16.310000             -0.20267607907243936904
16.315000             -0.20343933860300073002
16.320000             -0.20417175070662432756
16.325000             -0.20486377517063700249
16.330000             -0.20552098494326237477
16.335000             -0.20614091379602386689
16.340000             -0.20672320422067463896
16.345000             -0.20726572160708792159
16.350000             -0.20776266663215475772
16.355000             -0.20821542209409138469
16.360000             -0.20862255882072214264
16.365000             -0.20898027684299494422
16.370000             -0.20928560454707026417
16.375000             -0.20954761919326050923
16.380000             -0.20975346593749713553
16.385000             -0.20989756632786324420
16.390000             -0.20998818029360924453
16.395000             -0.21002171012445464138
16.400000             -0.20999173774476589949
16.405000             -0.20990407515877868017
16.410000             -0.20975537015630971172
16.415000             -0.20954987080103024133
16.420000             -0.20928962622894431433
16.425000             -0.20897721594655424560
16.430000             -0.20861686996877967792
16.435000             -0.20821285732652522471
16.440000             -0.20776786376696398939
16.445000             -0.20728901433936819387
16.450000             -0.20678012746362214869
16.455000             -0.20624410381505775547
16.460000             -0.20568615474122178832
16.465000             -0.20510894772746091075
16.470000             -0.20451542270171976790
16.475000             -0.20390587518904640385
16.480000             -0.20327755077878878476
16.485000             -0.20263955674116457262
16.490000             -0.20197872578559550316
16.495000             -0.20130863810105201206
16.500000             -0.20061640564247659735
16.505000             -0.19990594791654764384
16.510000             -0.19917322910805523861
16.515000             -0.19841468482022248110
16.520000             -0.19763393345836713366
16.525000             -0.19683237371130379856
16.530000             -0.19599612060627510934
16.535000             -0.19514142632732164873
16.540000             -0.19425185635848546406
16.545000             -0.19334603991974269599
16.550000             -0.19242057041959459429
16.555000             -0.19148215327236420280
16.560000             -0.19053633185089891011
16.565000             -0.18959167192808185076
16.570000             -0.18866172723412302781
16.575000             -0.18773646976238153594
16.580000             -0.18682653838562046644
16.585000             -0.18593644157572070119
16.590000             -0.18507337149958857925
16.595000             -0.18424229674589850947
16.600000             -0.18344361287773647273
16.605000             -0.18268783323481935232
16.610000             -0.18197446473203743311
16.615000             -0.18130744231322518112
16.620000             -0.18068062471375792577
16.625000             -0.18010116321775596071
16.630000             -0.17956105054374194019
16.635000             -0.17905894337231048619
16.640000             -0.17858920118034496416
16.645000             -0.17815025056004732407
16.650000             -0.17773499713572438186
16.655000             -0.17733837808941704806
16.660000             -0.17695260626714778840
16.665000             -0.17657654503748287933
16.670000             -0.17620054762246517566
16.675000             -0.17583520995835733025
16.680000             -0.17547796698758738598
16.685000             -0.17512305024175950363
16.690000             -0.17476623714817440813
16.695000             -0.17441415040262089886
16.700000             -0.17406440420607752206
16.705000             -0.17372062901618065545
16.710000             -0.17338582993370754703
16.715000             -0.17306489934900973204
16.720000             -0.17276085508246122324
16.725000             -0.17247740432208155670
16.730000             -0.17221898546513067507
16.735000             -0.17198913304588828166
16.740000             -0.17178364591350339663
16.745000             -0.17160633797070778961
16.750000             -0.17146103092570993964
16.755000             -0.17134866044400773322
16.760000             -0.17126896129709232031
16.765000             -0.17122049091790145225
16.770000             -0.17120384275957259423
16.775000             -0.17121883600937151670
16.780000             -0.17126349485298097974
16.785000             -0.17133736531249729729
16.790000             -0.17143801334545719084
16.795000             -0.17156511217497499855
16.800000             -0.17171658098250494606
16.805000             -0.17188308603033916611
16.810000             -0.17207902021180390695
16.815000             -0.17229267351031929412
16.820000             -0.17252461706429317312
16.825000             -0.17276856539713650318
16.830000             -0.17302406933130351496
16.835000             -0.17328657706756461776
16.840000             -0.17356446178496354182
16.845000             -0.17384345431457048914
16.850000             -0.17413360252750373358
16.855000             -0.17443001598045643208
16.860000             -0.17472678948285566558
16.865000             -0.17502302415024117987
16.870000             -0.17532063487999940965
16.875000             -0.17561758911042160691
16.880000             -0.17591184958220706935
16.885000             -0.17620114282377560833
16.890000             -0.17648950666144364030
16.895000             -0.17676788257762154899
16.900000             -0.17705036335826423999
16.905000             -0.17732893344466144070
16.910000             -0.17760667095259163872
16.915000             -0.17788537259627951181
16.920000             -0.17816472485326356745
16.925000             -0.17844988469165906642
16.930000             -0.17872935328762001861
16.935000             -0.17901460790641066101
16.940000             -0.17930016744555887787
16.945000             -0.17958757245853160245
16.950000             -0.17988195498606146527
16.955000             -0.18017644795681214687
16.960000             -0.18047105200424690130
16.965000             -0.18076409230337711631
16.970000             -0.18105426215418440883
16.975000             -0.18134028468632476527
16.980000             -0.18163034038543440785
16.985000             -0.18191118532574721001
16.990000             -0.18219047373471408680
16.995000             -0.18246356710061975570
17.000000             -0.18272987050978148349
17.005000             -0.18298775893940194548
17.010000             -0.18324730169254002665
17.015000             -0.18350057122939059107
17.020000             -0.18374835649449308694
17.025000             -0.18399671669796313633
17.030000             -0.18424457086971246511
17.035000             -0.18449250048233623023
17.040000             -0.18474827365821233638
17.045000             -0.18501351117038639105
17.050000             -0.18528639188098616764
17.055000             -0.18557013170667410740
17.060000             -0.18586657058086428207
17.065000             -0.18617314507347829111
17.070000             -0.18649135596510590940
17.075000             -0.18681857889805841832
17.080000             -0.18715806055400471819
17.085000             -0.18750095611895262193
17.090000             -0.18784765509879683409
17.095000             -0.18819397784531199935
17.100000             -0.18853602633534130573
17.105000             -0.18887109947672336974
17.110000             -0.18919260550874639204
17.115000             -0.18950036663564626127
17.120000             -0.18978589806026105458
17.125000             -0.19005191842639168609
17.130000             -0.19029692003049994420
17.135000             -0.19051353335753828944
17.140000             -0.19070502158787211444
17.145000             -0.19086957449421509958
17.150000             -0.19100664712949189106
17.155000             -0.19111182697006628972
17.160000             -0.19120103144208575041
17.165000             -0.19126270653934654420
17.170000             -0.19130017571002752574
17.175000             -0.19132408389580035646
17.180000             -0.19132692263915337949
17.185000             -0.19131862274409539015
17.190000             -0.19129624873925282769
17.195000             -0.19126171254864229865
17.200000             -0.19121923979044738728
17.205000             -0.19117281730489929514
17.210000             -0.19111831310258919903
17.215000             -0.19105970150034948252
17.220000             -0.19099496832330137286
17.225000             -0.19091792318000005979
17.230000             -0.19083993457122849779
17.235000             -0.19075046854702340515
17.240000             -0.19065703497949279543
17.245000             -0.19054612948167595765
17.250000             -0.19043058839733872922
17.255000             -0.19029723995992517405
17.260000             -0.19014791733806282736
17.265000             -0.18999297754251745496
17.270000             -0.18981646470993376874
17.275000             -0.18963028743193255377
17.280000             -0.18943284378405300661
17.285000             -0.18922369870499985978
17.290000             -0.18900925663328782544
17.295000             -0.18878776455811227541
17.300000             -0.18856524749442715727
17.305000             -0.18834098451166669808
17.310000             -0.18812136711812108003
17.315000             -0.18790825405418759564
17.320000             -0.18770205285960914199
17.325000             -0.18750750001940805212
17.330000             -0.18732742700689694604
17.335000             -0.18715701357388236925
17.340000             -0.18700032989318499110
17.345000             -0.18685024264745564437
17.350000             -0.18671148948716237426
17.355000             -0.18658492468308740531
17.360000             -0.18646921899126522870
17.365000             -0.18636144731156228938
17.370000             -0.18626119784551845027
17.375000             -0.18616922585379350186
17.380000             -0.18608066413265531014
17.385000             -0.18599752582210432594
17.390000             -0.18591109720027595986
17.395000             -0.18582970869645715206
17.400000             -0.18575417883838260535
17.405000             -0.18567859637586545118
17.410000             -0.18560578662408144801
17.415000             -0.18553635625412678856
17.420000             -0.18546202617714768746
17.425000             -0.18541115751398049016
17.430000             -0.18533489559519211731
17.435000             -0.18526175204184996970
17.440000             -0.18517505799789835130
17.445000             -0.18507812735294398854
17.450000             -0.18496638798776390833
17.455000             -0.18484005253636978661
17.460000             -0.18469847503451450321
17.465000             -0.18453890410725196092
17.470000             -0.18436383024903774119
17.475000             -0.18416495498798976516
17.480000             -0.18394478689627963286
17.485000             -0.18369790214277847973
17.490000             -0.18343162400614237972
17.495000             -0.18315022940389832917
17.500000             -0.18285817361279038673
17.505000             -0.18254514987278355753
17.510000             -0.18221808777764444964
17.515000             -0.18188085240160256628
17.520000             -0.18153639675895921757
17.525000             -0.18118370454212051612
17.530000             -0.18083266074298287585
17.535000             -0.18047995126333335469
17.540000             -0.18012806678033935204
17.545000             -0.17978064820340708407
17.550000             -0.17943739188472521140
17.555000             -0.17909300872694075557
17.560000             -0.17875015936093061053
17.565000             -0.17840734497953639193
17.570000             -0.17806229322366778911
17.575000             -0.17771563531388903656
17.580000             -0.17737098277449431238
17.585000             -0.17702551697886537152
17.590000             -0.17668003064407789005
17.595000             -0.17633674111460717615
17.600000             -0.17600100640377192018
17.605000             -0.17567021693931170190
17.610000             -0.17534822758091700434
17.615000             -0.17504493584663186057
17.620000             -0.17475901546110736429
17.625000             -0.17450242225311085598
17.630000             -0.17427704955016096178
17.635000             -0.17408068122726930160
17.640000             -0.17392442823509898786
17.645000             -0.17381425989567672596
17.650000             -0.17374636083529335084
17.655000             -0.17373225322909649493
17.660000             -0.17376368758472363063
17.665000             -0.17384292622707805953
17.670000             -0.17397118527638674723
17.675000             -0.17414684206519998044
17.680000             -0.17436255486848270535
17.685000             -0.17462297692915332292
17.690000             -0.17492446374655865049
17.695000             -0.17526013654654398755
17.700000             -0.17563037777480713930
17.705000             -0.17603177787378537777
17.710000             -0.17646351449068267692
17.715000             -0.17691739311059470618
17.720000             -0.17740415484817947944
17.725000             -0.17790596112614409652
17.730000             -0.17843277803710574925
17.735000             -0.17898396321391690789
17.740000             -0.17956063569454450146
17.745000             -0.18016093024099444353
17.750000             -0.18078492568464421542
17.755000             -0.18143407262513677747
17.760000             -0.18211409858656779637
17.765000             -0.18280808503318043967
17.770000             -0.18353096988299974490
17.775000             -0.18427646574516839961
17.780000             -0.18504831294404838760
17.785000             -0.18583971606786045538
17.790000             -0.18665105959379527101
17.795000             -0.18747375764890555905
17.800000             -0.18830678731130312542
17.805000             -0.18914612477367534482
17.810000             -0.18998610468039772714
17.815000             -0.19082601270332197330
17.820000             -0.19165819753324195296
17.825000             -0.19248020819807928894
17.830000             -0.19328812088332497643
17.835000             -0.19408127870291827510
17.840000             -0.19485464415874026445
17.845000             -0.19559668769090404750
17.850000             -0.19632799076846860209
17.855000             -0.19703280170825615558
17.860000             -0.19771879649132434453
17.865000             -0.19836695202967935536
17.870000             -0.19900030313608482735
17.875000             -0.19960223576066660200
17.880000             -0.20017357557805598445
17.885000             -0.20071410467844491565
17.890000             -0.20122105398974907131
17.895000             -0.20169348099945891284
17.900000             -0.20212843446181019691
17.905000             -0.20252631764115672230
17.910000             -0.20288256070709551060
17.915000             -0.20319711248999380859
17.920000             -0.20346589333034187375
17.925000             -0.20368749879712044759
17.930000             -0.20386264946860302438
17.935000             -0.20398525629326166864
17.940000             -0.20406927906013894169
17.945000             -0.20409637294007770825
17.950000             -0.20407814375025101761
17.955000             -0.20401013881362661806
17.960000             -0.20389567695525159796
17.965000             -0.20372868512565742161
17.970000             -0.20352204263747727953
17.975000             -0.20327240427529563727
17.980000             -0.20299038563246643574
17.985000             -0.20266776521581481019
17.990000             -0.20231014159542246023
17.995000             -0.20191342566102585265
18.000000             -0.20149525370301504812
18.005000             -0.20104032055150167224
18.010000             -0.20056748713533875672
18.015000             -0.20006731259109061805
18.020000             -0.19954401516800182592
18.025000             -0.19899487215979810850
18.030000             -0.19842010166447282549
18.035000             -0.19781913982735122026
18.040000             -0.19718911688139806326
18.045000             -0.19653414597657098417
18.050000             -0.19584506872393539489
18.055000             -0.19512777723325605561
18.060000             -0.19437932198324694988
18.065000             -0.19359936737109892380
18.070000             -0.19278829664793908916
18.075000             -0.19195171420302623022
18.080000             -0.19108260213932060090
18.085000             -0.19019545228709824891
18.090000             -0.18928226692923832974
18.095000             -0.18834850248323198318
18.100000             -0.18739992424318871467
18.105000             -0.18644934696734682955
18.110000             -0.18547704206736467802
18.115000             -0.18449994776297809485
18.120000             -0.18350821308555989586
18.125000             -0.18251968076331032131
18.130000             -0.18152764203710586299
18.135000             -0.18053932228844143948
18.140000             -0.17955008395138705168
18.145000             -0.17856679006877856919
18.150000             -0.17758861737080786081
18.155000             -0.17661974745496905603
18.160000             -0.17566370873251985207
18.165000             -0.17470738242407915508
18.170000             -0.17375978062568656068
18.175000             -0.17282773157382713691
18.180000             -0.17191008251878006630
18.185000             -0.17100659315726660092
18.190000             -0.17011972572051453634
18.195000             -0.16925507549816254382
18.200000             -0.16841277516629776789
18.205000             -0.16759988580028578609
18.210000             -0.16681320662702958657
18.215000             -0.16606417301858161784
18.220000             -0.16534944927800343528
18.225000             -0.16468169844663252399
18.230000             -0.16405936865938788860
18.235000             -0.16348928203930240821
18.240000             -0.16297080307508374220
18.245000             -0.16250575617759743796
18.250000             -0.16209667534115423937
18.255000             -0.16174186309831861674
18.260000             -0.16144817808500094847
18.265000             -0.16121281965781628087
18.270000             -0.16103502190065147048
18.275000             -0.16091837756800106418
18.280000             -0.16086086002220270630
18.285000             -0.16086202796222254241
18.290000             -0.16092296090610641590
18.295000             -0.16104133502513004461
18.300000             -0.16121794364395428123
18.305000             -0.16145202470329292344
18.310000             -0.16174809721320398959
18.315000             -0.16210196866539153260
18.320000             -0.16251771195829958772
18.325000             -0.16299587153040734355
18.330000             -0.16353833318523278151
18.335000             -0.16414851954150549984
18.340000             -0.16482424989392513437
18.345000             -0.16557333934111376217
18.350000             -0.16638885676108131073
18.355000             -0.16727264779028278019
18.360000             -0.16822250015562645320
18.365000             -0.16924100727303734160
18.370000             -0.17032441856130248192
18.375000             -0.17147033624911281469
18.380000             -0.17267636281690679212
18.385000             -0.17393727206133263730
18.390000             -0.17524933719587443282
18.395000             -0.17660527735594819254
18.400000             -0.17799521605360138499
18.405000             -0.17941976546465682185
18.410000             -0.18086249826582245781
18.415000             -0.18232092122385126776
18.420000             -0.18378469135879982321
18.425000             -0.18525885031423797167
18.430000             -0.18672627158592400298
18.435000             -0.18819082597854516758
18.440000             -0.18963183458285906569
18.445000             -0.19105199304123432480
18.450000             -0.19244511133752270626
18.455000             -0.19380948116774593393
18.460000             -0.19514476572411562638
18.465000             -0.19644355251839018539
18.470000             -0.19771107594492448589
18.475000             -0.19894745218176704271
18.480000             -0.20014009194235762856
18.485000             -0.20130406998248120964
18.490000             -0.20243038997327170159
18.495000             -0.20350922653198155743
18.500000             -0.20454265542808167111
18.505000             -0.20553808287259392462
18.510000             -0.20648035714455734158
18.515000             -0.20738285133739248201
18.520000             -0.20822709405121705983
18.525000             -0.20901312820858192199
18.530000             -0.20974236848443214565
18.535000             -0.21040597117879805689
18.540000             -0.21100206356985296008
18.545000             -0.21150923313514841118
18.550000             -0.21193699509658822655
18.555000             -0.21228985983568415818
18.560000             -0.21256315398954991891
18.565000             -0.21275105226826168670
18.570000             -0.21286688347211610295
18.575000             -0.21290027496000865637
18.580000             -0.21285588930847790246
18.585000             -0.21273356408186988586
18.590000             -0.21253806598415192486
18.595000             -0.21227226583232827739
18.600000             -0.21193429071617470028
18.605000             -0.21152229284756116079
18.610000             -0.21104967622027978602
18.615000             -0.21051276948940089717
18.620000             -0.20991202123602595297
18.625000             -0.20924832053966430090
18.630000             -0.20852610655613390556
18.635000             -0.20774475059250488429
18.640000             -0.20690911065639913669
18.645000             -0.20601283843791104444
18.650000             -0.20506524548913557249
18.655000             -0.20406173874946470503
18.660000             -0.20300495727573961147
18.665000             -0.20190073414460879553
18.670000             -0.20074517840872327379
18.675000             -0.19954708095085119113
18.680000             -0.19830746450957364990
18.685000             -0.19702759572618605555
18.690000             -0.19571782582582533672
18.695000             -0.19437833896620609897
18.700000             -0.19302272436814313372
18.705000             -0.19165277096787788902
18.710000             -0.19027267247350296286
18.715000             -0.18888559876673394200
18.720000             -0.18750063573173531006
18.725000             -0.18611909016610664325
18.730000             -0.18474507506050852346
18.735000             -0.18338106674342269375
18.740000             -0.18202403739149172757
18.745000             -0.18068308338333069485
18.750000             -0.17935512922146340520
18.755000             -0.17804455796854623539
18.760000             -0.17675093554278842323
18.765000             -0.17547402674026696401
18.770000             -0.17421106317353354798
18.775000             -0.17296614862253398281
18.780000             -0.17174126837038067306
18.785000             -0.17053412384452812378
18.790000             -0.16934767349653975788
18.795000             -0.16818248628528012500
18.800000             -0.16704031926458126622
18.805000             -0.16592440813928932553
18.810000             -0.16483984113406247030
18.815000             -0.16378593071483604771
18.820000             -0.16276722767098841804
18.825000             -0.16178721492993425324
18.830000             -0.16084955985308249660
18.835000             -0.15996059630554435027
18.840000             -0.15911935435373306125
18.845000             -0.15833374512107134535
18.850000             -0.15760355828955041613
18.855000             -0.15693745985834398060
18.860000             -0.15633774520596585567
18.865000             -0.15580003910985795734
18.870000             -0.15533087876486534329
18.875000             -0.15492953165968842422
18.880000             -0.15459661358523177355
18.885000             -0.15432409903215016378
18.890000             -0.15412158011798787749
18.895000             -0.15398084586437296717
18.900000             -0.15390856989330289895
18.905000             -0.15390322330188804800
18.910000             -0.15396184780220828481
18.915000             -0.15409135927470776761
18.920000             -0.15428134209858443415
18.925000             -0.15454373925477860041
18.930000             -0.15487390229070288616
18.935000             -0.15526679240705737461
18.940000             -0.15572306509120670270
18.945000             -0.15624303801529343394
18.950000             -0.15682129850319900810
18.955000             -0.15746344150809474249
18.960000             -0.15816654334327576170
18.965000             -0.15892876572138064928
18.970000             -0.15973987683344281763
18.975000             -0.16060762715511586740
18.980000             -0.16152390868627658493
18.985000             -0.16248700369607385618
18.990000             -0.16348863850767969552
18.995000             -0.16453106702071668144
19.000000             -0.16560460793935402601
19.005000             -0.16670875542012977832
19.010000             -0.16783952534832305425
19.015000             -0.16900251758398751600
19.020000             -0.17017577667756370041
19.025000             -0.17137708619290006884
19.030000             -0.17259176597611075588
19.035000             -0.17381942160736368885
19.040000             -0.17506059114988076209
19.045000             -0.17631477445438428764
19.050000             -0.17757859315187060623
19.055000             -0.17885411973928341811
19.060000             -0.18013940993123891965
19.065000             -0.18143495941611312294
19.070000             -0.18273925333435733775
19.075000             -0.18405765268893090059
19.080000             -0.18538069866805997887
19.085000             -0.18670817817205376254
19.090000             -0.18803655549887651754
19.095000             -0.18937072932224394139
19.100000             -0.19069728903294455580
19.105000             -0.19201582655506579944
19.110000             -0.19332014987722057064
19.115000             -0.19461100233716302488
19.120000             -0.19587465276995302821
19.125000             -0.19711222571467132414
19.130000             -0.19831494058309992456
19.135000             -0.19948559654118130924
19.140000             -0.20061483952005162990
19.145000             -0.20170331514940867401
19.150000             -0.20274213559209930402
19.155000             -0.20374049222969684014
19.160000             -0.20468764675645712003
19.165000             -0.20558116178448146427
19.170000             -0.20642054967992717884
19.175000             -0.20720466085245631271
19.180000             -0.20793125875957063631
19.185000             -0.20860154882183942759
19.190000             -0.20921062802619869170
19.195000             -0.20976603665221194017
19.200000             -0.21025961587888897242
19.205000             -0.21069674364994220306
19.210000             -0.21107876179144458018
19.215000             -0.21140199338532772444
19.220000             -0.21165865369507022575
19.225000             -0.21185234651648535142
19.230000             -0.21198067252341995514
19.235000             -0.21203756202515697260
19.240000             -0.21202586206229998012
19.245000             -0.21194554966942039109
19.250000             -0.21179701324582478339
19.255000             -0.21157861145237205625
19.260000             -0.21129008634892504359
19.265000             -0.21093200023320446412
19.270000             -0.21050234569602854773
19.275000             -0.21000627841564314946
19.280000             -0.20944411576599578084
19.285000             -0.20881977608563423443
19.290000             -0.20813035600629001265
19.295000             -0.20738328636795405613
19.300000             -0.20657973554972641761
19.305000             -0.20572174831497733183
19.310000             -0.20481318651544933029
19.315000             -0.20386227235885587272
19.320000             -0.20285001199994578958
19.325000             -0.20179804120784514132
19.330000             -0.20071262489382402094
19.335000             -0.19959322214713298704
19.340000             -0.19844470029003130618
19.345000             -0.19726849713358843297
19.350000             -0.19606846572419012187
19.355000             -0.19484898432551334135
19.360000             -0.19360698055208558355
19.365000             -0.19234736713276348596
19.370000             -0.19107269910014257341
19.375000             -0.18978137837364825180
19.380000             -0.18845663593604389252
19.385000             -0.18712488184938788627
19.390000             -0.18578942862112624024
19.395000             -0.18445660462995938644
19.400000             -0.18312672688667439025
19.405000             -0.18180402765270003984
19.410000             -0.18048831285760053023
19.415000             -0.17918856210158909392
19.420000             -0.17790687052235026888
19.425000             -0.17665024649283936342
19.430000             -0.17542527210569616725
19.435000             -0.17423065753878358430
19.440000             -0.17307231009255996668
19.445000             -0.17193979055786762222
19.450000             -0.17084845655827229916
19.455000             -0.16979813483441485999
19.460000             -0.16879289206948738800
19.465000             -0.16783273634796216922
19.470000             -0.16692054578035170342
19.475000             -0.16605994023017292549
19.480000             -0.16525197697044655132
19.485000             -0.16449705719803348059
19.490000             -0.16379839108196644903
19.495000             -0.16315719779005036227
19.500000             -0.16257338246533029058
19.505000             -0.16204850131278653036
19.510000             -0.16158935774095584126
19.515000             -0.16118783779452819371
19.520000             -0.16084717723017302737
19.525000             -0.16057157110191544458
19.530000             -0.16036135917424340636
19.535000             -0.16021605805141064804
19.540000             -0.16012708006399270499
19.545000             -0.16010482340677162361
19.550000             -0.16015035407220215569
19.555000             -0.16025701764640853941
19.560000             -0.16042811674631221597
19.565000             -0.16066272066809678121
19.570000             -0.16096067643641173706
19.575000             -0.16132321158464665856
19.580000             -0.16174441907587713829
19.585000             -0.16222486768792532263
19.590000             -0.16276420677409825233
19.595000             -0.16336172417701996795
19.600000             -0.16401412711018567570
19.605000             -0.16471934207920035931
19.610000             -0.16548383525143584016
19.615000             -0.16630429227548251814
19.620000             -0.16716528466184144008
19.625000             -0.16808321229246933615
19.630000             -0.16903330995186144348
19.635000             -0.17002687259283205679
19.640000             -0.17105883589306491999
19.645000             -0.17212234472498857962
19.650000             -0.17322156167291635764
19.655000             -0.17434926856126178873
19.660000             -0.17550173990519399303
19.665000             -0.17667661405847834288
19.670000             -0.17788213507505279409
19.675000             -0.17910221438157333806
19.680000             -0.18034083432069553110
19.685000             -0.18158893521756144795
19.690000             -0.18284534725880915995
19.695000             -0.18410470859127869847
19.700000             -0.18536786918913683575
19.705000             -0.18663143841925139421
19.710000             -0.18789135937346584937
19.715000             -0.18914423243397807117
19.720000             -0.19038872476078202989
19.725000             -0.19161771368694946460
19.730000             -0.19283072889900784719
19.735000             -0.19402039321803746241
19.740000             -0.19518637181162959426
19.745000             -0.19632092526000624599
19.750000             -0.19743094121124007967
19.755000             -0.19850667004069214028
19.760000             -0.19954951890356636968
19.765000             -0.20056049517783422487
19.770000             -0.20153395167468787785
19.775000             -0.20246739421877310572
19.780000             -0.20335681041064529451
19.785000             -0.20420527556229445265
19.790000             -0.20499639511663583780
19.795000             -0.20574744269584488432
19.800000             -0.20645096843826160615
19.805000             -0.20710347360544237305
19.810000             -0.20770444768146692494
19.815000             -0.20825582904477504820
19.820000             -0.20875102402697096049
19.825000             -0.20918694952167110612
19.830000             -0.20956831288696839422
19.835000             -0.20988778044095302011
19.840000             -0.21014573836401734264
19.845000             -0.21034271285977867993
19.850000             -0.21046853525793385309
19.855000             -0.21052862147128251213
19.860000             -0.21052235712212832852
19.865000             -0.21044829419410840399
19.870000             -0.21030825312856904485
19.875000             -0.21010270997993060749
19.880000             -0.20983167275678307750
19.885000             -0.20949562655225351104
19.890000             -0.20910944153072819063
19.895000             -0.20866010984181274091
19.900000             -0.20815325321057603913
19.905000             -0.20759058011689199286
19.910000             -0.20697460043664608897
19.915000             -0.20631066867821340471
19.920000             -0.20559851861357147929
19.925000             -0.20483928838960988039
19.930000             -0.20403522850272531874
19.935000             -0.20319240201241209332
19.940000             -0.20231030094014751386
19.945000             -0.20139101394613284635
19.950000             -0.20043770882237701980
19.955000             -0.19945183419584402995
19.960000             -0.19844227513644541183
19.965000             -0.19739525889207937270
19.970000             -0.19632581451265365691
19.975000             -0.19522448100995140607
19.980000             -0.19409882325257118985
19.985000             -0.19294771191408974231
19.990000             -0.19177643964396889897
19.995000             -0.19058868843418161343
20.000000             -0.18938666053738698047
20.005000             -0.18817346269553053562
20.010000             -0.18695224636821924924
20.015000             -0.18573494530152939719
20.020000             -0.18451056039984428669
20.025000             -0.18328826359371738763
20.030000             -0.18206953917609369764
20.035000             -0.18086508557687930310
20.040000             -0.17967074254195186667
20.045000             -0.17849629192842653147
20.050000             -0.17734346540385795277
20.055000             -0.17621579041722015835
20.060000             -0.17511263724066480907
20.065000             -0.17403785111854011558
20.070000             -0.17299413759192669438
20.075000             -0.17197773990435755165
20.080000             -0.17100004996609793895
20.085000             -0.17005395365925443651
20.090000             -0.16914376290852436990
20.095000             -0.16827597477877631604
20.100000             -0.16744941665508608630
20.105000             -0.16666658396836867007
20.110000             -0.16592979659163234474
20.115000             -0.16524228277726704661
20.120000             -0.16460596644027336577
20.125000             -0.16401929815108773347
20.130000             -0.16348722583447486412
20.135000             -0.16300965725207480772
20.140000             -0.16258689734934256288
20.145000             -0.16222132483230131128
20.150000             -0.16191514898666556355
20.155000             -0.16167026416998006577
20.160000             -0.16148191123367325317
20.165000             -0.16136250934361773268
20.170000             -0.16130190597399379770
20.175000             -0.16130800452358648456
20.180000             -0.16136595518956212136
20.185000             -0.16148938929220704730
20.190000             -0.16166780959222631919
20.195000             -0.16190132821123501272
20.200000             -0.16218801666517523863
20.205000             -0.16253203513146044501
20.210000             -0.16291939561891227717
20.215000             -0.16335295923233314475
20.220000             -0.16383073032029488170
20.225000             -0.16436267651860500538
20.230000             -0.16494361386886027820
20.235000             -0.16557110261696925124
20.240000             -0.16623810705391378617
20.245000             -0.16695006586826738326
20.250000             -0.16770174680626329100
20.255000             -0.16849613347750003189
20.260000             -0.16933083614665295213
20.265000             -0.17020573784621714775
20.270000             -0.17111285208895424259
20.275000             -0.17205635566060686892
20.280000             -0.17303881501700238421
20.285000             -0.17405421885207719712
20.290000             -0.17510228915238160163
20.295000             -0.17617624616453159136
20.300000             -0.17727693009379852374
20.305000             -0.17839228955054467485
20.310000             -0.17953222146376437984
20.315000             -0.18067734414531846920
20.320000             -0.18183001827566835917
20.325000             -0.18298723908012926032
20.330000             -0.18414243291760018506
20.335000             -0.18529670698411787599
20.340000             -0.18644009633782773760
20.345000             -0.18757366206984107948
20.350000             -0.18869382345831395287
20.355000             -0.18979814962117380617
20.360000             -0.19088582740737153332
20.365000             -0.19195477402934291167
20.370000             -0.19300102776120536818
20.375000             -0.19402540129055331763
20.380000             -0.19502629385042546950
20.385000             -0.19600391546893036754
20.390000             -0.19695544096851144711
20.395000             -0.19788306489373530539
20.400000             -0.19878112828699504022
20.405000             -0.19964345131103433673
20.410000             -0.20047487779220996007
20.415000             -0.20126701731686397201
20.420000             -0.20202032001363698366
20.425000             -0.20273294612018949445
20.430000             -0.20340149769953139169
20.435000             -0.20402167337948137749
20.440000             -0.20460442013947816031
20.445000             -0.20513572601417573438
20.450000             -0.20561415735806864991
20.455000             -0.20603802400710918841
20.460000             -0.20640502422552411965
20.465000             -0.20671571706951955005
20.470000             -0.20696349551827775137
20.475000             -0.20715268803896855210
20.480000             -0.20728905893620028222
20.485000             -0.20736463968331489416
20.490000             -0.20738005467040204755
20.495000             -0.20734261893114339093
20.500000             -0.20724636902806012340
20.505000             -0.20709891616043138440
20.510000             -0.20689936823239474251
20.515000             -0.20664992554674971315
20.520000             -0.20635532013405133434
20.525000             -0.20600931833002258942
20.530000             -0.20562205000119268550
20.535000             -0.20516939319550456244
20.540000             -0.20468019946468005155
20.545000             -0.20414363457463383100
20.550000             -0.20356295558505177468
20.555000             -0.20293818564640592195
20.560000             -0.20227104468114981417
20.565000             -0.20156252966745069610
20.570000             -0.20081224043090029063
20.575000             -0.20001654183937259135
20.580000             -0.19918310953539650199
20.585000             -0.19831302970552561193
20.590000             -0.19740396196923024053
20.595000             -0.19646505560399446511
20.600000             -0.19549084016608053727
20.605000             -0.19449206600288676539
20.610000             -0.19347117411169501011
20.615000             -0.19242784313359762027
20.620000             -0.19136915538035803586
20.625000             -0.19029885034183838255
20.630000             -0.18921689612451950135
20.635000             -0.18813021814024147305
20.640000             -0.18703823546362502439
20.645000             -0.18594619733647826942
20.650000             -0.18485513521428756367
20.655000             -0.18377528196740622324
20.660000             -0.18270237796912999761
20.665000             -0.18163980548103422774
20.670000             -0.18058880329736787251
20.675000             -0.17954765048408535821
20.680000             -0.17851850085119966294
20.685000             -0.17751013547123153935
20.690000             -0.17651884516587723617
20.695000             -0.17554725796058626153
20.700000             -0.17459796658257850654
20.705000             -0.17366795991123515353
20.710000             -0.17276653194522426094
20.715000             -0.17189681793567190837
20.720000             -0.17106081643163381645
20.725000             -0.17025812274593285500
20.730000             -0.16949312739372368597
20.735000             -0.16876998916403690432
20.740000             -0.16809204426949042599
20.745000             -0.16745857786470960682
20.750000             -0.16687167717741610562
20.755000             -0.16633296634677743886
20.760000             -0.16584187024328128635
20.765000             -0.16540146444208841947
20.770000             -0.16501024626375870863
20.775000             -0.16466498739875459756
20.780000             -0.16437526469092228476
20.785000             -0.16412681909068874142
20.790000             -0.16393071789273080952
20.795000             -0.16378427564708600284
20.800000             -0.16369035339592596934
20.805000             -0.16364263909619389259
20.810000             -0.16364698779998054778
20.815000             -0.16370216295827630382
20.820000             -0.16380636906691314891
20.825000             -0.16396373006632752878
20.830000             -0.16417242333329407078
20.835000             -0.16443594542710143758
20.840000             -0.16474901052522261669
20.845000             -0.16511132607464920619
20.850000             -0.16552555994171697096
20.855000             -0.16598708026666353366
20.860000             -0.16649772056724063130
20.865000             -0.16704629786181948714
20.870000             -0.16764033006210929400
20.875000             -0.16827432101711373158
20.880000             -0.16895227218247860224
20.885000             -0.16966833848211557156
20.890000             -0.17042192828328411869
20.895000             -0.17121280583722839341
20.900000             -0.17203426219941012065
20.905000             -0.17289092468767391919
20.910000             -0.17377609435031726726
20.915000             -0.17469041386366107593
20.920000             -0.17562897819396153243
20.925000             -0.17659013920834634725
20.930000             -0.17757851008956684891
20.935000             -0.17857957726135875731
20.940000             -0.17959609580863597489
20.945000             -0.18062139597329568419
20.950000             -0.18165734823357676531
20.955000             -0.18269590059720702824
20.960000             -0.18374564040128604780
20.965000             -0.18478909502912643781
20.970000             -0.18583311606254793169
20.975000             -0.18687172406917676448
20.980000             -0.18790901466838930145
20.985000             -0.18893491602196554879
20.990000             -0.18994795637921924047
20.995000             -0.19095077452771874738
21.000000             -0.19193807997387413167
21.005000             -0.19290948759610399010
21.010000             -0.19385420463361041632
21.015000             -0.19478781989960011756
21.020000             -0.19568371774442253064
21.025000             -0.19656262739476249024
21.030000             -0.19740436692862298185
21.035000             -0.19821848670149802563
21.040000             -0.19899896762855709409
21.045000             -0.19974241096029804465
21.050000             -0.20045133754170255114
21.055000             -0.20112065371586196338
21.060000             -0.20175327931585673724
21.065000             -0.20234274509968033784
21.070000             -0.20288908539565575495
21.075000             -0.20339370001655146525
21.080000             -0.20386228186942803586
21.085000             -0.20428341579651462800
21.090000             -0.20465596222706700091
21.095000             -0.20498258500182536812
21.100000             -0.20526026316326875798
21.105000             -0.20549124933736778731
21.110000             -0.20566468146337224532
21.115000             -0.20578480004822083393
21.120000             -0.20585128732070429036
21.125000             -0.20586487014973856025
21.130000             -0.20582117406423111605
21.135000             -0.20572423488437224792
21.140000             -0.20557369483074897087
21.145000             -0.20536753550215972042
21.150000             -0.20511247719738209816
21.155000             -0.20480782497093960592
21.160000             -0.20445250552453986259
21.165000             -0.20404938592891683213
21.170000             -0.20359770521866674131
21.175000             -0.20311014279147032724
21.180000             -0.20257431564224395726
21.185000             -0.20199840486797696060
21.190000             -0.20138395356933469493
21.195000             -0.20073070547277377385
21.200000             -0.20004206519739445302
21.205000             -0.19931752469986804832
21.210000             -0.19856466851621409897
21.215000             -0.19777927521972554770
21.220000             -0.19696329107665136449
21.225000             -0.19611859883859092402
21.230000             -0.19523942730650711841
21.235000             -0.19434024862073853712
21.240000             -0.19341413204017435246
21.245000             -0.19246592042720650495
21.250000             -0.19149770961432086014
21.255000             -0.19051220256868603431
21.260000             -0.18951189364837048301
21.265000             -0.18850108048203947919
21.270000             -0.18747470155199097430
21.275000             -0.18644429600595596730
21.280000             -0.18541087069063949544
21.285000             -0.18437716597376363481
21.290000             -0.18334773838508147681
21.295000             -0.18233321450507256056
21.300000             -0.18132559691107494326
21.305000             -0.18033612718885530524
21.310000             -0.17935964227085382516
21.315000             -0.17840229600180540492
21.320000             -0.17746301574254433331
21.325000             -0.17654938073684287025
21.330000             -0.17565050789183184188
21.335000             -0.17477702335022402003
21.340000             -0.17392399324261431648
21.345000             -0.17309488353969695873
21.350000             -0.17229369246341533217
21.355000             -0.17152772263363261218
21.360000             -0.17079328565006848817
21.365000             -0.17009271481409726778
21.370000             -0.16942789966986659955
21.375000             -0.16880131551329397022
21.380000             -0.16821170933446044637
21.385000             -0.16766202462428606013
21.390000             -0.16715514628035799127
21.395000             -0.16668931114155591255
21.400000             -0.16627077851532237607
21.405000             -0.16590037516894118319
21.410000             -0.16557943813287456791
21.415000             -0.16531218965057731252
21.420000             -0.16509931963783658349
21.425000             -0.16494301667362018526
21.430000             -0.16483728959099647193
21.435000             -0.16478325939933924360
21.440000             -0.16478252233721590869
21.445000             -0.16483623991008072851
21.450000             -0.16493912420424203247
21.455000             -0.16509257351751716048
21.460000             -0.16529426958352413934
21.465000             -0.16554334063371400898
21.470000             -0.16583721081947061515
21.475000             -0.16617765053302382960
21.480000             -0.16656398119311446870
21.485000             -0.16699436266098030557
21.490000             -0.16746409509436294138
21.495000             -0.16797552308553853617
21.500000             -0.16852632166964648386
21.505000             -0.16911058022151020941
21.510000             -0.16974044120376138856
21.515000             -0.17040452633040917285
21.520000             -0.17110403828021605865
21.525000             -0.17184496207053126526
21.530000             -0.17262008492857289221
21.535000             -0.17342378873931496575
21.540000             -0.17425832851024478098
21.545000             -0.17511146960199536204
21.550000             -0.17599739386886203985
21.555000             -0.17690472669727541621
21.560000             -0.17783133619944721526
21.565000             -0.17877323645431597576
21.570000             -0.17973944468354230430
21.575000             -0.18071537324232914146
21.580000             -0.18169662056293772734
21.585000             -0.18267970115421749977
21.590000             -0.18366120347750650166
21.595000             -0.18463994210339509938
21.600000             -0.18560932799795290538
21.605000             -0.18656708333146776457
21.610000             -0.18751899452396977863
21.615000             -0.18844637159152985428
21.620000             -0.18936872360124906711
21.625000             -0.19027721470264638559
21.630000             -0.19116984025589076057
21.635000             -0.19204782789563856760
21.640000             -0.19290024666452099122
21.645000             -0.19373933792047542957
21.650000             -0.19455777405932339619
21.655000             -0.19535484678041981077
21.660000             -0.19612999469067773917
21.665000             -0.19688110146161058589
21.670000             -0.19760366222388503488
21.675000             -0.19830032278126613621
21.680000             -0.19896220778233228432
21.685000             -0.19958797490388138773
21.690000             -0.20017497921607962930
21.695000             -0.20071918264923338526
21.700000             -0.20122262550606831444
21.705000             -0.20167075348387328293
21.710000             -0.20207108051764630097
21.715000             -0.20241636256325631904
21.720000             -0.20272107094305222286
21.725000             -0.20296509406502677431
21.730000             -0.20317148915326838088
21.735000             -0.20332953284897747892
21.740000             -0.20343855016594425411
21.745000             -0.20350152772347129826
21.750000             -0.20352133757376827949
21.755000             -0.20349891583287721408
21.760000             -0.20343246622300467652
21.765000             -0.20332572346930338769
21.770000             -0.20317536595136437283
21.775000             -0.20298540634291936668
21.780000             -0.20274869628266883881
21.785000             -0.20247992038424447725
21.790000             -0.20216754941388909161
21.795000             -0.20182520694389510796
21.800000             -0.20143830183154703972
21.805000             -0.20101131022904189516
21.810000             -0.20054492385409422583
21.815000             -0.20003763882961336784
21.820000             -0.19949087966356096602
21.825000             -0.19890699122951294164
21.830000             -0.19828505487327785506
21.835000             -0.19762656770561964903
21.840000             -0.19693416483661047023
21.845000             -0.19621396164219190306
21.850000             -0.19546318270625662183
21.855000             -0.19468209084141310794
21.860000             -0.19388054282588806920
21.865000             -0.19304941669741423893
21.870000             -0.19220166787313577861
21.875000             -0.19133967303532198323
21.880000             -0.19046309952639833840
21.885000             -0.18958366085144021107
21.890000             -0.18869569975504998927
21.895000             -0.18779982578096912627
21.900000             -0.18690719865705651692
21.905000             -0.18601230847147240399
21.910000             -0.18512230725890152505
21.915000             -0.18423920560697223947
21.920000             -0.18336156558253824400
21.925000             -0.18248887529238339011
21.930000             -0.18162957766699544537
21.935000             -0.18077468632767623724
21.940000             -0.17993235467990878473
21.945000             -0.17909810221473937419
21.950000             -0.17828495575114675087
21.955000             -0.17748102677138341554
21.960000             -0.17669127082318333843
21.965000             -0.17592141443031680814
21.970000             -0.17516636218438452754
21.975000             -0.17443172227847988931
21.980000             -0.17371813472793451449
21.985000             -0.17302576978958789100
21.990000             -0.17236548084268762948
21.995000             -0.17173567976674894431
22.000000             -0.17113604600740420225
22.005000             -0.17057773370547307801
22.010000             -0.17006082901926661277
22.015000             -0.16958512862681579536
22.020000             -0.16915464784094511042
22.025000             -0.16876561244656715366
22.030000             -0.16842429502785419282
22.035000             -0.16813097902042017928
22.040000             -0.16788385569035638167
22.045000             -0.16768515427467184375
22.050000             -0.16752864526569324899
22.055000             -0.16742141535661525520
22.060000             -0.16735284712674616814
22.065000             -0.16732451694334768422
22.070000             -0.16734029913701906067
22.075000             -0.16739418304546510585
22.080000             -0.16748874581548894858
22.085000             -0.16762095163110260487
22.090000             -0.16778926089430598600
22.095000             -0.16799233624586673574
22.100000             -0.16823457489139753696
22.105000             -0.16851207981867041830
22.110000             -0.16882546745699558710
22.115000             -0.16917778588693560549
22.120000             -0.16956871352288441224
22.125000             -0.16999516473397802141
22.130000             -0.17046290431447805314
22.135000             -0.17097333861516689213
22.140000             -0.17152332306487608204
22.145000             -0.17211077068975713655
22.150000             -0.17273458339330047262
22.155000             -0.17339428830763348177
22.160000             -0.17408557735176055647
22.165000             -0.17480667607798189289
22.170000             -0.17555149607423900515
22.175000             -0.17631041387201965009
22.180000             -0.17708520116028955704
22.185000             -0.17787392808369692498
22.190000             -0.17867803126927175872
22.195000             -0.17948593880220670149
22.200000             -0.18030332137425816863
22.205000             -0.18112713111800679555
22.210000             -0.18195651763159531589
22.215000             -0.18279113307031760738
22.220000             -0.18362744525780624882
22.225000             -0.18446788422294685406
22.230000             -0.18530300732097712557
22.235000             -0.18613820852989554355
22.240000             -0.18697024216249155670
22.245000             -0.18779429586183551959
22.250000             -0.18861241851688345661
22.255000             -0.18941810521653992816
22.260000             -0.19021485831374376763
22.265000             -0.19099755516932662158
22.270000             -0.19176442271907925829
22.275000             -0.19251524248357931857
22.280000             -0.19324696820416126242
22.285000             -0.19395776249579410599
22.290000             -0.19464511126917954931
22.295000             -0.19530722495242877623
22.300000             -0.19594118358557638393
22.305000             -0.19653923319631691480
22.310000             -0.19710814360449913085
22.315000             -0.19764444146912860112
22.320000             -0.19814657001010130277
22.325000             -0.19861251532172727319
22.330000             -0.19903922365774626146
22.335000             -0.19943567018255675682
22.340000             -0.19978783505720532077
22.345000             -0.20010280426906831841
22.350000             -0.20037854613818065208
22.355000             -0.20061350498244701068
22.360000             -0.20080927735387635313
22.365000             -0.20095918888697808513
22.370000             -0.20106920275248846286
22.375000             -0.20113043521682941184
22.380000             -0.20115682978697244088
22.385000             -0.20114397775348344388
22.390000             -0.20109566691892324930
22.395000             -0.20099936209652252694
22.400000             -0.20086990412660721272
22.405000             -0.20070291533511830373
22.410000             -0.20049631827450817290
22.415000             -0.20026049063048212417
22.420000             -0.19998630263653635608
22.425000             -0.19967513184207871801
22.430000             -0.19932937668510955498
22.435000             -0.19894846125851498031
22.440000             -0.19853671865024344334
22.445000             -0.19808744634922575978
22.450000             -0.19760693358105679840
22.455000             -0.19709664429316905987
22.460000             -0.19655664754722323995
22.465000             -0.19598955772590370694
22.470000             -0.19539754390113631133
22.475000             -0.19478156066472454566
22.480000             -0.19413948129454264291
22.485000             -0.19347614798140647108
22.490000             -0.19279065849957624512
22.495000             -0.19208624665053508629
22.500000             -0.19135933864744339439
22.505000             -0.19062720059455964816
22.510000             -0.18987761704707489807
22.515000             -0.18912001711511458590
22.520000             -0.18835330444618159085
22.525000             -0.18757984123502979834
22.530000             -0.18680147470504698815
22.535000             -0.18602051256217258524
22.540000             -0.18523847836885826146
22.545000             -0.18445707148620479887
22.550000             -0.18367813979480346331
22.555000             -0.18290718548310935798
22.560000             -0.18213922123862708036
22.565000             -0.18138500369220514341
22.570000             -0.18064015057066792891
22.575000             -0.17990687208929781460
22.580000             -0.17918519459203072208
22.585000             -0.17848722945324893563
22.590000             -0.17780338894411401585
22.595000             -0.17713703706332620258
22.600000             -0.17649109183599484552
22.605000             -0.17586184610760005609
22.610000             -0.17526491976571786924
22.615000             -0.17467007178221791164
22.620000             -0.17410422816836790272
22.625000             -0.17356996295464324764
22.630000             -0.17306785358192153246
22.635000             -0.17259698441935772406
22.640000             -0.17216497130271912752
22.645000             -0.17176957969027853435
22.650000             -0.17141044463981378043
22.655000             -0.17108656448699505193
22.660000             -0.17079891228659435654
22.665000             -0.17054677771556350785
22.670000             -0.17032933159251656408
22.675000             -0.17014655067029840763
22.680000             -0.16999717058899035949
22.685000             -0.16987847459501095870
22.690000             -0.16979296440306382299
22.695000             -0.16974183456843214279
22.700000             -0.16971628080102377223
22.705000             -0.16972712457087552052
22.710000             -0.16976789328497646214
22.715000             -0.16984610822718920753
22.720000             -0.16995487063170164332
22.725000             -0.17009934851708261028
22.730000             -0.17028111817803565087
22.735000             -0.17049931944409721374
22.740000             -0.17075644214399129939
22.745000             -0.17105150433476595806
22.750000             -0.17138348349762508316
22.755000             -0.17175360356721816601
22.760000             -0.17216383424022610460
22.765000             -0.17261055666535565778
22.770000             -0.17309135249259907652
22.775000             -0.17360588615526231782
22.780000             -0.17415262148500534889
22.785000             -0.17472777409733297738
22.790000             -0.17532790444689672071
22.795000             -0.17594906096128568040
22.800000             -0.17659384532675065360
22.805000             -0.17725319178497461747
22.810000             -0.17793449586056783729
22.815000             -0.17862220176318507892
22.820000             -0.17933179544826474694
22.825000             -0.18004546873928722883
22.830000             -0.18077052457678155495
22.835000             -0.18149995116917422289
22.840000             -0.18223894666299100820
22.845000             -0.18297704808357997952
22.850000             -0.18371690406197263568
22.855000             -0.18445838625612412387
22.860000             -0.18520217309368294800
22.865000             -0.18594659580655148456
22.870000             -0.18669041036924588495
22.875000             -0.18743725048513426579
22.880000             -0.18817526006522555804
22.885000             -0.18891616220198381715
22.890000             -0.18963465402231599599
22.895000             -0.19035218917309043585
22.900000             -0.19104786046489596885
22.905000             -0.19174473375343137338
22.910000             -0.19242892409218498306
22.915000             -0.19309800663860141046
22.920000             -0.19374748326921278907
22.925000             -0.19437610329373192219
22.930000             -0.19498714724446505886
22.935000             -0.19556815656596199249
22.940000             -0.19611717782149462597
22.945000             -0.19663970907028313628
22.950000             -0.19712852585044954301
22.955000             -0.19758464130097530553
22.960000             -0.19798096257965105971
22.965000             -0.19834613860388544682
22.970000             -0.19866936318445646559
22.975000             -0.19896351388388636150
22.980000             -0.19921246501468342638
22.985000             -0.19942738414459801333
22.990000             -0.19961024783615907707
22.995000             -0.19975697167411884947
23.000000             -0.19986900067628318722
23.005000             -0.19994804475081021100
23.010000             -0.19999301758697443643
23.015000             -0.19999464649994058707
23.020000             -0.19997148961842806103
23.025000             -0.19991570485305065752
23.030000             -0.19983192571598765164
23.035000             -0.19971048530100035667
23.040000             -0.19955743473590448200
23.045000             -0.19937275407557078499
23.050000             -0.19915481343107149792
23.055000             -0.19890506036946500878
23.060000             -0.19861605821051109277
23.065000             -0.19829317877119664870
23.070000             -0.19792808842182518791
23.075000             -0.19752982131965984847
23.080000             -0.19709729050048310772
23.085000             -0.19662205693405715445
23.090000             -0.19611229544097566468
23.095000             -0.19556543898515055258
23.100000             -0.19498500435848514778
23.105000             -0.19437553344217656237
23.110000             -0.19373384484329245203
23.115000             -0.19306829982881451580
23.120000             -0.19237592731596883655
23.125000             -0.19166625386900129624
23.130000             -0.19093802863842185280
23.135000             -0.19019909061727877098
23.140000             -0.18945071643256850003
23.145000             -0.18869904875322410231
23.150000             -0.18794559911379066230
23.155000             -0.18719576074318600156
23.160000             -0.18645063347911869367
23.165000             -0.18570684644777499250
23.170000             -0.18497525719466351157
23.175000             -0.18424844729827946632
23.180000             -0.18354043056575489179
23.185000             -0.18283776887344299622
23.190000             -0.18214611119258999894
23.195000             -0.18145668548185497904
23.200000             -0.18077867040305081736
23.205000             -0.18010264064825728947
23.210000             -0.17943229115768574711
23.215000             -0.17877348993627115159
23.220000             -0.17812602535098581713
23.225000             -0.17748093386472726940
23.230000             -0.17685474093319486499
23.235000             -0.17625230816659423483
23.240000             -0.17566882773391465089
23.245000             -0.17510777449350636847
23.250000             -0.17457180435657529416
23.255000             -0.17406083305748537571
23.260000             -0.17358485509293702931
23.265000             -0.17314297262624875340
23.270000             -0.17273176809398077536
23.275000             -0.17235960372210332170
23.280000             -0.17202489133681472810
23.285000             -0.17173306802645998959
23.290000             -0.17147654052677116510
23.295000             -0.17125618017088725664
23.300000             -0.17107975725341789675
23.305000             -0.17093692660452561305
23.310000             -0.17082913958727749537
23.315000             -0.17075101280549415117
23.320000             -0.17071006014305439846
23.325000             -0.17069486115636331447
23.330000             -0.17071352079923465817
23.335000             -0.17076140587954194427
23.340000             -0.17083850662011454413
23.345000             -0.17093892972963459220
23.350000             -0.17107925536268098199
23.355000             -0.17124918234232347491
23.360000             -0.17144926837995527746
23.365000             -0.17168258773539155082
23.370000             -0.17194977500040375951
23.375000             -0.17224794942641574735
23.380000             -0.17258056293826204430
23.385000             -0.17294543071617146657
23.390000             -0.17334779372324987667
23.395000             -0.17378114292287258347
23.400000             -0.17425176297954303450
23.405000             -0.17474824913649888991
23.410000             -0.17527603872342970015
23.415000             -0.17582834894774126977
23.420000             -0.17640206472374866942
23.425000             -0.17699698711164002507
23.430000             -0.17760882265101379796
23.435000             -0.17823706394675584153
23.440000             -0.17887782471968061149
23.445000             -0.17952796045193492036
23.450000             -0.18018576014351803116
23.455000             -0.18084759658446958319
23.460000             -0.18150893421581060228
23.465000             -0.18217395790181453719
23.470000             -0.18284143141787229103
23.475000             -0.18351231118170824308
23.480000             -0.18418450825316906583
23.485000             -0.18486525144561771761
23.490000             -0.18554938231623638312
23.495000             -0.18623588958463963006
23.500000             -0.18692378372927098695
23.505000             -0.18761213215798999698
23.510000             -0.18829876145447643765
23.515000             -0.18898152723177977230
23.520000             -0.18965786734708067751
23.525000             -0.19032572020094262744
23.530000             -0.19098383891679893143
23.535000             -0.19162194036905488836
23.540000             -0.19225159530298360777
23.545000             -0.19285494223660670787
23.550000             -0.19343640241925019740
23.555000             -0.19398830375867232023
23.560000             -0.19451285304176202384
23.565000             -0.19500646694702092332
23.570000             -0.19546421827392856940
23.575000             -0.19588654642600758504
23.580000             -0.19627837586959212546
23.585000             -0.19663448263732555277
23.590000             -0.19696494959466417929
23.595000             -0.19725694859110387558
23.600000             -0.19751952837001043872
23.605000             -0.19774497080404485061
23.610000             -0.19794055926453471561
23.615000             -0.19810952198408954272
23.620000             -0.19824884727970890075
23.625000             -0.19835536048318858082
23.630000             -0.19844101935584493313
23.635000             -0.19850047885813432158
23.640000             -0.19853138213295487557
23.645000             -0.19853571234036046511
23.650000             -0.19851095304841701039
23.655000             -0.19845613129585909507
23.660000             -0.19836899470635166454
23.665000             -0.19825037383419269466
23.670000             -0.19809201919515742607
23.675000             -0.19790557656023802235
23.680000             -0.19767801879938098897
23.685000             -0.19741362110183208189
23.690000             -0.19711176677762987097
23.695000             -0.19676658763844601108
23.700000             -0.19639139015682988143
23.705000             -0.19598260463820271760
23.710000             -0.19554142235500623914
23.715000             -0.19507266806062831255
23.720000             -0.19457593184426211219
23.725000             -0.19405892891988302251
23.730000             -0.19352276660629738614
23.735000             -0.19296962461888825247
23.740000             -0.19240634385989938138
23.745000             -0.19182923743693033880
23.750000             -0.19124145941975564944
23.755000             -0.19064675524241067595
23.760000             -0.19004270552639201952
23.765000             -0.18943148357671288351
23.770000             -0.18880750166625157038
23.775000             -0.18817778879173271966
23.780000             -0.18754541536465318963
23.785000             -0.18690621281817476618
23.790000             -0.18626093724153081066
23.795000             -0.18560980569498694570
23.800000             -0.18495290402623829062
23.805000             -0.18429206333181963329
23.810000             -0.18363074262434286865
23.815000             -0.18296779126010162542
23.820000             -0.18231212839591706687
23.825000             -0.18165773694168474428
23.830000             -0.18100893177346613627
23.835000             -0.18037178877641857344
23.840000             -0.17975001236308230101
23.845000             -0.17913854469094125932
23.850000             -0.17854932301352732793
23.855000             -0.17798246563107084084
23.860000             -0.17743897038877592953
23.865000             -0.17692103533035211105
23.870000             -0.17642943659763399289
23.875000             -0.17596208980333422067
23.880000             -0.17552289570675247421
23.885000             -0.17510501523054503026
23.890000             -0.17471298753392330849
23.895000             -0.17434499531271338557
23.900000             -0.17400627095147216949
23.905000             -0.17368681748326983416
23.910000             -0.17339458947315697368
23.915000             -0.17312483121707777922
23.920000             -0.17287930973655815658
23.925000             -0.17265825849728080876
23.930000             -0.17246799119556996405
23.935000             -0.17229115761025803888
23.940000             -0.17215613015523414941
23.945000             -0.17204511414061690600
23.950000             -0.17196958628860994911
23.955000             -0.17191899834684265524
23.960000             -0.17190552294169575420
23.965000             -0.17192789459082891135
23.970000             -0.17198768339659156745
23.975000             -0.17208319522418760728
23.980000             -0.17221182712330485032
23.985000             -0.17238001848736486665
23.990000             -0.17258240757106019236
23.995000             -0.17281684186912776857
24.000000             -0.17308463308083266163
24.005000             -0.17338075327522722846
24.010000             -0.17370522200157734183
24.015000             -0.17405517395193012553
24.020000             -0.17442766610640922376
24.025000             -0.17482153541435313526
24.030000             -0.17523601938232288844
24.035000             -0.17566658437321180930
24.040000             -0.17611463693072568204
24.045000             -0.17658062752857675570
24.050000             -0.17706064231144430510
24.055000             -0.17755618001480780177
24.060000             -0.17806952652170068840
24.065000             -0.17859941186949557235
24.070000             -0.17915077729951722763
24.075000             -0.17971805548665825691
24.080000             -0.18030022169266857190
24.085000             -0.18089678949485399340
24.090000             -0.18150718971740240071
24.095000             -0.18213313674759529226
24.100000             -0.18276689760566089404
24.105000             -0.18340622135725925812
24.110000             -0.18405186143256965781
24.115000             -0.18470001346426886957
24.120000             -0.18534783628386639065
24.125000             -0.18598855706480033056
24.130000             -0.18662646233831053921
24.135000             -0.18725636830056294202
24.140000             -0.18787438957685678731
24.145000             -0.18847739765646079335
24.150000             -0.18906490903638165091
24.155000             -0.18963160394960737465
24.160000             -0.19018284097962176449
24.165000             -0.19071514754936291780
24.170000             -0.19122930053069422951
24.175000             -0.19172983408063057342
24.180000             -0.19221245353297256031
24.185000             -0.19267960295204802912
24.190000             -0.19313299272053502387
24.195000             -0.19356844603783476821
24.200000             -0.19399114117404367419
24.205000             -0.19439449865982408316
24.210000             -0.19478197379927292276
24.215000             -0.19514977871876967863
24.220000             -0.19549618567728041518
24.225000             -0.19581916238575661215
24.230000             -0.19611637273663307113
24.235000             -0.19638479260993732534
24.240000             -0.19662186158486208432
24.245000             -0.19682333083479922053
24.250000             -0.19699040376396373397
24.255000             -0.19711536014544753237
24.260000             -0.19720457131268265272
24.265000             -0.19725411150159896656
24.270000             -0.19727629529576215517
24.275000             -0.19726405975352231947
24.280000             -0.19722120903824158500
24.285000             -0.19715113137479323147
24.290000             -0.19704671253397396113
24.295000             -0.19691239476271030218
24.300000             -0.19674991325069104975
24.305000             -0.19656347966899492818
24.310000             -0.19635047578543593505
24.315000             -0.19611543379131282649
24.320000             -0.19586082048902789254
24.325000             -0.19558698298168930574
24.330000             -0.19529225117903617481
24.335000             -0.19497814683941744329
24.340000             -0.19464667711571412290
24.345000             -0.19429275313630373079
24.350000             -0.19391401814483161248
24.355000             -0.19351324895776852997
24.360000             -0.19308383847311391679
24.365000             -0.19263556618295493705
24.370000             -0.19216439364540890966
24.375000             -0.19166793957174202423
24.380000             -0.19115076843274406149
24.385000             -0.19061737744742168754
24.390000             -0.19006176137419966699
24.395000             -0.18949232007794358790
24.400000             -0.18891264095083296071
24.405000             -0.18831855941072928040
24.410000             -0.18771935676131162873
24.415000             -0.18711511787149104347
24.420000             -0.18650827166700389981
24.425000             -0.18590581216355114846
24.430000             -0.18530478319679932753
24.435000             -0.18470848444440449154
24.440000             -0.18411433364715010241
24.445000             -0.18352522995765194191
24.450000             -0.18294618031401668756
24.455000             -0.18237934005333478193
24.460000             -0.18183100697515117150
24.465000             -0.18128740475531346377
24.470000             -0.18075477906865897171
24.475000             -0.18023008969295903348
24.480000             -0.17971286781319220638
24.485000             -0.17920271252562264275
24.490000             -0.17870532576172984407
24.495000             -0.17822248673207857772
24.500000             -0.17775808452083438627
24.505000             -0.17730447879591543225
24.510000             -0.17687723895963211596
24.515000             -0.17645873928496511041
24.520000             -0.17606981959285250561
24.525000             -0.17569816231300278142
24.530000             -0.17535236814609286848
24.535000             -0.17502630012059866571
24.540000             -0.17473439945806160112
24.545000             -0.17446652639200460611
24.550000             -0.17422784499443166872
24.555000             -0.17401454623013878908
24.560000             -0.17383381496134070465
24.565000             -0.17368313596039600122
24.570000             -0.17356427326505044495
24.575000             -0.17347625314548151265
24.580000             -0.17341336743065208226
24.585000             -0.17337967226401113097
24.590000             -0.17337654902376009591
24.595000             -0.17339938603736226863
24.600000             -0.17345690237330013694
24.605000             -0.17354003887853991506
24.610000             -0.17365142756165757865
24.615000             -0.17379515559557756621
24.620000             -0.17395594911263490001
24.625000             -0.17414189844994903966
24.630000             -0.17435335063173390546
24.635000             -0.17458450425055882516
24.640000             -0.17483773923969422870
24.645000             -0.17511172668861332835
24.650000             -0.17541067586234063147
24.655000             -0.17573164951796724220
24.660000             -0.17607610489044600577
24.665000             -0.17644378260449580798
24.670000             -0.17683424350377985323
24.675000             -0.17724275147440107792
24.680000             -0.17767866514907088016
24.685000             -0.17813479605577992038
24.690000             -0.17861385003048116382
24.695000             -0.17910835673782829480
24.700000             -0.17961791596916196201
24.705000             -0.18014484348796755420
24.710000             -0.18068268290030944923
24.715000             -0.18123055641107319036
24.720000             -0.18178537068175112945
24.725000             -0.18234085242550657213
24.730000             -0.18289655277773744779
24.735000             -0.18345645897344717290
24.740000             -0.18400622215898107537
24.745000             -0.18455080186840897016
24.750000             -0.18508745205957971569
24.755000             -0.18561577360708894635
24.760000             -0.18613524455290639259
24.765000             -0.18664417270030889129
24.770000             -0.18714469130207717074
24.775000             -0.18763477328576635972
24.780000             -0.18812373354379208212
24.785000             -0.18859684461011338996
24.790000             -0.18907024987121920367
24.795000             -0.18953182731434636832
24.800000             -0.18999163888984352266
24.805000             -0.19044651600638340394
24.810000             -0.19089445428107110203
24.815000             -0.19133532239357017857
24.820000             -0.19176522098011850037
24.825000             -0.19218263686996647777
24.830000             -0.19258383848323357146
24.835000             -0.19296260541932780397
24.840000             -0.19331775646903751054
24.845000             -0.19364323646302430970
24.850000             -0.19394636816278959524
24.855000             -0.19421863327877186833
24.860000             -0.19446699786256221865
24.865000             -0.19468380713850810815
24.870000             -0.19487305509891120203
24.875000             -0.19503128708725178675
24.880000             -0.19515740137742423888
24.885000             -0.19526097213488238791
24.890000             -0.19533502577495551189
24.895000             -0.19538318806023660668
24.900000             -0.19540573793313503748
24.905000             -0.19540210473130961710
24.910000             -0.19537756332573164020
24.915000             -0.19531808336111428082
24.920000             -0.19525500586093805233
24.925000             -0.19516259299438526442
24.930000             -0.19505160004125876583
24.935000             -0.19491690473320474886
24.940000             -0.19476225242401376536
24.945000             -0.19458553154492216897
24.950000             -0.19438418403285445679
24.955000             -0.19416530972489007278
24.960000             -0.19392198316660771984
24.965000             -0.19365622849099398128
24.970000             -0.19336622023825744687
24.975000             -0.19305359298892765807
24.980000             -0.19271625862440280863
24.985000             -0.19236242240613041221
24.990000             -0.19198519437221989170
