# time u2_x
0.005000              0.00000000000000000000
0.010000              0.00000065985243739704
0.015000              0.00000175657044887917
0.020000              0.00000331041061997028
0.025000              0.00000532435934536443
0.030000              0.00000780564200754533
0.035000              0.00001076165413274859
0.040000              0.00001419756456114333
0.045000              0.00001811607725114578
0.050000              0.00002251334882709044
0.055000              0.00002737986440883577
0.060000              0.00003269852002315205
0.065000              0.00003844550771128539
0.070000              0.00004459567092861508
0.075000              0.00005111984613179296
0.080000              0.00005799031353233144
0.085000              0.00006517817706426549
0.090000              0.00007265037542984221
0.095000              0.00008037250862717526
0.100000              0.00008831008434774157
0.105000              0.00009642970581637138
0.110000              0.00010470220085850279
0.115000              0.00011310228458131915
0.120000              0.00012160470573246415
0.125000              0.00013018718721852969
0.130000              0.00013882491904390913
0.135000              0.00014749419642780983
0.140000              0.00015615605739871595
0.145000              0.00016476628284862194
0.150000              0.00017327022717961792
0.155000              0.00018160690791169036
0.160000              0.00018973910278294789
0.165000              0.00019763506745594324
0.170000              0.00020527534039101517
0.175000              0.00021264481810310672
0.180000              0.00021974626247310561
0.185000              0.00022658932239473772
0.190000              0.00023317929342910309
0.195000              0.00023952183724282455
0.200000              0.00024559802931319773
0.205000              0.00025138094567861581
0.210000              0.00025683302898525114
0.215000              0.00026191223655540026
0.220000              0.00026652989766325319
0.225000              0.00027058016303716046
0.230000              0.00027393401054882449
0.235000              0.00027644998038086363
0.240000              0.00027797102518126578
0.245000              0.00027833107996543872
0.250000              0.00027743083207625442
0.255000              0.00027519372384039547
0.260000              0.00027169427028498797
0.265000              0.00026707118468260397
0.270000              0.00026140043081110208
0.275000              0.00025475440909908631
0.280000              0.00024711513053933136
0.285000              0.00023843257187698743
0.290000              0.00022869163665525916
0.295000              0.00021788388518199513
0.300000              0.00020606217178380066
0.305000              0.00019330533585041950
0.310000              0.00017969561599318832
0.315000              0.00016532367347656281
0.320000              0.00015022480332767195
0.325000              0.00013441504330132266
0.330000              0.00011790106504046796
0.335000              0.00010067940699525124
0.340000              0.00008279965566119254
0.345000              0.00006432710660717359
0.350000              0.00004539714087378184
0.355000              0.00002617511081237588
0.360000              0.00000685883280472646
0.365000             -0.00001233269363485907
0.370000             -0.00003135669752587634
0.375000             -0.00005022947071418444
0.380000             -0.00006902322358860289
0.385000             -0.00008784656951907693
0.390000             -0.00010670119056580339
0.395000             -0.00012555881428588699
0.400000             -0.00014427712707620289
0.405000             -0.00016266332116616773
0.410000             -0.00018054442923120680
0.415000             -0.00019774126917360252
0.420000             -0.00021415021245406931
0.425000             -0.00022969413809629028
0.430000             -0.00024432706550812130
0.435000             -0.00025802240935466801
0.440000             -0.00027073870424454947
0.445000             -0.00028243585516450956
0.450000             -0.00029307877149263139
0.455000             -0.00030263732931534807
0.460000             -0.00031112214110057268
0.465000             -0.00031856363430095031
0.470000             -0.00032528393122198477
0.475000             -0.00033172419399733901
0.480000             -0.00033841820195619851
0.485000             -0.00034597166861814570
0.490000             -0.00035490440223133490
0.495000             -0.00036572722525189417
0.500000             -0.00037888680211001268
0.505000             -0.00039480334013563032
0.510000             -0.00041391893656135065
0.515000             -0.00043667148923628725
0.520000             -0.00046327848659541394
0.525000             -0.00049386193237555931
0.530000             -0.00052826689666245327
0.535000             -0.00056619150606353153
0.540000             -0.00060745994985559855
0.545000             -0.00065188556825728373
0.550000             -0.00069893162511880803
0.555000             -0.00074791095296804666
0.560000             -0.00079816165187796754
0.565000             -0.00084898121764420838
0.570000             -0.00089985421254500585
0.575000             -0.00095032601521944694
0.580000             -0.00100001046383841642
0.585000             -0.00104857711536352686
0.590000             -0.00109557836143239708
0.595000             -0.00114055957612777654
0.600000             -0.00118292813722400145
0.605000             -0.00122206181057607738
0.610000             -0.00125743296546673060
0.615000             -0.00128856117004820417
0.620000             -0.00131509589467721584
0.625000             -0.00133675953643068272
0.630000             -0.00135348270239091023
0.635000             -0.00136529659988228556
0.640000             -0.00137228955883691105
0.645000             -0.00137459435440128396
0.650000             -0.00137226439777895452
0.655000             -0.00136532649386141881
0.660000             -0.00135397400824796370
0.665000             -0.00133844592629623216
0.670000             -0.00131950776960814949
0.675000             -0.00129813036109876633
0.680000             -0.00127534133357645935
0.685000             -0.00125224823460324294
0.690000             -0.00122936601931074589
0.695000             -0.00120701592229114371
0.700000             -0.00118511796630674454
0.705000             -0.00116339401765938231
0.710000             -0.00114144480841174415
0.715000             -0.00111877011669519761
0.720000             -0.00109475559134670076
0.725000             -0.00106870761659442473
0.730000             -0.00103976509480596755
0.735000             -0.00100697006408861011
0.740000             -0.00096952392349810060
0.745000             -0.00092665273906120029
0.750000             -0.00087766632089076528
0.755000             -0.00082191302663130715
0.760000             -0.00075911281749750366
0.765000             -0.00068914960071895755
0.770000             -0.00061256087412125059
0.775000             -0.00053020317224834236
0.780000             -0.00044333936085222907
0.785000             -0.00035351163620115218
0.790000             -0.00026172549743308223
0.795000             -0.00016889847176466833
0.800000             -0.00007571166845785617
0.805000              0.00001724562948737497
0.810000              0.00010911554147020998
0.815000              0.00019896871983274167
0.820000              0.00028573267275482913
0.825000              0.00036829093591914238
0.830000              0.00044559519337784582
0.835000              0.00051665650699221177
0.840000              0.00058083731036227121
0.845000              0.00063769915381842786
0.850000              0.00068701007009579825
0.855000              0.00072871526580241589
0.860000              0.00076286262699970487
0.865000              0.00078961730672759086
0.870000              0.00080950381197543680
0.875000              0.00082322374447037845
0.880000              0.00083165586880052766
0.885000              0.00083578288246530024
0.890000              0.00083707873547767344
0.895000              0.00083720424423682925
0.900000              0.00083802530610090531
0.905000              0.00084150328394716879
0.910000              0.00084914018410302934
0.915000              0.00086225868985680609
0.920000              0.00088147236754362044
0.925000              0.00090704877835754512
0.930000              0.00093911639697994039
0.935000              0.00097763150045127251
0.940000              0.00102272528887232270
0.945000              0.00107453171195566835
0.950000              0.00113317548783975464
0.955000              0.00119877666407440216
0.960000              0.00127082726665849149
0.965000              0.00134859267480379793
0.970000              0.00143116787241195768
0.975000              0.00151753980504681875
0.980000              0.00160695301278814787
0.985000              0.00169873819614861448
0.990000              0.00179228796234266199
0.995000              0.00188705704037795915
1.000000              0.00198205779516091559
1.005000              0.00207616087339424025
1.010000              0.00216777363406029343
1.015000              0.00225508742988970263
1.020000              0.00233630147266168479
1.025000              0.00240954587386610483
1.030000              0.00247344258729894316
1.035000              0.00252676484661740154
1.040000              0.00256838940723924962
1.045000              0.00259726741252838157
1.050000              0.00261186467381950343
1.055000              0.00261049383150232812
1.060000              0.00259169469774382004
1.065000              0.00255407607418687600
1.070000              0.00249750575333843906
1.075000              0.00242238672804133848
1.080000              0.00232983913411261489
1.085000              0.00222145695707149076
1.090000              0.00209926519900279634
1.095000              0.00196564500166964817
1.100000              0.00182325484167155522
1.105000              0.00167501040619215781
1.110000              0.00152342762806804955
1.115000              0.00137096888500417321
1.120000              0.00121909051140304051
1.125000              0.00106883644465073776
1.130000              0.00092055367076852943
1.135000              0.00077414642629393556
1.140000              0.00062921465040589289
1.145000              0.00048502133466625465
1.150000              0.00034061670573668775
1.155000              0.00019477329329048744
1.160000              0.00004592947851903362
1.165000             -0.00010775441926565056
1.170000             -0.00026778436920508482
1.175000             -0.00043563685944643767
1.180000             -0.00061202556316397540
1.185000             -0.00079732000481197798
1.190000             -0.00099152022579610628
1.195000             -0.00119428262054743577
1.200000             -0.00140523370391546377
1.205000             -0.00162375152663157309
1.210000             -0.00184915098457725429
1.215000             -0.00208052053697889471
1.220000             -0.00231662428139791342
1.225000             -0.00255595569405607645
1.230000             -0.00279638771190943028
1.235000             -0.00303547049105711746
1.240000             -0.00327037944435802815
1.245000             -0.00349811878557533366
1.250000             -0.00371548677033155554
1.255000             -0.00391927187193652667
1.260000             -0.00410645951527538987
1.265000             -0.00427424923949224368
1.270000             -0.00442050875416654353
1.275000             -0.00454355534738729808
1.280000             -0.00464239389237609303
1.285000             -0.00471651983940173710
1.290000             -0.00476638136165912375
1.295000             -0.00479297926660078675
1.300000             -0.00479819139200120866
1.305000             -0.00478438204782744795
1.310000             -0.00475362177566475592
1.315000             -0.00470795732508957118
1.320000             -0.00464927375669157462
1.325000             -0.00457930374169424406
1.330000             -0.00450016673634417476
1.335000             -0.00441398596368145716
1.340000             -0.00432277940022895383
1.345000             -0.00422843918700609948
1.350000             -0.00413212885215164319
1.355000             -0.00403465095393958344
1.360000             -0.00393592179439899905
1.365000             -0.00383541745869306382
1.370000             -0.00373200014637444432
1.375000             -0.00362421301453873116
1.380000             -0.00351067710055521023
1.385000             -0.00339001768301133190
1.390000             -0.00326127056127669497
1.395000             -0.00312370666508743344
1.400000             -0.00297683819661638017
1.405000             -0.00282041407142727928
1.410000             -0.00265464848089309651
1.415000             -0.00248006301457460608
1.420000             -0.00229797953524025047
1.425000             -0.00211014575338100462
1.430000             -0.00191870762634751071
1.435000             -0.00172608335826875538
1.440000             -0.00153433638280802255
1.445000             -0.00134543947542217226
1.450000             -0.00116082616531603452
1.455000             -0.00098163647663650753
1.460000             -0.00080881002903667983
1.465000             -0.00064304300196876265
1.470000             -0.00048453059030156918
1.475000             -0.00033312252308405360
1.480000             -0.00018815298592521855
1.485000             -0.00004859679524664076
1.490000              0.00008671096076676053
1.495000              0.00021911868539688362
1.500000              0.00034981834018757120
1.505000              0.00047997728110875165
1.510000              0.00061035309142176632
1.515000              0.00074147927972360037
1.520000              0.00087370541749059137
1.525000              0.00100715479369311266
1.530000              0.00114164629501124640
1.535000              0.00127671916751515187
1.540000              0.00141175308494475280
1.545000              0.00154590991266425563
1.550000              0.00167849686668577460
1.555000              0.00180878185433555041
1.560000              0.00193601375351372157
1.565000              0.00205944784169869019
1.570000              0.00217781254600177580
1.575000              0.00228971539822442251
1.580000              0.00239321590234543033
1.585000              0.00248623762678203261
1.590000              0.00256776668071062109
1.595000              0.00263725709447198758
1.600000              0.00269575760627673543
1.605000              0.00274513315037828651
1.610000              0.00278729643344858983
1.615000              0.00282445638310524234
1.620000              0.00285804082091569095
1.625000              0.00288927093594006914
1.630000              0.00291939958253800225
1.635000              0.00294958587458619189
1.640000              0.00298141883443120035
1.645000              0.00301652934672311246
1.650000              0.00305652989618944351
1.655000              0.00310292462314603126
1.660000              0.00315650283062517177
1.665000              0.00321765423584416442
1.670000              0.00328502635882761771
1.675000              0.00335643233141435810
1.680000              0.00342829551224237790
1.685000              0.00349625793537869118
1.690000              0.00355608206381031978
1.695000              0.00360337688114998082
1.700000              0.00363417615072545580
1.705000              0.00364469557280217493
1.710000              0.00363133921222034322
1.715000              0.00359074078066044669
1.720000              0.00352029039980229557
1.725000              0.00341786433526929329
1.730000              0.00328269289659688683
1.735000              0.00311479360785977709
1.740000              0.00291514459497680713
1.745000              0.00268542411539108086
1.750000              0.00242777648075331908
1.755000              0.00214478986177055750
1.760000              0.00183914325338885103
1.765000              0.00151368420274777859
1.770000              0.00117126032867668865
1.775000              0.00081471052591308344
1.780000              0.00044637579228894760
1.785000              0.00006829746439142039
1.790000             -0.00031839623421607197
1.795000             -0.00071314048869015509
1.800000             -0.00111585322806472985
1.805000             -0.00152691765166892523
1.810000             -0.00194630357558755410
1.815000             -0.00237403446348540426
1.820000             -0.00280930107951978068
1.825000             -0.00325099901825756004
1.830000             -0.00369708832818843721
1.835000             -0.00414501104215420947
1.840000             -0.00459186183919706430
1.845000             -0.00503430937146197646
1.850000             -0.00546936132518806035
1.855000             -0.00589386338499951843
1.860000             -0.00630550442726755117
1.865000             -0.00670211607896171492
1.870000             -0.00708132795079625347
1.875000             -0.00744069330552440348
1.880000             -0.00777652986711441230
1.885000             -0.00808473509048387648
1.890000             -0.00836090832987375875
1.895000             -0.00860057375851256550
1.900000             -0.00879977267511807514
1.905000             -0.00895492147059917531
1.910000             -0.00906268563077282201
1.915000             -0.00912013273795680285
1.920000             -0.00912450603360039254
1.925000             -0.00907339386539786005
1.930000             -0.00896548952172692044
1.935000             -0.00880010095869034580
1.940000             -0.00857841399455821531
1.945000             -0.00830252288533915930
1.950000             -0.00797650838082446592
1.955000             -0.00760542595013603221
1.960000             -0.00719583762269191719
1.965000             -0.00675508960172633340
1.970000             -0.00629051530189099050
1.975000             -0.00580960107282484182
1.980000             -0.00531820166937399183
1.985000             -0.00482154035217928316
1.990000             -0.00432314628549303713
1.995000             -0.00382567256146654038
2.000000             -0.00333045938317236495
2.005000             -0.00283804070753519710
2.010000             -0.00234829755539902978
2.015000             -0.00186057705579664202
2.020000             -0.00137426157488831284
2.025000             -0.00088855932441917829
2.030000             -0.00040284116484289994
2.035000              0.00008350419319275485
2.040000              0.00057052402166868008
2.045000              0.00105799160603372265
2.050000              0.00154502230296708334
2.055000              0.00203030940373133146
2.060000              0.00251231204189916388
2.065000              0.00298917011419560022
2.070000              0.00345883131485961309
2.075000              0.00391898708494927209
2.080000              0.00436763585613733889
2.085000              0.00480277771895237966
2.090000              0.00522280619317077015
2.095000              0.00562629319901460437
2.100000              0.00601191108210006025
2.105000              0.00637852084802442015
2.110000              0.00672564703312513411
2.115000              0.00705326720135680471
2.120000              0.00736214755890637288
2.125000              0.00765364006238277231
2.130000              0.00792973695021618324
2.135000              0.00819296901336630419
2.140000              0.00844615533105729302
2.145000              0.00869244477140145716
2.150000              0.00893511427537326333
2.155000              0.00917756885371329330
2.160000              0.00942333202435341986
2.165000              0.00967591249510229429
2.170000              0.00993868080106195990
2.175000              0.01021479567021658062
2.180000              0.01050675271469444713
2.185000              0.01081656033370946221
2.190000              0.01114525030225306697
2.195000              0.01149319107253922098
2.200000              0.01185915365272803904
2.205000              0.01224101391387441562
2.210000              0.01263530057371181452
2.215000              0.01303774751340421381
2.220000              0.01344348269023502851
2.225000              0.01384722134476039021
2.230000              0.01424384217880329644
2.235000              0.01462827555670354052
2.240000              0.01499544192554372324
2.245000              0.01534042588327424496
2.250000              0.01565804138595939393
2.255000              0.01594321733920074993
2.260000              0.01619129993963210751
2.265000              0.01639797734882533081
2.270000              0.01656044660088114642
2.275000              0.01667667566772348953
2.280000              0.01674601511590051439
2.285000              0.01676860332658685823
2.290000              0.01674585344234905473
2.295000              0.01667988368147333214
2.300000              0.01657329955501054067
2.305000              0.01642905798864654349
2.310000              0.01624982219549935686
2.315000              0.01603819345335399937
2.320000              0.01579567637893412174
2.325000              0.01552328542686458833
2.330000              0.01522055260388413891
2.335000              0.01488625493282639926
2.340000              0.01451804950731259980
2.345000              0.01411291396383344138
2.350000              0.01366662164635535671
2.355000              0.01317428400646244308
2.360000              0.01263102288978940752
2.365000              0.01203180798061212822
2.370000              0.01137318268427165227
2.375000              0.01065233175972851720
2.380000              0.00986825300971782247
2.385000              0.00902096460894994713
2.390000              0.00811222418899624348
2.395000              0.00714494166811116896
2.400000              0.00612308487387521957
2.405000              0.00505156838054911239
2.410000              0.00393568318277998531
2.415000              0.00278131116791723206
2.420000              0.00159460580222173286
2.425000              0.00038207769740504423
2.430000             -0.00084950060431027597
2.435000             -0.00209319225602480879
2.440000             -0.00334272013684724792
2.445000             -0.00459216362226497199
2.450000             -0.00583734681106382047
2.455000             -0.00707508916066221065
2.460000             -0.00830199282609325739
2.465000             -0.00951511838737540902
2.470000             -0.01070961265571628365
2.475000             -0.01188024339105031753
2.480000             -0.01302147175861899722
2.485000             -0.01412763905813057760
2.490000             -0.01519425158636239850
2.495000             -0.01621718468769368579
2.500000             -0.01719293402143221711
2.505000             -0.01811818842014851702
2.510000             -0.01899123834050109663
2.515000             -0.01981085449134055432
2.520000             -0.02057723687317585676
2.525000             -0.02129112329041855933
2.530000             -0.02195295613958603981
2.535000             -0.02256317889829839371
2.540000             -0.02312139668197477418
2.545000             -0.02362697472754141451
2.550000             -0.02407734789051536525
2.555000             -0.02446931819663476088
2.560000             -0.02480079747789191991
2.565000             -0.02507014450181491508
2.570000             -0.02527824932894122759
2.575000             -0.02542728732738223224
2.580000             -0.02551911044165823886
2.585000             -0.02555598344519006623
2.590000             -0.02553847368201722645
2.595000             -0.02546673642191567971
2.600000             -0.02534034274654977867
2.605000             -0.02515854660688560118
2.610000             -0.02492094767965495269
2.615000             -0.02462710736161128136
2.620000             -0.02427811413654937592
2.625000             -0.02387548592761095517
2.630000             -0.02342221789346639327
2.635000             -0.02292185815841887506
2.640000             -0.02237734088527586207
2.645000             -0.02179146636401651030
2.650000             -0.02116524330716532815
2.655000             -0.02049899684381442655
2.660000             -0.01979165834538474528
2.665000             -0.01904153985278321873
2.670000             -0.01824719885589749443
2.675000             -0.01740724569286251910
2.680000             -0.01651969996062637239
2.685000             -0.01558251227650691607
2.690000             -0.01459346490841627667
2.695000             -0.01355038230273755868
2.700000             -0.01245305456325968528
2.705000             -0.01130212126209792500
2.710000             -0.01010115748100974195
2.715000             -0.00885515023589469874
2.720000             -0.00757114058711075115
2.725000             -0.00625738649303612515
2.730000             -0.00492303072342544119
2.735000             -0.00357792077109420114
2.740000             -0.00223085613370994701
2.745000             -0.00089043511051564272
2.750000              0.00043604723765416350
2.755000              0.00174190326083973647
2.760000              0.00302107550427746507
2.765000              0.00426804086745738963
2.770000              0.00547824235753677311
2.775000              0.00664781446246903458
2.780000              0.00777506684480078637
2.785000              0.00885951628139515328
2.790000              0.00990397662304758584
2.795000              0.01091301589472017455
2.800000              0.01189221970118867037
2.805000              0.01284816837677978628
2.810000              0.01378572569587382425
2.815000              0.01470942226209722564
2.820000              0.01562024800846203119
2.825000              0.01651768259000153255
2.830000              0.01739812404443463745
2.835000              0.01825617939138797496
2.840000              0.01908640127124653155
2.845000              0.01988253700580821723
2.850000              0.02063836407253848496
2.855000              0.02134718114460067151
2.860000              0.02200208012981342762
2.865000              0.02259580562763617573
2.870000              0.02312274695411501227
2.875000              0.02357788363548705274
2.880000              0.02395810185616002383
2.885000              0.02426145143600797610
2.890000              0.02448596410324002659
2.895000              0.02463042690439452495
2.900000              0.02469250276191238200
2.905000              0.02467012557913261794
2.910000              0.02456087634475225684
2.915000              0.02436267609060394426
2.920000              0.02407461268438675084
2.925000              0.02369651831766308656
2.930000              0.02323000651762813923
2.935000              0.02267756101017417980
2.940000              0.02204325123276606666
2.945000              0.02133180081534291270
2.950000              0.02054943280453824794
2.955000              0.01970284087162156930
2.960000              0.01879891540523832144
2.965000              0.01784448127244539495
2.970000              0.01684480245600836201
2.975000              0.01580435032209361046
2.980000              0.01472716399408331191
2.985000              0.01361684371639922467
2.990000              0.01247614186316891964
2.995000              0.01130744953416919045
3.000000              0.01011212850521170034
3.005000              0.00889124240836978129
3.010000              0.00764520339915006775
3.015000              0.00637434043755391588
3.020000              0.00507817205896677389
3.025000              0.00375612010646101269
3.030000              0.00240780773235119497
3.035000              0.00103306561435113583
3.040000             -0.00036675414114921195
3.045000             -0.00178961405092968682
3.050000             -0.00323179187662090599
3.055000             -0.00468878557379263754
3.060000             -0.00615510726916446843
3.065000             -0.00762479634565257046
3.070000             -0.00909205221136731405
3.075000             -0.01055115149563199198
3.080000             -0.01199634814970494678
3.085000             -0.01342205616766066652
3.090000             -0.01482211528219081614
3.095000             -0.01619031110311016167
3.100000             -0.01752052981490857461
3.105000             -0.01880674919354646119
3.110000             -0.02004313573935745732
3.115000             -0.02122396700459834584
3.120000             -0.02234396964484238260
3.125000             -0.02339804681821695820
3.130000             -0.02438159394328092214
3.135000             -0.02529020953473821651
3.140000             -0.02611985236603310556
3.145000             -0.02686666759238806948
3.150000             -0.02752796460303953002
3.155000             -0.02810159016260251399
3.160000             -0.02858737196675516234
3.165000             -0.02898614785202556499
3.170000             -0.02930050982268537010
3.175000             -0.02953416974732029146
3.180000             -0.02969143745932838543
3.185000             -0.02977737294025144948
3.190000             -0.02979666376827968394
3.195000             -0.02975426385739076904
3.200000             -0.02965553983287153722
3.205000             -0.02950621660962853693
3.210000             -0.02931212150901891383
3.215000             -0.02907924328733503538
3.220000             -0.02881263608229040624
3.225000             -0.02851696089310030990
3.230000             -0.02819527139666055601
3.235000             -0.02784973489839886671
3.240000             -0.02748046112493274934
3.245000             -0.02708632394948123912
3.250000             -0.02666453931678835002
3.255000             -0.02621115436451443292
3.260000             -0.02572086120954305069
3.265000             -0.02518738924003436144
3.270000             -0.02460421579151596955
3.275000             -0.02396445224794897105
3.280000             -0.02326131961111567448
3.285000             -0.02248812159147715178
3.290000             -0.02163909160775165375
3.295000             -0.02070911456921318422
3.300000             -0.01969657788137230137
3.305000             -0.01860174044503799112
3.310000             -0.01742822953629996618
3.315000             -0.01618185800843522856
3.320000             -0.01486818497206521782
3.325000             -0.01349361683749195941
3.330000             -0.01206229122504995019
3.335000             -0.01057790791240614467
3.340000             -0.00904344181609914241
3.345000             -0.00746143545907969157
3.350000             -0.00583564518108446988
3.355000             -0.00416991438956141030
3.360000             -0.00246899648645296796
3.365000             -0.00073763703093378393
3.370000              0.00101905604645232220
3.375000              0.00279620961649023215
3.380000              0.00458858747800354894
3.385000              0.00639112812888459510
3.390000              0.00819846496546008420
3.395000              0.01000521941897449148
3.400000              0.01180599335735581408
3.405000              0.01359523369139424911
3.410000              0.01536723972697693827
3.415000              0.01711592180019767123
3.420000              0.01883503351225830277
3.425000              0.02051782252903719406
3.430000              0.02215767799225175708
3.435000              0.02374762768896207174
3.440000              0.02528165802379787538
3.445000              0.02675390524581302762
3.450000              0.02815994967371917082
3.455000              0.02949606484690557237
3.460000              0.03075952242875491446
3.465000              0.03194848188709770165
3.470000              0.03306177800332417427
3.475000              0.03409920573680678968
3.480000              0.03506046048706908114
3.485000              0.03594594607668598341
3.490000              0.03675538691912753897
3.495000              0.03748881750763168735
3.500000              0.03814660653663631135
3.505000              0.03872949883398649207
3.510000              0.03923862337519583299
3.515000              0.03967528693007538187
3.520000              0.04004116649993788579
3.525000              0.04033786591182379755
3.530000              0.04056672747009320429
3.535000              0.04072861941458988388
3.540000              0.04082333402148564244
3.545000              0.04084979600987845294
3.550000              0.04080591885644559852
3.555000              0.04068879269150686706
3.560000              0.04049485177111852158
3.565000              0.04022004994689796359
3.570000              0.03985973961495613976
3.575000              0.03940912077980961853
3.580000              0.03886262280645774031
3.585000              0.03821472157407521109
3.590000              0.03746040263171453860
3.595000              0.03659532391108541449
3.600000              0.03561686934043575836
3.605000              0.03452371436369446739
3.610000              0.03331657036309393360
3.615000              0.03199762706074217589
3.620000              0.03057100838184749481
3.625000              0.02904216939472725051
3.630000              0.02741768425092799139
3.635000              0.02570492771658269837
3.640000              0.02391133764284001859
3.645000              0.02204444135545989905
3.650000              0.02011132452956892330
3.655000              0.01811866127557685419
3.660000              0.01607191015506842860
3.665000              0.01397565097324629697
3.670000              0.01183282036120663835
3.675000              0.00964523358373322280
3.680000              0.00741347350383252720
3.685000              0.00513720950559579115
3.690000              0.00281554404236774095
3.695000              0.00044713819911051066
3.700000             -0.00196975812647551740
3.705000             -0.00443698066847660055
3.710000             -0.00695531388596439416
3.715000             -0.00952484909114086759
3.720000             -0.01214417250971763264
3.725000             -0.01481073245421280458
3.730000             -0.01752087524696992193
3.735000             -0.02026986768761178739
3.740000             -0.02305138186224374094
3.745000             -0.02585795440448348387
3.750000             -0.02867981426470948142
3.755000             -0.03150594011759340340
3.760000             -0.03431969797018324941
3.765000             -0.03710209780488003123
3.770000             -0.03982862922963552321
3.775000             -0.04247228072312985575
3.780000             -0.04500717695647879490
3.785000             -0.04740748429600882830
3.790000             -0.04965150570921521983
3.795000             -0.05171985661860071387
3.800000             -0.05359770787120700375
3.805000             -0.05527232983727289189
3.810000             -0.05673405720245560530
3.815000             -0.05797530993344596900
3.820000             -0.05899111906976813730
3.825000             -0.05977832391688558261
3.830000             -0.06033554414029083934
3.835000             -0.06066252562179044044
3.840000             -0.06076051846852621036
3.845000             -0.06063243427055302337
3.850000             -0.06028354892109450552
3.855000             -0.05971907700218744702
3.860000             -0.05894880431542177252
3.865000             -0.05798593923508396641
3.870000             -0.05684766040140946247
3.875000             -0.05555292275386106843
3.880000             -0.05411800733818088183
3.885000             -0.05255919793244610144
3.890000             -0.05088873771937032359
3.895000             -0.04911712504558046061
3.900000             -0.04725200510316600322
3.905000             -0.04529947312291340150
3.910000             -0.04326271898776004599
3.915000             -0.04114316043041153781
3.920000             -0.03893839503741389901
3.925000             -0.03664388739318398536
3.930000             -0.03425438374766872490
3.935000             -0.03176358829872537315
3.940000             -0.02916555038579999801
3.945000             -0.02645413711469202928
3.950000             -0.02362427556087699082
3.955000             -0.02067141028655497884
3.960000             -0.01759325963610474525
3.965000             -0.01438891575072189302
3.970000             -0.01105997048195147062
3.975000             -0.00760985503269258085
3.980000             -0.00404499448842867912
3.985000             -0.00037400558010534783
3.990000              0.00338849396540911183
3.995000              0.00722454441541708556
4.000000              0.01110383772254171578
4.005000              0.01499017492554353438
4.010000              0.01884167614530042265
4.015000              0.02261259522481549183
4.020000              0.02625946007447450131
4.025000              0.02973875883011166399
4.030000              0.03301572499116089271
4.035000              0.03605938821182848308
4.040000              0.03884957745783059607
4.045000              0.04137324302501199647
4.050000              0.04362241910247501714
4.055000              0.04559335664412670491
4.060000              0.04729089348094477757
4.065000              0.04872506918192096720
4.070000              0.04991460167281914356
4.075000              0.05088363824025867593
4.080000              0.05166032038971805213
4.085000              0.05227593461335273972
4.090000              0.05276228415245718534
4.095000              0.05315244454327303775
4.100000              0.05347163853703185143
4.105000              0.05374226942626222914
4.110000              0.05397803786353785188
4.115000              0.05418735970412477676
4.120000              0.05437237988626460877
4.125000              0.05453019863175102844
4.130000              0.05465082418345255932
4.135000              0.05471905351637801340
4.140000              0.05471487571110984771
4.145000              0.05461423177070657414
4.150000              0.05439174522158388148
4.155000              0.05402034438135072669
4.160000              0.05347296394579631462
4.165000              0.05272277719597629614
4.170000              0.05175112893253905333
4.175000              0.05054361542679035313
4.180000              0.04910089821143012734
4.185000              0.04743254157095398715
4.190000              0.04555857954749247679
4.195000              0.04350713946121301245
4.200000              0.04130852918685381375
4.205000              0.03899760762855474655
4.210000              0.03660940856159829865
4.215000              0.03418086228760339185
4.220000              0.03174816651670492318
4.225000              0.02934732982806573590
4.230000              0.02701360517212152146
4.235000              0.02478046528879104815
4.240000              0.02267761562927879046
4.245000              0.02073078422173299518
4.250000              0.01895756017127276163
4.255000              0.01736919476865685791
4.260000              0.01596533534125896964
4.265000              0.01473775149296220957
4.270000              0.01366091524556381498
4.275000              0.01269964460115137819
4.280000              0.01180944589746744065
4.285000              0.01093966364241193492
4.290000              0.01004722128103579387
4.295000              0.00909118891206069611
4.300000              0.00803910607129392635
4.305000              0.00686409707173788429
4.310000              0.00554798439672066993
4.315000              0.00407966314796844292
4.320000              0.00245594272124382120
4.325000              0.00068074925953397463
4.330000             -0.00123444037780747742
4.335000             -0.00327178423954311605
4.340000             -0.00541099141718534397
4.345000             -0.00762858847014747862
4.350000             -0.00990235432267645189
4.355000             -0.01221035972279899476
4.360000             -0.01453125248996151898
4.365000             -0.01684570429491141080
4.370000             -0.01913543187971203027
4.375000             -0.02138538804011143671
4.380000             -0.02358438629887779636
4.385000             -0.02572580121015749510
4.390000             -0.02780810809757275695
4.395000             -0.02983450531766190794
4.400000             -0.03181207284991317136
4.405000             -0.03375112959133380608
4.410000             -0.03566315508519359717
4.415000             -0.03756026200766096612
4.420000             -0.03945330389335476029
4.425000             -0.04135117446290926396
4.430000             -0.04325893101262517915
4.435000             -0.04517748087743374968
4.440000             -0.04710194449027359231
4.445000             -0.04902242239018245185
4.450000             -0.05092452138233182629
4.455000             -0.05278894330554203401
4.460000             -0.05459594871074160277
4.465000             -0.05632460704594661333
4.470000             -0.05795612561268598945
4.475000             -0.05947231223947584133
4.480000             -0.06085728003444184492
4.485000             -0.06209872031281692129
4.490000             -0.06318785795469962496
4.495000             -0.06411992243615727283
4.500000             -0.06489502048442971627
4.505000             -0.06551834399678266307
4.510000             -0.06600158806806361023
4.515000             -0.06636214442808725800
4.520000             -0.06661993043772958256
4.525000             -0.06679739878359917948
4.530000             -0.06691521938053934804
4.535000             -0.06699395648890123234
4.540000             -0.06705110239625843016
4.545000             -0.06710182280592734416
4.550000             -0.06715896607134870522
4.555000             -0.06723141202305085717
4.560000             -0.06732588413781999404
4.565000             -0.06744503006935062550
4.570000             -0.06758908751400780068
4.575000             -0.06775452954721143672
4.580000             -0.06793375560746012232
4.585000             -0.06811601350563648016
4.590000             -0.06828749940156818299
4.595000             -0.06843299403693374472
4.600000             -0.06853688832684858012
4.605000             -0.06858477851654364021
4.610000             -0.06856301889933397176
4.615000             -0.06846072212707565718
4.620000             -0.06826876007547796887
4.625000             -0.06798130123806887803
4.630000             -0.06759538853680803483
4.635000             -0.06711252567246764333
4.640000             -0.06653595870197101525
4.645000             -0.06587053409298028461
4.650000             -0.06512312778065765251
4.655000             -0.06430174833548064905
4.660000             -0.06341378958530900778
4.665000             -0.06246487297262526273
4.670000             -0.06145999131063855508
4.675000             -0.06040172246193260125
4.680000             -0.05929098723528806320
4.685000             -0.05812542479337000356
4.690000             -0.05689866075099890563
4.695000             -0.05560077624265988283
4.700000             -0.05421955876142416780
4.705000             -0.05274065663764078427
4.710000             -0.05115174128954567967
4.715000             -0.04944148712580468535
4.720000             -0.04759867508882380249
4.725000             -0.04561404073759211392
4.730000             -0.04347680554685207088
4.735000             -0.04117822324635547759
4.740000             -0.03871163884523079468
4.745000             -0.03607364726643617903
4.750000             -0.03326341001174662471
4.755000             -0.03028320501734612855
4.760000             -0.02713792852986653820
4.765000             -0.02383462240147372901
4.770000             -0.02038243124009238988
4.775000             -0.01679121416344962758
4.780000             -0.01307254498468682878
4.785000             -0.00923745027604046080
4.790000             -0.00529519206048315559
4.795000             -0.00125253682639789202
4.800000              0.00288757162150878044
4.805000              0.00712579681263465683
4.810000              0.01146543290373354569
4.815000              0.01591261962692083753
4.820000              0.02047732002775576668
4.825000              0.02517172300288861297
4.830000              0.03000918521009358561
4.835000              0.03500373536896789900
4.840000              0.04016870478752898599
4.845000              0.04551531799257921285
4.850000              0.05105409100062145017
4.855000              0.05679382343541283101
4.860000              0.06274189589496489972
4.865000              0.06890266786509277597
4.870000              0.07527776491447614460
4.875000              0.08186538338695649453
4.880000              0.08865792595942954823
4.885000              0.09564452740343359904
4.890000              0.10281164368622523753
4.895000              0.11014863765931198758
4.900000              0.11764754994406199928
4.905000              0.12529631567593696451
4.910000              0.13310221421370305173
4.915000              0.14107903579576352993
4.920000              0.14924102392032054243
4.925000              0.15758994547629756600
4.930000              0.16612874831596274872
4.935000              0.17486981939284576559
4.940000              0.18381615714580576415
4.945000              0.19296099484704390403
4.950000              0.20227610032336779122
4.955000              0.21172500090488105551
4.960000              0.22122667227440490079
4.965000              0.23068534591848005588
4.970000              0.24001035305937967745
4.975000              0.24910367857599516328
4.980000              0.25789637215255112324
4.985000              0.26632894597308270912
4.990000              0.27435112029253172494
4.995000              0.28191825555283422933
5.000000              0.28898786821418637194
5.005000              0.29552035225648881633
5.010000              0.30148193202591211382
5.015000              0.30684145865532974629
5.020000              0.31157118588877757981
5.025000              0.31564987196521893109
5.030000              0.31905975994746033075
5.035000              0.32178488840265861981
5.040000              0.32381224969232408339
5.045000              0.32513663157810152038
5.050000              0.32576371061321124367
5.055000              0.32571204355834376676
5.060000              0.32499756901883758431
5.065000              0.32365182968718320122
5.070000              0.32172827244045276718
5.075000              0.31927977691749537259
5.080000              0.31637011985095409017
5.085000              0.31307595252782610684
5.090000              0.30948027205797967731
5.095000              0.30566407725043953647
5.100000              0.30170630890050137429
5.105000              0.29768354864679630323
5.110000              0.29366194409168483448
5.115000              0.28969858729887115745
5.120000              0.28582741476788353641
5.125000              0.28206967772890512158
5.130000              0.27843396551358540192
5.135000              0.27491973812732489746
5.140000              0.27151559655262685888
5.145000              0.26820469489438253374
5.150000              0.26496218636903562382
5.155000              0.26176084759482354247
5.160000              0.25856001458865873754
5.165000              0.25531610899184897789
5.170000              0.25198144474094552603
5.175000              0.24850851312910623991
5.180000              0.24486849948971986524
5.185000              0.24104140741778620760
5.190000              0.23702319202945976162
5.195000              0.23281885659997442195
5.200000              0.22843795541989220244
5.205000              0.22389366933340226762
5.210000              0.21920332713171758465
5.215000              0.21438345104827935539
5.220000              0.20945329597918144193
5.225000              0.20443125938306871969
5.230000              0.19933551017284201201
5.235000              0.19418233982021565476
5.240000              0.18898691533110165142
5.245000              0.18376594181093516833
5.250000              0.17853444305032059591
5.255000              0.17330573004598304188
5.260000              0.16809557137643701963
5.265000              0.16291960110803216377
5.270000              0.15779465535694139899
5.275000              0.15274054376961410107
5.280000              0.14777848705212820457
5.285000              0.14293148778555664347
5.290000              0.13822511240354656836
5.295000              0.13368749004264646185
5.300000              0.12934716264021889343
5.305000              0.12523542733157175255
5.310000              0.12138046622314249690
5.315000              0.11781104650812092294
5.320000              0.11455424128487939894
5.325000              0.11163670675149918454
5.330000              0.10908290978022099071
5.335000              0.10691697351349675749
5.340000              0.10515947468150538269
5.345000              0.10382668487265646340
5.350000              0.10293107199048409650
5.355000              0.10248263566857651607
5.360000              0.10248865956935278299
5.365000              0.10295142441040397441
5.370000              0.10386772216795650547
5.375000              0.10522385793268500265
5.380000              0.10700043969167617741
5.385000              0.10917954218983498549
5.390000              0.11173411518428981448
5.395000              0.11462975298019070780
5.400000              0.11783166890305708796
5.405000              0.12130556423006923217
5.410000              0.12501736220042272696
5.415000              0.12893473390515389210
5.420000              0.13302835067781232370
5.425000              0.13727338462808774677
5.430000              0.14165130132650863293
5.435000              0.14614941483540866418
5.440000              0.15076299552185343233
5.445000              0.15549345862881300273
5.450000              0.16034318927467006155
5.455000              0.16531674220975264844
5.460000              0.17041728215487542131
5.465000              0.17564686113630262332
5.470000              0.18099958363454676791
5.475000              0.18646394267645746701
5.480000              0.19201951444592785245
5.485000              0.19763819263556001160
5.490000              0.20329195032730185133
5.495000              0.20895100481363140799
5.500000              0.21458434483466121145
5.505000              0.22015901324760617230
5.510000              0.22564237660542546537
5.515000              0.23100097917475898024
5.520000              0.23620420229980720883
5.525000              0.24122389447713843413
5.530000              0.24603381269590424152
5.535000              0.25061296537293270559
5.540000              0.25494092884121355436
5.545000              0.25900112003579373043
5.550000              0.26278510462453830154
5.555000              0.26628781895044295602
5.560000              0.26950877849092380600
5.565000              0.27245519401326012687
5.570000              0.27514046132352798502
5.575000              0.27758207059557532537
5.580000              0.27979918695457578481
5.585000              0.28181311806158004796
5.590000              0.28364985298727796170
5.595000              0.28533136123584845745
5.600000              0.28687757558379611833
5.605000              0.28830770402307948075
5.610000              0.28964061070145785681
5.615000              0.29089112523810733979
5.620000              0.29207027823949921475
5.625000              0.29318582359448730479
5.630000              0.29423901030933941048
5.635000              0.29522841573145885974
5.640000              0.29614843426299325424
5.645000              0.29698946167180373390
5.650000              0.29773835386335695263
5.655000              0.29838021999124458850
5.660000              0.29889630388499166536
5.665000              0.29926544819381606377
5.670000              0.29946558016295526938
5.675000              0.29947485837713583301
5.680000              0.29927373437393200994
5.685000              0.29884296529122700292
5.690000              0.29816684891190881057
5.695000              0.29723273721918702650
5.700000              0.29603658461583959305
5.705000              0.29457083756747570735
5.710000              0.29283512831865715631
5.715000              0.29083546176812935524
5.720000              0.28858200006386580672
5.725000              0.28608586001962027501
5.730000              0.28336029611672947093
5.735000              0.28041985163392302294
5.740000              0.27727924757115957055
5.745000              0.27395209833395678389
5.750000              0.27045201876197033641
5.755000              0.26679159802039648097
5.760000              0.26297965062901135225
5.765000              0.25902247034308090168
5.770000              0.25492284526242658949
5.775000              0.25068146499549331940
5.780000              0.24630054603047016326
5.785000              0.24178265260452763696
5.790000              0.23713290850904666929
5.795000              0.23235839704094865543
5.800000              0.22746837454052626359
5.805000              0.22247458871229186528
5.810000              0.21739131603493483391
5.815000              0.21223560624549159259
5.820000              0.20702692753110255031
5.825000              0.20178722234267093549
5.830000              0.19654105750501393857
5.835000              0.19131146527183601203
5.840000              0.18612112702944993980
5.845000              0.18099128782460358056
5.850000              0.17593973879817220718
5.855000              0.17098233486962227667
5.860000              0.16613025046072868451
5.865000              0.16139100405134187977
5.870000              0.15677070777948165503
5.875000              0.15227402881176080318
5.880000              0.14790705216768285091
5.885000              0.14367516535570770686
5.890000              0.13958268908205287429
5.895000              0.13563289200172545801
5.900000              0.13182730714649223969
5.905000              0.12816716927346011312
5.910000              0.12465186558256716176
5.915000              0.12127978641993737707
5.920000              0.11804844988321148980
5.925000              0.11495487114978911181
5.930000              0.11199481282767462242
5.935000              0.10916418137592175108
5.940000              0.10646169272597097444
5.945000              0.10388701284342963249
5.950000              0.10144186521947423651
5.955000              0.09912937737584315290
5.960000              0.09695407487686232006
5.965000              0.09492143667367099191
5.970000              0.09303666846605414265
5.975000              0.09130515185099770392
5.980000              0.08973060025695468733
5.985000              0.08831633386462456325
5.990000              0.08706420200748703209
5.995000              0.08597386774648670127
6.000000              0.08504568948767045333
6.005000              0.08428048178970586057
6.010000              0.08368260201517549457
6.015000              0.08325702685191954666
6.020000              0.08300641224829348463
6.025000              0.08293280596281989159
6.030000              0.08303567677555148685
6.035000              0.08331030020013156789
6.040000              0.08375227701395483726
6.045000              0.08435473519229808037
6.050000              0.08511004737855901170
6.055000              0.08601046505080039983
6.060000              0.08705049724576428838
6.065000              0.08822552599990372835
6.070000              0.08953241150499401113
6.075000              0.09096973028208756029
6.080000              0.09253883725679218353
6.085000              0.09424305389332902905
6.090000              0.09608886457989981866
6.095000              0.09808495495171841438
6.100000              0.10024023510429165562
6.105000              0.10256424749736685331
6.110000              0.10506581731600372898
6.115000              0.10775328132603842479
6.120000              0.11063306043209107654
6.125000              0.11370991984835580879
6.130000              0.11698492562110969495
6.135000              0.12045631638694406784
6.140000              0.12411862787174340883
6.145000              0.12796324230569000591
6.150000              0.13197645084887169031
6.155000              0.13614101399176350982
6.160000              0.14043397616149172480
6.165000              0.14482889608366714129
6.170000              0.14929663842377627336
6.175000              0.15380619269075737621
6.180000              0.15832884580221245896
6.185000              0.16283677142349312073
6.190000              0.16730685747251169970
6.195000              0.17171888539276419783
6.200000              0.17605739520398691611
6.205000              0.18031054701613755120
6.210000              0.18447140340082268661
6.215000              0.18853879729628583717
6.220000              0.19251554615227714495
6.225000              0.19640821929069379737
6.230000              0.20022584466528370317
6.235000              0.20397963757001580376
6.240000              0.20768046881463361752
6.245000              0.21133807364722154154
6.250000              0.21496186494931746047
6.255000              0.21855990581188405875
6.260000              0.22213775164853741262
6.265000              0.22569840098337157208
6.270000              0.22924055237191151568
6.275000              0.23276010754376669221
6.280000              0.23624922068677214892
6.285000              0.23969721276653951914
6.290000              0.24309079270532618633
6.295000              0.24641491375941812492
6.300000              0.24965217783411480790
6.305000              0.25278581176950798426
6.310000              0.25579673058355040238
6.315000              0.25866459899885835272
6.320000              0.26136833495401046168
6.325000              0.26388798752803349634
6.330000              0.26620393200940767331
6.335000              0.26829660336363608808
6.340000              0.27014975979925137661
6.345000              0.27174909872371127983
6.350000              0.27308382599574670957
6.355000              0.27414492870165879657
6.360000              0.27492562922074997855
6.365000              0.27542021981829750699
6.370000              0.27562369499469524525
6.375000              0.27553258458974527745
6.380000              0.27514204437118133795
6.385000              0.27444862701962230433
6.390000              0.27344819156640620683
6.395000              0.27213588065378901959
6.400000              0.27050715545924719496
6.405000              0.26855784402303634062
6.410000              0.26628488273795258845
6.415000              0.26368551159003544848
6.420000              0.26075895453747977015
6.425000              0.25750576582419149041
6.430000              0.25392895403875992422
6.435000              0.25003318844942018506
6.440000              0.24582626589678743811
6.445000              0.24131831262521535875
6.450000              0.23652200050989605207
6.455000              0.23145222659778783014
6.460000              0.22612408413376974825
6.465000              0.22055393505719039782
6.470000              0.21475752207075216038
6.475000              0.20875103453217294658
6.480000              0.20255065657017420899
6.485000              0.19617274492812744602
6.490000              0.18963431369798802728
6.495000              0.18295243786164461230
6.500000              0.17614451908837919225
6.505000              0.16922651805268182357
6.510000              0.16220942286692441314
6.515000              0.15510087034931036021
6.520000              0.14790587437555907657
6.525000              0.14062731358920632641
6.530000              0.13326670382085498145
6.535000              0.12582397447808013613
6.540000              0.11830213762211337636
6.545000              0.11070588656493905722
6.550000              0.10304346775219362653
6.555000              0.09532927119182854625
6.560000              0.08757924967690097762
6.565000              0.07981245472568911092
6.570000              0.07204837581411588365
6.575000              0.06430943606600809936
6.580000              0.05662144656482449162
6.585000              0.04899979617450138381
6.590000              0.04145863489051324763
6.595000              0.03401500418657159297
6.600000              0.02669671323276176858
6.605000              0.01952892502451479897
6.610000              0.01252802820540353107
6.615000              0.00571442623180026810
6.620000             -0.00088606627916859560
6.625000             -0.00724575603323814477
6.630000             -0.01333975457091832705
6.635000             -0.01914322269715894656
6.640000             -0.02463057958777744791
6.645000             -0.02977719277018145774
6.650000             -0.03456215321315601885
6.655000             -0.03896452296025219864
6.660000             -0.04296517638621937668
6.665000             -0.04654755534095969538
6.670000             -0.04969804889289546057
6.675000             -0.05240522964443269233
6.680000             -0.05466124310213776871
6.685000             -0.05646159617028549682
6.690000             -0.05780602096475471324
6.695000             -0.05870242768974509584
6.700000             -0.05916129103590212629
6.705000             -0.05919479702617003181
6.710000             -0.05882140487401483347
6.715000             -0.05806325973679401370
6.720000             -0.05694804083138195472
6.725000             -0.05550328865211526935
6.730000             -0.05375617325672092661
6.735000             -0.05173417010540899696
6.740000             -0.04946222454629720100
6.745000             -0.04696142652964157421
6.750000             -0.04424780458614829826
6.755000             -0.04133359454001121064
6.760000             -0.03822804362830904690
6.765000             -0.03493749360190862019
6.770000             -0.03146619943622552124
6.775000             -0.02781749128758787340
6.780000             -0.02399297032355134085
6.785000             -0.01999473336013644562
6.790000             -0.01582259053892753550
6.795000             -0.01147759373710393639
6.800000             -0.00696289472017011957
6.805000             -0.00228469806111916392
6.810000              0.00254578064555123149
6.815000              0.00751318984005483730
6.820000              0.01259834692955856192
6.825000              0.01777893936513495754
6.830000              0.02303063801238301733
6.835000              0.02832790499727284167
6.840000              0.03364600414626617991
6.845000              0.03896163599362489210
6.850000              0.04425736972026070998
6.855000              0.04952043744457865909
6.860000              0.05474386585239622571
6.865000              0.05992591394769342106
6.870000              0.06506861284853490690
6.875000              0.07017920418851071596
6.880000              0.07526910799960011278
6.885000              0.08035244117450895951
6.890000              0.08544394870969151956
6.895000              0.09055894697834344920
6.900000              0.09570899682909904393
6.905000              0.10090266071751870236
6.910000              0.10614190837601991668
6.915000              0.11142473783481889049
6.920000              0.11674289826046638230
6.925000              0.12208325470249947742
6.930000              0.12743279581072575191
6.935000              0.13277886441962280517
6.940000              0.13810501208388462069
6.945000              0.14339632506462973716
6.950000              0.14863576326075689238
6.955000              0.15380485909812199874
6.960000              0.15888711427104129648
6.965000              0.16386592603519933853
6.970000              0.16872424677120137493
6.975000              0.17344588830577400973
6.980000              0.17801207146105646473
6.985000              0.18240297463223431595
6.990000              0.18660125600471230700
6.995000              0.19059264273346612772
7.000000              0.19436922263243600062
7.005000              0.19792474082844424554
7.010000              0.20125598741212893938
7.015000              0.20436266434095262667
7.020000              0.20724619307901040455
7.025000              0.20990992976448979990
7.030000              0.21236003848556522788
7.035000              0.21460435980950520740
7.040000              0.21665354536868511315
7.045000              0.21852029118779561778
7.050000              0.22021698373197984289
7.055000              0.22175656581666464140
7.060000              0.22314876896714561094
7.065000              0.22440294402943408714
7.070000              0.22552566889888689405
7.075000              0.22651990507902206029
7.080000              0.22738670752224351967
7.085000              0.22812596459203993149
7.090000              0.22873264213982266724
7.095000              0.22919823030870264957
7.100000              0.22951138701305601186
7.105000              0.22965929691817985048
7.110000              0.22962883858436272666
7.115000              0.22940598413931498345
7.120000              0.22897524198195426393
7.125000              0.22832026005573316518
7.130000              0.22742429434232186436
7.135000              0.22627141113796447880
7.140000              0.22484587170874592577
7.145000              0.22313373167943340025
7.150000              0.22112323536435871119
7.155000              0.21880749789647072068
7.160000              0.21618469509272636442
7.165000              0.21325522641339522689
7.170000              0.21002205217354641409
7.175000              0.20649242616002733142
7.180000              0.20267498807054837306
7.185000              0.19857992652158382163
7.190000              0.19421847733259009483
7.195000              0.18960278650050005345
7.200000              0.18474622206986107686
7.205000              0.17966199761999926410
7.210000              0.17436233513516191662
7.215000              0.16885804122405836947
7.220000              0.16315799877366210513
7.225000              0.15726895335731841397
7.230000              0.15119600035208824451
7.235000              0.14494239547184958883
7.240000              0.13851114548907028645
7.245000              0.13190458540569072188
7.250000              0.12512567706393981637
7.255000              0.11817345257900567501
7.260000              0.11104576800740541265
7.265000              0.10373967907473999328
7.270000              0.09625117655299800234
7.275000              0.08857798860423148068
7.280000              0.08071785853607732486
7.285000              0.07267110417917134468
7.290000              0.06444209868674817543
7.295000              0.05603831547374389654
7.300000              0.04747083062010974686
7.305000              0.03875327059845409122
7.310000              0.02990087428102913142
7.315000              0.02092800790520346274
7.320000              0.01184675111579630742
7.325000              0.00267079364771613146
7.330000             -0.00658684606712570640
7.335000             -0.01592680731323231971
7.340000             -0.02534560658335905520
7.345000             -0.03483663998349795232
7.350000             -0.04438753852283675028
7.355000             -0.05398519101480557525
7.360000             -0.06362303296466870206
7.365000             -0.07329313093749065255
7.370000             -0.08298204277710154175
7.375000             -0.09267700055218380806
7.380000             -0.10236501722892861477
7.385000             -0.11203383693541346666
7.390000             -0.12166903755958412281
7.395000             -0.13125533765537647501
7.400000             -0.14077737192408087963
7.405000             -0.15022011562694434494
7.410000             -0.15956679423191627576
7.415000             -0.16880147598242337126
7.420000             -0.17790830548865127492
7.425000             -0.18687148838349496027
7.430000             -0.19567687953113463428
7.435000             -0.20431093306439299107
7.440000             -0.21275595612287245828
7.445000             -0.22099336977622302536
7.450000             -0.22900364905452352815
7.455000             -0.23676547347724219428
7.460000             -0.24426307638600205929
7.465000             -0.25148313699113133968
7.470000             -0.25841426581432597187
7.475000             -0.26504572667272513486
7.480000             -0.27136945325172362464
7.485000             -0.27737721470843357263
7.490000             -0.28306232551715471146
7.495000             -0.28841986480356257561
7.500000             -0.29344793241610783729
7.505000             -0.29814614659228827476
7.510000             -0.30251558814503320960
7.515000             -0.30655797278167212783
7.520000             -0.31027536743617545323
7.525000             -0.31366981695992401935
7.530000             -0.31674288304363529267
7.535000             -0.31949597466476853391
7.540000             -0.32192883663726212795
7.545000             -0.32404060840696768953
7.550000             -0.32582866359760837005
7.555000             -0.32728943634213808478
7.560000             -0.32841981218911658891
7.565000             -0.32921853703556591686
7.570000             -0.32968192511883304130
7.575000             -0.32980807013233015557
7.580000             -0.32959697932714171476
7.585000             -0.32904757065849959963
7.590000             -0.32815940449286673530
7.595000             -0.32694151460282150357
7.600000             -0.32539669535161608316
7.605000             -0.32352952369719056858
7.610000             -0.32135114381976864761
7.615000             -0.31887518511063772664
7.620000             -0.31611899328950299193
7.625000             -0.31310281189192706863
7.630000             -0.30985677080782930704
7.635000             -0.30641505346774666751
7.640000             -0.30281396696028328730
7.645000             -0.29909183566607022708
7.650000             -0.29528388162202567901
7.655000             -0.29142436335738430842
7.660000             -0.28754055028521435800
7.665000             -0.28365664912987842428
7.670000             -0.27979187251415971183
7.675000             -0.27596235013224645893
7.680000             -0.27218130339210838686
7.685000             -0.26845968366207489941
7.690000             -0.26480686309184470195
7.695000             -0.26123066698176855560
7.700000             -0.25773768020342890939
7.705000             -0.25433340590869063513
7.710000             -0.25102194601526894857
7.715000             -0.24780654328130452546
7.720000             -0.24468986468977488302
7.725000             -0.24167424991092695263
7.730000             -0.23876209777861365224
7.735000             -0.23595595949578937467
7.740000             -0.23325890277388922067
7.745000             -0.23067433363739059393
7.750000             -0.22820476677478279681
7.755000             -0.22585222976756186286
7.760000             -0.22361844028028232678
7.765000             -0.22150420440903559327
7.770000             -0.21950855804990157538
7.775000             -0.21763040830958327310
7.780000             -0.21586679962188565218
7.785000             -0.21421330159022139439
7.790000             -0.21266441954319934005
7.795000             -0.21121398433990976051
7.800000             -0.20985576006334671906
7.805000             -0.20858267462293292316
7.810000             -0.20738651102669977688
7.815000             -0.20625813916465390863
7.820000             -0.20518888700779230883
7.825000             -0.20416977405437428117
7.830000             -0.20319253407182208404
7.835000             -0.20224909496044732315
7.840000             -0.20133208135862046273
7.845000             -0.20043454528436621676
7.850000             -0.19955014804208823231
7.855000             -0.19867320299600621514
7.860000             -0.19779889327722405268
7.865000             -0.19692329590632162706
7.870000             -0.19604357089301299721
7.875000             -0.19515791488759665073
7.880000             -0.19426586465385334290
7.885000             -0.19336805118512434554
7.890000             -0.19246590674208938210
7.895000             -0.19156151420433842336
7.900000             -0.19065678785523790251
7.905000             -0.18975362896441533289
7.910000             -0.18885364409028992938
7.915000             -0.18795800245587057642
7.920000             -0.18706754987171983484
7.925000             -0.18618247656468242535
7.930000             -0.18530219188818489173
7.935000             -0.18442522223341581422
7.940000             -0.18354889280210090474
7.945000             -0.18266955580825910976
7.950000             -0.18178242724537460595
7.955000             -0.18088194795478396149
7.960000             -0.17996193416378447605
7.965000             -0.17901588204304397234
7.970000             -0.17803726530581295839
7.975000             -0.17701973192547473812
7.980000             -0.17595980135010769185
7.985000             -0.17485555943801239787
7.990000             -0.17371365263736404660
7.995000             -0.17254483317685287425
8.000000             -0.17136518604072603633
8.005000             -0.17019439382582238207
8.010000             -0.16905186620008261222
8.015000             -0.16795822057925630100
8.020000             -0.16693373791261031935
8.025000             -0.16599881899428822751
8.030000             -0.16517573233584084691
8.035000             -0.16448731875376923495
8.040000             -0.16395415560075518591
8.045000             -0.16359593559619747816
8.050000             -0.16342793481461365124
8.055000             -0.16346292118217964351
8.060000             -0.16370956990670260112
8.065000             -0.16417271946493686152
8.070000             -0.16485557965719188633
8.075000             -0.16575916578573246518
8.080000             -0.16688231822756935396
8.085000             -0.16822162181221148036
8.090000             -0.16977158890076080033
8.095000             -0.17152542978691465159
8.100000             -0.17347469164691620147
8.105000             -0.17561010281749747652
8.110000             -0.17792144022243636114
8.115000             -0.18039857742984460875
8.120000             -0.18303009451919940997
8.125000             -0.18580475883831060191
8.130000             -0.18871149032797929213
8.135000             -0.19173989595275339748
8.140000             -0.19488177293130146128
8.145000             -0.19813016802339195044
8.150000             -0.20148099014302400800
8.155000             -0.20493145029763357168
8.160000             -0.20848071472790480341
8.165000             -0.21212858555917668557
8.170000             -0.21587183536491733049
8.175000             -0.21970560140598130450
8.180000             -0.22361910947173296860
8.185000             -0.22759816996334020223
8.190000             -0.23162454970333229420
8.195000             -0.23567690723379433604
8.200000             -0.23972744092244702152
8.205000             -0.24374465361123601181
8.210000             -0.24769574455456935813
8.215000             -0.25154635894205479296
8.220000             -0.25526234087153920616
8.225000             -0.25880955483503520487
8.230000             -0.26215669579450256998
8.235000             -0.26527559783616389000
8.240000             -0.26814340938919001278
8.245000             -0.27073991766759075706
8.250000             -0.27304943043476714859
8.255000             -0.27505988902369166160
8.260000             -0.27676167573953452949
8.265000             -0.27814806178433187922
8.270000             -0.27921669841130231093
8.275000             -0.27996756273040052099
8.280000             -0.28040458791545641581
8.285000             -0.28053398412697128084
8.290000             -0.28036640940842677550
8.295000             -0.27991420163927666076
8.300000             -0.27919096891638928160
8.305000             -0.27821218068241104771
8.310000             -0.27699373204054184017
8.315000             -0.27555131856140452351
8.320000             -0.27389912988451053932
8.325000             -0.27205070220594962382
8.330000             -0.27001689099478065614
8.335000             -0.26780703131511879311
8.340000             -0.26542637382116757161
8.345000             -0.26287820989095112001
8.350000             -0.26016291947449537991
8.355000             -0.25727935776777688393
8.360000             -0.25422425577940804819
8.365000             -0.25099342526266965603
8.370000             -0.24758403089177921652
8.375000             -0.24399391524118996255
8.380000             -0.24022469854404207568
8.385000             -0.23628010813608252283
8.390000             -0.23216734924074663993
8.395000             -0.22789602524664279160
8.400000             -0.22347964301794936981
8.405000             -0.21893427682500257725
8.410000             -0.21427964559369491737
8.415000             -0.20953783482156643214
8.420000             -0.20473648468255167820
8.425000             -0.19990606203807020913
8.430000             -0.19507810469377326323
8.435000             -0.19028518841937874795
8.440000             -0.18555697310968968794
8.445000             -0.18092194067214534270
8.450000             -0.17640341640385898137
8.455000             -0.17202046685094371514
8.460000             -0.16778836407689043386
8.465000             -0.16371854403784982801
8.470000             -0.15981830635133642549
8.475000             -0.15609106629283434065
8.480000             -0.15253673995784344797
8.485000             -0.14915467583508021376
8.490000             -0.14594345965826832634
8.495000             -0.14290181770161389241
8.500000             -0.14002792098438709978
8.505000             -0.13732161098164563651
8.510000             -0.13478516092656922520
8.515000             -0.13242102326845281435
8.520000             -0.13023172905451130266
8.525000             -0.12822116669845354253
8.530000             -0.12639478462752806731
8.535000             -0.12475902448622569474
8.540000             -0.12332131914652058602
8.545000             -0.12208990829116067589
8.550000             -0.12107420074077435146
8.555000             -0.12028367383845933736
8.560000             -0.11972958457023294421
8.565000             -0.11942324983493562973
8.570000             -0.11937570912099600140
8.575000             -0.11959780563890830274
8.580000             -0.12009673076302851413
8.585000             -0.12087786311484351176
8.590000             -0.12194419125607279530
8.595000             -0.12329154006267031840
8.600000             -0.12491332519842934801
8.605000             -0.12679931770745567210
8.610000             -0.12893614840732559035
8.615000             -0.13130824806064059218
8.620000             -0.13390055690908944652
8.625000             -0.13669744885779186450
8.630000             -0.13968407448248809644
8.635000             -0.14284636620382348826
8.640000             -0.14617233658036593580
8.645000             -0.14965149032099367421
8.650000             -0.15327512201152448945
8.655000             -0.15703630118411224248
8.660000             -0.16092903194530266964
8.665000             -0.16494850988829157235
8.670000             -0.16908777398178786999
8.675000             -0.17333944628304462365
8.680000             -0.17768999943512392425
8.685000             -0.18212308369540419761
8.690000             -0.18661986777703060136
8.695000             -0.19115908746361734427
8.700000             -0.19571840927690822842
8.705000             -0.20027354087546350714
8.710000             -0.20479761926194980926
8.715000             -0.20926151146898186450
8.720000             -0.21363615060338081442
8.725000             -0.21789148554019113768
8.730000             -0.22199801128311069665
8.735000             -0.22592849072369036723
8.740000             -0.22965699473876893810
8.745000             -0.23315960172229752145
8.750000             -0.23641608398197166974
8.755000             -0.23940961397088961204
8.760000             -0.24212701533174146862
8.765000             -0.24455714185772492453
8.770000             -0.24669331615004225222
8.775000             -0.24853174686293463824
8.780000             -0.25007267980256736584
8.785000             -0.25131922169537967982
8.790000             -0.25228281215842596197
8.795000             -0.25297952005868096226
8.800000             -0.25343164892401576216
8.805000             -0.25366535581286403511
8.810000             -0.25370421701191886443
8.815000             -0.25357181988345817159
8.820000             -0.25328757319176437024
8.825000             -0.25286865331754498909
8.830000             -0.25232987796762362809
8.835000             -0.25168424690938717703
8.840000             -0.25094404209750170720
8.845000             -0.25011978294802222900
8.850000             -0.24921984677786429563
8.855000             -0.24825077028869887985
8.860000             -0.24721640298653863033
8.865000             -0.24611871183519751227
8.870000             -0.24495726288742325494
8.875000             -0.24373035517724495058
8.880000             -0.24243547770906273553
8.885000             -0.24106998161419493365
8.890000             -0.23963199001168297708
8.895000             -0.23812068136525510464
8.900000             -0.23653586927093758763
8.905000             -0.23487875083719850222
8.910000             -0.23315060766736794839
8.915000             -0.23135383418950583589
8.920000             -0.22949159197614871220
8.925000             -0.22756799749069850369
8.930000             -0.22558910062073073144
8.935000             -0.22356188520828790267
8.940000             -0.22149635598934222513
8.945000             -0.21940348218988678375
8.950000             -0.21729584125973838704
8.955000             -0.21518622735531936496
8.960000             -0.21308731160117952430
8.965000             -0.21101109329056169650
8.970000             -0.20896835053579515540
8.975000             -0.20696867852012440503
8.980000             -0.20501813749508454587
8.985000             -0.20312085236332480531
8.990000             -0.20127724724882306573
8.995000             -0.19948583088850718736
9.000000             -0.19774282619168911945
9.005000             -0.19604332384256215049
9.010000             -0.19438089282447418293
9.015000             -0.19274862145644719447
9.020000             -0.19113989607782161384
9.025000             -0.18954851842663517081
9.030000             -0.18796939785303734549
9.035000             -0.18639833207230052659
9.040000             -0.18483244720518016146
9.045000             -0.18326981082840873571
9.050000             -0.18171120879168659035
9.055000             -0.18015871241681954973
9.060000             -0.17861637865224760935
9.065000             -0.17708919163042649569
9.070000             -0.17558275113006471813
9.075000             -0.17410284813382972957
9.080000             -0.17265551384884664232
9.085000             -0.17124658176947257782
9.090000             -0.16988142135729172866
9.095000             -0.16856486476672191688
9.100000             -0.16730115581931709334
9.105000             -0.16609395638828319819
9.110000             -0.16494718657461948652
9.115000             -0.16386462534862436535
9.120000             -0.16285154678061067313
9.125000             -0.16191381214475022987
9.130000             -0.16105872385127847912
9.135000             -0.16029446179245182558
9.140000             -0.15962914708219433368
9.145000             -0.15907133340734541660
9.150000             -0.15862990538475013613
9.155000             -0.15831415260777231824
9.160000             -0.15813270051069822086
9.165000             -0.15809405665231374138
9.170000             -0.15820537046732752184
9.175000             -0.15847307450314793154
9.180000             -0.15890212175732468247
9.185000             -0.15949634415557453759
9.190000             -0.16025823742930814242
9.195000             -0.16118898395059791384
9.200000             -0.16228769006485568860
9.205000             -0.16355177964865430518
9.210000             -0.16497641692943221248
9.215000             -0.16655498654638753453
9.220000             -0.16827821931007599932
9.225000             -0.17013505502631842692
9.230000             -0.17211025490315096098
9.235000             -0.17418641866705986132
9.240000             -0.17634433606121671656
9.245000             -0.17856362901633721085
9.250000             -0.18082456336703311983
9.255000             -0.18310760086875443875
9.260000             -0.18539382405478438409
9.265000             -0.18766498294323499807
9.270000             -0.18990394665140494790
9.275000             -0.19209459713950896576
9.280000             -0.19422522745439976810
9.285000             -0.19628643470714987607
9.290000             -0.19827265269907851097
9.295000             -0.20018065807615015306
9.300000             -0.20201004465492933271
9.305000             -0.20376224519012295366
9.310000             -0.20544238209705439901
9.315000             -0.20705747330136059503
9.320000             -0.20861567462233157610
9.325000             -0.21012597526605147902
9.330000             -0.21159639885879691357
9.335000             -0.21303463111536041774
9.340000             -0.21444787705543175149
9.345000             -0.21584282160928866534
9.350000             -0.21722329006073265445
9.355000             -0.21859164616571585826
9.360000             -0.21994755811684382762
9.365000             -0.22128908717702244768
9.370000             -0.22261318578274358337
9.375000             -0.22391585212814868466
9.380000             -0.22519236177767848472
9.385000             -0.22643748628948676127
9.390000             -0.22764551004921804167
9.395000             -0.22881055538834943475
9.400000             -0.22992637727752088250
9.405000             -0.23098681021008365954
9.410000             -0.23198619393940075883
9.415000             -0.23291939032775710317
9.420000             -0.23378235964138904812
9.425000             -0.23457191244552375031
9.430000             -0.23528644682543636835
9.435000             -0.23592541476430389791
9.440000             -0.23648948311294659685
9.445000             -0.23698018316112015591
9.450000             -0.23739994841627981570
9.455000             -0.23775179328417236913
9.460000             -0.23803976011936089918
9.465000             -0.23826834568079705012
9.470000             -0.23844211532667372588
9.475000             -0.23856563536310185225
9.480000             -0.23864351863995084124
9.485000             -0.23868023853309960902
9.490000             -0.23867953127616606257
9.495000             -0.23864469848651911899
9.500000             -0.23857813769184377239
9.505000             -0.23848173819327933565
9.510000             -0.23835701869506334405
9.515000             -0.23820525250578747367
9.520000             -0.23802731684497435705
9.525000             -0.23782398011622965517
9.530000             -0.23759558425869062304
9.535000             -0.23734243473404212366
9.540000             -0.23706452489435911324
9.545000             -0.23676188148187310434
9.550000             -0.23643384163760883254
9.555000             -0.23607961739865596096
9.560000             -0.23569718170929249146
9.565000             -0.23528406241321009329
9.570000             -0.23483653547523386518
9.575000             -0.23435025604459355786
9.580000             -0.23382020739093123396
9.585000             -0.23324085433569291537
9.590000             -0.23260693628998868610
9.595000             -0.23191303521035783186
9.600000             -0.23115528541340399360
9.605000             -0.23033028321266987848
9.610000             -0.22943644118865513803
9.615000             -0.22847299973838422482
9.620000             -0.22744011418602336216
9.625000             -0.22633864960378222153
9.630000             -0.22517109931554360469
9.635000             -0.22394100614390113901
9.640000             -0.22265339893397906312
9.645000             -0.22131444496030613922
9.650000             -0.21993114058729149041
9.655000             -0.21851137235933223990
9.660000             -0.21706421640147341434
9.665000             -0.21559960995572458042
9.670000             -0.21412771642822051033
9.675000             -0.21265904279493524909
9.680000             -0.21120288080359797545
9.685000             -0.20976801521658386407
9.690000             -0.20836195645208144267
9.695000             -0.20699130802731133261
9.700000             -0.20566099581445307365
9.705000             -0.20437469220489998256
9.710000             -0.20313328982328801575
9.715000             -0.20193591390317461309
9.720000             -0.20077867443810920589
9.725000             -0.19965576381455102384
9.730000             -0.19856030060666521320
9.735000             -0.19748432545015248696
9.740000             -0.19641980904758601922
9.745000             -0.19535844399874133237
9.750000             -0.19429174111198951880
9.755000             -0.19321130012595105763
9.760000             -0.19210981840846855229
9.765000             -0.19098080565344080495
9.770000             -0.18982058005758539743
9.775000             -0.18862717328145164886
9.780000             -0.18740106066191913881
9.785000             -0.18614450113608885240
9.790000             -0.18486124647072277316
9.795000             -0.18355636096325819717
9.800000             -0.18223645771609212063
9.805000             -0.18090915746497934768
9.810000             -0.17958305402773977466
9.815000             -0.17826723292275847843
9.820000             -0.17697051973316013651
9.825000             -0.17570144380888597091
9.830000             -0.17446820461257062096
9.835000             -0.17327836053463113730
9.840000             -0.17213813408111625081
9.845000             -0.17105263290906136397
9.850000             -0.17002461859128575883
9.855000             -0.16905532242120904773
9.860000             -0.16814384621288952504
9.865000             -0.16728789063026852646
9.870000             -0.16648391435956694240
9.875000             -0.16572753278686658263
9.880000             -0.16501376500682793380
9.885000             -0.16433735400832008566
9.890000             -0.16369314456126524138
9.895000             -0.16307624002882353809
9.900000             -0.16248284325804057682
9.905000             -0.16190997464290321495
9.910000             -0.16135630826962710227
9.915000             -0.16082164887167288425
9.920000             -0.16030658362639713110
9.925000             -0.15981246511447014247
9.930000             -0.15934103965256979363
9.935000             -0.15889440403290763792
9.940000             -0.15847511732867677892
9.945000             -0.15808582975353527300
9.950000             -0.15772892718444694871
9.955000             -0.15740641224885371097
9.960000             -0.15712006510988751895
9.965000             -0.15687111617139976039
9.970000             -0.15666081797695771693
9.975000             -0.15648999198186100412
9.980000             -0.15635961387397870337
9.985000             -0.15627035982156417537
9.990000             -0.15622487142594870813
9.995000             -0.15622645179788441361
10.000000             -0.15628070474233229925
10.005000             -0.15639443121333232445
10.010000             -0.15657408891370860893
10.015000             -0.15682661768681252501
10.020000             -0.15715897524246671968
10.025000             -0.15757855524313657547
10.030000             -0.15809181757853157935
10.035000             -0.15870517787134238996
10.040000             -0.15942274911361845047
10.045000             -0.16024774935717037150
10.050000             -0.16118246464541019503
10.055000             -0.16222832702338935151
10.060000             -0.16338577772317824932
10.065000             -0.16465419892679158953
10.070000             -0.16603196216922397332
10.075000             -0.16751622625799014732
10.080000             -0.16910356658194122814
10.085000             -0.17078951292212132818
10.090000             -0.17256893711016091375
10.095000             -0.17443585492476557097
10.100000             -0.17638374820063235093
10.105000             -0.17840558717194868188
10.110000             -0.18049392687962753645
10.115000             -0.18264120057112681605
10.120000             -0.18484021834212008284
10.125000             -0.18708426189103524728
10.130000             -0.18936828133794733620
10.135000             -0.19168842816870534929
10.140000             -0.19404197759305816251
10.145000             -0.19642735654675264056
10.150000             -0.19884298040144512965
10.155000             -0.20128781468416123701
10.160000             -0.20375999957086701753
10.165000             -0.20625751620223692351
10.170000             -0.20877632076945454309
10.175000             -0.21131131032706543249
10.180000             -0.21385452317407105394
10.185000             -0.21639617895460797059
10.190000             -0.21892516299865916185
10.195000             -0.22142883325493048496
10.200000             -0.22389454347628659492
10.205000             -0.22630879054873981326
10.210000             -0.22865912195076443236
10.215000             -0.23093305600403205013
10.220000             -0.23311812772634687985
10.225000             -0.23520201810552315846
10.230000             -0.23717176546007207039
10.235000             -0.23901468019407129395
10.240000             -0.24071805036101806552
10.245000             -0.24226992186939641516
10.250000             -0.24365873252452169284
10.255000             -0.24487401992717844346
10.260000             -0.24590652273482319079
10.265000             -0.24674836322429363755
10.270000             -0.24739339963813994361
10.275000             -0.24783691733103535570
10.280000             -0.24807609451084289276
10.285000             -0.24810932479201919243
10.290000             -0.24793665189103716862
10.295000             -0.24755893617996216349
10.300000             -0.24697764275504663356
10.305000             -0.24619439867224551799
10.310000             -0.24521087853160236647
10.315000             -0.24402850877629350679
10.320000             -0.24264905859758567619
10.325000             -0.24107415813191096499
10.330000             -0.23930575263819148235
10.335000             -0.23734587587947247878
10.340000             -0.23519725706549876598
10.345000             -0.23286316631751347028
10.350000             -0.23034859256070347455
10.355000             -0.22765979245647424700
10.360000             -0.22480470911066044448
10.365000             -0.22179286512391391262
10.370000             -0.21863504218860799200
10.375000             -0.21534351600382731218
10.380000             -0.21193119766085360967
10.385000             -0.20841208180216311274
10.390000             -0.20480076937723690200
10.395000             -0.20111256127665888549
10.400000             -0.19736307398914071376
10.405000             -0.19356810833649901182
10.410000             -0.18974290606443980356
10.415000             -0.18590215997399170411
10.420000             -0.18205993752315838274
10.425000             -0.17822937496860813411
10.430000             -0.17442288264986999247
10.435000             -0.17065178523477564365
10.440000             -0.16692665541893664249
10.445000             -0.16325705845752974676
10.450000             -0.15965203668011301863
10.455000             -0.15611996375315487229
10.460000             -0.15266916162484225894
10.465000             -0.14930591416375477154
10.470000             -0.14603576888890720809
10.475000             -0.14286465313783117126
10.480000             -0.13979732352379270477
10.485000             -0.13683892043943032824
10.490000             -0.13399439887676536931
10.495000             -0.13126968234530958513
10.500000             -0.12867364458172594888
10.505000             -0.12621694253062543112
10.510000             -0.12391204524775824292
10.515000             -0.12177278077199593653
10.520000             -0.11981320325492668399
10.525000             -0.11804752015794842124
10.530000             -0.11648861054787883196
10.535000             -0.11514830176267261408
10.540000             -0.11403793559410727032
10.545000             -0.11316425693966854216
10.550000             -0.11253027334235793377
10.555000             -0.11213960235780831565
10.560000             -0.11200015185046144350
10.565000             -0.11211459648833016489
10.570000             -0.11247767351119573875
10.575000             -0.11308837013706374286
10.580000             -0.11394438802729210669
10.585000             -0.11503982838928972221
10.590000             -0.11636798252633272222
10.595000             -0.11792094988218224105
10.600000             -0.11968815101260814326
10.605000             -0.12165783232807829417
10.610000             -0.12381623162924257353
10.615000             -0.12614868690793593076
10.620000             -0.12863938879802927495
10.625000             -0.13127219420518373982
10.630000             -0.13403142974079934602
10.635000             -0.13690166448323393134
10.640000             -0.13986817045222518785
10.645000             -0.14291667648396669255
10.650000             -0.14603313628163977489
10.655000             -0.14920362431267628067
10.660000             -0.15241438147883079601
10.665000             -0.15565157104247051567
10.670000             -0.15890245359333921016
10.675000             -0.16215442180062220046
10.680000             -0.16539571137716413407
10.685000             -0.16861468768359896830
10.690000             -0.17180012459557270077
10.695000             -0.17494085953923008137
10.700000             -0.17802623391530128516
10.705000             -0.18104583168352353373
10.710000             -0.18399008471121386377
10.715000             -0.18685001233753478767
10.720000             -0.18961818383556658385
10.725000             -0.19228825074885289026
10.730000             -0.19485599050643997998
10.735000             -0.19731868651686126914
10.740000             -0.19967611667156215383
10.745000             -0.20192981123175823832
10.750000             -0.20408220128536191940
10.755000             -0.20613684522132949550
10.760000             -0.20809651612835214363
10.765000             -0.20996429290508750176
10.770000             -0.21174213196404648163
10.775000             -0.21343191514568110589
10.780000             -0.21503463134197556283
10.785000             -0.21655028985730773172
10.790000             -0.21797850069275576113
10.795000             -0.21931809912024385900
10.800000             -0.22056676534327701589
10.805000             -0.22172113978335389328
10.810000             -0.22277704360222694291
10.815000             -0.22372939962998822372
10.820000             -0.22457217131150253309
10.825000             -0.22529890417783504653
10.830000             -0.22590294561684506891
10.835000             -0.22637762991817736435
10.840000             -0.22671707064634119555
10.845000             -0.22691615584057467370
10.850000             -0.22697148575876774368
10.855000             -0.22688095993661627769
10.860000             -0.22664457416946565127
10.865000             -0.22626514532120059475
10.870000             -0.22574793558371336610
10.875000             -0.22509943245131527889
10.880000             -0.22432843773131827536
10.885000             -0.22344580089293389347
10.890000             -0.22246236270180830275
10.895000             -0.22138908619678487888
10.900000             -0.22023582122493373658
10.905000             -0.21901192754950302155
10.910000             -0.21772592405419069483
10.915000             -0.21638524535398220849
10.920000             -0.21499634043569568198
10.925000             -0.21356450365595908147
10.930000             -0.21209346387133176659
10.935000             -0.21058557761345683690
10.940000             -0.20904141056035602242
10.945000             -0.20746030142175503341
10.950000             -0.20584000599120563790
10.955000             -0.20417744183464350827
10.960000             -0.20246889164679690576
10.965000             -0.20071054157324649814
10.970000             -0.19889895006961813562
10.975000             -0.19703132982460461187
10.980000             -0.19510602314915942435
10.985000             -0.19312255857367424672
10.990000             -0.19108226376705908511
10.995000             -0.18898794905287766288
11.000000             -0.18684468724613997881
11.005000             -0.18465907968872749545
11.010000             -0.18244006972724799431
11.015000             -0.18019790852993980423
11.020000             -0.17794577621414961466
11.025000             -0.17569807526324973668
11.030000             -0.17347183865217793985
11.035000             -0.17128501780541155464
11.040000             -0.16915467512242923775
11.045000             -0.16709731670069966070
11.050000             -0.16512616685296990782
11.055000             -0.16325261306262886518
11.060000             -0.16148520126650042772
11.065000             -0.15983054687649420056
11.070000             -0.15829376104283479632
11.075000             -0.15687863900883439183
11.080000             -0.15558735994307215655
11.085000             -0.15442106954396375706
11.090000             -0.15337930593150858605
11.095000             -0.15246079587165936586
11.100000             -0.15166305487541109631
11.105000             -0.15098308629799653269
11.110000             -0.15041670389024339172
11.115000             -0.14995931156636321813
11.120000             -0.14960642433733484236
11.125000             -0.14935360406778347420
11.130000             -0.14919792953713517658
11.135000             -0.14913707627927091925
11.140000             -0.14917059880585736842
11.145000             -0.14929882531493571252
11.150000             -0.14952268174326580064
11.155000             -0.14984334541713409394
11.160000             -0.15026170838418204112
11.165000             -0.15077838536394538860
11.170000             -0.15139391884459993398
11.175000             -0.15210849675746490606
11.180000             -0.15292189980145473593
11.185000             -0.15383343547462416390
11.190000             -0.15484156965918363658
11.195000             -0.15594416135361841014
11.200000             -0.15713818128330914181
11.205000             -0.15842001951022979811
11.210000             -0.15978494716966465394
11.215000             -0.16122765189135845887
11.220000             -0.16274228423469935811
11.225000             -0.16432268565968680130
11.230000             -0.16596278946224268802
11.235000             -0.16765655974386073357
11.240000             -0.16939823336138851162
11.245000             -0.17118223859913492269
11.250000             -0.17300310050826778197
11.255000             -0.17485548770943018515
11.260000             -0.17673444922521483469
11.265000             -0.17863523018067245518
11.270000             -0.18055385641424828713
11.275000             -0.18248667199805693184
11.280000             -0.18443025490541989364
11.285000             -0.18638129693608623816
11.290000             -0.18833612953573430904
11.295000             -0.19029090423647507246
11.300000             -0.19224075163543213884
11.305000             -0.19418029741885453610
11.310000             -0.19610340384960425753
11.315000             -0.19800345770783531196
11.320000             -0.19987341661444632535
11.325000             -0.20170593489253602071
11.330000             -0.20349386540317696004
11.335000             -0.20523009525544616549
11.340000             -0.20690791425571161688
11.345000             -0.20852087760947202177
11.350000             -0.21006281513054417265
11.355000             -0.21152789264695748273
11.360000             -0.21291065439453613073
11.365000             -0.21420607267234006987
11.370000             -0.21540953535868664903
11.375000             -0.21651690040919577274
11.380000             -0.21752441874228717333
11.385000             -0.21842878646581720403
11.390000             -0.21922716632832947581
11.395000             -0.21991713860303369055
11.400000             -0.22049714965996994320
11.405000             -0.22096615367702276966
11.410000             -0.22132367232997390838
11.415000             -0.22156960641887374353
11.420000             -0.22170396469779019011
11.425000             -0.22172690677184947461
11.430000             -0.22163879528145266629
11.435000             -0.22144012095723589195
11.440000             -0.22113152048565826169
11.445000             -0.22071375604255938363
11.450000             -0.22018797829084510442
11.455000             -0.21955559333490456964
11.460000             -0.21881816142159590810
11.465000             -0.21797748777069622661
11.470000             -0.21703524766949652824
11.475000             -0.21599328234066503263
11.480000             -0.21485341256136958332
11.485000             -0.21361765294153381434
11.490000             -0.21228785786592244134
11.495000             -0.21086601302769811261
11.500000             -0.20935380324249838746
11.505000             -0.20775293535737057726
11.510000             -0.20606526105699696227
11.515000             -0.20429274395622284977
11.520000             -0.20243808245765820830
11.525000             -0.20050429358423890736
11.530000             -0.19849537236248698813
11.535000             -0.19641576176483122040
11.540000             -0.19427045845919510558
11.545000             -0.19206478757633102528
11.550000             -0.18980458356485752081
11.555000             -0.18749598096941730296
11.560000             -0.18514537777574785471
11.565000             -0.18275939550523276345
11.570000             -0.18034477298455645067
11.575000             -0.17790841065215673433
11.580000             -0.17545712309790528760
11.585000             -0.17299778900544687810
11.590000             -0.17053711362273965557
11.595000             -0.16808178269719606379
11.600000             -0.16563862655096817100
11.605000             -0.16321451434576381145
11.610000             -0.16081669791448804929
11.615000             -0.15845253145511911663
11.620000             -0.15612990195680773176
11.625000             -0.15385683796887675290
11.630000             -0.15164212130020643388
11.635000             -0.14949474920514951859
11.640000             -0.14742407053498512992
11.645000             -0.14543951319442524617
11.650000             -0.14355045807392752266
11.655000             -0.14176617981477518393
11.660000             -0.14009583296753097548
11.665000             -0.13854838907354966038
11.670000             -0.13713214117727251518
11.675000             -0.13585496166349977920
11.680000             -0.13472364615540330379
11.685000             -0.13374433671772073540
11.690000             -0.13292195243157672868
11.695000             -0.13226061296159846714
11.700000             -0.13176324020621060784
11.705000             -0.13143189760943904676
11.710000             -0.13126730371227079974
11.715000             -0.13126922632431609061
11.720000             -0.13143620424655630408
11.725000             -0.13176584007321956449
11.730000             -0.13225496896199490093
11.735000             -0.13289968605051510897
11.740000             -0.13369558272385878572
11.745000             -0.13463770380862721820
11.750000             -0.13572023471167019015
11.755000             -0.13693678680581083951
11.760000             -0.13828057662276460604
11.765000             -0.13974446842471338615
11.770000             -0.14132180361319832129
11.775000             -0.14300600583807043797
11.780000             -0.14479146939411308148
11.785000             -0.14667300633091007178
11.790000             -0.14864673198144401356
11.795000             -0.15070940897447562823
11.800000             -0.15285861160120167712
11.805000             -0.15509242931409381039
11.810000             -0.15740882702360298184
11.815000             -0.15980585993525731059
11.820000             -0.16228084265219613891
11.825000             -0.16483077277191807153
11.830000             -0.16745195319746439266
11.835000             -0.17014020957424780267
11.840000             -0.17289056992349857711
11.845000             -0.17569745198850414414
11.850000             -0.17855426636483653913
11.855000             -0.18145368366659814230
11.860000             -0.18438769642241570335
11.865000             -0.18734767781636846307
11.870000             -0.19032449590152197838
11.875000             -0.19330857337157239528
11.880000             -0.19628977987358575685
11.885000             -0.19925767203914518388
11.890000             -0.20220165788981445121
11.895000             -0.20511112703815598257
11.900000             -0.20797578775255989858
11.905000             -0.21078567225657007800
11.910000             -0.21353112089041698107
11.915000             -0.21620293406829238503
11.920000             -0.21879231454173994620
11.925000             -0.22129099616122388516
11.930000             -0.22369099274843801117
11.935000             -0.22598477619912926695
11.940000             -0.22816525981451152294
11.945000             -0.23022654592917318750
11.950000             -0.23216609104995403201
11.955000             -0.23398189954120984790
11.960000             -0.23567217591384259645
11.965000             -0.23723579961844262765
11.970000             -0.23867278510156178517
11.975000             -0.23998454907224628374
11.980000             -0.24117014887894819286
11.985000             -0.24222634326513228786
11.990000             -0.24314996594761589810
11.995000             -0.24393783646446434710
12.000000             -0.24458573687125409468
12.005000             -0.24508913050982103488
12.010000             -0.24544359216960859316
12.015000             -0.24564497259381334882
12.020000             -0.24568994429996229845
12.025000             -0.24557614719884002241
12.030000             -0.24530209850450573894
12.035000             -0.24486700262001834250
12.040000             -0.24427138347898735837
12.045000             -0.24351633885934836909
12.050000             -0.24260313509489481176
12.055000             -0.24153419344590656981
12.060000             -0.24031239810297630455
12.065000             -0.23894077776308211836
12.070000             -0.23742300324973975023
12.075000             -0.23576306708531538647
12.080000             -0.23396525055190831033
12.085000             -0.23203370021729352590
12.090000             -0.22997246748432892405
12.095000             -0.22778535508752531524
12.100000             -0.22547660329021970704
12.105000             -0.22305041530549754580
12.110000             -0.22051118186066226423
12.115000             -0.21786341616477483685
12.120000             -0.21511245989785443555
12.125000             -0.21226422189380869665
12.130000             -0.20932546362337819956
12.135000             -0.20630377974624733439
12.140000             -0.20320755085741071255
12.145000             -0.20004608050149136345
12.150000             -0.19682901339334590851
12.155000             -0.19356671515096288139
12.160000             -0.19027003105163894925
12.165000             -0.18695037112476578511
12.170000             -0.18361957001230308495
12.175000             -0.18028975750955739121
12.180000             -0.17697300633217397103
12.185000             -0.17368122373136959946
12.190000             -0.17042551337712563697
12.195000             -0.16721625275209442418
12.200000             -0.16406302997021299239
12.205000             -0.16097449443438746619
12.210000             -0.15795864703321046973
12.215000             -0.15502258358530204840
12.220000             -0.15217246359071068262
12.225000             -0.14941357024145568433
12.230000             -0.14675042437884708302
12.235000             -0.14418623266913396797
12.240000             -0.14172267694304852004
12.245000             -0.13936125719550579438
12.250000             -0.13710293919651178607
12.255000             -0.13494783891780659513
12.260000             -0.13289635376091227248
12.265000             -0.13094960198808730523
12.270000             -0.12910902497713380721
12.275000             -0.12737682149961343514
12.280000             -0.12575627811866649242
12.285000             -0.12425137039167685749
12.290000             -0.12286680962202198297
12.295000             -0.12160764952587577170
12.300000             -0.12047921718945284186
12.305000             -0.11948675611237259686
12.310000             -0.11863489033618471180
12.315000             -0.11792771012079310278
12.320000             -0.11736887352350965086
12.325000             -0.11696118234070264352
12.330000             -0.11670639225287067486
12.335000             -0.11660510117249067719
12.340000             -0.11665661429710014185
12.345000             -0.11685908574354691991
12.350000             -0.11720885614263611141
12.355000             -0.11770152159402556824
12.360000             -0.11833231752667240644
12.365000             -0.11909556611337575316
12.370000             -0.11998553224779427706
12.375000             -0.12099678773345003135
12.380000             -0.12212415357399825089
12.385000             -0.12336284081189705097
12.390000             -0.12470873296211042180
12.395000             -0.12615852603000946019
12.400000             -0.12770976838156541944
12.405000             -0.12936074654200022116
12.410000             -0.13111034501868210067
12.415000             -0.13295791095146924921
12.420000             -0.13490328143181984366
12.425000             -0.13694637312915028393
12.430000             -0.13908716310894700396
12.435000             -0.14132525988573813036
12.440000             -0.14365935060866286133
12.445000             -0.14608715837139349403
12.450000             -0.14860512407210407781
12.455000             -0.15120845111747927003
12.460000             -0.15389114559250291481
12.465000             -0.15664606947689813099
12.470000             -0.15946462235851827094
12.475000             -0.16233720129789835918
12.480000             -0.16525336664209214210
12.485000             -0.16820218939005965320
12.490000             -0.17117256987297105320
12.495000             -0.17415351479437485294
12.500000             -0.17713398978811456530
12.505000             -0.18010339856684240423
12.510000             -0.18305152046087341811
12.515000             -0.18596882935833736195
12.520000             -0.18884626804180293380
12.525000             -0.19167548050961966122
12.530000             -0.19444925088034817340
12.535000             -0.19716114750940622047
12.540000             -0.19980593343737146350
12.545000             -0.20237900918187781696
12.550000             -0.20487655511703989353
12.555000             -0.20729504011817151410
12.560000             -0.20963170856026824840
12.565000             -0.21188392282213516782
12.570000             -0.21404967444041159141
12.575000             -0.21612708527162638461
12.580000             -0.21811483465874967336
12.585000             -0.22001221204954390931
12.590000             -0.22181788426814974535
12.595000             -0.22353025799405940033
12.600000             -0.22514766682070763704
12.605000             -0.22666814641102195349
12.610000             -0.22808870773777933927
12.615000             -0.22940605358116400447
12.620000             -0.23061658482145594440
12.625000             -0.23171711996243168907
12.630000             -0.23270454197523060547
12.635000             -0.23357598807161902843
12.640000             -0.23432905974135545546
12.645000             -0.23496197140804161996
12.650000             -0.23547347633494183916
12.655000             -0.23586266911973571836
12.660000             -0.23612912091007617899
12.665000             -0.23627265325929733275
12.670000             -0.23629363878459705428
12.675000             -0.23619353939877699156
12.680000             -0.23597366329685712238
12.685000             -0.23563478296105627718
12.690000             -0.23517825728325225665
12.695000             -0.23460596425680779742
12.700000             -0.23391948227667047622
12.705000             -0.23312003190705762878
12.710000             -0.23220888900267958044
12.715000             -0.23118745906440860138
12.720000             -0.23005723324902491167
12.725000             -0.22881971404752640686
12.730000             -0.22747655500841448828
12.735000             -0.22602966766063176118
12.740000             -0.22448106589118471677
12.745000             -0.22283302327724152647
12.750000             -0.22108792420481193641
12.755000             -0.21924849080653902034
12.760000             -0.21731813899471544294
12.765000             -0.21530082077122761341
12.770000             -0.21320157565083017182
12.775000             -0.21102614738874833633
12.780000             -0.20878147889018924821
12.785000             -0.20647523338304318852
12.790000             -0.20411588856547963067
12.795000             -0.20171243461868318403
12.800000             -0.19927462880024476855
12.805000             -0.19681260287453494762
12.810000             -0.19433639004857694577
12.815000             -0.19185598845105203414
12.820000             -0.18938101011254035444
12.825000             -0.18692078503131798195
12.830000             -0.18448420577454824332
12.835000             -0.18207979126185958041
12.840000             -0.17971580603976852752
12.845000             -0.17740020110340201653
12.850000             -0.17514011504897911142
12.855000             -0.17294220854522981967
12.860000             -0.17081210225346388221
12.865000             -0.16875483900957174987
12.870000             -0.16677505534374142959
12.875000             -0.16487704340782743939
12.880000             -0.16306468094229237265
12.885000             -0.16134157027208168023
12.890000             -0.15971090845793697865
12.895000             -0.15817563167619974607
12.900000             -0.15673830077719069775
12.905000             -0.15540120941849658309
12.910000             -0.15416680801907903242
12.915000             -0.15303744971625651838
12.920000             -0.15201548600192099636
12.925000             -0.15110312967317182653
12.930000             -0.15030307722469474219
12.935000             -0.14961803914997878762
12.940000             -0.14905111280751090486
12.945000             -0.14860540957068060774
12.950000             -0.14828393968627509580
12.955000             -0.14808954942069676997
12.960000             -0.14802532470037912948
12.965000             -0.14809427858558793512
12.970000             -0.14829919597552587707
12.975000             -0.14864264880606406494
12.980000             -0.14912597698540139279
12.985000             -0.14974989290136975217
12.990000             -0.15051386333884897439
12.995000             -0.15141659832496462412
13.000000             -0.15245561873250587648
13.005000             -0.15362765600004940625
13.010000             -0.15492830387820788474
13.015000             -0.15635236061872084812
13.020000             -0.15789353669571559724
13.025000             -0.15954476119931920719
13.030000             -0.16129783676540815351
13.035000             -0.16314379090706654374
13.040000             -0.16507296020600062403
13.045000             -0.16707510962046903669
13.050000             -0.16914004736710638865
13.055000             -0.17125739860482436239
13.060000             -0.17341611119574348865
13.065000             -0.17560484873724901966
13.070000             -0.17781164119937575840
13.075000             -0.18002427915454755070
13.080000             -0.18223135458399888909
13.085000             -0.18442181322574363600
13.090000             -0.18658563158221777578
13.095000             -0.18871341135921321230
13.100000             -0.19079663596370996514
13.105000             -0.19282743655742184963
13.110000             -0.19479910608440798025
13.115000             -0.19670568494512880031
13.120000             -0.19854229766540421043
13.125000             -0.20030478895160730435
13.130000             -0.20198990795246818397
13.135000             -0.20359501588899406310
13.140000             -0.20511815926422380385
13.145000             -0.20655785266002876788
13.150000             -0.20791290185983551941
13.155000             -0.20918236904876927329
13.160000             -0.21036539502301362936
13.165000             -0.21146122778899992256
13.170000             -0.21246970350568331054
13.175000             -0.21339092272597048883
13.180000             -0.21422483413316667500
13.185000             -0.21497143646834634967
13.190000             -0.21563028971340436613
13.195000             -0.21620086581683989335
13.200000             -0.21668268311156427264
13.205000             -0.21707534467707273462
13.210000             -0.21737849955834920301
13.215000             -0.21759194971365167226
13.220000             -0.21771570455078412265
13.225000             -0.21775001590080969582
13.230000             -0.21769570474701815943
13.235000             -0.21755399428176105947
13.240000             -0.21732641399450913777
13.245000             -0.21701482776599867464
13.250000             -0.21662090240185152834
13.255000             -0.21614640641177632063
13.260000             -0.21559354837346719758
13.265000             -0.21496478415214315127
13.270000             -0.21426305509132212435
13.275000             -0.21349157869908932939
13.280000             -0.21265361931422743780
13.285000             -0.21175254113956418212
13.290000             -0.21079210564684022766
13.295000             -0.20977625178478936929
13.300000             -0.20870909465088505197
13.305000             -0.20759487062369566535
13.310000             -0.20643756050200548491
13.315000             -0.20524109968218418043
13.320000             -0.20400945752505367237
13.325000             -0.20274663264823095110
13.330000             -0.20145629953338145546
13.335000             -0.20014205317555508468
13.340000             -0.19880634409900810322
13.345000             -0.19745119844723385549
13.350000             -0.19607753402414090926
13.355000             -0.19468574493446091922
13.360000             -0.19327566079670793764
13.365000             -0.19184674200683776712
13.370000             -0.19039796172279965791
13.375000             -0.18892797848117925952
13.380000             -0.18743618097508502052
13.385000             -0.18592211910185338364
13.390000             -0.18438635333543501593
13.395000             -0.18282986722707947336
13.400000             -0.18125486051319208980
13.405000             -0.17966414740329178512
13.410000             -0.17806183447601139913
13.415000             -0.17645276606364840299
13.420000             -0.17484302093543399592
13.425000             -0.17323945182535102627
13.430000             -0.17164989958651064028
13.435000             -0.17008288747123356810
13.440000             -0.16854677929550873627
13.445000             -0.16705011550321255398
13.450000             -0.16560056196202263545
13.455000             -0.16420546855221881954
13.460000             -0.16287126748825583866
13.465000             -0.16160382170295234383
13.470000             -0.16040756158114921615
13.475000             -0.15928599304243554191
13.480000             -0.15824106198597634454
13.485000             -0.15727359034908050539
13.490000             -0.15638345501684969285
13.495000             -0.15556958965744815959
13.500000             -0.15483043038973806627
13.505000             -0.15416375443273414025
13.510000             -0.15356695484126242635
13.515000             -0.15303700014961482689
13.520000             -0.15257095433126097173
13.525000             -0.15216583347158035844
13.530000             -0.15181906649919194030
13.535000             -0.15152837055224535612
13.540000             -0.15129193028882531591
13.545000             -0.15110839396945779933
13.550000             -0.15097694297976022026
13.555000             -0.15089728906226160254
13.560000             -0.15086965129705423583
13.565000             -0.15089471418792727020
13.570000             -0.15097341154639562499
13.575000             -0.15110690611006463713
13.580000             -0.15129658303099713379
13.585000             -0.15154384587082209146
13.590000             -0.15185005613462956853
13.595000             -0.15221632446240751513
13.600000             -0.15264354348094391622
13.605000             -0.15313215728699491880
13.610000             -0.15368245610511924171
13.615000             -0.15429426421893685517
13.620000             -0.15496750760809679948
13.625000             -0.15570181778480682300
13.630000             -0.15649662996807556237
13.635000             -0.15735114349212303564
13.640000             -0.15826440226601043437
13.645000             -0.15923537722071398615
13.650000             -0.16026268036399374251
13.655000             -0.16134491862039770926
13.660000             -0.16248049330577235549
13.665000             -0.16366791722076115545
13.670000             -0.16490551214043158712
13.675000             -0.16619171961799400483
13.680000             -0.16752488005971841178
13.685000             -0.16890340316062024684
13.690000             -0.17032563024047653322
13.695000             -0.17178985371534566395
13.700000             -0.17329451481231891719
13.705000             -0.17483794513238481994
13.710000             -0.17641847486173542481
13.715000             -0.17803418039261045824
13.720000             -0.17968248598378899761
13.725000             -0.18136026450967235313
13.730000             -0.18306400197407424191
13.735000             -0.18478969891267199577
13.740000             -0.18653275843272401624
13.745000             -0.18828813166516639166
13.750000             -0.19004988874700545765
13.755000             -0.19181166608277128161
13.760000             -0.19356662467549501372
13.765000             -0.19530775704808592264
13.770000             -0.19702813142104855237
13.775000             -0.19872100295887576427
13.780000             -0.20038022408358485693
13.785000             -0.20200015671917168070
13.790000             -0.20357545871819740513
13.795000             -0.20510125128010278650
13.800000             -0.20657350155327858232
13.805000             -0.20798877281321581645
13.810000             -0.20934449983885808355
13.815000             -0.21063867592967344677
13.820000             -0.21186956817220906069
13.825000             -0.21303568403857112146
13.830000             -0.21413537354317246919
13.835000             -0.21516691574006929777
13.840000             -0.21612845213906831110
13.845000             -0.21701795077984040172
13.850000             -0.21783310450744897135
13.855000             -0.21857137155467243339
13.860000             -0.21923026507595252954
13.865000             -0.21980723129551260620
13.870000             -0.22029993479035436810
13.875000             -0.22070616819336041914
13.880000             -0.22102367139464840218
13.885000             -0.22125035438104687091
13.890000             -0.22138396204873547757
13.895000             -0.22142244550334774789
13.900000             -0.22136421246985601985
13.905000             -0.22120814654893128370
13.910000             -0.22095358588068106376
13.915000             -0.22060039667011532849
13.920000             -0.22014910381149935259
13.925000             -0.21960079250847014398
13.930000             -0.21895715966655454610
13.935000             -0.21822037372808955613
13.940000             -0.21739316531209729177
13.945000             -0.21647861391571335266
13.950000             -0.21548021940500283744
13.955000             -0.21440168336371626112
13.960000             -0.21324686770323678098
13.965000             -0.21201967099737503708
13.970000             -0.21072443782268537871
13.975000             -0.20936562308242345765
13.980000             -0.20794752083216305749
13.985000             -0.20647436942800675985
13.990000             -0.20495001071874704990
13.995000             -0.20337815335377532056
14.000000             -0.20176235236209882906
14.005000             -0.20010615206214860118
14.010000             -0.19841293801608864134
14.015000             -0.19668614902138203959
14.020000             -0.19492940339926470572
14.025000             -0.19314652152216280068
14.030000             -0.19134132017769464595
14.035000             -0.18951776475050613469
14.040000             -0.18767996560544367157
14.045000             -0.18583217449287875445
14.050000             -0.18397891877284341944
14.055000             -0.18212485491041191521
14.060000             -0.18027500279168795494
14.065000             -0.17843448650476506634
14.070000             -0.17660891885957219483
14.075000             -0.17480402100141101407
14.080000             -0.17302591892709204280
14.085000             -0.17128080624063088400
14.090000             -0.16957485299073932206
14.095000             -0.16791413709491609385
14.100000             -0.16630441129345074902
14.105000             -0.16475120467748630149
14.110000             -0.16325940385471746086
14.115000             -0.16183354209879322050
14.120000             -0.16047736590381397881
14.125000             -0.15919419380023186461
14.130000             -0.15798697397366937012
14.135000             -0.15685836415624726525
14.140000             -0.15581054207927175215
14.145000             -0.15484537999211123172
14.150000             -0.15396426317513170479
14.155000             -0.15316824512701340821
14.160000             -0.15245842270048579059
14.165000             -0.15183573319814128166
14.170000             -0.15130130486063556039
14.175000             -0.15085619557879387242
14.180000             -0.15050142211229092237
14.185000             -0.15023786424669571815
14.190000             -0.15006637980934292576
14.195000             -0.14998768442312748750
14.200000             -0.15000246721117613258
14.205000             -0.15011128350346503169
14.210000             -0.15031445200609269697
14.215000             -0.15061209294778984957
14.220000             -0.15100433516913741583
14.225000             -0.15149119327469109941
14.230000             -0.15207289007026711380
14.235000             -0.15274963820738993170
14.240000             -0.15352192116968038649
14.245000             -0.15439026602574026925
14.250000             -0.15535507488365063455
14.255000             -0.15641665500339091421
14.260000             -0.15757485833167300671
14.265000             -0.15882926833833538316
14.270000             -0.16017907549798843236
14.275000             -0.16162316074622282147
14.280000             -0.16315986217718175810
14.285000             -0.16478712351504787303
14.290000             -0.16650177120624598537
14.295000             -0.16829998566236958890
14.300000             -0.17017670067281046031
14.305000             -0.17212608404053345024
14.310000             -0.17414106861149852845
14.315000             -0.17621380391747343275
14.320000             -0.17833549166627529758
14.325000             -0.18049668121609738214
14.330000             -0.18268805469159329902
14.335000             -0.18490013158481319322
14.340000             -0.18712393064602433901
14.345000             -0.18935064328638373521
14.350000             -0.19157213125461719505
14.355000             -0.19378065256327703381
14.360000             -0.19596884091698896224
14.365000             -0.19812972956296814875
14.370000             -0.20025650018707544242
14.375000             -0.20234267118161633481
14.380000             -0.20438187976091651277
14.385000             -0.20636805512370937077
14.390000             -0.20829535414655764303
14.395000             -0.21015820776048801943
14.400000             -0.21195161715592908402
14.405000             -0.21367092312112015429
14.410000             -0.21531224538535467805
14.415000             -0.21687209156972997448
14.420000             -0.21834754553717955483
14.425000             -0.21973599375192620631
14.430000             -0.22103562515835997737
14.435000             -0.22224500358744869732
14.440000             -0.22336338669085539776
14.445000             -0.22439042457297000976
14.450000             -0.22532560100302098660
14.455000             -0.22616852443954757468
14.460000             -0.22691861301436216936
14.465000             -0.22757537272781860893
14.470000             -0.22813821851151491749
14.475000             -0.22860670655843254306
14.480000             -0.22898017379306917496
14.485000             -0.22925806518735186712
14.490000             -0.22943957164857592401
14.495000             -0.22952394683610358173
14.500000             -0.22951105315165326592
14.505000             -0.22940109309150449879
14.510000             -0.22919492859489415393
14.515000             -0.22889382236924152303
14.520000             -0.22849923209760775178
14.525000             -0.22801283343788947278
14.530000             -0.22743674533487559519
14.535000             -0.22677333776072589044
14.540000             -0.22602500987740703486
14.545000             -0.22519426743680576175
14.550000             -0.22428344379061448954
14.555000             -0.22329487381176632566
14.560000             -0.22223062818621572290
14.565000             -0.22109272907047564094
14.570000             -0.21988254759915834557
14.575000             -0.21860125746653305545
14.580000             -0.21724979496023583136
14.585000             -0.21582901874021034883
14.590000             -0.21433992857251768505
14.595000             -0.21278362316105306484
14.600000             -0.21116134817074086460
14.605000             -0.20947449814898480569
14.610000             -0.20772503679139567301
14.615000             -0.20591524847306599821
14.620000             -0.20404780453845883237
14.625000             -0.20212567335062300855
14.630000             -0.20015212766577406001
14.635000             -0.19813069334993951842
14.640000             -0.19606529298642091930
14.645000             -0.19396011310236918601
14.650000             -0.19181968660828213613
14.655000             -0.18964877772441832149
14.660000             -0.18745243099842759382
14.665000             -0.18523586884471976433
14.670000             -0.18300494573579456636
14.675000             -0.18076579364780187564
14.680000             -0.17852478595422444085
14.685000             -0.17628843866216517555
14.690000             -0.17406321617057463058
14.695000             -0.17185556566366130826
14.700000             -0.16967170072091292132
14.705000             -0.16751769347952499833
14.710000             -0.16539929228607880285
14.715000             -0.16332202433565651267
14.720000             -0.16129077990285115018
14.725000             -0.15931007678635744629
14.730000             -0.15738391721266523082
14.735000             -0.15551592630838598219
14.740000             -0.15370923566528638116
14.745000             -0.15196660268547201866
14.750000             -0.15029039456791495888
14.755000             -0.14868264644882842052
14.760000             -0.14714489684764706090
14.765000             -0.14567833169564164963
14.770000             -0.14428390969354012996
14.775000             -0.14296234473593014136
14.780000             -0.14171436513487212228
14.785000             -0.14054058813199973854
14.790000             -0.13944177079039216105
14.795000             -0.13841865491728033710
14.800000             -0.13747198378622924042
14.805000             -0.13660241074807302764
14.810000             -0.13581083262730014871
14.815000             -0.13509802300586060131
14.820000             -0.13446553304454939015
14.825000             -0.13391530635539466987
14.830000             -0.13345021015946673115
14.835000             -0.13307353362995130719
14.840000             -0.13278951628859506084
14.845000             -0.13260287024324507454
14.850000             -0.13251914092571970283
14.855000             -0.13254427150841260885
14.860000             -0.13268382710293530335
14.865000             -0.13294315637181935985
14.870000             -0.13332639651306546491
14.875000             -0.13383714391911927244
14.880000             -0.13447779941848655993
14.885000             -0.13524981281382070231
14.890000             -0.13615313682879204293
14.895000             -0.13718674216396206655
14.900000             -0.13834858798340007868
14.905000             -0.13963574632047165425
14.910000             -0.14104433166828361790
14.915000             -0.14256969126700486106
14.920000             -0.14420614501521430983
14.925000             -0.14594730191243643347
14.930000             -0.14778597435577575658
14.935000             -0.14971443770095013703
14.940000             -0.15172455716977817364
14.945000             -0.15380791948513075629
14.950000             -0.15595594088781650211
14.955000             -0.15815996410761126723
14.960000             -0.16041168755334234142
14.965000             -0.16270301286926000528
14.970000             -0.16502644506061933671
14.975000             -0.16737485688667869121
14.980000             -0.16974206921966861206
14.985000             -0.17212242332994359684
14.990000             -0.17451057305088446547
14.995000             -0.17690145941919521722
15.000000             -0.17929021552663168548
15.005000             -0.18167211362537033503
15.010000             -0.18404274447898613665
15.015000             -0.18639781318611101102
15.020000             -0.18873325059548162752
15.025000             -0.19104504665872118485
15.030000             -0.19332921555579621331
15.035000             -0.19558174948530437920
15.040000             -0.19779857300026268407
15.045000             -0.19997556417430717435
15.050000             -0.20210866789942372179
15.055000             -0.20419387302220087799
15.060000             -0.20622744666377265665
15.065000             -0.20820585448688741503
15.070000             -0.21012564402986474987
15.075000             -0.21198357127757952445
15.080000             -0.21377619742521414281
15.085000             -0.21550021194887369891
15.090000             -0.21715209777096677879
15.095000             -0.21872843487316129263
15.100000             -0.22022575484831538595
15.105000             -0.22164070974236135814
15.110000             -0.22297003870528631087
15.115000             -0.22421061981440029709
15.120000             -0.22535983575568654946
15.125000             -0.22641533603027921839
15.130000             -0.22737506898691264845
15.135000             -0.22823718939191608990
15.140000             -0.22899996647754236601
15.145000             -0.22966179283464871475
15.150000             -0.23022083193161083092
15.155000             -0.23067524007832304611
15.160000             -0.23102305320168498026
15.165000             -0.23126221774336913617
15.170000             -0.23139055298306474007
15.175000             -0.23140600320859461281
15.180000             -0.23130682598570428965
15.185000             -0.23109154960535319145
15.190000             -0.23075929565088029727
15.195000             -0.23030963616099650593
15.200000             -0.22974286705825805455
15.205000             -0.22905985510435189489
15.210000             -0.22826252263286153643
15.215000             -0.22735350140859261758
15.220000             -0.22633604817079994165
15.225000             -0.22521399141831810464
15.230000             -0.22399171337277326566
15.235000             -0.22267406215233104261
15.240000             -0.22126646963481189090
15.245000             -0.21977477290135943866
15.250000             -0.21820485779394854786
15.255000             -0.21656275085138498859
15.260000             -0.21485436002641497555
15.265000             -0.21308556153942581624
15.270000             -0.21126225339647705659
15.275000             -0.20939028637099649233
15.280000             -0.20747528430414236000
15.285000             -0.20552272442902147498
15.290000             -0.20353758868124968706
15.295000             -0.20152459961924334975
15.300000             -0.19948836265336342133
15.305000             -0.19743336205357422952
15.310000             -0.19536416557214417167
15.315000             -0.19328536305737692436
15.320000             -0.19120187517931289123
15.325000             -0.18911880154401766729
15.330000             -0.18704187366362712286
15.335000             -0.18497717019652759607
15.340000             -0.18293115648989552446
15.345000             -0.18091059136172146782
15.350000             -0.17892237928237419986
15.355000             -0.17697358233676657724
15.360000             -0.17507114873628082385
15.365000             -0.17322199868796142597
15.370000             -0.17143283957321375777
15.375000             -0.16971020144624879289
15.380000             -0.16806037597638062708
15.385000             -0.16648936991525847828
15.390000             -0.16500240282857861485
15.395000             -0.16360413365624618121
15.400000             -0.16229846233356184926
15.405000             -0.16108864994413962801
15.410000             -0.15997728133734989697
15.415000             -0.15896632805316598946
15.420000             -0.15805674550088794073
15.425000             -0.15724879446145950679
15.430000             -0.15654169643174656312
15.435000             -0.15593399935102261744
15.440000             -0.15542370269030383878
15.445000             -0.15500837531839137262
15.450000             -0.15468494991221731771
15.455000             -0.15445000245738121913
15.460000             -0.15430022888683375681
15.465000             -0.15423229572548505240
15.470000             -0.15424332593869718999
15.475000             -0.15433063235336488828
15.480000             -0.15449232605334356494
15.485000             -0.15472688315282392968
15.490000             -0.15503396190582938163
15.495000             -0.15541375341455407333
15.500000             -0.15586712638160230004
15.505000             -0.15639530762693121257
15.510000             -0.15699976655086750332
15.515000             -0.15768208502244082658
15.520000             -0.15844364886428233263
15.525000             -0.15928569072360140857
15.530000             -0.16020884186729303367
15.535000             -0.16121332783093331176
15.540000             -0.16229868185224105570
15.545000             -0.16346391380559244233
15.550000             -0.16470719652036969194
15.555000             -0.16602609754040573153
15.560000             -0.16741738938068789766
15.565000             -0.16887725804877604108
15.570000             -0.17040114706599077121
15.575000             -0.17198398084046181977
15.580000             -0.17361984261447552247
15.585000             -0.17530232859396072120
15.590000             -0.17702470625325436582
15.595000             -0.17878000723221992851
15.600000             -0.18056120878297599042
15.605000             -0.18236126433859656260
15.610000             -0.18417319463422654469
15.615000             -0.18599012463590161581
15.620000             -0.18780553255886131558
15.625000             -0.18961314943879911676
15.630000             -0.19140705874889690774
15.635000             -0.19318162599606480967
15.640000             -0.19493185453618105951
15.645000             -0.19665312261569212193
15.650000             -0.19834125421125300970
15.655000             -0.19999237517324219837
15.660000             -0.20160248403117703164
15.665000             -0.20316762212536776389
15.670000             -0.20468415108539467218
15.675000             -0.20614855950712770993
15.680000             -0.20755742055981438177
15.685000             -0.20890737018310828743
15.690000             -0.21019494270138033842
15.695000             -0.21141666465243921791
15.700000             -0.21256910016382116191
15.705000             -0.21364886819049952460
15.710000             -0.21465286682629164394
15.715000             -0.21557819323583940485
15.720000             -0.21642182191644596112
15.725000             -0.21718084734120368662
15.730000             -0.21785272504256913972
15.735000             -0.21843521354739142692
15.740000             -0.21892665931314891914
15.745000             -0.21932585536882037713
15.750000             -0.21963192453332783249
15.755000             -0.21984437042949242502
15.760000             -0.21996299438903155199
15.765000             -0.21998792604238748272
15.770000             -0.21991999151717542271
15.775000             -0.21976045100814586841
15.780000             -0.21951079563881847889
15.785000             -0.21917277313608249378
15.790000             -0.21874800049444698136
15.795000             -0.21823814057076695860
15.800000             -0.21764513991786582636
15.805000             -0.21697107458742587172
15.810000             -0.21621824595394417701
15.815000             -0.21538908604269024760
15.820000             -0.21448596392052715620
15.825000             -0.21351128468753985401
15.830000             -0.21246713927813062894
15.835000             -0.21135555497818842019
15.840000             -0.21017832494830182566
15.845000             -0.20893720137249996438
15.850000             -0.20763389618094074685
15.855000             -0.20627017226930538518
15.860000             -0.20484758047616505316
15.865000             -0.20336768567341745317
15.870000             -0.20183234633366045618
15.875000             -0.20024360846118627322
15.880000             -0.19860374329856425590
15.885000             -0.19691521743865611493
15.890000             -0.19518114703463515514
15.895000             -0.19340498876463421696
15.900000             -0.19159105841023726935
15.905000             -0.18974411550115266589
15.910000             -0.18786978005631826960
15.915000             -0.18597413296475359679
15.920000             -0.18406417291910009970
15.925000             -0.18214737656532609122
15.930000             -0.18023154796527859900
15.935000             -0.17832474083926316832
15.940000             -0.17643475488470439227
15.945000             -0.17456933973725277665
15.950000             -0.17273582381012422826
15.955000             -0.17094131295954667626
15.960000             -0.16919287290967988113
15.965000             -0.16749741213976782062
15.970000             -0.16586166972604149406
15.975000             -0.16429217062986795073
15.980000             -0.16279511884133274213
15.985000             -0.16137641694759330413
15.990000             -0.16004148783979868509
15.995000             -0.15879536704912650125
16.000000             -0.15764244148412215329
16.005000             -0.15658663058904656595
16.010000             -0.15563084871481577820
16.015000             -0.15477739721621613933
16.020000             -0.15402770316887082203
16.025000             -0.15338260063698691549
16.030000             -0.15284204834242284821
16.035000             -0.15240542538611531742
16.040000             -0.15207114101332264156
16.045000             -0.15183699855938614931
16.050000             -0.15170068679825915448
16.055000             -0.15165960967228320211
16.060000             -0.15171128563032831860
16.065000             -0.15185313276527814819
16.070000             -0.15208254004000507087
16.075000             -0.15239680621302373331
16.080000             -0.15279337665926728818
16.085000             -0.15326968927961928668
16.090000             -0.15382331713189095757
16.095000             -0.15445185370504962985
16.100000             -0.15515296371390432939
16.105000             -0.15592431775410980910
16.110000             -0.15676338359867092453
16.115000             -0.15766752133257525004
16.120000             -0.15863423084757793946
16.125000             -0.15966099090409946459
16.130000             -0.16074488535599984473
16.135000             -0.16188278634927591448
16.140000             -0.16307113932996050720
16.145000             -0.16430610412801577302
16.150000             -0.16558360926648471589
16.155000             -0.16689934921482588170
16.160000             -0.16824860204434818889
16.165000             -0.16962636581432813387
16.170000             -0.17102737012104762826
16.175000             -0.17244612872440012730
16.180000             -0.17387691564929932952
16.185000             -0.17531384777714714707
16.190000             -0.17675105513639441379
16.195000             -0.17818265620088108436
16.200000             -0.17960346076313746244
16.205000             -0.18100859628691617909
16.210000             -0.18239369529555726768
16.215000             -0.18375475567958210465
16.220000             -0.18508826377308856825
16.225000             -0.18639109235769585338
16.230000             -0.18766094293521889957
16.235000             -0.18889603476411359617
16.240000             -0.19009542197779552564
16.245000             -0.19125869627339384116
16.250000             -0.19238560755458278262
16.255000             -0.19347616229363545637
16.260000             -0.19453090446208268216
16.265000             -0.19555066396524437011
16.270000             -0.19653656178564635204
16.275000             -0.19748988749369214557
16.280000             -0.19841190717834564228
16.285000             -0.19930388405264268248
16.290000             -0.20016695071930787342
16.295000             -0.20100214471724667242
16.300000             -0.20181018256524541066
16.305000             -0.20259160017642016682
16.310000             -0.20334609574885553762
16.315000             -0.20407299049436111726
16.320000             -0.20477096545626732871
16.325000             -0.20543837165544320822
16.330000             -0.20607302471504002073
16.335000             -0.20667248823198272611
16.340000             -0.20723351914966681164
16.345000             -0.20775256174327141889
16.350000             -0.20822592681368903844
16.355000             -0.20864986272863814132
16.360000             -0.20902106146744836579
16.365000             -0.20933644726305003503
16.370000             -0.20959355059489026551
16.375000             -0.20979028221218640193
16.380000             -0.20992493480762008939
16.385000             -0.20999613956005827586
16.390000             -0.21000353468790960987
16.395000             -0.20994731866127860909
16.400000             -0.20982898410317279980
16.405000             -0.20965074627193980294
16.410000             -0.20941567745524686250
16.415000             -0.20912744135416971858
16.420000             -0.20879028919354752913
16.425000             -0.20840890853208057787
16.430000             -0.20798785089573260110
16.435000             -0.20753176263437342342
16.440000             -0.20704457647942459131
16.445000             -0.20652997344607162966
16.450000             -0.20599099603544945847
16.455000             -0.20543033147825720541
16.460000             -0.20484995790718699138
16.465000             -0.20425141649036823721
16.470000             -0.20363550732410864996
16.475000             -0.20300255225426674932
16.480000             -0.20235232544944978250
16.485000             -0.20168420214190022066
16.490000             -0.20099737222562105710
16.495000             -0.20029082499923639427
16.500000             -0.19956372143033693223
16.505000             -0.19881526437299973376
16.510000             -0.19804496457454334735
16.515000             -0.19725254610893008800
16.520000             -0.19643818488007042111
16.525000             -0.19560240965438507876
16.530000             -0.19474634433969209568
16.535000             -0.19387156893194609775
16.540000             -0.19298060628744828637
16.545000             -0.19207657459099289343
16.550000             -0.19116320359722918654
16.555000             -0.19024468421201734536
16.560000             -0.18932547565709809123
16.565000             -0.18841026658830692386
16.570000             -0.18750377858346062299
16.575000             -0.18661074032778246501
16.580000             -0.18573578887445046925
16.585000             -0.18488340223111907057
16.590000             -0.18405773790406274038
16.595000             -0.18326263002213494246
16.600000             -0.18250151163930455889
16.605000             -0.18177741822608381450
16.610000             -0.18109224495458425830
16.615000             -0.18044722175278865572
16.620000             -0.17984252898588473646
16.625000             -0.17927769290515668810
16.630000             -0.17875139467858081055
16.635000             -0.17826179760311253175
16.640000             -0.17780610412220176908
16.645000             -0.17738104175986882383
16.650000             -0.17698270147759870285
16.655000             -0.17660686554728843856
16.660000             -0.17624960743744333413
16.665000             -0.17590710041087026516
16.670000             -0.17557647177752294665
16.675000             -0.17525530800595287562
16.680000             -0.17494199362813928067
16.685000             -0.17463539809372374823
16.690000             -0.17433493165620295162
16.695000             -0.17404037585142936861
16.700000             -0.17375234522819726912
16.705000             -0.17347187419614182313
16.710000             -0.17320076387332078438
16.715000             -0.17294119256619677749
16.720000             -0.17269540214914955167
16.725000             -0.17246570860807605707
16.730000             -0.17225446643492456356
16.735000             -0.17206399387740797802
16.740000             -0.17189651648909304305
16.745000             -0.17175413720830862152
16.750000             -0.17163868655656314144
16.755000             -0.17155178599677312068
16.760000             -0.17149477055661821456
16.765000             -0.17146875230442434890
16.770000             -0.17147472651308495739
16.775000             -0.17151354761648873737
16.780000             -0.17158567598242874253
16.785000             -0.17169137142084625602
16.790000             -0.17182984619012400818
16.795000             -0.17199986350436238802
16.800000             -0.17219938961566239044
16.805000             -0.17242596929356146518
16.810000             -0.17267668489554932609
16.815000             -0.17294832218835248794
16.820000             -0.17323744637096141763
16.825000             -0.17354044080061811761
16.830000             -0.17385390316456880710
16.835000             -0.17417444108808505243
16.840000             -0.17449913731967864328
16.845000             -0.17482524411320526925
16.850000             -0.17515052336678876843
16.855000             -0.17547298248231066320
16.860000             -0.17579106003049593809
16.865000             -0.17610345461223456121
16.870000             -0.17640917462255109593
16.875000             -0.17670746518378280254
16.880000             -0.17699834628060287511
16.885000             -0.17728225144917586498
16.890000             -0.17756027437070331931
16.895000             -0.17783392301813463754
16.900000             -0.17810468651365080062
16.905000             -0.17837419433641826805
16.910000             -0.17864391308386837198
16.915000             -0.17891528955285770919
16.920000             -0.17918909633503171674
16.925000             -0.17946581167765468523
16.930000             -0.17974528906760822711
16.935000             -0.18002699579522618567
16.940000             -0.18031016801569718644
16.945000             -0.18059375991313666998
16.950000             -0.18087670289204313412
16.955000             -0.18115776114588139079
16.960000             -0.18143538637107320399
16.965000             -0.18170781891890500082
16.970000             -0.18197364678753658040
16.975000             -0.18223153505389289020
16.980000             -0.18248073381463014719
16.985000             -0.18272079518295128442
16.990000             -0.18295140850898483631
16.995000             -0.18317250226847009431
17.000000             -0.18338440630408872623
17.005000             -0.18358778947371307000
17.010000             -0.18378391228638044086
17.015000             -0.18397445902361395098
17.020000             -0.18416137651288025379
17.025000             -0.18434689074787677376
17.030000             -0.18453317106871497399
17.035000             -0.18472244306611818043
17.040000             -0.18491682544214846362
17.045000             -0.18511834685423741997
17.050000             -0.18532871598390104895
17.055000             -0.18554937846983715621
17.060000             -0.18578110430169619827
17.065000             -0.18602419382294815842
17.070000             -0.18627796814885072552
17.075000             -0.18654111602505416001
17.080000             -0.18681161854382219434
17.085000             -0.18708692244892050072
17.090000             -0.18736431728421493181
17.095000             -0.18764085756122558801
17.100000             -0.18791349474589050250
17.105000             -0.18817912370217129703
17.110000             -0.18843474659054360032
17.115000             -0.18867750536657115767
17.120000             -0.18890499676309788213
17.125000             -0.18911518499704654817
17.130000             -0.18930670487401982105
17.135000             -0.18947870906848976458
17.140000             -0.18963038369438922626
17.145000             -0.18976120080899466780
17.150000             -0.18987079220784383593
17.155000             -0.18995899466659438293
17.160000             -0.19002634839182946935
17.165000             -0.19007370368432863206
17.170000             -0.19010249701775244757
17.175000             -0.19011439339093580414
17.180000             -0.19011151325340247542
17.185000             -0.19009609752671516314
17.190000             -0.19007017383405769295
17.195000             -0.19003560833000507357
17.200000             -0.18999372822425411589
17.205000             -0.18994552893346294820
17.210000             -0.18989153887609702687
17.215000             -0.18983198334912498861
17.220000             -0.18976688736587007944
17.225000             -0.18969613609677049570
17.230000             -0.18961951427411655180
17.235000             -0.18953679794341077303
17.240000             -0.18944769687882426212
17.245000             -0.18935199215411951945
17.250000             -0.18924948422832979511
17.255000             -0.18914010421095242553
17.260000             -0.18902380864507642433
17.265000             -0.18890068100100790294
17.270000             -0.18877097723818411779
17.275000             -0.18863509168972206198
17.280000             -0.18849363115936457191
17.285000             -0.18834730835484378431
17.290000             -0.18819711976848432777
17.295000             -0.18804414211617648256
17.300000             -0.18788960360760498247
17.305000             -0.18773473065004409044
17.310000             -0.18758112815053104572
17.315000             -0.18743046197945828490
17.320000             -0.18728424826058387431
17.325000             -0.18714390410491638095
17.330000             -0.18701067817574776320
17.335000             -0.18688570423452705027
17.340000             -0.18676997250979870957
17.345000             -0.18666439971432677303
17.350000             -0.18656965404785771923
17.355000             -0.18648632916292470774
17.360000             -0.18641452939263392086
17.365000             -0.18635420296556096109
17.370000             -0.18630509250551322009
17.375000             -0.18626685962311309575
17.380000             -0.18623890422454802973
17.385000             -0.18622052012634238150
17.390000             -0.18621053965535375174
17.395000             -0.18620757549128014174
17.400000             -0.18620968415908720206
17.405000             -0.18621460675801529416
17.410000             -0.18622000416110756627
17.415000             -0.18622335910366433209
17.420000             -0.18622217939237217799
17.425000             -0.18621387689693533196
17.430000             -0.18619593481062002294
17.435000             -0.18616580727648660010
17.440000             -0.18612118709956210205
17.445000             -0.18605986177658967451
17.450000             -0.18597982606768631575
17.455000             -0.18587923728140545720
17.460000             -0.18575677486704544883
17.465000             -0.18561145437205511799
17.470000             -0.18544264666214993476
17.475000             -0.18525006014369366225
17.480000             -0.18503415868445416415
17.485000             -0.18479588778677347172
17.490000             -0.18453670080001211007
17.495000             -0.18425844930698731527
17.500000             -0.18396303815509518209
17.505000             -0.18365252992564051748
17.510000             -0.18332878252231304961
17.515000             -0.18299359440511242525
17.520000             -0.18264908207865443446
17.525000             -0.18229739368046446457
17.530000             -0.18194025483428327705
17.535000             -0.18157914198901442537
17.540000             -0.18121478868102389170
17.545000             -0.18084748041845349897
17.550000             -0.18047762155481106294
17.555000             -0.18010546407563157723
17.560000             -0.17973109990114888301
17.565000             -0.17935449128398531227
17.570000             -0.17897573761666241143
17.575000             -0.17859498267904688751
17.580000             -0.17821295875452786150
17.585000             -0.17783071152018656291
17.590000             -0.17744957645518757983
17.595000             -0.17707119461690754014
17.600000             -0.17669787680502899163
17.605000             -0.17633238052444991095
17.610000             -0.17597813690809624432
17.615000             -0.17563903245861045566
17.620000             -0.17531920081117907673
17.625000             -0.17502301491619898233
17.630000             -0.17475479471553986843
17.635000             -0.17451885509906311933
17.640000             -0.17431888329550443428
17.645000             -0.17415820744931109765
17.650000             -0.17403930867260580806
17.655000             -0.17396407641972574942
17.660000             -0.17393358582350235131
17.665000             -0.17394824871057024129
17.670000             -0.17400799551276227572
17.675000             -0.17411222036227366750
17.680000             -0.17426008185479655022
17.685000             -0.17445039003402698641
17.690000             -0.17468166873579407672
17.695000             -0.17495221008468253565
17.700000             -0.17526004428963343207
17.705000             -0.17560309543531257837
17.710000             -0.17597942581417089225
17.715000             -0.17638723783118162580
17.720000             -0.17682487425294118877
17.725000             -0.17729090775852063278
17.730000             -0.17778412210759300671
17.735000             -0.17830355945625930847
17.740000             -0.17884826293532607444
17.745000             -0.17941740236824493815
17.750000             -0.18001006761676402457
17.755000             -0.18062532761544058957
17.760000             -0.18126261788008282694
17.765000             -0.18192140357778799342
17.770000             -0.18260143157718930484
17.775000             -0.18330241110461464871
17.780000             -0.18402390364703249959
17.785000             -0.18476524479313510829
17.790000             -0.18552524882082255253
17.795000             -0.18630234415383167823
17.800000             -0.18709440721729506119
17.805000             -0.18789893438530128056
17.810000             -0.18871289024556547886
17.815000             -0.18953294131976425319
17.820000             -0.19035558682909228811
17.825000             -0.19117725535413437887
17.830000             -0.19199439079654689877
17.835000             -0.19280354540705677002
17.840000             -0.19360132079950617690
17.845000             -0.19438450667310383513
17.850000             -0.19514999727222320791
17.855000             -0.19589490205181586679
17.860000             -0.19661661223301316048
17.865000             -0.19731276577697343111
17.870000             -0.19798131275119437711
17.875000             -0.19862041377610059611
17.880000             -0.19922845258493379617
17.885000             -0.19980392721312881243
17.890000             -0.20034538443437197031
17.895000             -0.20085135856616720407
17.900000             -0.20132015071860751010
17.905000             -0.20174990049804428227
17.910000             -0.20213922344391010988
17.915000             -0.20248682208699891882
17.920000             -0.20279184535257660515
17.925000             -0.20305363449696592348
17.930000             -0.20327148056315688662
17.935000             -0.20344476882992690303
17.940000             -0.20357295818643780794
17.945000             -0.20365567412561008664
17.950000             -0.20369295942617685058
17.955000             -0.20368520283877450394
17.960000             -0.20363310854354768620
17.965000             -0.20353773657653584372
17.970000             -0.20340011154380505110
17.975000             -0.20322145261285889939
17.980000             -0.20300327317490998724
17.985000             -0.20274730715743619069
17.990000             -0.20245538462879511532
17.995000             -0.20212942700708622090
18.000000             -0.20177119751826108618
18.005000             -0.20138236650755847457
18.010000             -0.20096391005295866083
18.015000             -0.20051642680976194955
18.020000             -0.20004029795865899133
18.025000             -0.19953562646240913248
18.030000             -0.19900241609334842763
18.035000             -0.19844049323632892423
18.040000             -0.19784947596775151468
18.045000             -0.19722884582282740329
18.050000             -0.19657802880310426552
18.055000             -0.19589644745037715357
18.060000             -0.19518383279841994282
18.065000             -0.19444014320937913487
18.070000             -0.19366578134615750062
18.075000             -0.19286152560829036839
18.080000             -0.19202873880899096193
18.085000             -0.19116925488473016093
18.090000             -0.19028509365382911822
18.095000             -0.18937858921643344057
18.100000             -0.18845189166608172782
18.105000             -0.18750722076912076930
18.110000             -0.18654677886132631226
18.115000             -0.18557275728196634401
18.120000             -0.18458754632113374972
18.125000             -0.18359351675661114700
18.130000             -0.18259298377456317786
18.135000             -0.18158810507146125324
18.140000             -0.18058109752985593288
18.145000             -0.17957402549650527956
18.150000             -0.17856884209268020225
18.155000             -0.17756732185006751656
18.160000             -0.17657118736720023300
18.165000             -0.17558205919781935678
18.170000             -0.17460181198960764148
18.175000             -0.17363242235367723487
18.180000             -0.17267607234334783617
18.185000             -0.17173513823254335509
18.190000             -0.17081218150244315002
18.195000             -0.16991000002744338637
18.200000             -0.16903162181478578741
18.205000             -0.16818032576563207714
18.210000             -0.16735938396891161806
18.215000             -0.16657218330700637732
18.220000             -0.16582197907744253285
18.225000             -0.16511198171464319673
18.230000             -0.16444547229989239789
18.235000             -0.16382564058842782884
18.240000             -0.16325533169773304154
18.245000             -0.16273706897910214519
18.250000             -0.16227282319381441944
18.255000             -0.16186407362776938923
18.260000             -0.16151221747356173108
18.265000             -0.16121830399223358032
18.270000             -0.16098315444599445301
18.275000             -0.16080727703182901012
18.280000             -0.16069103312676907835
18.285000             -0.16063458494900328954
18.290000             -0.16063830587302826980
18.295000             -0.16070261300597540877
18.300000             -0.16082789074493741843
18.305000             -0.16101459914325336187
18.310000             -0.16126334929178801070
18.315000             -0.16157492632194175863
18.320000             -0.16195028359123728179
18.325000             -0.16239055980031405491
18.330000             -0.16289671600807503760
18.335000             -0.16346971186460892977
18.340000             -0.16411033204645164574
18.345000             -0.16481922872975443561
18.350000             -0.16559673130464980240
18.355000             -0.16644286593564688870
18.360000             -0.16735706562065630343
18.365000             -0.16833825620878162255
18.370000             -0.16938458034780998207
18.375000             -0.17049353041002041076
18.380000             -0.17166190530400124437
18.385000             -0.17288587802076060829
18.390000             -0.17416071778803676739
18.395000             -0.17548106354552339692
18.400000             -0.17684078389185883817
18.405000             -0.17823325634605488577
18.410000             -0.17965183794654468463
18.415000             -0.18108980749706776736
18.420000             -0.18254031608891713168
18.425000             -0.18399658284575817757
18.430000             -0.18545215262365716269
18.435000             -0.18690088802695978276
18.440000             -0.18833759847147754640
18.445000             -0.18975771192158855105
18.450000             -0.19115742869152119177
18.455000             -0.19253354569319419687
18.460000             -0.19388340140283025215
18.465000             -0.19520477269691802191
18.470000             -0.19649588002489559724
18.475000             -0.19775522759747254931
18.480000             -0.19898146234834804269
18.485000             -0.20017329460740682090
18.490000             -0.20132896018702109431
18.495000             -0.20244642642584428915
18.500000             -0.20352338674149544895
18.505000             -0.20455724869484218087
18.510000             -0.20554514269864304632
18.515000             -0.20648394459137522916
18.520000             -0.20737034529509920655
18.525000             -0.20820089339542899309
18.530000             -0.20897214850734743830
18.535000             -0.20968071642032168334
18.540000             -0.21032342401533746234
18.545000             -0.21089735307085646920
18.550000             -0.21139998108528748610
18.555000             -0.21182921471299459570
18.560000             -0.21218339563173299611
18.565000             -0.21246136870484308434
18.570000             -0.21266240314681392198
18.575000             -0.21278625610375684341
18.580000             -0.21283317922309594183
18.585000             -0.21280386877987989003
18.590000             -0.21269930825513336248
18.595000             -0.21252075409343898493
18.600000             -0.21226955214997100807
18.605000             -0.21194712356717820834
18.610000             -0.21155494536881958023
18.615000             -0.21109445275167298961
18.620000             -0.21056711699808922100
18.625000             -0.20997431689217382900
18.630000             -0.20931776163539109192
18.635000             -0.20859919629002693364
18.640000             -0.20782061450054317708
18.645000             -0.20698411467665109309
18.650000             -0.20609169401539087496
18.655000             -0.20514541809996886257
18.660000             -0.20414746002076747389
18.665000             -0.20310019374002508119
18.670000             -0.20200632911593818797
18.675000             -0.20086893131409247482
18.680000             -0.19969116914089199422
18.685000             -0.19847651176861222377
18.690000             -0.19722850469849792510
18.695000             -0.19595091848175200111
18.700000             -0.19464768232626786237
18.705000             -0.19332288374060041525
18.710000             -0.19198072922242229166
18.715000             -0.19062546663378632239
18.720000             -0.18926105645703367175
18.725000             -0.18789124653028249634
18.730000             -0.18651962786415646200
18.735000             -0.18514952192984529544
18.740000             -0.18378396019033685360
18.745000             -0.18242564288780291348
18.750000             -0.18107663551165181781
18.755000             -0.17973856655390910153
18.760000             -0.17841265543599282850
18.765000             -0.17709980549250695092
18.770000             -0.17580105360240205759
18.775000             -0.17451743012440898428
18.780000             -0.17325006795218769740
18.785000             -0.17200022654427338242
18.790000             -0.17076929197232759705
18.795000             -0.16955885351085364654
18.800000             -0.16837068056327531007
18.805000             -0.16720677910901982077
18.810000             -0.16606962251186926927
18.815000             -0.16496199289310986558
18.820000             -0.16388701851437958990
18.825000             -0.16284803996801808235
18.830000             -0.16184864206341431636
18.835000             -0.16089248008945647439
18.840000             -0.15998337589370184575
18.845000             -0.15912508942010766821
18.850000             -0.15832111866727241467
18.855000             -0.15757466521528579184
18.860000             -0.15688857938754621757
18.865000             -0.15626531474820407053
18.870000             -0.15570692083564177666
18.875000             -0.15521503391464791521
18.880000             -0.15479080984637261231
18.885000             -0.15443501240152704423
18.890000             -0.15414811986530785326
18.895000             -0.15393036077246657900
18.900000             -0.15378194985449661347
18.905000             -0.15370304913978213857
18.910000             -0.15369366537123560490
18.915000             -0.15375378636702916046
18.920000             -0.15388298503187650135
18.925000             -0.15408072708793255079
18.930000             -0.15434628222614812931
18.935000             -0.15467883858228687055
18.940000             -0.15507754938992387994
18.945000             -0.15554149941578190863
18.950000             -0.15606940205431241164
18.955000             -0.15665971932472860795
18.960000             -0.15731054256675314207
18.965000             -0.15801961502378752966
18.970000             -0.15878471177660241631
18.975000             -0.15960336640923822316
18.980000             -0.16047314312318769480
18.985000             -0.16139141061649467379
18.990000             -0.16235538620837419721
18.995000             -0.16336208479506994506
19.000000             -0.16440830076050488850
19.005000             -0.16549066476205204212
19.010000             -0.16660593487970218329
19.015000             -0.16775091310388437482
19.020000             -0.16892258791566738818
19.025000             -0.17011811926868852796
19.030000             -0.17133492288456447783
19.035000             -0.17257066658422226535
19.040000             -0.17382331419963611974
19.045000             -0.17509110555117243790
19.050000             -0.17637262930720357113
19.055000             -0.17766673510753938636
19.060000             -0.17897245481140028334
19.065000             -0.18028895654559978778
19.070000             -0.18161512227321993662
19.075000             -0.18294970076663805147
19.080000             -0.18429109146535144204
19.085000             -0.18563741870716685134
19.090000             -0.18698643098559200593
19.095000             -0.18833553625759058558
19.100000             -0.18968162685860520678
19.105000             -0.19102120141512879403
19.110000             -0.19235050971382416929
19.115000             -0.19366554310954178786
19.120000             -0.19496223899935355428
19.125000             -0.19623645761802915866
19.130000             -0.19748401343376187356
19.135000             -0.19870077101974986666
19.140000             -0.19988256869014528472
19.145000             -0.20102539573338970569
19.150000             -0.20212534665116665966
19.155000             -0.20317877178089319146
19.160000             -0.20418242517929796609
19.165000             -0.20513344919179307690
19.170000             -0.20602947866337206762
19.175000             -0.20686856671437142685
19.180000             -0.20764921601918662208
19.185000             -0.20837028175316985035
19.190000             -0.20903099315796166979
19.195000             -0.20963082602627186590
19.200000             -0.21016945422248431430
19.205000             -0.21064665731794407488
19.210000             -0.21106220172685727365
19.215000             -0.21141582094924582513
19.220000             -0.21170711295601177260
19.225000             -0.21193556780020592067
19.230000             -0.21210056948964925438
19.235000             -0.21220142033443870067
19.240000             -0.21223721576031237546
19.245000             -0.21220699090569009049
19.250000             -0.21210976562021413572
19.255000             -0.21194463244555550308
19.260000             -0.21171088671527213410
19.265000             -0.21140805875368218203
19.270000             -0.21103605486972171201
19.275000             -0.21059514784499858142
19.280000             -0.21008603669179892748
19.285000             -0.20950983608390127966
19.290000             -0.20886812973743723587
19.295000             -0.20816291464929670418
19.300000             -0.20739659160906062652
19.305000             -0.20657189865316674671
19.310000             -0.20569190872084869293
19.315000             -0.20475992806491982723
19.320000             -0.20377947663058709749
19.325000             -0.20275418387186791569
19.330000             -0.20168768254034849519
19.335000             -0.20058357086311048856
19.340000             -0.19944536013055011447
19.345000             -0.19827644756573423179
19.350000             -0.19708007757186918329
19.355000             -0.19585935205421933780
19.360000             -0.19461719895380907852
19.365000             -0.19335642355942406212
19.370000             -0.19207974199130123383
19.375000             -0.19078982704360603062
19.380000             -0.18948934245850027058
19.385000             -0.18818099640812960271
19.390000             -0.18686754380087114424
19.395000             -0.18555184791217396723
19.400000             -0.18423689692371428284
19.405000             -0.18292583016872587809
19.410000             -0.18162190726853974510
19.415000             -0.18032852180946332132
19.420000             -0.17904919351976286701
19.425000             -0.17778752974871869785
19.430000             -0.17654720316013564063
19.435000             -0.17533188868934995730
19.440000             -0.17414521583612657674
19.445000             -0.17299070771258606705
19.450000             -0.17187177974047074258
19.455000             -0.17079166057487057961
19.460000             -0.16975337922707009475
19.465000             -0.16875971624393287795
19.470000             -0.16781315887853748281
19.475000             -0.16691591034283331796
19.480000             -0.16606989021466952994
19.485000             -0.16527676014340164645
19.490000             -0.16453793801863025870
19.495000             -0.16385464403884836271
19.500000             -0.16322792560230137138
19.505000             -0.16265870870088255939
19.510000             -0.16214783763475165701
19.515000             -0.16169610955738292213
19.520000             -0.16130430361679612417
19.525000             -0.16097319618986252743
19.530000             -0.16070354799211628016
19.535000             -0.16049611112279690839
19.540000             -0.16035161832690358885
19.545000             -0.16027075817059752150
19.550000             -0.16025414799742662697
19.555000             -0.16030229432900788833
19.560000             -0.16041554511309388809
19.565000             -0.16059405427588552273
19.570000             -0.16083773181173555145
19.575000             -0.16114622065264139206
19.580000             -0.16151887031731146371
19.585000             -0.16195472543590852532
19.590000             -0.16245253126804901078
19.595000             -0.16301073539942914636
19.600000             -0.16362750466964312568
19.605000             -0.16430075129901908215
19.610000             -0.16502816866713113098
19.615000             -0.16580727059675859358
19.620000             -0.16663543614256925984
19.625000             -0.16750995318331260431
19.630000             -0.16842805900590812618
19.635000             -0.16938697956465190164
19.640000             -0.17038395748706200439
19.645000             -0.17141627802220107957
19.650000             -0.17248128217803423978
19.655000             -0.17357637242772949726
19.660000             -0.17469901202295129439
19.665000             -0.17584670911501501522
19.670000             -0.17701699793360237134
19.675000             -0.17820741125748207345
19.680000             -0.17941545287692015065
19.685000             -0.18063856687884655150
19.690000             -0.18187411279715159917
19.695000             -0.18311934054550402240
19.700000             -0.18437137142859638672
19.705000             -0.18562719020873175158
19.710000             -0.18688364295181905672
19.715000             -0.18813744791801173539
19.720000             -0.18938521385676962416
19.725000             -0.19062346740296123859
19.730000             -0.19184868552756342841
19.735000             -0.19305733546506592679
19.740000             -0.19424591688160050551
19.745000             -0.19541100419392279375
19.750000             -0.19654928687373335316
19.755000             -0.19765760601403054020
19.760000             -0.19873298363556893276
19.765000             -0.19977264615939979708
19.770000             -0.20077403939160923252
19.775000             -0.20173483326864263820
19.780000             -0.20265291801678872452
19.785000             -0.20352639213647708005
19.790000             -0.20435354306362957244
19.795000             -0.20513282318342823674
19.800000             -0.20586282229905497609
19.805000             -0.20654223919813702315
19.810000             -0.20716985420004160878
19.815000             -0.20774450514298845039
19.820000             -0.20826506870528441184
19.825000             -0.20873044777037064179
19.830000             -0.20913956644647890837
19.835000             -0.20949137310981191806
19.840000             -0.20978485102743793522
19.845000             -0.21001903655948228611
19.850000             -0.21019304318259809938
19.855000             -0.21030608998036420809
19.860000             -0.21035753231652479234
19.865000             -0.21034689341882051306
19.870000             -0.21027389393033948939
19.875000             -0.21013847809964869562
19.880000             -0.20994083427831916611
19.885000             -0.20968140881668848041
19.890000             -0.20936091191998743022
19.895000             -0.20898031554009030564
19.900000             -0.20854084282408735795
19.905000             -0.20804395036824688270
19.910000             -0.20749130368382576184
19.915000             -0.20688474809701631885
19.920000             -0.20622627610865010284
19.925000             -0.20551799396339598403
19.930000             -0.20476208859608779900
19.935000             -0.20396079776553827090
19.940000             -0.20311638413654015123
19.945000             -0.20223111561216611243
19.950000             -0.20130725189937026531
19.955000             -0.20034703874635800824
19.960000             -0.19935270882654820834
19.965000             -0.19832648973260447178
19.970000             -0.19727061709136359258
19.975000             -0.19618735243884363739
19.980000             -0.19507900319547610835
19.985000             -0.19394732856911417462
19.990000             -0.19279458727373768867
19.995000             -0.19162350706510281051
20.000000             -0.19043678405276540100
20.005000             -0.18923724784280185340
20.010000             -0.18802785114719930415
20.015000             -0.18681166675688853918
20.020000             -0.18559187527306617027
20.025000             -0.18437174585626001089
20.030000             -0.18315461184323256205
20.035000             -0.18194384184238918123
20.040000             -0.18074280744103549123
20.045000             -0.17955484936678930974
20.050000             -0.17838324418101597635
20.055000             -0.17723117321025896875
20.060000             -0.17610169519563045881
20.065000             -0.17499772401770635755
20.070000             -0.17392201256241374141
20.075000             -0.17287714332314924048
20.080000             -0.17186552585275929883
20.085000             -0.17088940075565353660
20.090000             -0.16995084950351935227
20.095000             -0.16905180897935040418
20.100000             -0.16819408935188670529
20.105000             -0.16737939369143817192
20.110000             -0.16660933765712324095
20.115000             -0.16588546761373895722
20.120000             -0.16520927567381457624
20.125000             -0.16458221040082621212
20.130000             -0.16400568223407660517
20.135000             -0.16348106308038337642
20.140000             -0.16300967993608045381
20.145000             -0.16259280282728066913
20.150000             -0.16223162775809249481
20.155000             -0.16192725570845881156
20.160000             -0.16168066900212346715
20.165000             -0.16149270655291708687
20.170000             -0.16136403958228878741
20.175000             -0.16129514937799305230
20.180000             -0.16128630853553177493
20.185000             -0.16133756689989961486
20.190000             -0.16144874312131052285
20.195000             -0.16161942237602744399
20.200000             -0.16184896040705043507
20.205000             -0.16213649363615040278
20.210000             -0.16248095471569740100
20.215000             -0.16288109255145255538
20.220000             -0.16333549555817572507
20.225000             -0.16384261672596214798
20.230000             -0.16440079898819004445
20.235000             -0.16500829939672922997
20.240000             -0.16566331072463322260
20.245000             -0.16636397932223240259
20.250000             -0.16710841833461265171
20.255000             -0.16789471572718750458
20.260000             -0.16872093693808162818
20.265000             -0.16958512235596864826
20.270000             -0.17048528018417627439
20.275000             -0.17141937557205227938
20.280000             -0.17238531715159705060
20.285000             -0.17338094229448064443
20.290000             -0.17440400249057327886
20.295000             -0.17545215023907384522
20.300000             -0.17652292873875649604
20.305000             -0.17761376547267532233
20.310000             -0.17872197051851129723
20.315000             -0.17984474009705003761
20.320000             -0.18097916551997580981
20.325000             -0.18212224733817508615
20.330000             -0.18327091414735327546
20.335000             -0.18442204520198654527
20.340000             -0.18557249574167045125
20.345000             -0.18671912376183927296
20.350000             -0.18785881687449901278
20.355000             -0.18898851790905010772
20.360000             -0.19010524799733821699
20.365000             -0.19120612606360071206
20.370000             -0.19228838388635144385
20.375000             -0.19334937619825237620
20.380000             -0.19438658562106864158
20.385000             -0.19539762257335710482
20.390000             -0.19638022061561608012
20.395000             -0.19733222798938271358
20.400000             -0.19825159634393485497
20.405000             -0.19913636781142837751
20.410000             -0.19998466167791367765
20.415000             -0.20079466189870101567
20.420000             -0.20156460662273648077
20.425000             -0.20229278072849224412
20.430000             -0.20297751214504039519
20.435000             -0.20361717245252547448
20.440000             -0.20421018194550238922
20.445000             -0.20475501902179255032
20.450000             -0.20525023345036291778
20.455000             -0.20569446279498138086
20.460000             -0.20608645104441022933
20.465000             -0.20642506833944962441
20.470000             -0.20670933060246454716
20.475000             -0.20693841787116462605
20.480000             -0.20711169021491504516
20.485000             -0.20722870026289746948
20.490000             -0.20728920158821120823
20.495000             -0.20729315245551518943
20.500000             -0.20724071473394820031
20.505000             -0.20713224808179725445
20.510000             -0.20696829980418510186
20.515000             -0.20674959105022622241
20.520000             -0.20647700023415277437
20.525000             -0.20615154472167196431
20.530000             -0.20577436190835529661
20.535000             -0.20534669082614950830
20.540000             -0.20486985534727733538
20.545000             -0.20434524991711963682
20.550000             -0.20377432854910723647
20.555000             -0.20315859756918211443
20.560000             -0.20249961232200247574
20.565000             -0.20179897776461672154
20.570000             -0.20105835259523247016
20.575000             -0.20027945631362426004
20.580000             -0.19946407840234128828
20.585000             -0.19861408866776564253
20.590000             -0.19773144769683556610
20.595000             -0.19681821637389035340
20.600000             -0.19587656346274537333
20.605000             -0.19490877038703288693
20.610000             -0.19391723252784875964
20.615000             -0.19290445658879715185
20.620000             -0.19187305383867717112
20.625000             -0.19082572931356284185
20.630000             -0.18976526732453785629
20.635000             -0.18869451385714144931
20.640000             -0.18761635664778122945
20.645000             -0.18653370386795867231
20.650000             -0.18544946242984572393
20.655000             -0.18436651694157951686
20.660000             -0.18328771028724202830
20.665000             -0.18221582668908914426
20.670000             -0.18115357793668082631
20.675000             -0.18010359325128533214
20.680000             -0.17906841300922338167
20.685000             -0.17805048629140191041
20.690000             -0.17705217197550077168
20.695000             -0.17607574285891899879
20.700000             -0.17512339210978850046
20.705000             -0.17419724120258880951
20.710000             -0.17329934841311711580
20.715000             -0.17243171692970757358
20.720000             -0.17159630168423298247
20.725000             -0.17079501411377867592
20.730000             -0.17002972422414119880
20.735000             -0.16930225952815708412
20.740000             -0.16861440066130622961
20.745000             -0.16796787371833377112
20.750000             -0.16736433959140573080
20.755000             -0.16680538080663839806
20.760000             -0.16629248653730446805
20.765000             -0.16582703660670514156
20.770000             -0.16541028537293228640
20.775000             -0.16504334640666804002
20.780000             -0.16472717883102627745
20.785000             -0.16446257609258332910
20.790000             -0.16425015778238158393
20.795000             -0.16409036493535530954
20.800000             -0.16398345901944133551
20.805000             -0.16392952459641613183
20.810000             -0.16392847541071578488
20.815000             -0.16398006345524823724
20.820000             -0.16408389038822354666
20.825000             -0.16423942054370965771
20.830000             -0.16444599469935256009
20.835000             -0.16470284374226826229
20.840000             -0.16500910140945104776
20.845000             -0.16536381536917704738
20.850000             -0.16576595604819061025
20.855000             -0.16621442278614420585
20.860000             -0.16670804710152542505
20.865000             -0.16724559306822078808
20.870000             -0.16782575501431937215
20.875000             -0.16844715295043966030
20.880000             -0.16910832630071787053
20.885000             -0.16980772663471468964
20.890000             -0.17054371017479616479
20.895000             -0.17131453087631637322
20.900000             -0.17211833484610392087
20.905000             -0.17295315678095038447
20.910000             -0.17381691897810372383
20.915000             -0.17470743330331198195
20.920000             -0.17562240631024980675
20.925000             -0.17655944750130070364
20.930000             -0.17751608051746556316
20.935000             -0.17848975685818554981
20.940000             -0.17947787157252309553
20.945000             -0.18047778024188154689
20.950000             -0.18148681649905265556
20.955000             -0.18250230930348618208
20.960000             -0.18352159921948232868
20.965000             -0.18454205302021153834
20.970000             -0.18556107606048627412
20.975000             -0.18657612201656059714
20.980000             -0.18758469977112940397
20.985000             -0.18858437741382788611
20.990000             -0.18957278351885314960
20.995000             -0.19054760603899154048
21.000000             -0.19150658930753183817
21.005000             -0.19244752975628617864
21.010000             -0.19336827103172421483
21.015000             -0.19426669921750608361
21.020000             -0.19514073884918184398
21.025000             -0.19598835033749106849
21.030000             -0.19680752930568376491
21.035000             -0.19759630820147128238
21.040000             -0.19835276037568952412
21.045000             -0.19907500663911067984
21.050000             -0.19976122412836566644
21.055000             -0.20040965714381439589
21.060000             -0.20101862947765450351
21.065000             -0.20158655763913155279
21.070000             -0.20211196431263495077
21.075000             -0.20259349135817167342
21.080000             -0.20302991168360620677
21.085000             -0.20342013938240710580
21.090000             -0.20376323763475431838
21.095000             -0.20405842400640580858
21.100000             -0.20430507293925553869
21.105000             -0.20450271539914152696
21.110000             -0.20465103581857471693
21.115000             -0.20474986663311878221
21.120000             -0.20479918084948073309
21.125000             -0.20479908319185347043
21.130000             -0.20474980044371943189
21.135000             -0.20465167163083647361
21.140000             -0.20450513867600089712
21.145000             -0.20431073809889666038
21.150000             -0.20406909423919003532
21.155000             -0.20378091435481496263
21.160000             -0.20344698579894548995
21.165000             -0.20306817531870996474
21.170000             -0.20264543035720994357
21.175000             -0.20217978208879108792
21.180000             -0.20167234978592055161
21.185000             -0.20112434601315745675
21.190000             -0.20053708207626172455
21.195000             -0.19991197312671116215
21.200000             -0.19925054233532424330
21.205000             -0.19855442360206573826
21.210000             -0.19782536235852113404
21.215000             -0.19706521413863270498
21.220000             -0.19627594073385717932
21.225000             -0.19545960390128755413
21.230000             -0.19461835674716240763
21.235000             -0.19375443305321360388
21.240000             -0.19287013493984220269
21.245000             -0.19196781935983120437
21.250000             -0.19104988398277703010
21.255000             -0.19011875305949860193
21.260000             -0.18917686384577664382
21.265000             -0.18822665411692240944
21.270000             -0.18727055122246866192
21.275000             -0.18631096301956601158
21.280000             -0.18535027089217542828
21.285000             -0.18439082491991715118
21.290000             -0.18343494111521049805
21.295000             -0.18248490050990387457
21.300000             -0.18154294975211471286
21.305000             -0.18061130277842046832
21.310000             -0.17969214306204492337
21.315000             -0.17878762590830951651
21.320000             -0.17789988027600026066
21.325000             -0.17703100964658372019
21.330000             -0.17618309153912084519
21.335000             -0.17535817537184839043
21.340000             -0.17455827849451086009
21.345000             -0.17378538035013751939
21.350000             -0.17304141486187957222
21.355000             -0.17232826127049880038
21.360000             -0.17164773376241423963
21.365000             -0.17100157031930274254
21.370000             -0.17039142128215672978
21.375000             -0.16981883815151613271
21.380000             -0.16928526313963351835
21.385000             -0.16879201995029746719
21.390000             -0.16834030619089551672
21.395000             -0.16793118772408510697
21.400000             -0.16756559514989846638
21.405000             -0.16724432248120843503
21.410000             -0.16696802794489937205
21.415000             -0.16673723671657922352
21.420000             -0.16655234528651133297
21.425000             -0.16641362706586962372
21.430000             -0.16632123878113141968
21.435000             -0.16627522717425063936
21.440000             -0.16627553552888318933
21.445000             -0.16632200957783987993
21.450000             -0.16641440241142665957
21.455000             -0.16655237809573056329
21.460000             -0.16673551381793810799
21.465000             -0.16696330049493660064
21.470000             -0.16723514190359031750
21.475000             -0.16755035250790792367
21.480000             -0.16790815426197755467
21.485000             -0.16830767275114452697
21.490000             -0.16874793309196878255
21.495000             -0.16922785604031378992
21.500000             -0.16974625475478324899
21.505000             -0.17030183263002721117
21.510000             -0.17089318255363505905
21.515000             -0.17151878785573348996
21.520000             -0.17217702511789084729
21.525000             -0.17286616889452849355
21.530000             -0.17358439828344568445
21.535000             -0.17432980517012791610
21.540000             -0.17510040387068112611
21.545000             -0.17589414181709420171
21.550000             -0.17670891087133722142
21.555000             -0.17754255882515460052
21.560000             -0.17839290064202759090
21.565000             -0.17925772902639219852
21.570000             -0.18013482396059773971
21.575000             -0.18102196092828334861
21.580000             -0.18191691763835307616
21.585000             -0.18281747916995177983
21.590000             -0.18372144156852274199
21.595000             -0.18462661402876207051
21.600000             -0.18553081989498212967
21.605000             -0.18643189678680105459
21.610000             -0.18732769621313827280
21.615000             -0.18821608306672424349
21.620000             -0.18909493539301716614
21.625000             -0.18996214480169831829
21.630000             -0.19081561783780146002
21.635000             -0.19165327855670091783
21.640000             -0.19247307245775377438
21.645000             -0.19327297183155833782
21.650000             -0.19405098247237523301
21.655000             -0.19480515160727893131
21.660000             -0.19553357680377619898
21.665000             -0.19623441554391904407
21.670000             -0.19690589510018374764
21.675000             -0.19754632231997282243
21.680000             -0.19815409292322680446
21.685000             -0.19872769994126496251
21.690000             -0.19926574097280250197
21.695000             -0.19976692400171067177
21.700000             -0.20023007160572028895
21.705000             -0.20065412348011366084
21.710000             -0.20103813729906788721
21.715000             -0.20138128803307298043
21.720000             -0.20168286592737924567
21.725000             -0.20194227341803613895
21.730000             -0.20215902131412893938
21.735000             -0.20233272460403559090
21.740000             -0.20246309824819230805
21.745000             -0.20254995330093911177
21.750000             -0.20259319366112943372
21.755000             -0.20259281368846973614
21.760000             -0.20254889684445559483
21.765000             -0.20246161542873403194
21.770000             -0.20233123138980030342
21.775000             -0.20215809809940124553
21.780000             -0.20194266289890197563
21.785000             -0.20168547015860616156
21.790000             -0.20138716454203398065
21.795000             -0.20104849413962727622
21.800000             -0.20067031313195321518
21.805000             -0.20025358366134649035
21.810000             -0.19979937663160740602
21.815000             -0.19930887121496285164
21.820000             -0.19878335291985174682
21.825000             -0.19822421015710917080
21.830000             -0.19763292933008727581
21.835000             -0.19701108856025034699
21.840000             -0.19636035023807074662
21.845000             -0.19568245265448241943
21.850000             -0.19497920101645008217
21.855000             -0.19425245817833663997
21.860000             -0.19350413542701058733
21.865000             -0.19273618364284250681
21.870000             -0.19195058512217816338
21.875000             -0.19114934629222260498
21.880000             -0.19033449148038567023
21.885000             -0.18950805782180515924
21.890000             -0.18867209130635206882
21.895000             -0.18782864388552170110
21.900000             -0.18697977148566960470
21.905000             -0.18612753271196605387
21.910000             -0.18527398798129743329
21.915000             -0.18442119879509297209
21.920000             -0.18357122685635099413
21.925000             -0.18272613274924859317
21.930000             -0.18188797393348402065
21.935000             -0.18105880185647152403
21.940000             -0.18024065805107666871
21.945000             -0.17943556916027689208
21.950000             -0.17864554090789158680
21.955000             -0.17787255111107463934
21.960000             -0.17711854190044426516
21.965000             -0.17638541137285460025
21.970000             -0.17567500494600801764
21.975000             -0.17498910671050402210
21.980000             -0.17432943108188619918
21.985000             -0.17369761504247829831
21.990000             -0.17309521123130475195
21.995000             -0.17252368209243479358
22.000000             -0.17198439523102759807
22.005000             -0.17147862005638109251
22.010000             -0.17100752571716301698
22.015000             -0.17057218026071208072
22.020000             -0.17017355088073821134
22.025000             -0.16981250506036552061
22.030000             -0.16948981237398971778
22.035000             -0.16920614668461159136
22.040000             -0.16896208846477139831
22.045000             -0.16875812697931047435
22.050000             -0.16859466209603118925
22.055000             -0.16847200553383764876
22.060000             -0.16839038141399667592
22.065000             -0.16834992604484466661
22.070000             -0.16835068693909333026
22.075000             -0.16839262113115793795
22.080000             -0.16847559292501199102
22.085000             -0.16859937125672549985
22.090000             -0.16876362689651122628
22.095000             -0.16896792974012825317
22.100000             -0.16921174644729547465
22.105000             -0.16949443867495042615
22.110000             -0.16981526212653030861
22.115000             -0.17017336659687015699
22.120000             -0.17056779713870284798
22.125000             -0.17099749641479131124
22.130000             -0.17146130823363109341
22.135000             -0.17195798220088448494
22.140000             -0.17248617935763208009
22.145000             -0.17304447862418542714
22.150000             -0.17363138382800472059
22.155000             -0.17424533106876682886
22.160000             -0.17488469616438787058
22.165000             -0.17554780192925170668
22.170000             -0.17623292505936444252
22.175000             -0.17693830243688074555
22.180000             -0.17766213671574629385
22.185000             -0.17840260110762404255
22.190000             -0.17915784334886561413
22.195000             -0.17992598889085345548
22.200000             -0.18070514341342028275
22.205000             -0.18149339481041670830
22.210000             -0.18228881483459000168
22.215000             -0.18308946061329034460
22.220000             -0.18389337625561888445
22.225000             -0.18469859476500702367
22.230000             -0.18550314044944543612
22.235000             -0.18630503198628606265
22.240000             -0.18710228625220806653
22.245000             -0.18789292297480367222
22.250000             -0.18867497020401630126
22.255000             -0.18944647054331140157
22.260000             -0.19020548802592451842
22.265000             -0.19095011547444551425
22.270000             -0.19167848214547783536
22.275000             -0.19238876143753302905
22.280000             -0.19307917843115704470
22.285000             -0.19374801703604893621
22.290000             -0.19439362654010333697
22.295000             -0.19501442738842791891
22.300000             -0.19560891606412655896
22.305000             -0.19617566899397739788
22.310000             -0.19671334545758689671
22.315000             -0.19722068953440960448
22.320000             -0.19769653117547722476
22.325000             -0.19813978653230190918
22.330000             -0.19854945771123910792
22.335000             -0.19892463214533009919
22.340000             -0.19926448178584346693
22.345000             -0.19956826231187096976
22.350000             -0.19983531253883821122
22.355000             -0.20006505417700262695
22.360000             -0.20025699205108202228
22.365000             -0.20041071484491509991
22.370000             -0.20052589638377293912
22.375000             -0.20060229741515103741
22.380000             -0.20063976780010170375
22.385000             -0.20063824898470328240
22.390000             -0.20059777658794675226
22.395000             -0.20051848292034468724
22.400000             -0.20040059923834227518
22.405000             -0.20024445754367867223
22.410000             -0.20005049175384395643
22.415000             -0.19981923809848439744
22.420000             -0.19955133463501636970
22.425000             -0.19924751982218449897
22.430000             -0.19890863013974999229
22.435000             -0.19853559679259932813
22.440000             -0.19812944158497172720
22.445000             -0.19769127209209014229
22.450000             -0.19722227628953670209
22.455000             -0.19672371682312483898
22.460000             -0.19619692511240585664
22.465000             -0.19564329547875933257
22.470000             -0.19506427947453708338
22.475000             -0.19446138056408232564
22.480000             -0.19383614927247885817
22.485000             -0.19319017887606490524
22.490000             -0.19252510166296923910
22.495000             -0.19184258574533435970
22.500000             -0.19114433236063563259
22.505000             -0.19043207356056701673
22.510000             -0.18970757015491998554
22.515000             -0.18897260975676713479
22.520000             -0.18822900476541093440
22.525000             -0.18747859012553530489
22.530000             -0.18672322071457900239
22.535000             -0.18596476823450450166
22.540000             -0.18520511751715482140
22.545000             -0.18444616219197026985
22.550000             -0.18368979970824966808
22.555000             -0.18293792574843639742
22.560000             -0.18219242811108726787
22.565000             -0.18145518017943218503
22.570000             -0.18072803412127352862
22.575000             -0.18001281398647295262
22.580000             -0.17931130887811613794
22.585000             -0.17862526637206649349
22.590000             -0.17795638634719446181
22.595000             -0.17730631536602611820
22.600000             -0.17667664171448341226
22.605000             -0.17606889117194496341
22.610000             -0.17548452354158841637
22.615000             -0.17492492992868219348
22.620000             -0.17439143071400101115
22.625000             -0.17388527413352752871
22.630000             -0.17340763534642880672
22.635000             -0.17295961585282979001
22.640000             -0.17254224311241089795
22.645000             -0.17215647021492211377
22.650000             -0.17180317546418963359
22.655000             -0.17148316175726480148
22.660000             -0.17119715566855298050
22.665000             -0.17094580618305618702
22.670000             -0.17072968306087321633
22.675000             -0.17054927485419132949
22.680000             -0.17040498663550796010
22.685000             -0.17029713752918546055
22.690000             -0.17022595816543556468
22.695000             -0.17019158819465091126
22.700000             -0.17019407400942732078
22.705000             -0.17023336682106801621
22.710000             -0.17030932122692452046
22.715000             -0.17042169438536225456
22.720000             -0.17057014588781277409
22.725000             -0.17075423838415818012
22.730000             -0.17097343898084349512
22.735000             -0.17122712139310272694
22.740000             -0.17151456879605495032
22.745000             -0.17183497728658359005
22.750000             -0.17218745984100394808
22.755000             -0.17257105063427211067
22.760000             -0.17298470957607789411
22.765000             -0.17342732691819065516
22.770000             -0.17389772779583162476
22.775000             -0.17439467658295007557
22.780000             -0.17491688096582549972
22.785000             -0.17546299566965148364
22.790000             -0.17603162580657732983
22.795000             -0.17662132984874950870
22.800000             -0.17723062226381591788
22.805000             -0.17785797588084792387
22.810000             -0.17850182407964926279
22.815000             -0.17916056291431292635
22.820000             -0.17983255329150896196
22.825000             -0.18051612332474267775
22.830000             -0.18120957097774745281
22.835000             -0.18191116709386548345
22.840000             -0.18261915888491117577
22.845000             -0.18333177392421373675
22.850000             -0.18404722465629277939
22.855000             -0.18476371340212871530
22.860000             -0.18547943780650491541
22.865000             -0.18619259664460624526
22.870000             -0.18690139588088852673
22.875000             -0.18760405485578091067
22.880000             -0.18829881246614924017
22.885000             -0.18898393320422895991
22.890000             -0.18965771292693270333
22.895000             -0.19031848424250313867
22.900000             -0.19096462142333944789
22.905000             -0.19159454478095447327
22.910000             -0.19220672446956513224
22.915000             -0.19279968371670333505
22.920000             -0.19337200151032554740
22.925000             -0.19392231480013322198
22.930000             -0.19444932029433387166
22.935000             -0.19495177595036722318
22.940000             -0.19542850226810862257
22.945000             -0.19587838349615999123
22.950000             -0.19630036885601159780
22.955000             -0.19669347387559649176
22.960000             -0.19705678190405276351
22.965000             -0.19738944585477466442
22.970000             -0.19769069019580798319
22.975000             -0.19795981317728270077
22.980000             -0.19819618925688758937
22.985000             -0.19839927165833953771
22.990000             -0.19856859497614071097
22.995000             -0.19870377772410488526
23.000000             -0.19880452471620552179
23.005000             -0.19887062916682915481
23.010000             -0.19890197440356927050
23.015000             -0.19889853509882751692
23.020000             -0.19886037794578059756
23.025000             -0.19878766172841061399
23.030000             -0.19868063676264316464
23.035000             -0.19853964371435636749
23.040000             -0.19836511182820967814
23.045000             -0.19815755662703071760
23.050000             -0.19791757716321572991
23.055000             -0.19764585291985600768
23.060000             -0.19734314046908418838
23.065000             -0.19701026999787760174
23.070000             -0.19664814180717371528
23.075000             -0.19625772287903439639
23.080000             -0.19584004358958020942
23.085000             -0.19539619462373652992
23.090000             -0.19492732412300822764
23.095000             -0.19443463507126793055
23.100000             -0.19391938289769405923
23.105000             -0.19338287325229322478
23.110000             -0.19282645988948723947
23.115000             -0.19225154258035673238
23.120000             -0.19165956496529237829
23.125000             -0.19105201225656504027
23.130000             -0.19043040870479169269
23.135000             -0.18979631475409772245
23.140000             -0.18915132382718582993
23.145000             -0.18849705870236929672
23.150000             -0.18783516746848366585
23.155000             -0.18716731906882810854
23.160000             -0.18649519847020440411
23.165000             -0.18582050151605022936
23.170000             -0.18514492954208036646
23.175000             -0.18447018384749100384
23.180000             -0.18379796012369847835
23.185000             -0.18312994294523382566
23.190000             -0.18246780042367760633
23.195000             -0.18181317911569055967
23.200000             -0.18116769926100015353
23.205000             -0.18053295040669639637
23.210000             -0.17991048745171731027
23.215000             -0.17930182712149519975
23.220000             -0.17870844485899389786
23.225000             -0.17813177209638200726
23.230000             -0.17757319385279674018
23.235000             -0.17703404658928142967
23.240000             -0.17651561624292796959
23.245000             -0.17601913635906707434
23.250000             -0.17554578624316077851
23.255000             -0.17509668906259226451
23.260000             -0.17467290984217670458
23.265000             -0.17427545331492802494
23.270000             -0.17390526161017150208
23.275000             -0.17356321178304548458
23.280000             -0.17325011321126881914
23.285000             -0.17296670490527515929
23.290000             -0.17271365279505221380
23.295000             -0.17249154707010663778
23.300000             -0.17230089965704348254
23.305000             -0.17214214192176560680
23.310000             -0.17201562268011810763
23.315000             -0.17192160659216249030
23.320000             -0.17186027300176090482
23.325000             -0.17183171526570623078
23.330000             -0.17183594059642828822
23.335000             -0.17187287042068533083
23.340000             -0.17194234123505799938
23.345000             -0.17204410591890795246
23.350000             -0.17217783544806969376
23.355000             -0.17234312093900661100
23.360000             -0.17253947594433902135
23.365000             -0.17276633891705156509
23.370000             -0.17302307576247699661
23.375000             -0.17330898240412648259
23.380000             -0.17362328730105636154
23.385000             -0.17396515386985961227
23.390000             -0.17433368278246016980
23.395000             -0.17472791413039492903
23.400000             -0.17514682946583884360
23.405000             -0.17558935374792403183
23.410000             -0.17605435723867970954
23.415000             -0.17654065740511354354
23.420000             -0.17704702089176013735
23.425000             -0.17757216563093500272
23.430000             -0.17811476315577612350
23.435000             -0.17867344117411479432
23.440000             -0.17924678644978522812
23.445000             -0.17983334802295714017
23.450000             -0.18043164078349063772
23.455000             -0.18104014939235432702
23.460000             -0.18165733252709986845
23.465000             -0.18228162740951950327
23.470000             -0.18291145455810536857
23.475000             -0.18354522269580622607
23.480000             -0.18418133373560302557
23.485000             -0.18481818776310771080
23.490000             -0.18545418793689708026
23.495000             -0.18608774523348411978
23.500000             -0.18671728297424655674
23.505000             -0.18734124108552738242
23.510000             -0.18795808005955055853
23.515000             -0.18856628460161670158
23.520000             -0.18916436696706559473
23.525000             -0.18975087000850460184
23.530000             -0.19032436996868287715
23.535000             -0.19088347906616948135
23.540000             -0.19142684792892045165
23.545000             -0.19195316793441469239
23.550000             -0.19246117351411320961
23.555000             -0.19294964447467433111
23.560000             -0.19341740837905840866
23.565000             -0.19386334301805885350
23.570000             -0.19428637898780323767
23.575000             -0.19468550237243276158
23.580000             -0.19505975751462237278
23.585000             -0.19540824984098997819
23.590000             -0.19573014869582552877
23.595000             -0.19602469012587347974
23.600000             -0.19629117955184754996
23.605000             -0.19652899425940495437
23.610000             -0.19673758564365875778
23.615000             -0.19691648114684628945
23.620000             -0.19706528583812812916
23.625000             -0.19718368359702168058
23.630000             -0.19727143787684073284
23.635000             -0.19732839204071983552
23.640000             -0.19735446927928421146
23.645000             -0.19734967213469445380
23.650000             -0.19731408166964392592
23.655000             -0.19724785633102365212
23.660000             -0.19715123056570538207
23.665000             -0.19702451324977221514
23.670000             -0.19686808599234861816
23.675000             -0.19668240137103110143
23.680000             -0.19646798114814287284
23.685000             -0.19622541450621439063
23.690000             -0.19595535632801491799
23.695000             -0.19565852553205423381
23.700000             -0.19533570345974901605
23.705000             -0.19498773229642257787
23.710000             -0.19461551349594591320
23.715000             -0.19422000616897072689
23.720000             -0.19380222538801344934
23.725000             -0.19336324035957105916
23.730000             -0.19290417241417598393
23.735000             -0.19242619276976696829
23.740000             -0.19193052003164851049
23.745000             -0.19141841740308848663
23.750000             -0.19089118959353029714
23.755000             -0.19035017942559270820
23.760000             -0.18979676415655194477
23.765000             -0.18923235154387391121
23.770000             -0.18865837569668000850
23.775000             -0.18807629276498061266
23.780000             -0.18748757652545683383
23.785000             -0.18689371392608902789
23.790000             -0.18629620065181076716
23.795000             -0.18569653676966565992
23.800000             -0.18509622250494098261
23.805000             -0.18449675418995412080
23.810000             -0.18389962041525700909
23.815000             -0.18330629839982243157
23.820000             -0.18271825058318130752
23.825000             -0.18213692142940257623
23.830000             -0.18156373442112150318
23.835000             -0.18100008921228696868
23.840000             -0.18044735890153404401
23.845000             -0.17990688738450716366
23.850000             -0.17937998674326541271
23.855000             -0.17886793463406053251
23.860000             -0.17837197164103593683
23.865000             -0.17789329857228203258
23.870000             -0.17743307368556321402
23.875000             -0.17699240984313682756
23.880000             -0.17657237160756608652
23.885000             -0.17617397230243062034
23.890000             -0.17579817107253001285
23.895000             -0.17544586998683051049
23.900000             -0.17511791123344047638
23.905000             -0.17481507445890295815
23.910000             -0.17453807430387466293
23.915000             -0.17428755818383190324
23.920000             -0.17406410435704505746
23.925000             -0.17386822031312115788
23.930000             -0.17370034150453023125
23.935000             -0.17356083043143044620
23.940000             -0.17344997607757597913
23.945000             -0.17336799368296193502
23.950000             -0.17331502482790869801
23.955000             -0.17329113779420921015
23.960000             -0.17329632816232454218
23.965000             -0.17333051959981202184
23.970000             -0.17339356479539747014
23.975000             -0.17348524649536595232
23.980000             -0.17360527860402166778
23.985000             -0.17375330731747212765
23.990000             -0.17392891226936027516
23.995000             -0.17413160767773083748
24.000000             -0.17436084349321967490
24.005000             -0.17461600655943501637
24.010000             -0.17489642180600009636
24.015000             -0.17520135350260668261
24.020000             -0.17553000660802961508
24.025000             -0.17588152825100722421
24.030000             -0.17625500937999966089
24.035000             -0.17664948661609145009
24.040000             -0.17706394433789951481
24.045000             -0.17749731701965029695
24.050000             -0.17794849183411345916
24.055000             -0.17841631152147449657
24.060000             -0.17889957751418134047
24.065000             -0.17939705329706071013
24.070000             -0.17990746797225920517
24.075000             -0.18042951999046324962
24.080000             -0.18096188100390075970
24.085000             -0.18150319979320123087
24.090000             -0.18205210621948406113
24.095000             -0.18260721515506705970
24.100000             -0.18316713035078038829
24.105000             -0.18373044820468364957
24.110000             -0.18429576140554104757
24.115000             -0.18486166243411814025
24.120000             -0.18542674691554542066
24.125000             -0.18598961682597958678
24.130000             -0.18654888356589244269
24.135000             -0.18710317091995029570
24.140000             -0.18765111792909691668
24.145000             -0.18819138170378338359
24.150000             -0.18872264020808926510
24.155000             -0.18924359504273705057
24.160000             -0.18975297425086357084
24.165000             -0.19024953516418793842
24.170000             -0.19073206729936173498
24.175000             -0.19119939530535184913
24.180000             -0.19165038195332395610
24.185000             -0.19208393115130817375
24.190000             -0.19249899095757758150
24.195000             -0.19289455655972267967
24.200000             -0.19326967318133456142
24.205000             -0.19362343887535907183
24.210000             -0.19395500716274968744
24.215000             -0.19426358947705069102
24.220000             -0.19454845737985076992
24.225000             -0.19480894451837765802
24.230000             -0.19504444830442838055
24.235000             -0.19525443130282998938
24.240000             -0.19543842232710675888
24.245000             -0.19559601724938027734
24.250000             -0.19572687954014453271
24.255000             -0.19583074056089236348
24.260000             -0.19590739963816747315
24.265000             -0.19595672395114896447
24.270000             -0.19597864826614616596
24.275000             -0.19597317455035595524
24.280000             -0.19594037149403140119
24.285000             -0.19588037396509341836
24.290000             -0.19579338241357002737
24.295000             -0.19567966223556870764
24.300000             -0.19553954309831894642
24.305000             -0.19537341821975542921
24.310000             -0.19518174358870518659
24.315000             -0.19496503710552232080
24.320000             -0.19472387761840395659
24.325000             -0.19445890382795216755
24.330000             -0.19417081303199321130
24.335000             -0.19386035968427681175
24.340000             -0.19352835374434532167
24.345000             -0.19317565880133927281
24.350000             -0.19280318996143538945
24.355000             -0.19241191149652656089
24.360000             -0.19200283426013675658
24.365000             -0.19157701288486253532
24.370000             -0.19113554278330913139
24.375000             -0.19067955698104785411
24.380000             -0.19021022281514754493
24.385000             -0.18972873853501601160
24.390000             -0.18923632984344423980
24.395000             -0.18873424641483049768
24.400000             -0.18822375842466232410
24.405000             -0.18770615311967531191
24.410000             -0.18718273145202959928
24.415000             -0.18665480479377230538
24.420000             -0.18612369174027687535
24.425000             -0.18559071500379598074
24.430000             -0.18505719839122777848
24.435000             -0.18452446385416323982
24.440000             -0.18399382859463767059
24.445000             -0.18346660220705887645
24.450000             -0.18294408383570431864
24.455000             -0.18242755932802223739
24.460000             -0.18191829836665482367
24.465000             -0.18141755156742772614
24.470000             -0.18092654753619674679
24.475000             -0.18044648988401282286
24.480000             -0.17997855420710098806
24.485000             -0.17952388504515709444
24.490000             -0.17908359283796007611
24.495000             -0.17865875090584149021
24.500000             -0.17825039248375762480
24.505000             -0.17785950784129700430
24.510000             -0.17748704152174349380
24.515000             -0.17713388973225308032
24.520000             -0.17680089791435993352
24.525000             -0.17648885851959270066
24.530000             -0.17619850900924655113
24.535000             -0.17593053009069783976
24.540000             -0.17568554419550286294
24.545000             -0.17546411419734861403
24.550000             -0.17526674236118583439
24.555000             -0.17509386950899366586
24.560000             -0.17494587438296882453
24.565000             -0.17482307318377221517
24.570000             -0.17472571925998509057
24.575000             -0.17465400292516825020
24.580000             -0.17460805138084206645
24.585000             -0.17458792872712630695
24.590000             -0.17459363604743602383
24.595000             -0.17462511155916571326
24.600000             -0.17468223082831127457
24.605000             -0.17476480705203020771
24.610000             -0.17487259141880479030
24.615000             -0.17500527356074127572
24.620000             -0.17516248211626125886
24.625000             -0.17534378542376888310
24.630000             -0.17554869236762157825
24.635000             -0.17577665339685510926
24.640000             -0.17602706173464566231
24.645000             -0.17629925479260818988
24.650000             -0.17659251579897197737
24.655000             -0.17690607564377394678
24.660000             -0.17723911493785790561
24.665000             -0.17759076627606268373
24.670000             -0.17796011668894959334
24.675000             -0.17834621026213329231
24.680000             -0.17874805089807757619
24.685000             -0.17916460519235277715
24.690000             -0.17959480539498912099
24.695000             -0.18003755242776250944
24.700000             -0.18049171892997833977
24.705000             -0.18095615230842870824
24.710000             -0.18142967777145527219
24.715000             -0.18191110133215113165
24.720000             -0.18239921277131651567
24.725000             -0.18289278855645954569
24.730000             -0.18339059471851554273
24.735000             -0.18389138969268165047
24.740000             -0.18439392713351324127
24.745000             -0.18489695871695804863
24.750000             -0.18539923694315355029
24.755000             -0.18589951795352094299
24.760000             -0.18639656437398091637
24.765000             -0.18688914819313892646
24.770000             -0.18737605368023568797
24.775000             -0.18785608034283923784
24.780000             -0.18832804591899379720
24.785000             -0.18879078939320498298
24.790000             -0.18924317402060494842
24.795000             -0.18968409033924041318
24.800000             -0.19011245914697189052
24.805000             -0.19052723441719127129
24.810000             -0.19092740612662006949
24.815000             -0.19131200296889866452
24.820000             -0.19168009492949764083
24.825000             -0.19203079570055259229
24.830000             -0.19236326491834024321
24.835000             -0.19267671021101273610
24.840000             -0.19297038904956559380
24.845000             -0.19324361040048951277
24.850000             -0.19349573618379720119
24.855000             -0.19372618254479678779
24.860000             -0.19393442095180646323
24.865000             -0.19411997913475773081
24.870000             -0.19428244188114865421
24.875000             -0.19442145170602734283
24.880000             -0.19453670941162726216
24.885000             -0.19462797455004368641
24.890000             -0.19469506579912282396
24.895000             -0.19473786125778189127
24.900000             -0.19475629866258475920
24.905000             -0.19475037552288801401
24.910000             -0.19472014916757598990
24.915000             -0.19466573669263362301
24.920000             -0.19458731479583171731
24.925000             -0.19448511948283944695
24.930000             -0.19435944562828072479
24.935000             -0.19421064637568205558
24.940000             -0.19403913236189421210
24.945000             -0.19384537075432531350
24.950000             -0.19362988409301021275
24.955000             -0.19339324893393441962
24.960000             -0.19313609429484973612
24.965000             -0.19285909990975041994
24.970000             -0.19256299430291598518
24.975000             -0.19224855269767152088
24.980000             -0.19191659477850386839
24.985000             -0.19156798232769256529
24.990000             -0.19120361675903457810
