# time u2_x
0.005000              0.00000000000000000000
0.010000              0.00000060514872897100
0.015000              0.00000166495418451898
0.020000              0.00000317863283968912
0.025000              0.00000515182171103891
0.030000              0.00000759336524841234
0.035000              0.00001050851560504117
0.040000              0.00001390436094517600
0.045000              0.00001778418857277721
0.050000              0.00002214357074331221
0.055000              0.00002697407087023776
0.060000              0.00003225883368664074
0.065000              0.00003797358177348480
0.070000              0.00004409460048358580
0.075000              0.00005059173118249676
0.080000              0.00005743806485172334
0.085000              0.00006460202668580484
0.090000              0.00007205077547480335
0.095000              0.00007974998321582828
0.100000              0.00008766616631982037
0.105000              0.00009576744448114864
0.110000              0.00010402347649645403
0.115000              0.00011240720167740195
0.120000              0.00012089041237201744
0.125000              0.00012945488076444381
0.130000              0.00013807873696730790
0.135000              0.00014673483475547645
0.140000              0.00015538216751829874
0.145000              0.00016398265899193824
0.150000              0.00017248009173483382
0.155000              0.00018081553021225772
0.160000              0.00018895079923790951
0.165000              0.00019685364074697008
0.170000              0.00020450574217443192
0.175000              0.00021188524250518405
0.180000              0.00021900464234607010
0.185000              0.00022586295217174947
0.190000              0.00023246772426986265
0.195000              0.00023882298702356897
0.200000              0.00024491100347242894
0.205000              0.00025071025815577753
0.210000              0.00025617384254176140
0.215000              0.00026125932357815739
0.220000              0.00026588768993794339
0.225000              0.00026995323686150732
0.230000              0.00027330323929751856
0.235000              0.00027582915880570888
0.240000              0.00027735977656760999
0.245000              0.00027772340138367896
0.250000              0.00027683485504070783
0.255000              0.00027461238344723228
0.260000              0.00027113779678294248
0.265000              0.00026654198940122877
0.270000              0.00026090153722504105
0.275000              0.00025429119438397649
0.280000              0.00024668658501699543
0.285000              0.00023804294233304181
0.290000              0.00022834374837703647
0.295000              0.00021757856395129965
0.300000              0.00020580276642692935
0.305000              0.00019309003839125600
0.310000              0.00017952566209759069
0.315000              0.00016520190464594102
0.320000              0.00015013744941629875
0.325000              0.00013436105200064080
0.330000              0.00011786819625881579
0.335000              0.00010067115490164332
0.340000              0.00008280755782490416
0.345000              0.00006434210703889709
0.350000              0.00004542340031428929
0.355000              0.00002620036958829669
0.360000              0.00000688386165578525
0.365000             -0.00001231347237881066
0.370000             -0.00003135429279443072
0.375000             -0.00005024312981976080
0.380000             -0.00006905286206048757
0.385000             -0.00008788533957254679
0.390000             -0.00010673738773382200
0.395000             -0.00012558900469087695
0.400000             -0.00014428316490666505
0.405000             -0.00016263885694128673
0.410000             -0.00018048194992811706
0.415000             -0.00019763638257009510
0.420000             -0.00021400513486628274
0.425000             -0.00022950206392684784
0.430000             -0.00024409182356578118
0.435000             -0.00025774629264113213
0.440000             -0.00027042359927031344
0.445000             -0.00028208661360414972
0.450000             -0.00029270326631847330
0.455000             -0.00030223609342895711
0.460000             -0.00031070321532501401
0.465000             -0.00031813121430110847
0.470000             -0.00032486532438114334
0.475000             -0.00033131485431345194
0.480000             -0.00033803295250598657
0.485000             -0.00034560663006609249
0.490000             -0.00035458176622339324
0.495000             -0.00036545010981112788
0.500000             -0.00037864573560938340
0.505000             -0.00039459616957560539
0.510000             -0.00041373980220648255
0.515000             -0.00043651719008574129
0.520000             -0.00046313853876356077
0.525000             -0.00049373798056397719
0.530000             -0.00052814710392890972
0.535000             -0.00056608410131629434
0.540000             -0.00060737398681968340
0.545000             -0.00065182761689830176
0.550000             -0.00069889242062565855
0.555000             -0.00074789849264967788
0.560000             -0.00079819738940395564
0.565000             -0.00084906736089964676
0.570000             -0.00090000408889586206
0.575000             -0.00095053787580603002
0.580000             -0.00100029652815678493
0.585000             -0.00104892610225236038
0.590000             -0.00109600937266400946
0.595000             -0.00114106130358699286
0.600000             -0.00118340823781969162
0.605000             -0.00122250597930117599
0.610000             -0.00125783919051848572
0.615000             -0.00128888459683341289
0.620000             -0.00131537524158478183
0.625000             -0.00133696639640471611
0.630000             -0.00135360461084990452
0.635000             -0.00136530986578450322
0.640000             -0.00137218861724548529
0.645000             -0.00137442628861169334
0.650000             -0.00137205157520716293
0.655000             -0.00136507608532633780
0.660000             -0.00135373976685257457
0.665000             -0.00133825536702195883
0.670000             -0.00131940544912052685
0.675000             -0.00129815793439612111
0.680000             -0.00127554160212558099
0.685000             -0.00125261465908246199
0.690000             -0.00122986638776291296
0.695000             -0.00120764747741362736
0.700000             -0.00118581091874541832
0.705000             -0.00116416025761437430
0.710000             -0.00114236090623190813
0.715000             -0.00111978892535854612
0.720000             -0.00109584605170828862
0.725000             -0.00106981931700606491
0.730000             -0.00104087353457090023
0.735000             -0.00100806990030308350
0.740000             -0.00097057073004054670
0.745000             -0.00092760229820053417
0.750000             -0.00087849333364651671
0.755000             -0.00082260246251911217
0.760000             -0.00075963833497482292
0.765000             -0.00068949833100020205
0.770000             -0.00061276309547596004
0.775000             -0.00053027653827040849
0.780000             -0.00044331763970267130
0.785000             -0.00035341106653340404
0.790000             -0.00026158143389454295
0.795000             -0.00016877412547526417
0.800000             -0.00007562561444748990
0.805000              0.00001723729204661942
0.810000              0.00010895904515619372
0.815000              0.00019862975427689176
0.820000              0.00028516672615285567
0.825000              0.00036748032689162949
0.830000              0.00044452935943564551
0.835000              0.00051533904972584244
0.840000              0.00057928805487276764
0.845000              0.00063593384730098153
0.850000              0.00068507683365884374
0.855000              0.00072664339401880653
0.860000              0.00076072190619368466
0.865000              0.00078743979401671557
0.870000              0.00080738462327792154
0.875000              0.00082123233987643600
0.880000              0.00082991904498900626
0.885000              0.00083433831012549463
0.890000              0.00083599319240748832
0.895000              0.00083649558223917119
0.900000              0.00083770488894192223
0.905000              0.00084152330003848424
0.910000              0.00084948542109351453
0.915000              0.00086290659310393205
0.920000              0.00088234155572738818
0.925000              0.00090807556601074798
0.930000              0.00094023600379915652
0.935000              0.00097878467563308237
0.940000              0.00102387747258608341
0.945000              0.00107560551364107486
0.950000              0.00113408543619414348
0.955000              0.00119951356956420996
0.960000              0.00127135703823756554
0.965000              0.00134893174390114754
0.970000              0.00143126859677030404
0.975000              0.00151746955594460916
0.980000              0.00160675671454918131
0.985000              0.00169846530576849529
0.990000              0.00179200423751993149
0.995000              0.00188680901699741859
1.000000              0.00198188362507061748
1.005000              0.00207613195263868641
1.010000              0.00216785091643085853
1.015000              0.00225530252736509803
1.020000              0.00233660306831633743
1.025000              0.00240993826916471995
1.030000              0.00247398303269489098
1.035000              0.00252737335436198579
1.040000              0.00256908130228025982
1.045000              0.00259805154630658557
1.050000              0.00261260606724228244
1.055000              0.00261117710363323622
1.060000              0.00259231371484719636
1.065000              0.00255456005042569659
1.070000              0.00249780046542870393
1.075000              0.00242253695163488839
1.080000              0.00232989413589104527
1.085000              0.00222140686902549695
1.090000              0.00209919214940185910
1.095000              0.00196563249907499502
1.100000              0.00182337208421049640
1.105000              0.00167535232333984683
1.110000              0.00152405101458749593
1.115000              0.00137195610867671554
1.120000              0.00122054303546985984
1.125000              0.00107089652486281966
1.130000              0.00092326041656532951
1.135000              0.00077757892656598346
1.140000              0.00063339920021049400
1.145000              0.00048995875190551189
1.150000              0.00034621615865303184
1.155000              0.00020095364895319782
1.160000              0.00005256664606391412
1.165000             -0.00010081719834893669
1.170000             -0.00026069525923250598
1.175000             -0.00042859077416865552
1.180000             -0.00060516343537936812
1.185000             -0.00079083514527734846
1.190000             -0.00098555178866438845
1.195000             -0.00118897168581653273
1.200000             -0.00140068169092057724
1.205000             -0.00162000633553343958
1.210000             -0.00184623040339316536
1.215000             -0.00207835404604679152
1.220000             -0.00231511651322525427
1.225000             -0.00255493218102885965
1.230000             -0.00279566774910140845
1.235000             -0.00303483391054030875
1.240000             -0.00326955047603667923
1.245000             -0.00349682795132534282
1.250000             -0.00371346728614815099
1.255000             -0.00391629321992160908
1.260000             -0.00410235812978073083
1.265000             -0.00426899215269642418
1.270000             -0.00441415299924004245
1.275000             -0.00453623448865767779
1.280000             -0.00463412427567948954
1.285000             -0.00470756888322294495
1.290000             -0.00475693622897096439
1.295000             -0.00478349344932437782
1.300000             -0.00478903638598140828
1.305000             -0.00477590628298854222
1.310000             -0.00474615076461461661
1.315000             -0.00470179748084508225
1.320000             -0.00464464531767011697
1.325000             -0.00457637745984803938
1.330000             -0.00449897785346340881
1.335000             -0.00441440984346192118
1.340000             -0.00432474044015713349
1.345000             -0.00423159359203173144
1.350000             -0.00413613459057557420
1.355000             -0.00403890104907340085
1.360000             -0.00394011578737370020
1.365000             -0.00383901999246723637
1.370000             -0.00373452537471911363
1.375000             -0.00362533312703578825
1.380000             -0.00351003137309582880
1.385000             -0.00338734051362234688
1.390000             -0.00325641860312567664
1.395000             -0.00311674184013823298
1.400000             -0.00296795498521120480
1.405000             -0.00280992285734611843
1.410000             -0.00264296621543862967
1.415000             -0.00246776643736089374
1.420000             -0.00228561292796184432
1.425000             -0.00209826178644017354
1.430000             -0.00190787626430163524
1.435000             -0.00171671557543909194
1.440000             -0.00152677243892230261
1.445000             -0.00133996975269557459
1.450000             -0.00115754497765619053
1.455000             -0.00098054207796038754
1.460000             -0.00080976360770339685
1.465000             -0.00064579816437353860
1.470000             -0.00048873951414263230
1.475000             -0.00033837176814305428
1.480000             -0.00019394532162637370
1.485000             -0.00005443269532585005
1.490000              0.00008133743262951924
1.495000              0.00021466636144925735
1.500000              0.00034666897651799500
1.505000              0.00047842216702780656
1.510000              0.00061054605696574463
1.515000              0.00074348183988357875
1.520000              0.00087742449363640987
1.525000              0.00101240402951531571
1.530000              0.00114812741420372501
1.535000              0.00128401396104153615
1.540000              0.00141938986379200002
1.545000              0.00155339681156403783
1.550000              0.00168533734251598917
1.555000              0.00181449019760227047
1.560000              0.00194016233267661872
1.565000              0.00206169297014064095
1.570000              0.00217791199112515139
1.575000              0.00228746805645576885
1.580000              0.00238857704779229379
1.585000              0.00247941056609335799
1.590000              0.00255907180879425900
1.595000              0.00262711025456756385
1.600000              0.00268461508796279157
1.605000              0.00273337215815656768
1.610000              0.00277548375535925131
1.615000              0.00281312390268849801
1.620000              0.00284765777200090588
1.625000              0.00288028293059919933
1.630000              0.00291214644256205645
1.635000              0.00294429350136941317
1.640000              0.00297817521533488014
1.645000              0.00301526381368145751
1.650000              0.00305694971989958113
1.655000              0.00310495191069486967
1.660000              0.00315978641334168893
1.665000              0.00322175477502302391
1.670000              0.00328946738238262114
1.675000              0.00336073899103856138
1.680000              0.00343191572471540770
1.685000              0.00349897500297656049
1.690000              0.00355766977862525700
1.695000              0.00360348963459110978
1.700000              0.00363277295158333843
1.705000              0.00364177331931519067
1.710000              0.00362705934256709120
1.715000              0.00358535977288899563
1.720000              0.00351412293942477685
1.725000              0.00341128045196286821
1.730000              0.00327610733354614632
1.735000              0.00310859708677511818
1.740000              0.00290975633136763634
1.745000              0.00268113659455778384
1.750000              0.00242490702267065834
1.755000              0.00214334693577765628
1.760000              0.00183932989273632302
1.765000              0.00151546682276639563
1.770000              0.00117450151417367032
1.775000              0.00081933102306312700
1.780000              0.00045207876253272405
1.785000              0.00007478492758979624
1.790000             -0.00031150774658295831
1.795000             -0.00070621284312220466
1.800000             -0.00110928393867085022
1.805000             -0.00152107508857639924
1.810000             -0.00194148694149854435
1.815000             -0.00237053349287216168
1.820000             -0.00280730248899951863
1.825000             -0.00325069763814040411
1.830000             -0.00369852179353523771
1.835000             -0.00414818074124300926
1.840000             -0.00459675433527641231
1.845000             -0.00504076655655928338
1.850000             -0.00547724485707316508
1.855000             -0.00590303223310392755
1.860000             -0.00631552161443593111
1.865000             -0.00671250807835386144
1.870000             -0.00709167665968349781
1.875000             -0.00745057539669237955
1.880000             -0.00778560707357248572
1.885000             -0.00809270842226342615
1.890000             -0.00836756277600905242
1.895000             -0.00860579097708703313
1.900000             -0.00880352722563047113
1.905000             -0.00895728250658371639
1.910000             -0.00906385658886766851
1.915000             -0.00912046249402215757
1.920000             -0.00912493687496625412
1.925000             -0.00907446532689543464
1.930000             -0.00896725488200177112
1.935000             -0.00880311695201527883
1.940000             -0.00858333103814484105
1.945000             -0.00830945037470369810
1.950000             -0.00798573619832959776
1.955000             -0.00761692584183750517
1.960000             -0.00720959382955449913
1.965000             -0.00677079768620835951
1.970000             -0.00630749055586649586
1.975000             -0.00582803121455572910
1.980000             -0.00533723842435280139
1.985000             -0.00484068141464241621
1.990000             -0.00434186619377241977
1.995000             -0.00384375713953842481
2.000000             -0.00334755627871848212
2.005000             -0.00285400869235624861
2.010000             -0.00236307373860481168
2.015000             -0.00187417950346091371
2.020000             -0.00138679218761602750
2.025000             -0.00090022910089995918
2.030000             -0.00041391499232855563
2.035000              0.00007275405181314134
2.040000              0.00055975304669313272
2.045000              0.00104693954101651413
2.050000              0.00153341887386173725
2.055000              0.00201800025720423994
2.060000              0.00249917332031766946
2.065000              0.00297517979136553094
2.070000              0.00344402841408634683
2.075000              0.00390344381663117190
2.080000              0.00435161322111808548
2.085000              0.00478631988784832072
2.090000              0.00520608376135337121
2.095000              0.00560947859448705181
2.100000              0.00599501300470991431
2.105000              0.00636191379918417226
2.110000              0.00670966798421231830
2.115000              0.00703812811885110110
2.120000              0.00734808541413296996
2.125000              0.00764102290025912238
2.130000              0.00791865608383539137
2.135000              0.00818343826725388863
2.140000              0.00843809791085654674
2.145000              0.00868564676144426874
2.150000              0.00893013807705144054
2.155000              0.00917429431391370356
2.160000              0.00942157292657082659
2.165000              0.00967557597221857003
2.170000              0.00993970622733814438
2.175000              0.01021742261777951882
2.180000              0.01051065693618306006
2.185000              0.01082181348490491961
2.190000              0.01115203345249160191
2.195000              0.01150140049936924751
2.200000              0.01186911463616570177
2.205000              0.01225297224335373733
2.210000              0.01264949171442050768
2.215000              0.01305442725701249501
2.220000              0.01346267303637217749
2.225000              0.01386914049027993673
2.230000              0.01426876900416838498
2.235000              0.01465572988400298121
2.240000              0.01502577454716821394
2.245000              0.01537375630970925361
2.250000              0.01569403007717496898
2.255000              0.01598050195348663452
2.260000              0.01622964270146309146
2.265000              0.01643679553941203644
2.270000              0.01659891909922202660
2.275000              0.01671392186669604790
2.280000              0.01678163098257266089
2.285000              0.01680199284987356212
2.290000              0.01677674255749827745
2.295000              0.01670805255677872136
2.300000              0.01659858981123479155
2.305000              0.01645185650615177061
2.310000              0.01627059009816890500
2.315000              0.01605750507759901025
2.320000              0.01581428801725696248
2.325000              0.01554109845638343597
2.330000              0.01523743644486608498
2.335000              0.01490334604374568203
2.340000              0.01453587334474036076
2.345000              0.01413190595316388305
2.350000              0.01368693802655467952
2.355000              0.01319580027585407281
2.360000              0.01265347718591156717
2.365000              0.01205455313432623327
2.370000              0.01139553686083401816
2.375000              0.01067328049643338425
2.380000              0.00988695799536860008
2.385000              0.00903633161864333956
2.390000              0.00812285917607917518
2.395000              0.00714905796141400342
2.400000              0.00611979905435828045
2.405000              0.00504064332061298064
2.410000              0.00391654913150321117
2.415000              0.00275424464948175384
2.420000              0.00155999743302679154
2.425000              0.00034072538521158442
2.430000             -0.00089667093460591926
2.435000             -0.00214514920931259878
2.440000             -0.00339804869780071161
2.445000             -0.00464944130161130346
2.450000             -0.00589521686918838619
2.455000             -0.00713234972419632754
2.460000             -0.00835766257361224285
2.465000             -0.00956847834430370713
2.470000             -0.01076013749703537761
2.475000             -0.01192804899606070453
2.480000             -0.01306686531881991187
2.485000             -0.01417130324395420894
2.490000             -0.01523715757916104495
2.495000             -0.01626075975110013311
2.500000             -0.01723888621059600085
2.505000             -0.01816792834232159107
2.510000             -0.01904570610761394459
2.515000             -0.01987222155301052867
2.520000             -0.02064629784362867482
2.525000             -0.02136756431228336792
2.530000             -0.02203835278182719737
2.535000             -0.02265653731458790524
2.540000             -0.02322100025853255159
2.545000             -0.02373176694443639850
2.550000             -0.02418634260829074373
2.555000             -0.02457995986933082452
2.560000             -0.02491087273049669495
2.565000             -0.02517677200538401272
2.570000             -0.02537941411465010830
2.575000             -0.02552021965137884693
2.580000             -0.02560360412061733065
2.585000             -0.02563235200802168809
2.590000             -0.02560472495444895621
2.595000             -0.02552300759648368916
2.600000             -0.02538777431740004906
2.605000             -0.02519864071836593403
2.610000             -0.02495509073981418136
2.615000             -0.02465675699120039102
2.620000             -0.02430508361260142261
2.625000             -0.02390108032106812511
2.630000             -0.02344766906576431151
2.635000             -0.02294796047741301873
2.640000             -0.02240599820477381932
2.645000             -0.02182258488258070200
2.650000             -0.02119777724790185974
2.655000             -0.02053337815182403048
2.660000             -0.01982508028778534603
2.665000             -0.01907294753969377560
2.670000             -0.01827460432850637473
2.675000             -0.01742810061140285735
2.680000             -0.01653185192632051354
2.685000             -0.01558397256532211006
2.690000             -0.01458502107755178974
2.695000             -0.01352924239333744283
2.700000             -0.01241901586966423672
2.705000             -0.01125462883904416317
2.710000             -0.01004003500037238539
2.715000             -0.00878238504301427116
2.720000             -0.00748712534041617254
2.725000             -0.00616317462418128001
2.730000             -0.00482023947669674852
2.735000             -0.00346833388947796794
2.740000             -0.00211645458659563300
2.745000             -0.00077292984095660361
2.750000              0.00055511746906904570
2.755000              0.00186089694340233380
2.760000              0.00313863229031676122
2.765000              0.00438322905216618174
2.770000              0.00559040641736848355
2.775000              0.00675669720370158586
2.780000              0.00788100373304993947
2.785000              0.00896310723606071058
2.790000              0.01000633241917393314
2.795000              0.01101514951275684925
2.800000              0.01199551339953411344
2.805000              0.01295401748743817312
2.810000              0.01389529576317842866
2.815000              0.01482389755973195257
2.820000              0.01574032951858117882
2.825000              0.01664415415447532964
2.830000              0.01753054255586609586
2.835000              0.01839459885170301873
2.840000              0.01923038469399515962
2.845000              0.02002997390657481128
2.850000              0.02078770468336613858
2.855000              0.02149542388888145417
2.860000              0.02214707927774080959
2.865000              0.02273545075536829996
2.870000              0.02325469622699379360
2.875000              0.02370052721282883343
2.880000              0.02406926477068234774
2.885000              0.02435946945980073386
2.890000              0.02456962388274028936
2.895000              0.02469871083406717169
2.900000              0.02474520225790262373
2.905000              0.02470691444249248012
2.910000              0.02458247581631505668
2.915000              0.02437035100144970684
2.920000              0.02407023662297405608
2.925000              0.02368288598523931102
2.930000              0.02320929639505045841
2.935000              0.02265220389707113188
2.940000              0.02201566703935776623
2.945000              0.02130453081346175837
2.950000              0.02052379937941926219
2.955000              0.01967993621265056239
2.960000              0.01877843818902202866
2.965000              0.01782586620238744979
2.970000              0.01682676533820676515
2.975000              0.01578507916786748774
2.980000              0.01470464141379081678
2.985000              0.01358839446415760488
2.990000              0.01243960817112396353
2.995000              0.01126148680367441805
3.000000              0.01005394464158779720
3.005000              0.00881917193386887351
3.010000              0.00755849100330916162
3.015000              0.00627267000850708668
3.020000              0.00496160299545860863
3.025000              0.00362564772312956151
3.030000              0.00226527040046035954
3.035000              0.00088087128842593925
3.040000             -0.00052628765954242432
3.045000             -0.00195372894284708432
3.050000             -0.00339730481749445047
3.055000             -0.00485303039636670458
3.060000             -0.00631549470636420199
3.065000             -0.00777929353671757799
3.070000             -0.00923914518756797053
3.075000             -0.01069001734582894145
3.080000             -0.01212654479745755090
3.085000             -0.01354387078202925858
3.090000             -0.01493655563105561641
3.095000             -0.01629897332006601668
3.100000             -0.01762538637584520201
3.105000             -0.01891057456952053087
3.110000             -0.02014828964488183521
3.115000             -0.02133135533454677893
3.120000             -0.02245611097448510160
3.125000             -0.02351609868033135292
3.130000             -0.02450720131847111335
3.135000             -0.02542442512033050300
3.140000             -0.02626254748714717049
3.145000             -0.02701730039465147573
3.150000             -0.02768533796084834964
3.155000             -0.02826433922759472375
3.160000             -0.02875338007336995794
3.165000             -0.02915284640707395056
3.170000             -0.02946536014684804361
3.175000             -0.02969411651659351753
3.180000             -0.02984413138031194804
3.185000             -0.02992055203379487618
3.190000             -0.02992883601692596096
3.195000             -0.02987407306219965961
3.200000             -0.02976162723104989333
3.205000             -0.02959883776583901310
3.210000             -0.02939143822220509003
3.215000             -0.02914683511054646722
3.220000             -0.02887025185738947147
3.225000             -0.02856683944862932478
3.230000             -0.02823960462843571467
3.235000             -0.02789137875772993574
3.240000             -0.02752124424973261679
3.245000             -0.02712899945691132908
3.250000             -0.02671037364729980310
3.255000             -0.02626100649821759905
3.260000             -0.02577463179603342938
3.265000             -0.02524408517196782831
3.270000             -0.02466339602057952482
3.275000             -0.02402430587069527904
3.280000             -0.02331973646220247484
3.285000             -0.02254229940379533573
3.290000             -0.02168620233739310815
3.295000             -0.02074734433064713210
3.300000             -0.01972380171486939199
3.305000             -0.01861514244828844228
3.310000             -0.01742620116749794834
3.315000             -0.01616385574234351086
3.320000             -0.01483403718272117457
3.325000             -0.01344378389227328385
3.330000             -0.01199777470096854114
3.335000             -0.01050019035805221587
3.340000             -0.00895448985803713737
3.345000             -0.00736370365290361754
3.350000             -0.00573170038902172819
3.355000             -0.00406250732573150419
3.360000             -0.00236053972498373324
3.365000             -0.00063021868154171704
3.370000              0.00112411147568091730
3.375000              0.00289825155386288190
3.380000              0.00468729327495192444
3.385000              0.00648699777751455230
3.390000              0.00829247460847198567
3.395000              0.01009878501178443876
3.400000              0.01190095469166323888
3.405000              0.01369396969254937230
3.410000              0.01547260712027420486
3.415000              0.01723000321374056065
3.420000              0.01895916492815001575
3.425000              0.02065306248588106436
3.430000              0.02230498820058976137
3.435000              0.02390730766332350987
3.440000              0.02545265539316974787
3.445000              0.02693476594763198617
3.450000              0.02834886070292520072
3.455000              0.02969094974611651352
3.460000              0.03095750007730792633
3.465000              0.03214642821581091547
3.470000              0.03325711619582155665
3.475000              0.03428922533725546618
3.480000              0.03524320511245745968
3.485000              0.03611977018955186275
3.490000              0.03691920117804493862
3.495000              0.03764228708449521288
3.500000              0.03829088727664635428
3.505000              0.03886454278679134233
3.510000              0.03936616109387869322
3.515000              0.03979726149537726743
3.520000              0.04015965386646156571
3.525000              0.04045560921442520330
3.530000              0.04068615558810696059
3.535000              0.04085158747182474070
3.540000              0.04095189766836935391
3.545000              0.04098570415095148523
3.550000              0.04094920205265185909
3.555000              0.04083763854446276903
3.560000              0.04064823573536686246
3.565000              0.04037626991638088719
3.570000              0.04001485173522284500
3.575000              0.03955787021162892464
3.580000              0.03900027237675748881
3.585000              0.03833642916891373542
3.590000              0.03756059963709530020
3.595000              0.03667158465548873286
3.600000              0.03566662817502141980
3.605000              0.03454739170153406369
3.610000              0.03331426814700988448
3.615000              0.03197068919438287443
3.620000              0.03052301213403805710
3.625000              0.02897644770790138921
3.630000              0.02733653224751454378
3.635000              0.02561310612403831788
3.640000              0.02381454373535896521
3.645000              0.02194895779278597386
3.650000              0.02002184974065457021
3.655000              0.01803818096971600976
3.660000              0.01600232241883155215
3.665000              0.01391826295012096870
3.670000              0.01178666343262276331
3.675000              0.00960780166699787275
3.680000              0.00738275712431395083
3.685000              0.00510924697618385295
3.690000              0.00278611899268448211
3.695000              0.00041160400577894301
3.700000             -0.00201634364284993895
3.705000             -0.00449926638989941226
3.710000             -0.00703718108952825026
3.715000             -0.00962946673156384915
3.720000             -0.01227362953243459412
3.725000             -0.01496584016061799222
3.730000             -0.01770136550659994271
3.735000             -0.02047404992373784427
3.740000             -0.02327597148043805339
3.745000             -0.02609896251483635743
3.750000             -0.02893248629014816276
3.755000             -0.03176522549346488117
3.760000             -0.03458037004032821216
3.765000             -0.03735901400306857606
3.770000             -0.04007689229698643135
3.775000             -0.04270798537038170833
3.780000             -0.04522713676798693211
3.785000             -0.04760964255833234626
3.790000             -0.04983601013005053981
3.795000             -0.05188681333130792245
3.800000             -0.05375056903039612116
3.805000             -0.05541482886915565648
3.810000             -0.05686986428923541254
3.815000             -0.05810950510495896393
3.820000             -0.05912803113850450404
3.825000             -0.05992269600698313381
3.830000             -0.06049024486274390960
3.835000             -0.06083004161445382252
3.840000             -0.06094204660194463274
3.845000             -0.06082706939114774364
3.850000             -0.06048825377264570313
3.855000             -0.05992934804931663445
3.860000             -0.05916221251351203719
3.865000             -0.05819725318860991675
3.870000             -0.05705226767606601940
3.875000             -0.05574519910093079372
3.880000             -0.05429250728524860625
3.885000             -0.05271132940678720236
3.890000             -0.05101321867681127969
3.895000             -0.04921119538541803007
3.900000             -0.04731323498597080068
3.905000             -0.04532659007510103644
3.910000             -0.04325584016426597955
3.915000             -0.04110379630575778515
3.920000             -0.03886925847620755631
3.925000             -0.03654776146858394054
3.930000             -0.03413473897110194666
3.935000             -0.03162389677274572708
3.940000             -0.02901115154887944428
3.945000             -0.02628767125643559008
3.950000             -0.02344770637725395596
3.955000             -0.02048610855400175013
3.960000             -0.01739976366048337844
3.965000             -0.01418596570615023381
3.970000             -0.01084612899923749312
3.975000             -0.00738196799851518603
3.980000             -0.00380010171995284361
3.985000             -0.00010824755862431606
3.990000              0.00367854030969952915
3.995000              0.00754217336183907704
4.000000              0.01145110994495196662
4.005000              0.01536998381818509285
4.010000              0.01925537774549857320
4.015000              0.02306109639496805447
4.020000              0.02674252028488087116
4.025000              0.03025518055966568837
4.030000              0.03356379493046816875
4.035000              0.03663608108737369251
4.040000              0.03945149429421885429
4.045000              0.04199619531614405543
4.050000              0.04426304641547125496
4.055000              0.04624600929040708491
4.060000              0.04795192462742844941
4.065000              0.04939120117019485390
4.070000              0.05058297565157744702
4.075000              0.05154908455978838427
4.080000              0.05232119928609783172
4.085000              0.05293046269109274310
4.090000              0.05341177543259934685
4.095000              0.05379752415222421869
4.100000              0.05411291797295657291
4.105000              0.05438455655333362254
4.110000              0.05462386170507524397
4.115000              0.05484424310080218690
4.120000              0.05504483901376925475
4.125000              0.05522018279005695696
4.130000              0.05535981466349849944
4.135000              0.05544725404989496453
4.140000              0.05546102883002913125
4.145000              0.05537458525761188022
4.150000              0.05516285533319116585
4.155000              0.05479864308895241592
4.160000              0.05425372252840811316
4.165000              0.05349871490300624199
4.170000              0.05251786173959394066
4.175000              0.05129260151773924747
4.180000              0.04982611110589906661
4.185000              0.04812943292922137323
4.190000              0.04622253441990682721
4.195000              0.04413543169942216182
4.200000              0.04189954141995281406
4.205000              0.03955129438142215847
4.210000              0.03712688485719353726
4.215000              0.03466511574729718576
4.220000              0.03220321058433613104
4.225000              0.02977858466145090477
4.230000              0.02742669066546236933
4.235000              0.02518168639775857087
4.240000              0.02307326949609319472
4.245000              0.02112610871862489331
4.250000              0.01935790643952223916
4.255000              0.01777781940306871755
4.260000              0.01638288178675979465
4.265000              0.01516372762889239313
4.270000              0.01409253080071671931
4.275000              0.01313320795241246230
4.280000              0.01223924739676432970
4.285000              0.01135941809795486777
4.290000              0.01045048410852368950
4.295000              0.00947074617111020450
4.300000              0.00838832846003606351
4.305000              0.00717669577127860725
4.310000              0.00581933126448060632
4.315000              0.00430670515505139542
4.320000              0.00263615173582671270
4.325000              0.00081481750284276419
4.330000             -0.00114282359162980966
4.335000             -0.00321804965023273675
4.340000             -0.00538854635595444661
4.345000             -0.00762939096666388240
4.350000             -0.00991766680649574031
4.355000             -0.01223078685679690296
4.360000             -0.01454775378109744895
4.365000             -0.01684990981990533779
4.370000             -0.01912041971648124200
4.375000             -0.02134598448431536399
4.380000             -0.02351734337152357884
4.385000             -0.02563037597624217082
4.390000             -0.02768396077229230007
4.395000             -0.02968455785821684165
4.400000             -0.03164350993251260208
4.405000             -0.03357100573643146540
4.410000             -0.03548008095288430336
4.415000             -0.03738327242256517247
4.420000             -0.03929137790034206712
4.425000             -0.04121167471807296590
4.430000             -0.04314751594943169732
4.435000             -0.04509729435336876785
4.440000             -0.04705718022626600300
4.445000             -0.04901344762671980271
4.450000             -0.05095048862313236032
4.455000             -0.05284416007204331689
4.460000             -0.05467210191280204301
4.465000             -0.05641908582934357375
4.470000             -0.05805886206843868802
4.475000             -0.05957134738489518883
4.480000             -0.06094534230084827642
4.485000             -0.06216647396780352469
4.490000             -0.06322728142105342453
4.495000             -0.06412513347220119564
4.500000             -0.06486326280262348642
4.505000             -0.06544856696452358569
4.510000             -0.06589575558809940281
4.515000             -0.06622331616066821913
4.520000             -0.06645995696986782553
4.525000             -0.06661331142637728908
4.530000             -0.06672024075229625317
4.535000             -0.06679996026547063703
4.540000             -0.06686995225620971650
4.545000             -0.06694336959495504613
4.550000             -0.06703200686280813558
4.555000             -0.06714396856437498950
4.560000             -0.06728336715655480749
4.565000             -0.06744928051478152331
4.570000             -0.06763852875500163397
4.575000             -0.06784373570256498065
4.580000             -0.06805700144297249787
4.585000             -0.06826364360780498575
4.590000             -0.06844871361848682556
4.595000             -0.06859608344449959205
4.600000             -0.06868939893360842541
4.605000             -0.06871509888942656241
4.610000             -0.06866149693109999119
4.615000             -0.06852065459285305860
4.620000             -0.06828554648122164838
4.625000             -0.06795610886238144521
4.630000             -0.06753220383530758597
4.635000             -0.06701537263371240560
4.640000             -0.06641217007213738588
4.645000             -0.06573231859173205016
4.650000             -0.06498080719803059346
4.655000             -0.06416803128052464555
4.660000             -0.06330008827473157518
4.665000             -0.06238093766804356233
4.670000             -0.06141471695737080877
4.675000             -0.06040202890467674668
4.680000             -0.05934031476729043769
4.685000             -0.05822420961432323711
4.690000             -0.05704331566830668498
4.695000             -0.05578301240169668274
4.700000             -0.05443032037508292037
4.705000             -0.05296723895024428586
4.710000             -0.05138261194143906724
4.715000             -0.04966270073656701284
4.720000             -0.04779628882528186989
4.725000             -0.04577609637911608798
4.730000             -0.04359238247225320773
4.735000             -0.04124079283222346209
4.740000             -0.03871871025592062837
4.745000             -0.03602746523475291313
4.750000             -0.03316831716639423444
4.755000             -0.03014896320097613241
4.760000             -0.02697696047136606198
4.765000             -0.02366084297320420263
4.770000             -0.02021030063956008246
4.775000             -0.01663647507960762384
4.780000             -0.01294986602682159614
4.785000             -0.00916022533783615069
4.790000             -0.00527386597712448026
4.795000             -0.00129450986106482871
4.800000              0.00277903854344344146
4.805000              0.00695044988683203493
4.810000              0.01122817934158400026
4.815000              0.01562151830549777208
4.820000              0.02014424198317879902
4.825000              0.02481044477055554046
4.830000              0.02963524455551359155
4.835000              0.03463230507796206947
4.840000              0.03981449030816659046
4.845000              0.04519345837344106165
4.850000              0.05077494155131580256
4.855000              0.05656766985782158558
4.860000              0.06257253845451304919
4.865000              0.06879054160388022032
4.870000              0.07521889806374801313
4.875000              0.08185368779975338294
4.880000              0.08868279333992222513
4.885000              0.09569244627714278140
4.890000              0.10286846451305792227
4.895000              0.11020360879150419009
4.900000              0.11768938185630044291
4.905000              0.12531436855579414225
4.910000              0.13309960537358417332
4.915000              0.14105661394881144344
4.920000              0.14918727705666912087
4.925000              0.15749645536049872163
4.930000              0.16601344956522476326
4.935000              0.17472718361967815026
4.940000              0.18365062663119635644
4.945000              0.19278108257337261966
4.950000              0.20208014483793618199
4.955000              0.21151274890760157765
4.960000              0.22100369739983369288
4.965000              0.23046428382114730882
4.970000              0.23978686961864961735
4.975000              0.24888619410820717048
4.980000              0.25769397957191253479
4.985000              0.26614805403946412143
4.990000              0.27419867876464598666
4.995000              0.28178763628387026863
5.000000              0.28887846892532792475
5.005000              0.29542862544777487299
5.010000              0.30140183241486534493
5.015000              0.30676471814366423896
5.020000              0.31149194039418082181
5.025000              0.31555966733602441865
5.030000              0.31895027501075284837
5.035000              0.32164306230941686060
5.040000              0.32362577311797974255
5.045000              0.32490867175717691451
5.050000              0.32549148402958283377
5.055000              0.32538223390192005935
5.060000              0.32458052986082919222
5.065000              0.32318357210951037528
5.070000              0.32118271990205365940
5.075000              0.31866877374074653595
5.080000              0.31569862649123364706
5.085000              0.31237255892751930597
5.090000              0.30873683427072529106
5.095000              0.30489487704748691188
5.100000              0.30091784776500829501
5.105000              0.29688619197027538155
5.110000              0.29287073730592988463
5.115000              0.28891711734987773896
5.120000              0.28505149159953691029
5.125000              0.28128100072438944057
5.130000              0.27763448731837608863
5.135000              0.27411244124326511473
5.140000              0.27066160507075187613
5.145000              0.26730643031159456724
5.150000              0.26398946836144232542
5.155000              0.26069109013449937029
5.160000              0.25738229231817205678
5.165000              0.25401788972393113397
5.170000              0.25055446829318406277
5.175000              0.24694904705496309449
5.180000              0.24317708489584549669
5.185000              0.23922060485103072147
5.190000              0.23508283986074154925
5.195000              0.23076445071452195146
5.200000              0.22629085636132761916
5.205000              0.22167165283992570912
5.210000              0.21692299284450639041
5.215000              0.21204971458000096418
5.220000              0.20708084514025593137
5.225000              0.20202792141068634524
5.230000              0.19691379897602312443
5.235000              0.19171206552014263824
5.240000              0.18646570712577847928
5.245000              0.18120316763133909044
5.250000              0.17591741990084128200
5.255000              0.17063473062948697478
5.260000              0.16536069483011436865
5.265000              0.16011274455508250902
5.270000              0.15489632340185804926
5.275000              0.14974313311769607560
5.280000              0.14466868104085045532
5.285000              0.13970248533345636099
5.290000              0.13487086265008588204
5.295000              0.13020473033879337299
5.300000              0.12574205040676289524
5.305000              0.12150780853668645409
5.310000              0.11753283362575511761
5.315000              0.11385303489566653279
5.320000              0.11049361741765324763
5.325000              0.10748513579661812811
5.330000              0.10485577053879263643
5.335000              0.10263053102122707272
5.340000              0.10083315123118188894
5.345000              0.09947753351015606316
5.350000              0.09857650250321936536
5.355000              0.09813983554603111781
5.360000              0.09817143980390105606
5.365000              0.09867891486489205333
5.370000              0.09964786013180702839
5.375000              0.10103569484682438373
5.380000              0.10287815673143706208
5.385000              0.10508138460409678638
5.390000              0.10767574948725057438
5.395000              0.11057818280730591365
5.400000              0.11378172383637259746
5.405000              0.11723475828114209019
5.410000              0.12090832998132843012
5.415000              0.12477036557159321140
5.420000              0.12879865582799943091
5.425000              0.13297145202420404542
5.430000              0.13727613908446814617
5.435000              0.14171018281155980945
5.440000              0.14627070683366713566
5.445000              0.15095691254272439186
5.450000              0.15577992576746590991
5.455000              0.16074592719958558096
5.460000              0.16586280820366439137
5.465000              0.17114020231062263000
5.470000              0.17654811690498037335
5.475000              0.18209654644539607915
5.480000              0.18775808643605226833
5.485000              0.19350041361995010125
5.490000              0.19928208572477026927
5.495000              0.20507414771334409043
5.500000              0.21084751889620909071
5.505000              0.21655324928460492617
5.510000              0.22215228823281674142
5.515000              0.22761434429784641043
5.520000              0.23290017688433717336
5.525000              0.23798602207935512509
5.530000              0.24284537073131415297
5.535000              0.24745835543956007374
5.540000              0.25179751584424453492
5.545000              0.25585942693453578300
5.550000              0.25963887538633534380
5.555000              0.26313154682144301866
5.560000              0.26634632204475394701
5.565000              0.26929567908554191691
5.570000              0.27199224531468918498
5.575000              0.27446034151248233091
5.580000              0.27672927465519647772
5.585000              0.27883161008702578298
5.590000              0.28076770814604901094
5.595000              0.28258834812470445819
5.600000              0.28427424693708935877
5.605000              0.28586601656979698793
5.610000              0.28736997485818688292
5.615000              0.28880014108096824232
5.620000              0.29016052072677767093
5.625000              0.29145342726073725226
5.630000              0.29267378892094270126
5.635000              0.29382550104190047202
5.640000              0.29492446372078640060
5.645000              0.29591428109118950163
5.650000              0.29680718888111901066
5.655000              0.29757435727678782644
5.660000              0.29819327536471096352
5.665000              0.29864677800566252763
5.670000              0.29890943099487410350
5.675000              0.29895597735408346862
5.680000              0.29876786832395973992
5.685000              0.29832853999825426072
5.690000              0.29763323779675454617
5.695000              0.29668929104653396500
5.700000              0.29548467976527770240
5.705000              0.29401965916231376230
5.710000              0.29231740826166369152
5.715000              0.29038494697679440026
5.720000              0.28821376109865459725
5.725000              0.28583708117692313566
5.730000              0.28325512972304706105
5.735000              0.28048077737373122709
5.740000              0.27752276981604168116
5.745000              0.27439167416083248829
5.750000              0.27109555049405398286
5.755000              0.26764253083707639780
5.760000              0.26403189653680286808
5.765000              0.26025755175607695469
5.770000              0.25632008863343702654
5.775000              0.25222165393975659597
5.780000              0.24794644138503507680
5.785000              0.24348917318005908195
5.790000              0.23887116196822721914
5.795000              0.23410423557680673512
5.800000              0.22919809850097583315
5.805000              0.22418035917242667976
5.810000              0.21905190968449073097
5.815000              0.21385947172300065477
5.820000              0.20861604699997246537
5.825000              0.20335164188629320514
5.830000              0.19810035119087704425
5.835000              0.19288785466369232080
5.840000              0.18773265443088765769
5.845000              0.18266307148480090405
5.850000              0.17769173602894589026
5.855000              0.17282939840825886635
5.860000              0.16809165720974955649
5.865000              0.16347136690812114068
5.870000              0.15897991378179188171
5.875000              0.15460840621968188757
5.880000              0.15036134534424466791
5.885000              0.14623835706431009829
5.890000              0.14222962545158909786
5.895000              0.13834101210011157113
5.900000              0.13456942620089348828
5.905000              0.13091962451214458896
5.910000              0.12738608710613930075
5.915000              0.12397344777181558417
5.920000              0.12067898080617169010
5.925000              0.11751004461082166508
5.930000              0.11446045267859605854
5.935000              0.11153564997089703004
5.940000              0.10874101969559933634
5.945000              0.10608117846258922901
5.950000              0.10356212770247753829
5.955000              0.10119004135292264390
5.960000              0.09897559870346221700
5.965000              0.09692408232073458640
5.970000              0.09503648940577537341
5.975000              0.09332570500967844740
5.980000              0.09178501966566247894
5.985000              0.09042502948638861393
5.990000              0.08924056993588526387
5.995000              0.08822525974200530474
6.000000              0.08738022462623849795
6.005000              0.08669891080218924961
6.010000              0.08618099816954391534
6.015000              0.08582984884103127265
6.020000              0.08563886139182726176
6.025000              0.08561183322748838753
6.030000              0.08573961076707982409
6.035000              0.08602024538296332290
6.040000              0.08645164908478211729
6.045000              0.08701945297007020186
6.050000              0.08772071786340318589
6.055000              0.08855256210190434740
6.060000              0.08951522700165938373
6.065000              0.09060299351577155713
6.070000              0.09183106188351518318
6.075000              0.09319219508504862637
6.080000              0.09469683589644976862
6.085000              0.09635521050057591075
6.090000              0.09817842444768448695
6.095000              0.10017744687378196677
6.100000              0.10236222399459198040
6.105000              0.10474154566387733345
6.110000              0.10732040922006413908
6.115000              0.11010442913323194303
6.120000              0.11309512707808125342
6.125000              0.11629131276028706332
6.130000              0.11968724566612200244
6.135000              0.12327488254183008309
6.140000              0.12704249171825160447
6.145000              0.13097627326495653310
6.150000              0.13505051233726411697
6.155000              0.13924673711204496596
6.160000              0.14353735701673597802
6.165000              0.14791197298103397895
6.170000              0.15233385778981553549
6.175000              0.15678304155857752944
6.180000              0.16123320701481333450
6.185000              0.16566371367062537878
6.190000              0.17005000679625342785
6.195000              0.17438159187777260706
6.200000              0.17865613452846682008
6.205000              0.18285722094098830204
6.210000              0.18699137600274093329
6.215000              0.19105945506184746074
6.220000              0.19506345459775278894
6.225000              0.19901127798910420164
6.230000              0.20290476302522175711
6.235000              0.20674432500131120771
6.240000              0.21054507509521916409
6.245000              0.21431140282365773730
6.250000              0.21804444222149590993
6.255000              0.22174676755729766375
6.260000              0.22541235371533718812
6.265000              0.22904607787585956613
6.270000              0.23264537136710802812
6.275000              0.23619831763296444960
6.280000              0.23969367488198470295
6.285000              0.24313432710540908155
6.290000              0.24650533986726608227
6.295000              0.24979828028370096304
6.300000              0.25298857842562966214
6.305000              0.25607211197043561191
6.310000              0.25903523001127826131
6.315000              0.26185829868929305642
6.320000              0.26452532051233518251
6.325000              0.26702228618203333044
6.330000              0.26932852779464755422
6.335000              0.27143132300749267527
6.340000              0.27331648404845171330
6.345000              0.27496384935502993230
6.350000              0.27636375566102960866
6.355000              0.27751015982337856602
6.360000              0.27839164857096637684
6.365000              0.27900271263685577638
6.370000              0.27933343068288724043
6.375000              0.27938121379431801738
6.380000              0.27913158276553495796
6.385000              0.27857144687533302863
6.390000              0.27769143840761112418
6.395000              0.27647939403597843189
6.400000              0.27493472335932683803
6.405000              0.27304336431578135613
6.410000              0.27081451933980243973
6.415000              0.26822574751745964505
6.420000              0.26529015977045899977
6.425000              0.26201007109984525423
6.430000              0.25840065305459064549
6.435000              0.25446342616176964579
6.440000              0.25021711678617863939
6.445000              0.24566743076608127394
6.450000              0.24083902728945749683
6.455000              0.23574850355481399844
6.460000              0.23041490101421632786
6.465000              0.22486595889005731030
6.470000              0.21911241922999338816
6.475000              0.21316082180404977153
6.480000              0.20702928590496610939
6.485000              0.20073871724853659115
6.490000              0.19429332017860717619
6.495000              0.18770790241822343791
6.500000              0.18098877294621992795
6.505000              0.17415154625492959561
6.510000              0.16720083091523407770
6.515000              0.16014183566115947066
6.520000              0.15297699668618089386
6.525000              0.14570963841278708473
6.530000              0.13833839648716500514
6.535000              0.13086545089386264484
6.540000              0.12329396949992006693
6.545000              0.11563497230908920121
6.550000              0.10789376691718051415
6.555000              0.10009508961376080427
6.560000              0.09225978260325917724
6.565000              0.08440538425672643175
6.570000              0.07656837770508748142
6.575000              0.06875329320290463064
6.580000              0.06101156857874773243
6.585000              0.05333108796243510308
6.590000              0.04573672524494137859
6.595000              0.03825880922659825184
6.600000              0.03093336263575335865
6.605000              0.02374581387791417642
6.610000              0.01674988644404646829
6.615000              0.00994331798532194049
6.620000              0.00336525500753135200
6.625000             -0.00296643270924994151
6.630000             -0.00902631049960216092
6.635000             -0.01479235552579658344
6.640000             -0.02024109891666524969
6.645000             -0.02534920296275307641
6.650000             -0.03009527533948842121
6.655000             -0.03445997646961562050
6.660000             -0.03842714406085172285
6.665000             -0.04198447747649693834
6.670000             -0.04511750895865948574
6.675000             -0.04781517972774086689
6.680000             -0.05007011526405451274
6.685000             -0.05187688570499564278
6.690000             -0.05323509226422550727
6.695000             -0.05415733445172217497
6.700000             -0.05464734779266115089
6.705000             -0.05470426967878686680
6.710000             -0.05436453795833186275
6.715000             -0.05362383901541824260
6.720000             -0.05252983797989433518
6.725000             -0.05108215742380174673
6.730000             -0.04932604810120502781
6.735000             -0.04727665804707872205
6.740000             -0.04496095547173315637
6.745000             -0.04239730871618681285
6.750000             -0.03960656020121727100
6.755000             -0.03659579027004562779
6.760000             -0.03337899709199593223
6.765000             -0.02996497892983644024
6.770000             -0.02636439060291789066
6.775000             -0.02257993314344689320
6.780000             -0.01862121986144300509
6.785000             -0.01449198605337484284
6.790000             -0.01019482446518097697
6.795000             -0.00573306075882787369
6.800000             -0.00111114958267643669
6.805000              0.00366291308468046561
6.810000              0.00857849632318762219
6.815000              0.01362033905596484774
6.820000              0.01877027032792644851
6.825000              0.02400823213186063440
6.830000              0.02931214066942611912
6.835000              0.03465918087782978579
6.840000              0.04002760606641257712
6.845000              0.04539602582127311853
6.850000              0.05075092398861169585
6.855000              0.05608286841261480443
6.860000              0.06138607119640222126
6.865000              0.06666146485739446459
6.870000              0.07190894506910855410
6.875000              0.07713608853834255652
6.880000              0.08235503952475929645
6.885000              0.08757684047361032065
6.890000              0.09281230009931658309
6.895000              0.09807281497634125211
6.900000              0.10336645645191709642
6.905000              0.10869950035176965952
6.910000              0.11407101265557259562
6.915000              0.11947579979421216190
6.920000              0.12490554816980672936
6.925000              0.13034440445731149127
6.930000              0.13578395216739372331
6.935000              0.14120609710251011415
6.940000              0.14659929710507527134
6.945000              0.15195593088076028709
6.950000              0.15725865161701674255
6.955000              0.16247779160134609433
6.960000              0.16762321976332278384
6.965000              0.17266134216601708440
6.970000              0.17758601011729066577
6.975000              0.18237515181666166808
6.980000              0.18700988334000517854
6.985000              0.19147055217482136791
6.990000              0.19574725561299338716
6.995000              0.19981690666700729908
7.000000              0.20367305887250017338
7.005000              0.20731308753184005123
7.010000              0.21073048985436149128
7.015000              0.21392397702838364393
7.020000              0.21689447631087815926
7.025000              0.21965126545341404074
7.030000              0.22219211226476134891
7.035000              0.22452845086768721816
7.040000              0.22667007722152071603
7.045000              0.22862992246309649103
7.050000              0.23041722544314782728
7.055000              0.23204448204032140923
7.060000              0.23351555999682097053
7.065000              0.23483975906074794349
7.070000              0.23602924940721536906
7.075000              0.23707782516979650222
7.080000              0.23798997675064501034
7.085000              0.23876595632930933122
7.090000              0.23940466858044631704
7.095000              0.23989846913563800390
7.100000              0.24023351344589558010
7.105000              0.24039314615695334121
7.110000              0.24036801104710056598
7.115000              0.24014467358089303106
7.120000              0.23971046196160367137
7.125000              0.23904866504033636665
7.130000              0.23814287877187864662
7.135000              0.23697615318569831278
7.140000              0.23552854911321363662
7.145000              0.23378929498692774258
7.150000              0.23175448387790487104
7.155000              0.22941855766587904153
7.160000              0.22676648612263666793
7.165000              0.22381850771295533353
7.170000              0.22054756682224546660
7.175000              0.21699307910311035896
7.180000              0.21315091361979532358
7.185000              0.20903797253106584653
7.190000              0.20468274257222204837
7.195000              0.20007727863561142190
7.200000              0.19523424177154879988
7.205000              0.19016568842788011962
7.210000              0.18488125701063276574
7.215000              0.17939615402604919270
7.220000              0.17371811813203252850
7.225000              0.16784662704999733784
7.230000              0.16178398061243570716
7.235000              0.15553135154893121816
7.240000              0.14909109283740956675
7.245000              0.14246311021442478739
7.250000              0.13565340400177727798
7.255000              0.12865794677848305105
7.260000              0.12147552811553791186
7.265000              0.11410505737976407714
7.270000              0.10654244522852883426
7.275000              0.09878966543469783201
7.280000              0.09084868461768699777
7.285000              0.08271639101679108264
7.290000              0.07441208985330935444
7.295000              0.06593740800095956867
7.300000              0.05731093202892850041
7.305000              0.04854102671549257592
7.310000              0.03964421696074951762
7.315000              0.03063813236661956999
7.320000              0.02152402672477425963
7.325000              0.01232252641528981847
7.330000              0.00304466441010456130
7.335000             -0.00632491088818416900
7.340000             -0.01577121387711872755
7.345000             -0.02529277830835280697
7.350000             -0.03487093160428046679
7.355000             -0.04450427966807117552
7.360000             -0.05418290748935039591
7.365000             -0.06389613100181422423
7.370000             -0.07363528512372811974
7.375000             -0.08338597607096215336
7.380000             -0.09313361430571702460
7.385000             -0.10286724385683036764
7.390000             -0.11256943025563917460
7.395000             -0.12222630668672930521
7.400000             -0.13182029700561503915
7.405000             -0.14133378985589464816
7.410000             -0.15075331992997914599
7.415000             -0.16006123036865629872
7.420000             -0.16924193096976122841
7.425000             -0.17828001385664446476
7.430000             -0.18715815071996882990
7.435000             -0.19585868120133143044
7.440000             -0.20436883911518713419
7.445000             -0.21266390879804389358
7.450000             -0.22073175842523939938
7.455000             -0.22854597488750699741
7.460000             -0.23610619707412283663
7.465000             -0.24337662142495419815
7.470000             -0.25036037200180477624
7.475000             -0.25704690658867751507
7.480000             -0.26344315801137607735
7.485000             -0.26953287210893933645
7.490000             -0.27528876516743494562
7.495000             -0.28072278728060745534
7.500000             -0.28585254257617637164
7.505000             -0.29065809841498463362
7.510000             -0.29513195984551504614
7.515000             -0.29928978863253308251
7.520000             -0.30312801886291035336
7.525000             -0.30665007159683549398
7.530000             -0.30984946905388938143
7.535000             -0.31272673767900982522
7.540000             -0.31529042175337984588
7.545000             -0.31752565915427050092
7.550000             -0.31943767246071375077
7.555000             -0.32101669044776104389
7.560000             -0.32227402778581992759
7.565000             -0.32320550706070649838
7.570000             -0.32379034749537893845
7.575000             -0.32403088612642183541
7.580000             -0.32392533942630646893
7.585000             -0.32346485325680740530
7.590000             -0.32266023342898159099
7.595000             -0.32150417731777780617
7.600000             -0.32003025795840644996
7.605000             -0.31822825214451111453
7.610000             -0.31611302281962949667
7.615000             -0.31369644503754456899
7.620000             -0.31100456707703810766
7.625000             -0.30805573119337559262
7.630000             -0.30487858474078211035
7.635000             -0.30151237876378961245
7.640000             -0.29800808455906685479
7.645000             -0.29439465846862639120
7.650000             -0.29069119032223439403
7.655000             -0.28693232043522609587
7.660000             -0.28313589826924223658
7.665000             -0.27934034145977737484
7.670000             -0.27555546850296613881
7.675000             -0.27180013382634665708
7.680000             -0.26807999522677539161
7.685000             -0.26441229548381234293
7.690000             -0.26079951830628061993
7.695000             -0.25724824534328721848
7.700000             -0.25376917864246489875
7.705000             -0.25036521171902353933
7.710000             -0.24704295386422325809
7.715000             -0.24380446504325919976
7.720000             -0.24064749746177885315
7.725000             -0.23758999362048668913
7.730000             -0.23463318351261783223
7.735000             -0.23178311604878021335
7.740000             -0.22904386418877145659
7.745000             -0.22642278918680383559
7.750000             -0.22392300623395311465
7.755000             -0.22154562071064115569
7.760000             -0.21929076589168453038
7.765000             -0.21716080061705422821
7.770000             -0.21515220630338505181
7.775000             -0.21326614246466457647
7.780000             -0.21149507824398783296
7.785000             -0.20983226926481618468
7.790000             -0.20826700149698629261
7.795000             -0.20680005892856728744
7.800000             -0.20541933701242287569
7.805000             -0.20410744806969027820
7.810000             -0.20286231421712061507
7.815000             -0.20166870694990343682
7.820000             -0.20052127122629789802
7.825000             -0.19941433951729453655
7.830000             -0.19833490180071364217
7.835000             -0.19727949567376198980
7.840000             -0.19624371600506954061
7.845000             -0.19522228855182305329
7.850000             -0.19421348488973647073
7.855000             -0.19321106593900913562
7.860000             -0.19220815951212177897
7.865000             -0.19121219816384038559
7.870000             -0.19020355256176976755
7.875000             -0.18918739938882264684
7.880000             -0.18818732263662427129
7.885000             -0.18719741233240180800
7.890000             -0.18620969828641675825
7.895000             -0.18522861030007800598
7.900000             -0.18425763035127229461
7.905000             -0.18329579226262252001
7.910000             -0.18234006697688298626
7.915000             -0.18138506307821913865
7.920000             -0.18043264139909165333
7.925000             -0.17948063397860961055
7.930000             -0.17852661305202927045
7.935000             -0.17756791350127654194
7.940000             -0.17660335268090629479
7.945000             -0.17561779187732237673
7.950000             -0.17461223518345975192
7.955000             -0.17358153662167749576
7.960000             -0.17251321043583536796
7.965000             -0.17140228076349520170
7.970000             -0.17025041085901548854
7.975000             -0.16905407649012849092
7.980000             -0.16780578476195254223
7.985000             -0.16651349912889495952
7.990000             -0.16518572508239304231
7.995000             -0.16384076498875321803
8.000000             -0.16249362386530255553
8.005000             -0.16116824594153070227
8.010000             -0.15988298624953242721
8.015000             -0.15866258564979832113
8.020000             -0.15752291549369831780
8.025000             -0.15648975721017499563
8.030000             -0.15558348457057952219
8.035000             -0.15482260950136303435
8.040000             -0.15422730215854832392
8.045000             -0.15381125727895167410
8.050000             -0.15358933054521828332
8.055000             -0.15356977577125086043
8.060000             -0.15375982214898689659
8.065000             -0.15416100335701291013
8.070000             -0.15477154374173890394
8.075000             -0.15560328309677162739
8.080000             -0.15664322467101909897
8.085000             -0.15791214124493524462
8.090000             -0.15938156386935767306
8.095000             -0.16105231299825609192
8.100000             -0.16291371318982630911
8.105000             -0.16496020093084048930
8.110000             -0.16718698494669317900
8.115000             -0.16958922931856559857
8.120000             -0.17215377500970641123
8.125000             -0.17486753251105180418
8.130000             -0.17772566873725018088
8.135000             -0.18071884375352764707
8.140000             -0.18383968920860949137
8.145000             -0.18708342670341790437
8.150000             -0.19044892794475937192
8.155000             -0.19392947025964721308
8.160000             -0.19752240934485235102
8.165000             -0.20123274432329102401
8.170000             -0.20503270570825612995
8.175000             -0.20893866060700649889
8.180000             -0.21291025717208095225
8.185000             -0.21695576235225752515
8.190000             -0.22104437578496224925
8.195000             -0.22515596225620837512
8.200000             -0.22925994305114338889
8.205000             -0.23332746580996371888
8.210000             -0.23731796081097661366
8.215000             -0.24120329642082255495
8.220000             -0.24495187738313725645
8.225000             -0.24853067870071371415
8.230000             -0.25191116090176646214
8.235000             -0.25506890108279406393
8.240000             -0.25798212820699312209
8.245000             -0.26063098472475348943
8.250000             -0.26299198390656591817
8.255000             -0.26507146164258349463
8.260000             -0.26685178878420207083
8.265000             -0.26833231518367817170
8.270000             -0.26950531162419644193
8.275000             -0.27036768709479391815
8.280000             -0.27092365136181317808
8.285000             -0.27118172248017002879
8.290000             -0.27116341076514299813
8.295000             -0.27084808340213434308
8.300000             -0.27026320857280139442
8.305000             -0.26941658507785265497
8.310000             -0.26832706006976791979
8.315000             -0.26700555866060310395
8.320000             -0.26546457587569699532
8.325000             -0.26370686595792763862
8.330000             -0.26175251215668504656
8.335000             -0.25961646541618610406
8.340000             -0.25729837583319875582
8.345000             -0.25480464346989190050
8.350000             -0.25213525057604307955
8.355000             -0.24929247308345861556
8.360000             -0.24627783330353711366
8.365000             -0.24306872239786406209
8.370000             -0.23968757730350759294
8.375000             -0.23613070378984099551
8.380000             -0.23238988548897526742
8.385000             -0.22848287769245628764
8.390000             -0.22441585362411411997
8.395000             -0.22020024983445149469
8.400000             -0.21584441107891549905
8.405000             -0.21136018106652609827
8.410000             -0.20677451948690883654
8.415000             -0.20210419761372114267
8.420000             -0.19736781683277648813
8.425000             -0.19259737138323235195
8.430000             -0.18782834808514634051
8.435000             -0.18308821717046044886
8.440000             -0.17840298415109012709
8.445000             -0.17380088602428589439
8.450000             -0.16930309729795725571
8.455000             -0.16493354585547401192
8.460000             -0.16070289929246994731
8.465000             -0.15663037773461899183
8.470000             -0.15271849441072751774
8.475000             -0.14897926312312997910
8.480000             -0.14541489425467615804
8.485000             -0.14202133903250691027
8.490000             -0.13880223793033530377
8.495000             -0.13576068681917388692
8.500000             -0.13288852483905413959
8.505000             -0.13018707367729731583
8.510000             -0.12766229531094633320
8.515000             -0.12531686637727834643
8.520000             -0.12314295290296342622
8.525000             -0.12115293357731828083
8.530000             -0.11934557781578176983
8.535000             -0.11772818206467604296
8.540000             -0.11631121072042208131
8.545000             -0.11510015570367426729
8.550000             -0.11410206854232314566
8.555000             -0.11332704963205658677
8.560000             -0.11278784819277287710
8.565000             -0.11249400620433282205
8.570000             -0.11245523935096210510
8.575000             -0.11268241796806091615
8.580000             -0.11318587979058043758
8.585000             -0.11396847210042307386
8.590000             -0.11503303996020275424
8.595000             -0.11638837901625975757
8.600000             -0.11801537622296265351
8.605000             -0.11990088101795083608
8.610000             -0.12204180082579207944
8.615000             -0.12441286691320381508
8.620000             -0.12700681126305060631
8.625000             -0.12980659871959548957
8.630000             -0.13279745404960441313
8.635000             -0.13597316697978359401
8.640000             -0.13931057570319421712
8.645000             -0.14278778112958082080
8.650000             -0.14642676861323630777
8.655000             -0.15020767239659246761
8.660000             -0.15411254326987658403
8.665000             -0.15813780421655662667
8.670000             -0.16228725350568495855
8.675000             -0.16655094256743188663
8.680000             -0.17092391141033211333
8.685000             -0.17537605014963236760
8.690000             -0.17991017581114832069
8.695000             -0.18449505044735314829
8.700000             -0.18908497845878907695
8.705000             -0.19366885255191945703
8.710000             -0.19820320092017129632
8.715000             -0.20267706337015448104
8.720000             -0.20705780001602913654
8.725000             -0.21131490199725933010
8.730000             -0.21541507480606797431
8.735000             -0.21933774104464925925
8.740000             -0.22305547614311260762
8.745000             -0.22654167747426948165
8.750000             -0.22977913594441970457
8.755000             -0.23275090402785994503
8.760000             -0.23544673434115204191
8.765000             -0.23785112551120821123
8.770000             -0.23996598811692490538
8.775000             -0.24178793930996150818
8.780000             -0.24331760082184955563
8.785000             -0.24455267211303419184
8.790000             -0.24551069812972195483
8.795000             -0.24620674372235859528
8.800000             -0.24666244631328987369
8.805000             -0.24691506296997320358
8.810000             -0.24696268719604810848
8.815000             -0.24686151923716409540
8.820000             -0.24661483390858493503
8.825000             -0.24624159527082570276
8.830000             -0.24575673903347433624
8.835000             -0.24517257756154825499
8.840000             -0.24449223248168125422
8.845000             -0.24372981754892572570
8.850000             -0.24288797622249713726
8.855000             -0.24197566058085656637
8.860000             -0.24099165660292931612
8.865000             -0.23993695677218018769
8.870000             -0.23881034937935619045
8.875000             -0.23761281263888600623
8.880000             -0.23635379003473502846
8.885000             -0.23502014027362694293
8.890000             -0.23360227658135238049
8.895000             -0.23210618901365306921
8.900000             -0.23052798430488904979
8.905000             -0.22887325452967119399
8.910000             -0.22715023572622630721
8.915000             -0.22535676926201228532
8.920000             -0.22349270566689294348
8.925000             -0.22157159098186623991
8.930000             -0.21960011973091403403
8.935000             -0.21758558062610300343
8.940000             -0.21553916127873942732
8.945000             -0.21346897879872198112
8.950000             -0.21140185781977080537
8.955000             -0.20934819815126912146
8.960000             -0.20730537503327170490
8.965000             -0.20528284544045999338
8.970000             -0.20328879761560431083
8.975000             -0.20133029501577753839
8.980000             -0.19940929335755680496
8.985000             -0.19753012271087944107
8.990000             -0.19569390204375763931
8.995000             -0.19389948522383937402
9.000000             -0.19215117360856948103
9.005000             -0.19042234643569413977
9.010000             -0.18872651272410856382
9.015000             -0.18705631423617349873
9.020000             -0.18540387837458691123
9.025000             -0.18376733166952685661
9.030000             -0.18214600639425276851
9.035000             -0.18052528895615690963
9.040000             -0.17891899844530873009
9.045000             -0.17732154607581782080
9.050000             -0.17573558038894790401
9.055000             -0.17416201849238099886
9.060000             -0.17260339365990015614
9.065000             -0.17106755746071292124
9.070000             -0.16956126518677036574
9.075000             -0.16809197696461725124
9.080000             -0.16665376911785798053
9.085000             -0.16525277392743700777
9.090000             -0.16388581837279092568
9.095000             -0.16256389719859942744
9.100000             -0.16128956726887352935
9.105000             -0.16005806645017803258
9.110000             -0.15888505030372013227
9.115000             -0.15776812362064623896
9.120000             -0.15671520497619609302
9.125000             -0.15572999969185405411
9.130000             -0.15482575919658592145
9.135000             -0.15400681369414032096
9.140000             -0.15328660588828096900
9.145000             -0.15267762019534297790
9.150000             -0.15219128236654280717
9.155000             -0.15183896639078020563
9.160000             -0.15163003625937782060
9.165000             -0.15157526136642318626
9.170000             -0.15168633407913584277
9.175000             -0.15195562459537259592
9.180000             -0.15239300946510339618
9.185000             -0.15300479677088177355
9.190000             -0.15378814224898154639
9.195000             -0.15474205447857505846
9.200000             -0.15586131924157323181
9.205000             -0.15714171981096369812
9.210000             -0.15857650174059859105
9.215000             -0.16015833858680775248
9.220000             -0.16186316721898300064
9.225000             -0.16368720664038188817
9.230000             -0.16561372817571545779
9.235000             -0.16763579690631896790
9.240000             -0.16973209722402968214
9.245000             -0.17188850125934085344
9.250000             -0.17407411644700190867
9.255000             -0.17627894744084376955
9.260000             -0.17848648326871427439
9.265000             -0.18069635990197546738
9.270000             -0.18288432079407423991
9.275000             -0.18502563229516075238
9.280000             -0.18712249338922115616
9.285000             -0.18916107679214513859
9.290000             -0.19113588589662511286
9.295000             -0.19302614324444819505
9.300000             -0.19484857308950120913
9.305000             -0.19660099233140862496
9.310000             -0.19827896612646259134
9.315000             -0.19990768011170073626
9.320000             -0.20147149748957926541
9.325000             -0.20298820563620159629
9.330000             -0.20445976199331744594
9.335000             -0.20589034628506022728
9.340000             -0.20728944938226254169
9.345000             -0.20865639641114269720
9.350000             -0.21000382263419764550
9.355000             -0.21132964885860161530
9.360000             -0.21263568348846648148
9.365000             -0.21392021555628037977
9.370000             -0.21518312789719004630
9.375000             -0.21642119729212636048
9.380000             -0.21763641899913960254
9.385000             -0.21882213402147929204
9.390000             -0.21997757668119305441
9.395000             -0.22109630667480670296
9.400000             -0.22217280224966226565
9.405000             -0.22319213334025730933
9.410000             -0.22417612312326634649
9.415000             -0.22511336278657612109
9.420000             -0.22601210768064736167
9.425000             -0.22683937330490930306
9.430000             -0.22759802736149209457
9.435000             -0.22829826853475437831
9.440000             -0.22891613969269866691
9.445000             -0.22946190732289264980
9.450000             -0.22993444011559752149
9.455000             -0.23034057121322662476
9.460000             -0.23068040154317503987
9.465000             -0.23095567831619415178
9.470000             -0.23117070817469959065
9.475000             -0.23133535285118098090
9.480000             -0.23145021936945572860
9.485000             -0.23152272903553228200
9.490000             -0.23155465146741699423
9.495000             -0.23155364402818084946
9.500000             -0.23152409140278187860
9.505000             -0.23146747780309798181
9.510000             -0.23138802152595203121
9.515000             -0.23128833272113341613
9.520000             -0.23117402188462374268
9.525000             -0.23103887899682643003
9.530000             -0.23088314570692686223
9.535000             -0.23070601035839302662
9.540000             -0.23050785623976821626
9.545000             -0.23028612240258636290
9.550000             -0.23004026486030221266
9.555000             -0.22976084509221833541
9.560000             -0.22944903597156796060
9.565000             -0.22910944646895550769
9.570000             -0.22872791194716743379
9.575000             -0.22830318185275325082
9.580000             -0.22782523418603445320
9.585000             -0.22729011921835648447
9.590000             -0.22669339624166323643
9.595000             -0.22603129705102587010
9.600000             -0.22530189064845659863
9.605000             -0.22450163585063051541
9.610000             -0.22363641879480666841
9.615000             -0.22270333691135282828
9.620000             -0.22170330785660019579
9.625000             -0.22063377099607897613
9.630000             -0.21949939640197471680
9.635000             -0.21831071220640616004
9.640000             -0.21705965123209747247
9.645000             -0.21576431250219671454
9.650000             -0.21442586614817901736
9.655000             -0.21305007122625557736
9.660000             -0.21164865838253746344
9.665000             -0.21022308569646019905
9.670000             -0.20878229114897250973
9.675000             -0.20733752222244994368
9.680000             -0.20589597694158603969
9.685000             -0.20446674547113005693
9.690000             -0.20305570185095930813
9.695000             -0.20167054651589971792
9.700000             -0.20031548824401396169
9.705000             -0.19899293269354256797
9.710000             -0.19770543222813921624
9.715000             -0.19645599270065491893
9.720000             -0.19524013635085471496
9.725000             -0.19405867248621222476
9.730000             -0.19289735903373250725
9.735000             -0.19175527112126225515
9.740000             -0.19062975029981074626
9.745000             -0.18949831216455154115
9.750000             -0.18836512610970704285
9.755000             -0.18722407609306002119
9.760000             -0.18606245604045484887
9.765000             -0.18487352312036764435
9.770000             -0.18364732190640228882
9.775000             -0.18239029356869648768
9.780000             -0.18109922867286060155
9.785000             -0.17977614718058401722
9.790000             -0.17842428832145051931
9.795000             -0.17704990690023558741
9.800000             -0.17565466714795544001
9.805000             -0.17425262714956496479
9.810000             -0.17284202109401039515
9.815000             -0.17143738244125494852
9.820000             -0.17005594580987570819
9.825000             -0.16869992958792107141
9.830000             -0.16737746701770064850
9.835000             -0.16609554061888975873
9.840000             -0.16486447742169654807
9.845000             -0.16369033570018806656
9.850000             -0.16257712116754816090
9.855000             -0.16152956108393023982
9.860000             -0.16053841457938461401
9.865000             -0.15960875282168723865
9.870000             -0.15873819778170730754
9.875000             -0.15792158634685771190
9.880000             -0.15715075008083861929
9.885000             -0.15642879916546723051
9.890000             -0.15573509111499414526
9.895000             -0.15506999397433321453
9.900000             -0.15443519260084787037
9.905000             -0.15383047310922257078
9.910000             -0.15325011965603818620
9.915000             -0.15268849583251489777
9.920000             -0.15215042125154087937
9.925000             -0.15163161946409378644
9.930000             -0.15113682298778929880
9.935000             -0.15066812072624050090
9.940000             -0.15022717186977133097
9.945000             -0.14981735722057321070
9.950000             -0.14943537416772811888
9.955000             -0.14909271316853989209
9.960000             -0.14878945449464855977
9.965000             -0.14852756979624764933
9.970000             -0.14831081453251693247
9.975000             -0.14813873695335660896
9.980000             -0.14801965143633427635
9.985000             -0.14794803466647649115
9.990000             -0.14792912215091624795
9.995000             -0.14796243837466854787
10.000000             -0.14805756525827268311
10.005000             -0.14823234398783399768
10.010000             -0.14848774735922976031
10.015000             -0.14881722001459188331
10.020000             -0.14922650530645523159
10.025000             -0.14972862618655224942
10.030000             -0.15031693259127881790
10.035000             -0.15100630530586572897
10.040000             -0.15179784450037395183
10.045000             -0.15269610326360710806
10.050000             -0.15369762453865892793
10.055000             -0.15480599467310166006
10.060000             -0.15602694386358773038
10.065000             -0.15734683352932712919
10.070000             -0.15878919109886313610
10.075000             -0.16032851650409629674
10.080000             -0.16198092292699270422
10.085000             -0.16373514918973450238
10.090000             -0.16558813801493940665
10.095000             -0.16752603349389616483
10.100000             -0.16954555530370302163
10.105000             -0.17164358679325120161
10.110000             -0.17381035818795284587
10.115000             -0.17603407394314204981
10.120000             -0.17830536783368045040
10.125000             -0.18061884032599112571
10.130000             -0.18296784159387943780
10.135000             -0.18534704083107239603
10.140000             -0.18775564967851210429
10.145000             -0.19019537009731399269
10.150000             -0.19265718971987466634
10.155000             -0.19514618398051994386
10.160000             -0.19765994788385637948
10.165000             -0.20019634858811483080
10.170000             -0.20275531143214090002
10.175000             -0.20533098948961109320
10.180000             -0.20792894051512150755
10.185000             -0.21052515150573714031
10.190000             -0.21310754883531504711
10.195000             -0.21566126222896631059
10.200000             -0.21818696540007581630
10.205000             -0.22065719469298222810
10.210000             -0.22305934335505583910
10.215000             -0.22538241348426588107
10.220000             -0.22761611604735576542
10.225000             -0.22974383057963149168
10.230000             -0.23175167586264605601
10.235000             -0.23363137838989619932
10.240000             -0.23535878531405268754
10.245000             -0.23692184322447137901
10.250000             -0.23831146029860561519
10.255000             -0.23951697032389673847
10.260000             -0.24052546673288444090
10.265000             -0.24133507969176984376
10.270000             -0.24193535418226655431
10.275000             -0.24232399543627666794
10.280000             -0.24250299675062436666
10.285000             -0.24247553759399786966
10.290000             -0.24224474216564251261
10.295000             -0.24181229930582520682
10.300000             -0.24118424148612666036
10.305000             -0.24036411907357801976
10.310000             -0.23935212509636299982
10.315000             -0.23815106369849742274
10.320000             -0.23675971334612289088
10.325000             -0.23518004612630069583
10.330000             -0.23341150857526543616
10.335000             -0.23145108898598326652
10.340000             -0.22929981472523938701
10.345000             -0.22696103741831347156
10.350000             -0.22444269948046569052
10.355000             -0.22172429186848283122
10.360000             -0.21884935535856814282
10.365000             -0.21581048577808600863
10.370000             -0.21263142356526598675
10.375000             -0.20930303676510439437
10.380000             -0.20583521330724754983
10.385000             -0.20224972326267373623
10.390000             -0.19855319744127530868
10.395000             -0.19477589230419806166
10.400000             -0.19093328905599224465
10.405000             -0.18704881491610911293
10.410000             -0.18313967411160178567
10.415000             -0.17921995724028919050
10.420000             -0.17531327243894576084
10.425000             -0.17142704457368582172
10.430000             -0.16757152412585768486
10.435000             -0.16376078696664866929
10.440000             -0.16000720747041982661
10.445000             -0.15631987528326907189
10.450000             -0.15270412497908283922
10.455000             -0.14916869569571294951
10.460000             -0.14570860560087042779
10.465000             -0.14233392588688947855
10.470000             -0.13906135511414158268
10.475000             -0.13588466585769778949
10.480000             -0.13280279312510159806
10.485000             -0.12982258149510725320
10.490000             -0.12694477902448692008
10.495000             -0.12417585287656990323
10.500000             -0.12152884022599942659
10.505000             -0.11901439036622173118
10.510000             -0.11664965038712687972
10.515000             -0.11444760100452483487
10.520000             -0.11242778385180778045
10.525000             -0.11060799527069030412
10.530000             -0.10900430032595832819
10.535000             -0.10762853258224451547
10.540000             -0.10649406150041479391
10.545000             -0.10559679372746354209
10.550000             -0.10494964636432767280
10.555000             -0.10456553338944474252
10.560000             -0.10442738972351248150
10.565000             -0.10455628525206363266
10.570000             -0.10493553880161894665
10.575000             -0.10556350238112080508
10.580000             -0.10644928048144366994
10.585000             -0.10756022826087685562
10.590000             -0.10890765562314869142
10.595000             -0.11047541860152726434
10.600000             -0.11224706932747385846
10.605000             -0.11421454863659216694
10.610000             -0.11636058886869277140
10.615000             -0.11867481234189992956
10.620000             -0.12113754006789091699
10.625000             -0.12373298934589316289
10.630000             -0.12644778747712864808
10.635000             -0.12927031043545830769
10.640000             -0.13218535520916793735
10.645000             -0.13518254273422256051
10.650000             -0.13825399214147660043
10.655000             -0.14138605550620345075
10.660000             -0.14456495430425039816
10.665000             -0.14777962339137434844
10.670000             -0.15101890018691238593
10.675000             -0.15426634249777046448
10.680000             -0.15751184704454984642
10.685000             -0.16074583680233694993
10.690000             -0.16395229914523576364
10.695000             -0.16712181391394986818
10.700000             -0.17023880816408806793
10.705000             -0.17328928408847585341
10.710000             -0.17627021176266285951
10.715000             -0.17916367040797717691
10.720000             -0.18196483768764942779
10.725000             -0.18464298964398517811
10.730000             -0.18722564822319884281
10.735000             -0.18969350392277306572
10.740000             -0.19204486835588982507
10.745000             -0.19428222880307993714
10.750000             -0.19640666809952256333
10.755000             -0.19842967590024931934
10.760000             -0.20035302185778247619
10.765000             -0.20218583782035068341
10.770000             -0.20393053655578102790
10.775000             -0.20559344135176493840
10.780000             -0.20717390129146195932
10.785000             -0.20867265777417895456
10.790000             -0.21009560593143566942
10.795000             -0.21143981722623755859
10.800000             -0.21270499569274842200
10.805000             -0.21388537595781798029
10.810000             -0.21498013296431522923
10.815000             -0.21596662743947933616
10.820000             -0.21684980634913750275
10.825000             -0.21761310865094415923
10.830000             -0.21824882087925465135
10.835000             -0.21875071099505766226
10.840000             -0.21911128827934567287
10.845000             -0.21932063313824046169
10.850000             -0.21937542123263809035
10.855000             -0.21927266040520668189
10.860000             -0.21901032232584877191
10.865000             -0.21859762282501296604
10.870000             -0.21803260049251393937
10.875000             -0.21732765440250192968
10.880000             -0.21648605198329295973
10.885000             -0.21552563485275505473
10.890000             -0.21446943800978321426
10.895000             -0.21333390400974466816
10.900000             -0.21212945935946619924
10.905000             -0.21085857046010492155
10.910000             -0.20953205050740711379
10.915000             -0.20816339034575342959
10.920000             -0.20675962222018837156
10.925000             -0.20532252907189960101
10.930000             -0.20385366258059148259
10.935000             -0.20235151494298778130
10.940000             -0.20081709102292039093
10.945000             -0.19924885827317412312
10.950000             -0.19763990297732450530
10.955000             -0.19598538039864571436
10.960000             -0.19427936022200700816
10.965000             -0.19251577319962265289
10.970000             -0.19069009219435303915
10.975000             -0.18880061161942243708
10.980000             -0.18684190849425760805
10.985000             -0.18481687280601077905
10.990000             -0.18273051967518855188
10.995000             -0.18058363368872656918
11.000000             -0.17838712860512420666
11.005000             -0.17614125957097373498
11.010000             -0.17387112570906473885
11.015000             -0.17158412956534752070
11.020000             -0.16929303414092858326
11.025000             -0.16701419803192080193
11.030000             -0.16476688556903215654
11.035000             -0.16256906145170568756
11.040000             -0.16044415482128643324
11.045000             -0.15840109502822058429
11.050000             -0.15644810600784717081
11.055000             -0.15460243550446947647
11.060000             -0.15286585179429687531
11.065000             -0.15124491977965739964
11.070000             -0.14973116186735685451
11.075000             -0.14834329761852674268
11.080000             -0.14707379372349474456
11.085000             -0.14592816030619121248
11.090000             -0.14490498660359377170
11.095000             -0.14399798266202556984
11.100000             -0.14320581420145331308
11.105000             -0.14253322674359009126
11.110000             -0.14197193127627988352
11.115000             -0.14151810510204473892
11.120000             -0.14117013408103984418
11.125000             -0.14092268859089046584
11.130000             -0.14077895940418927445
11.135000             -0.14073599367563807694
11.140000             -0.14079639197823640151
11.145000             -0.14095990561933335883
11.150000             -0.14122997377281445996
11.155000             -0.14160225179402433082
11.160000             -0.14208245960469126357
11.165000             -0.14266664191748112955
11.170000             -0.14335732421864155750
11.175000             -0.14414815503212410897
11.180000             -0.14504302586067940872
11.185000             -0.14602926977741204073
11.190000             -0.14710817947934431982
11.195000             -0.14827245151959239644
11.200000             -0.14951895315615063020
11.205000             -0.15084024644080032407
11.210000             -0.15223110501057529609
11.215000             -0.15368724728520397060
11.220000             -0.15519999173165116568
11.225000             -0.15677426156300294791
11.230000             -0.15840316090007464100
11.235000             -0.16008368760008595544
11.240000             -0.16181144732687188781
11.245000             -0.16358679518280710985
11.250000             -0.16540475480297819888
11.255000             -0.16726395559175083472
11.260000             -0.16915802762269710469
11.265000             -0.17108490577715290692
11.270000             -0.17304127402624194798
11.275000             -0.17501730188391650955
11.280000             -0.17700926617568044086
11.285000             -0.17901342414532528391
11.290000             -0.18102252008660815741
11.295000             -0.18303130289371119521
11.300000             -0.18503138253553635950
11.305000             -0.18701619671687069735
11.310000             -0.18898157071272009278
11.315000             -0.19091835256610803495
11.320000             -0.19280799180001512161
11.325000             -0.19465339031678260961
11.330000             -0.19644534405239252872
11.335000             -0.19816653316072163626
11.340000             -0.19981106807104573320
11.345000             -0.20138733639956191146
11.350000             -0.20289189873676469200
11.355000             -0.20431642937275074079
11.360000             -0.20565998302448723623
11.365000             -0.20691777823661075542
11.370000             -0.20808884615677805674
11.375000             -0.20916717701070397517
11.380000             -0.21015370975489899852
11.385000             -0.21104403570419458247
11.390000             -0.21183085696605225001
11.395000             -0.21253232637510932612
11.400000             -0.21312871153260742885
11.405000             -0.21361288170041189960
11.410000             -0.21399174628457331981
11.415000             -0.21425464649930192618
11.420000             -0.21439948183626780787
11.425000             -0.21442405575795706052
11.430000             -0.21432341572271124130
11.435000             -0.21409387312869296305
11.440000             -0.21373763966239497925
11.445000             -0.21327595295901882744
11.450000             -0.21268204603259224794
11.455000             -0.21197482495033542760
11.460000             -0.21114969762347979287
11.465000             -0.21021812047128449197
11.470000             -0.20918158241988910051
11.475000             -0.20804828923272203345
11.480000             -0.20682377593197981414
11.485000             -0.20551059925376535809
11.490000             -0.20411403964470514749
11.495000             -0.20263965327549057771
11.500000             -0.20108690325795799958
11.505000             -0.19945950403155782160
11.510000             -0.19775688937775903753
11.515000             -0.19597878498211290799
11.520000             -0.19412996978617250154
11.525000             -0.19220570449313142958
11.530000             -0.19020930674294989071
11.535000             -0.18813978693528146668
11.540000             -0.18600796559994647872
11.545000             -0.18381101944732167186
11.550000             -0.18155716379392078386
11.555000             -0.17924466159749008476
11.560000             -0.17688487977023584219
11.565000             -0.17447977643946163684
11.570000             -0.17203763838859006952
11.575000             -0.16956640807886849687
11.580000             -0.16707219095822359312
11.585000             -0.16456629583920986959
11.590000             -0.16204087453298426924
11.595000             -0.15953088090640679675
11.600000             -0.15703607926969775921
11.605000             -0.15455908035226384456
11.610000             -0.15212417292874041985
11.615000             -0.14973662510202773168
11.620000             -0.14739558452487921958
11.625000             -0.14511831206521497162
11.630000             -0.14290942564619071864
11.635000             -0.14077786585942719810
11.640000             -0.13872981176191057084
11.645000             -0.13677076381707706232
11.650000             -0.13491733432899977174
11.655000             -0.13316467211815941063
11.660000             -0.13151341167376817687
11.665000             -0.12997978921824368537
11.670000             -0.12856627720342769794
11.675000             -0.12727989175668696920
11.680000             -0.12612299622313097314
11.685000             -0.12510817923347777869
11.690000             -0.12424218954347218680
11.695000             -0.12352225529433037698
11.700000             -0.12296105197109717666
11.705000             -0.12257331349456127012
11.710000             -0.12235650153289157060
11.715000             -0.12231652409859462838
11.720000             -0.12245229252744535553
11.725000             -0.12276504371184164544
11.730000             -0.12325796015670330286
11.735000             -0.12392536682318348873
11.740000             -0.12476274013150466524
11.745000             -0.12576306485714675021
11.750000             -0.12692013048080555415
11.755000             -0.12822519048540306774
11.760000             -0.12966394382552950959
11.765000             -0.13122821591904232363
11.770000             -0.13290635756912447252
11.775000             -0.13468942127289598720
11.780000             -0.13657081804179360685
11.785000             -0.13853597995416727651
11.790000             -0.14058140695426343814
11.795000             -0.14271092759801545791
11.800000             -0.14491588112319092607
11.805000             -0.14719184247336103422
11.810000             -0.14952523860164329550
11.815000             -0.15192795650341761604
11.820000             -0.15439963487999003311
11.825000             -0.15694120726827934242
11.830000             -0.15955346969010297808
11.835000             -0.16222801725965577124
11.840000             -0.16498213832288974312
11.845000             -0.16780404855680047804
11.850000             -0.17066950519162693567
11.855000             -0.17359685028166269016
11.860000             -0.17657147899811023728
11.865000             -0.17958698185292015781
11.870000             -0.18262983149897790702
11.875000             -0.18569012033690956986
11.880000             -0.18875609111809751872
11.885000             -0.19181148598690209162
11.890000             -0.19484037913708965317
11.895000             -0.19782881909481808691
11.900000             -0.20076287773077894361
11.905000             -0.20362734580289731934
11.910000             -0.20641378982075095361
11.915000             -0.20911140353813398307
11.920000             -0.21170619724838138365
11.925000             -0.21419620895859375898
11.930000             -0.21657492452685264683
11.935000             -0.21883937839956166260
11.940000             -0.22098339986757217779
11.945000             -0.22300439413887640505
11.950000             -0.22490187660227617394
11.955000             -0.22668191265369427856
11.960000             -0.22833715825557293622
11.965000             -0.22987588373187320401
11.970000             -0.23129940145007649166
11.975000             -0.23261033395686744885
11.980000             -0.23378788473403053216
11.985000             -0.23485119004659882336
11.990000             -0.23579080032851384985
11.995000             -0.23660444638508462689
12.000000             -0.23728643766141943594
12.005000             -0.23782659086737698018
12.010000             -0.23821792979774919496
12.015000             -0.23845464755352036024
12.020000             -0.23852401997070948880
12.025000             -0.23843676390365689532
12.030000             -0.23817786944922253456
12.035000             -0.23775774950364902960
12.040000             -0.23716429350599776971
12.045000             -0.23640227635837959830
12.050000             -0.23548382674399859216
12.055000             -0.23440034693207451033
12.060000             -0.23315687739560217451
12.065000             -0.23176108226563793546
12.070000             -0.23021910295193509510
12.075000             -0.22853453125830686110
12.080000             -0.22671210409742029168
12.085000             -0.22475945704333538666
12.090000             -0.22268384176989033940
12.095000             -0.22049804560633637363
12.100000             -0.21819074925736103854
12.105000             -0.21578611057595789569
12.110000             -0.21327178249524186837
12.115000             -0.21064598841981607702
12.120000             -0.20792226953913184317
12.125000             -0.20509981436160126811
12.130000             -0.20218429392985215465
12.135000             -0.19917819232303693444
12.140000             -0.19609548048713054680
12.145000             -0.19294645453760775333
12.150000             -0.18973339329525951147
12.155000             -0.18646401162597731060
12.160000             -0.18314881372856953168
12.165000             -0.17979816291194242184
12.170000             -0.17642475399865312213
12.175000             -0.17304576975322302768
12.180000             -0.16967643105128193959
12.185000             -0.16633340105946456400
12.190000             -0.16302662068260817541
12.195000             -0.15977018572699233645
12.200000             -0.15657448962565354011
12.205000             -0.15344779296765645449
12.210000             -0.15039871610525715195
12.215000             -0.14743919092507534740
12.220000             -0.14457256723311140423
12.225000             -0.14180425741864682854
12.230000             -0.13913795614160059944
12.235000             -0.13657165028534737350
12.240000             -0.13410611053818649596
12.245000             -0.13174924446711369641
12.250000             -0.12949273370432642927
12.255000             -0.12733594585938931565
12.260000             -0.12527758419187898231
12.265000             -0.12331758805799142298
12.270000             -0.12145625976323450035
12.275000             -0.11969498537498404755
12.280000             -0.11803959827087996681
12.285000             -0.11648858956499848205
12.290000             -0.11505249295733020742
12.295000             -0.11373606362134475178
12.300000             -0.11254647130895104046
12.305000             -0.11149054593166385363
12.310000             -0.11057491819948624123
12.315000             -0.10980868719698318181
12.320000             -0.10919556522305505497
12.325000             -0.10873826368527815533
12.330000             -0.10844053871612120699
12.335000             -0.10830532473503312607
12.340000             -0.10833111498881280166
12.345000             -0.10851357007520993914
12.350000             -0.10884534760013361843
12.355000             -0.10932166215005223453
12.360000             -0.10993553981790335494
12.365000             -0.11067910669140007540
12.370000             -0.11154451319475811033
12.375000             -0.11252447513650896960
12.380000             -0.11361262955070022818
12.385000             -0.11480501829322464769
12.390000             -0.11609558355976723476
12.395000             -0.11748610647631596571
12.400000             -0.11897265383686986273
12.405000             -0.12055353008949618032
12.410000             -0.12223156704514376303
12.415000             -0.12400692352470372992
12.420000             -0.12588326735867291783
12.425000             -0.12786372052825997758
12.430000             -0.12994760061393903494
12.435000             -0.13214297345905257064
12.440000             -0.13444461997887285909
12.445000             -0.13685980351032528413
12.450000             -0.13937139890826280575
12.455000             -0.14197319462415108893
12.460000             -0.14466003904770463606
12.465000             -0.14742954043391970353
12.470000             -0.15026349773665823029
12.475000             -0.15315215925558195442
12.480000             -0.15608579438920794358
12.485000             -0.15904897285816194108
12.490000             -0.16202904798015668741
12.495000             -0.16501593801795591543
12.500000             -0.16799221915681908368
12.505000             -0.17094223397866870062
12.510000             -0.17386409274220593346
12.515000             -0.17674574947202634223
12.520000             -0.17958098237167249844
12.525000             -0.18236800495669980293
12.530000             -0.18510201993528802022
12.535000             -0.18777872952553406605
12.540000             -0.19039594643921123329
12.545000             -0.19295147779580074099
12.550000             -0.19544098939396620240
12.555000             -0.19785855029309343256
12.560000             -0.20020172497229674069
12.565000             -0.20246472860517600312
12.570000             -0.20464450169250258948
12.575000             -0.20673422109473377217
12.580000             -0.20873505782136597686
12.585000             -0.21063910567758686865
12.590000             -0.21244046056953322377
12.595000             -0.21413339286051691346
12.600000             -0.21572589259970528786
12.605000             -0.21720382472133004104
12.610000             -0.21856920024770770672
12.615000             -0.21981037700938776958
12.620000             -0.22096983324757191181
12.625000             -0.22203779004131449226
12.630000             -0.22296928264338006231
12.635000             -0.22376619792836119349
12.640000             -0.22446128870191123239
12.645000             -0.22505221457230464854
12.650000             -0.22553469372065701459
12.655000             -0.22590738836364668285
12.660000             -0.22617208562078103262
12.665000             -0.22632986239099281423
12.670000             -0.22637812382501462660
12.675000             -0.22631634039330503216
12.680000             -0.22613920948535357058
12.685000             -0.22584303967798030621
12.690000             -0.22542511467064649255
12.695000             -0.22488820884569837855
12.700000             -0.22421921310840156605
12.705000             -0.22342453863385514090
12.710000             -0.22249371084484947936
12.715000             -0.22142834193751739780
12.720000             -0.22023649373666834284
12.725000             -0.21891846375339002462
12.730000             -0.21748252190210648482
12.735000             -0.21593440949636955040
12.740000             -0.21427739963022474079
12.745000             -0.21252020193688936356
12.750000             -0.21067228920731459474
12.755000             -0.20874721714736022005
12.760000             -0.20674527063273959171
12.765000             -0.20467396970596415939
12.770000             -0.20254539392097092865
12.775000             -0.20036693073780659224
12.780000             -0.19814576432338310008
12.785000             -0.19588744759657930605
12.790000             -0.19359834882640417075
12.795000             -0.19127878651640700669
12.800000             -0.18893793375833528581
12.805000             -0.18658069052291273437
12.810000             -0.18420696759261456776
12.815000             -0.18182329702885777212
12.820000             -0.17942768775849207707
12.825000             -0.17702924311022871784
12.830000             -0.17464441860644977500
12.835000             -0.17226369389398779597
12.840000             -0.16990276938649007121
12.845000             -0.16756961536344486263
12.850000             -0.16527390282564516366
12.855000             -0.16302636620306762416
12.860000             -0.16083936273424237484
12.865000             -0.15872285579671674416
12.870000             -0.15668559183251534739
12.875000             -0.15474182058071700441
12.880000             -0.15289093910383630415
12.885000             -0.15114691477824435117
12.890000             -0.14951624366464774663
12.895000             -0.14800148979845689778
12.900000             -0.14661004212855219264
12.905000             -0.14534309390230301662
12.910000             -0.14419408860549656759
12.915000             -0.14316614602968069647
12.920000             -0.14224845580659931099
12.925000             -0.14144556155646043072
12.930000             -0.14073749767403337385
12.935000             -0.14014362691072576594
12.940000             -0.13965835049852026728
12.945000             -0.13927733062629651939
12.950000             -0.13900017979140802393
12.955000             -0.13883243936432909660
12.960000             -0.13876851253499258854
12.965000             -0.13881925062910899227
12.970000             -0.13898768012839782249
12.975000             -0.13928004242459907092
12.980000             -0.13970281725274361073
12.985000             -0.14026193730586380970
12.990000             -0.14096446076900173705
12.995000             -0.14181407113279029253
13.000000             -0.14281125770468744429
13.005000             -0.14395791660840487336
13.010000             -0.14525892105888757455
13.015000             -0.14669947824702611605
13.020000             -0.14827775736472031953
13.025000             -0.14998441990105645938
13.030000             -0.15180449118922578755
13.035000             -0.15373115950139124020
13.040000             -0.15575269893265561438
13.045000             -0.15784993416346573825
13.050000             -0.16000803711595840140
13.055000             -0.16220849920302360392
13.060000             -0.16443622942771538020
13.065000             -0.16667521912112273630
13.070000             -0.16891111315518481106
13.075000             -0.17113521905000050882
13.080000             -0.17332549245905301549
13.085000             -0.17548793442303753376
13.090000             -0.17759963084197541439
13.095000             -0.17967459282421724409
13.100000             -0.18169727034789245890
13.105000             -0.18366161899986097050
13.110000             -0.18557808314199208954
13.115000             -0.18743868652108924833
13.120000             -0.18924695025891469236
13.125000             -0.19099721007723374777
13.130000             -0.19269209834501549450
13.135000             -0.19432013381244545025
13.140000             -0.19588602600131918563
13.145000             -0.19739038283254434214
13.150000             -0.19882089490648255370
13.155000             -0.20017829934008682380
13.160000             -0.20145077220591800504
13.165000             -0.20263679102927686926
13.170000             -0.20373065533038881014
13.175000             -0.20472411975224044656
13.180000             -0.20561679348511871512
13.185000             -0.20640284153031690506
13.190000             -0.20708965258558509337
13.195000             -0.20766361800046309605
13.200000             -0.20813118875915218031
13.205000             -0.20848990519138058120
13.210000             -0.20874305914538499040
13.215000             -0.20889582088828798079
13.220000             -0.20895123999241449475
13.225000             -0.20891272957655124265
13.230000             -0.20878022416081465362
13.235000             -0.20856084826007562083
13.240000             -0.20826606438815520317
13.245000             -0.20789436815457099095
13.250000             -0.20745699993777802494
13.255000             -0.20695692722913722195
13.260000             -0.20639729368853418356
13.265000             -0.20577728050286053785
13.270000             -0.20509935118219566053
13.275000             -0.20436054858884361574
13.280000             -0.20356117832333708861
13.285000             -0.20270097360075287063
13.290000             -0.20177650499079646806
13.295000             -0.20079154269390542265
13.300000             -0.19974232540205955067
13.305000             -0.19863048715681572154
13.310000             -0.19746013121008901270
13.315000             -0.19624267291595126617
13.320000             -0.19496879192178773188
13.325000             -0.19364955004291700691
13.330000             -0.19229095488499919897
13.335000             -0.19089394999253514462
13.340000             -0.18946867233222997040
13.345000             -0.18801891254316285829
13.350000             -0.18655584541266445608
13.355000             -0.18507305242404836765
13.360000             -0.18358808532023290772
13.365000             -0.18209863114109697824
13.370000             -0.18060418974313291463
13.375000             -0.17910532071799978304
13.380000             -0.17760828261296124353
13.385000             -0.17611088045464182161
13.390000             -0.17460337730283395641
13.395000             -0.17308591536058126614
13.400000             -0.17155608132369346008
13.405000             -0.17001209436475164805
13.410000             -0.16845237366575765980
13.415000             -0.16687842397559840557
13.420000             -0.16529236412076139806
13.425000             -0.16369916784549246036
13.430000             -0.16210270246618735390
13.435000             -0.16051526720088279965
13.440000             -0.15893978742865044751
13.445000             -0.15739080290389553807
13.450000             -0.15587590821724836565
13.455000             -0.15440721486673794627
13.460000             -0.15299556021992263832
13.465000             -0.15164979665124900254
13.470000             -0.15037959567086925383
13.475000             -0.14919486361815298414
13.480000             -0.14810147262948034075
13.485000             -0.14709894730656719597
13.490000             -0.14619069658553085489
13.495000             -0.14537720457977254540
13.500000             -0.14465831723268901543
13.505000             -0.14402738594180267140
13.510000             -0.14348032399604351839
13.515000             -0.14301451909142698371
13.520000             -0.14263205395656339269
13.525000             -0.14230173946553445474
13.530000             -0.14202849440818440807
13.535000             -0.14179474997729590857
13.540000             -0.14160320632781461803
13.545000             -0.14145625251588497817
13.550000             -0.14133915609180616735
13.555000             -0.14125383245349401595
13.560000             -0.14120384869116017756
13.565000             -0.14119319105697292205
13.570000             -0.14122380254031793867
13.575000             -0.14129004732531336153
13.580000             -0.14141866634038588457
13.585000             -0.14160551926868214512
13.590000             -0.14186297165339792348
13.595000             -0.14219128823711388310
13.600000             -0.14259574167681696166
13.605000             -0.14308296382293825277
13.610000             -0.14365415031546951985
13.615000             -0.14430733881204890756
13.620000             -0.14504285539318692577
13.625000             -0.14585532315740362685
13.630000             -0.14674013814499173303
13.635000             -0.14769408275108791839
13.640000             -0.14870999699484357959
13.645000             -0.14978021283089748561
13.650000             -0.15090386589036713927
13.655000             -0.15207478231850105055
13.660000             -0.15328616953573942494
13.665000             -0.15453446442536586392
13.670000             -0.15581868158131881308
13.675000             -0.15713652484418877409
13.680000             -0.15848597489329371846
13.685000             -0.15987104293413828549
13.690000             -0.16129660828331934819
13.695000             -0.16275485187418922695
13.700000             -0.16425478705338425467
13.705000             -0.16579662780721440840
13.710000             -0.16737871641677004586
13.715000             -0.16900574081934147119
13.720000             -0.17067887473666651377
13.725000             -0.17239603693543437135
13.730000             -0.17415344783815892016
13.735000             -0.17594728815263943611
13.740000             -0.17776972740824634189
13.745000             -0.17961480118528005967
13.750000             -0.18147379229370885767
13.755000             -0.18333128097269107970
13.760000             -0.18517910445374555217
13.765000             -0.18700599903733425289
13.770000             -0.18879953644210906161
13.775000             -0.19055075773350818591
13.780000             -0.19226827568969234727
13.785000             -0.19392594518838146556
13.790000             -0.19552100123292640022
13.795000             -0.19706067864176127213
13.800000             -0.19853243506528558959
13.805000             -0.19993184850055312207
13.810000             -0.20126443232025198471
13.815000             -0.20253179220202835453
13.820000             -0.20373703235616597018
13.825000             -0.20488211159397959338
13.830000             -0.20596719918965433749
13.835000             -0.20700934244540294960
13.840000             -0.20798441651093213522
13.845000             -0.20890410348242832717
13.850000             -0.20975818159841536081
13.855000             -0.21054637487292879316
13.860000             -0.21125818974524948612
13.865000             -0.21188989324754650689
13.870000             -0.21243669762911809862
13.875000             -0.21289069629547288653
13.880000             -0.21324444863663369332
13.885000             -0.21349630421272122738
13.890000             -0.21362591321447121917
13.895000             -0.21365690333425635394
13.900000             -0.21356155011026223267
13.905000             -0.21335060408500799989
13.910000             -0.21303454617333192345
13.915000             -0.21260254178104637246
13.920000             -0.21206576747347422041
13.925000             -0.21142341484016397013
13.930000             -0.21067309014162577396
13.935000             -0.20982780018719388027
13.940000             -0.20889572023713465221
13.945000             -0.20788495203118992349
13.950000             -0.20679099088726496380
13.955000             -0.20560857998566892113
13.960000             -0.20437290860966725314
13.965000             -0.20307199381612969780
13.970000             -0.20171386085615336525
13.975000             -0.20030580753103946479
13.980000             -0.19884743152308712033
13.985000             -0.19734102223587232650
13.990000             -0.19578387599851848622
13.995000             -0.19418065641765658302
14.000000             -0.19252838403249364352
14.005000             -0.19083166465513989873
14.010000             -0.18908839073789365792
14.015000             -0.18729310055208295283
14.020000             -0.18545796755392654487
14.025000             -0.18358379414692524434
14.030000             -0.18167558428322419517
14.035000             -0.17974071711829880948
14.040000             -0.17778567167928646664
14.045000             -0.17581881036902066717
14.050000             -0.17384940099715484596
14.055000             -0.17188547382092986271
14.060000             -0.16993373536284803182
14.065000             -0.16800390253064756418
14.070000             -0.16610312087509282453
14.075000             -0.16423966545102783310
14.080000             -0.16241862335498527536
14.085000             -0.16064466275748082169
14.090000             -0.15892764037933140853
14.095000             -0.15725857482391317199
14.100000             -0.15564487786466529862
14.105000             -0.15408565785353581234
14.110000             -0.15259206191944996167
14.115000             -0.15117906021254631788
14.120000             -0.14981618859206852212
14.125000             -0.14853307028714868299
14.130000             -0.14730546683982867484
14.135000             -0.14614120490198950764
14.140000             -0.14503380417098468702
14.145000             -0.14399816971008300159
14.150000             -0.14305361407156394482
14.155000             -0.14219072324199680257
14.160000             -0.14141327643269069325
14.165000             -0.14072396065285511235
14.170000             -0.14012816581696274643
14.175000             -0.13963273980445592426
14.180000             -0.13924943993605129466
14.185000             -0.13896728146091069656
14.190000             -0.13879697387139913745
14.195000             -0.13874387138811497544
14.200000             -0.13880179124292074677
14.205000             -0.13896454097125518490
14.210000             -0.13923385475649330267
14.215000             -0.13960644499377281025
14.220000             -0.14007990528292374455
14.225000             -0.14064881811281518265
14.230000             -0.14131415376380052074
14.235000             -0.14206822344845707051
14.240000             -0.14291391548068940742
14.245000             -0.14384378774095527009
14.250000             -0.14485853948991081475
14.255000             -0.14596690178402274563
14.260000             -0.14717247795791188469
14.265000             -0.14847772546672832750
14.270000             -0.14986676251298006179
14.275000             -0.15134778015438876686
14.280000             -0.15291713671165513277
14.285000             -0.15457096649613810690
14.290000             -0.15631090844401915319
14.295000             -0.15813773388846452672
14.300000             -0.16004784856476508836
14.305000             -0.16203711365658557408
14.310000             -0.16410003006912582402
14.315000             -0.16623114931312288345
14.320000             -0.16841757191583628384
14.325000             -0.17065465444892116698
14.330000             -0.17293117316154762997
14.335000             -0.17523582470339110762
14.340000             -0.17755736944367567220
14.345000             -0.17988197142318917976
14.350000             -0.18220179017319743098
14.355000             -0.18450575198380000930
14.360000             -0.18678577669163420882
14.365000             -0.18903094805224551767
14.370000             -0.19123142310819071787
14.375000             -0.19338082899560271599
14.380000             -0.19547300174412143847
14.385000             -0.19749970343591827238
14.390000             -0.19945659080762559445
14.395000             -0.20133576169223843522
14.400000             -0.20313857089262310485
14.405000             -0.20486120641377963958
14.410000             -0.20650118092555078131
14.415000             -0.20806051393999822063
14.420000             -0.20954223707651942199
14.425000             -0.21094045285658755140
14.430000             -0.21225604831620953350
14.435000             -0.21348918079062312314
14.440000             -0.21463363721020695118
14.445000             -0.21568763091657044972
14.450000             -0.21664284779196502084
14.455000             -0.21750959521515295103
14.460000             -0.21828727861864660742
14.465000             -0.21896603222260185850
14.470000             -0.21954800775694807702
14.475000             -0.22002656070261200627
14.480000             -0.22040206565288253393
14.485000             -0.22067135149932090576
14.490000             -0.22083880533020341930
14.495000             -0.22089783549229952131
14.500000             -0.22084659104185433431
14.505000             -0.22068640591639890336
14.510000             -0.22041722200263325071
14.515000             -0.22004488213956960307
14.520000             -0.21957438276763785456
14.525000             -0.21900270854307760104
14.530000             -0.21834734056436042038
14.535000             -0.21757401684609534165
14.540000             -0.21673055082766959356
14.545000             -0.21580654189661888087
14.550000             -0.21483103097701661266
14.555000             -0.21378947043979015796
14.560000             -0.21268080803802985601
14.565000             -0.21150561373149359690
14.570000             -0.21026525179414948252
14.575000             -0.20895853072800477102
14.580000             -0.20759050868108139265
14.585000             -0.20615388652113847412
14.590000             -0.20465186372440430373
14.595000             -0.20308560035590011994
14.600000             -0.20144216409279241953
14.605000             -0.19973414593652277782
14.610000             -0.19796222030866830743
14.615000             -0.19611293436365065390
14.620000             -0.19420183605811827676
14.625000             -0.19222585722712345890
14.630000             -0.19018900884863079725
14.635000             -0.18809566514162079365
14.640000             -0.18595251556104225310
14.645000             -0.18376937332071052733
14.650000             -0.18155686912886953577
14.655000             -0.17932092240796479454
14.660000             -0.17706421839807709451
14.665000             -0.17479591340912623010
14.670000             -0.17252330067180263184
14.675000             -0.17025311369623102875
14.680000             -0.16799375215397366334
14.685000             -0.16575135430470219755
14.690000             -0.16352606425148127900
14.695000             -0.16133356879150967389
14.700000             -0.15917439257736124003
14.705000             -0.15705294850552525832
14.710000             -0.15497659283981443656
14.715000             -0.15294706681820133265
14.720000             -0.15095690042191070579
14.725000             -0.14901682074703559433
14.730000             -0.14712765544050349087
14.735000             -0.14529186332122581704
14.740000             -0.14351008208286414325
14.745000             -0.14178386896209316248
14.750000             -0.14011801388821282233
14.755000             -0.13851141373136291457
14.760000             -0.13696697065494309320
14.765000             -0.13548402067975445773
14.770000             -0.13406509182447706729
14.775000             -0.13272422247679624419
14.780000             -0.13146127105936505908
14.785000             -0.13027445905953879968
14.790000             -0.12917002614320277631
14.795000             -0.12815030806995861279
14.800000             -0.12721731071792485857
14.805000             -0.12637275133599479293
14.810000             -0.12561661141381486040
14.815000             -0.12494491752652482630
14.820000             -0.12436469512140695126
14.825000             -0.12386324902520573499
14.830000             -0.12345037754313964440
14.835000             -0.12313682843968143388
14.840000             -0.12291544633310973189
14.845000             -0.12278819085520731313
14.850000             -0.12275847851641512321
14.855000             -0.12283336952840903655
14.860000             -0.12301204652674296858
14.865000             -0.12329970612799603935
14.870000             -0.12371303810295597447
14.875000             -0.12424488145311456122
14.880000             -0.12489930455483516658
14.885000             -0.12567882560600365793
14.890000             -0.12658608487387737473
14.895000             -0.12762176246514861377
14.900000             -0.12878415536810289277
14.905000             -0.13007389541582728421
14.910000             -0.13149051939967210112
14.915000             -0.13303111138025275340
14.920000             -0.13468944850759223542
14.925000             -0.13646066212325286271
14.930000             -0.13833638448337579052
14.935000             -0.14030919629108334901
14.940000             -0.14237383751421123224
14.945000             -0.14450767739000403012
14.950000             -0.14670685940314565077
14.955000             -0.14896094636498072306
14.960000             -0.15126439338191738360
14.965000             -0.15359553872309728018
14.970000             -0.15594765537215127260
14.975000             -0.15831528224955498940
14.980000             -0.16069454256655821278
14.985000             -0.16307678805364567154
14.990000             -0.16545947430972926528
14.995000             -0.16783705853669694807
15.000000             -0.17020595740571112242
15.005000             -0.17255978193454798997
15.010000             -0.17489843481479011578
15.015000             -0.17721616371535961476
15.020000             -0.17951284521910779168
15.025000             -0.18178723638888666381
15.030000             -0.18403116560828247650
15.035000             -0.18624461697613628464
15.040000             -0.18843323884748083841
15.045000             -0.19058296581987871354
15.050000             -0.19270140377885230931
15.055000             -0.19478245716412820321
15.060000             -0.19681735296043548211
15.065000             -0.19879559227141346822
15.070000             -0.20071983778522684005
15.075000             -0.20258418879223538678
15.080000             -0.20438494973063914273
15.085000             -0.20610652355606967623
15.090000             -0.20774781237354114638
15.095000             -0.20930665024666933460
15.100000             -0.21078611349833217825
15.105000             -0.21217430610028920057
15.110000             -0.21347398335463388386
15.115000             -0.21468239453573909059
15.120000             -0.21579674961332959149
15.125000             -0.21681505434603490223
15.130000             -0.21773539964933844026
15.135000             -0.21855779915927911472
15.140000             -0.21928135930563918965
15.145000             -0.21990612013796614899
15.150000             -0.22043008754097062618
15.155000             -0.22084745131334662660
15.160000             -0.22116452194112790064
15.165000             -0.22137541543211514128
15.170000             -0.22148638222892025329
15.175000             -0.22146305986008324451
15.180000             -0.22131339716802228557
15.185000             -0.22105701796166835060
15.190000             -0.22067480642652034795
15.195000             -0.22018413041394319096
15.200000             -0.21958138018075662456
15.205000             -0.21885957200020816904
15.210000             -0.21801903669531322305
15.215000             -0.21706397052064543840
15.220000             -0.21599556021945290341
15.225000             -0.21481607514227282762
15.230000             -0.21352563257564768917
15.235000             -0.21213317649639601425
15.240000             -0.21063261862115778555
15.245000             -0.20903988565458395121
15.250000             -0.20736402197894934774
15.255000             -0.20561414598448554680
15.260000             -0.20379995269543821346
15.265000             -0.20192065420128277320
15.270000             -0.19999927515163509750
15.275000             -0.19803447560198381150
15.280000             -0.19603472280026204566
15.285000             -0.19400325977251284271
15.290000             -0.19195106374973436303
15.295000             -0.18987957572421507169
15.300000             -0.18779593443266545671
15.305000             -0.18570837584277224974
15.310000             -0.18362681028300406605
15.315000             -0.18154198660111942054
15.320000             -0.17946129124544080158
15.325000             -0.17739183322658561015
15.330000             -0.17534436926285115743
15.335000             -0.17330948133212464857
15.340000             -0.17129263102341332758
15.345000             -0.16930257460127703939
15.350000             -0.16734418678379403556
15.355000             -0.16542467543133523855
15.360000             -0.16355173261255209760
15.365000             -0.16173408701167185653
15.370000             -0.15997876547437764327
15.375000             -0.15829706987750497005
15.380000             -0.15669313498403672491
15.385000             -0.15517269542381842418
15.390000             -0.15374148253873090586
15.395000             -0.15240904320605805355
15.400000             -0.15117908919006306512
15.405000             -0.15005706814954372641
15.410000             -0.14904516687599111968
15.415000             -0.14814353384373293854
15.420000             -0.14736248185656353193
15.425000             -0.14669620704930233512
15.430000             -0.14614405841252114948
15.435000             -0.14568808259327792332
15.440000             -0.14533107876048903528
15.445000             -0.14506560535118265265
15.450000             -0.14488857692747780792
15.455000             -0.14479895108860757480
15.460000             -0.14478371919065224915
15.465000             -0.14484508101708729044
15.470000             -0.14497870840816876048
15.475000             -0.14517916883269416095
15.480000             -0.14544838326751541313
15.485000             -0.14578228516383323621
15.490000             -0.14618504234317525325
15.495000             -0.14666044341493297831
15.500000             -0.14720641150906293992
15.505000             -0.14782291056181975919
15.510000             -0.14852604668927218978
15.515000             -0.14931235922000707372
15.520000             -0.15018973787462830405
15.525000             -0.15115691230114725041
15.530000             -0.15221037629640116196
15.535000             -0.15334725039287327997
15.540000             -0.15456683976123936075
15.545000             -0.15586564495546653686
15.550000             -0.15724178649649114825
15.555000             -0.15868552707964792003
15.560000             -0.16019588327820102891
15.565000             -0.16176412677335588741
15.570000             -0.16338608052062056353
15.575000             -0.16505532589473698168
15.580000             -0.16676549853386446465
15.585000             -0.16850375561458574847
15.590000             -0.17027532256143748657
15.595000             -0.17206843787558090408
15.600000             -0.17387687613999203151
15.605000             -0.17570022612317653943
15.610000             -0.17753598063664488560
15.615000             -0.17936522108635169492
15.620000             -0.18118613760735735596
15.625000             -0.18300050264833622737
15.630000             -0.18479814776494096762
15.635000             -0.18657345910370551345
15.640000             -0.18831652430203366100
15.645000             -0.19002651700190553719
15.650000             -0.19169399138265857951
15.655000             -0.19332019396848104664
15.660000             -0.19490044331338954309
15.665000             -0.19643201842164406679
15.670000             -0.19790401612189964520
15.675000             -0.19932818570578195172
15.680000             -0.20067703871334255372
15.685000             -0.20196377267151560675
15.690000             -0.20315207511331978552
15.695000             -0.20427763487991967839
15.700000             -0.20532183563687764205
15.705000             -0.20628605363173324605
15.710000             -0.20717243027703666214
15.715000             -0.20797621049514072866
15.720000             -0.20870074763162568821
15.725000             -0.20933531739996225074
15.730000             -0.20988795370129181839
15.735000             -0.21035519317956660745
15.740000             -0.21073341302012438270
15.745000             -0.21102198886544842882
15.750000             -0.21122126130243079611
15.755000             -0.21132863240499383251
15.760000             -0.21134649078022715862
15.765000             -0.21127139138110806460
15.770000             -0.21111015655936651858
15.775000             -0.21086405044780726081
15.780000             -0.21053059636076756900
15.785000             -0.21010730337175134719
15.790000             -0.20959925601061019096
15.795000             -0.20899184866521916537
15.800000             -0.20829146108294957496
15.805000             -0.20751159231824597984
15.810000             -0.20665540611712385211
15.815000             -0.20571085265289879018
15.820000             -0.20470768504213993078
15.825000             -0.20362323147748498386
15.830000             -0.20246755270252067560
15.835000             -0.20124930433344376257
15.840000             -0.19996226622730800537
15.845000             -0.19860374973875138949
15.850000             -0.19720393777267536395
15.855000             -0.19575114190933537439
15.860000             -0.19424627579572165126
15.865000             -0.19269364590425308581
15.870000             -0.19108989522200542366
15.875000             -0.18944032402433588769
15.880000             -0.18775483335848452970
15.885000             -0.18603150154458211740
15.890000             -0.18426927455930872113
15.895000             -0.18246932415120473148
15.900000             -0.18063389761945375378
15.905000             -0.17876589123375138946
15.910000             -0.17686952005365216833
15.915000             -0.17494808082025087304
15.920000             -0.17299882997829496567
15.925000             -0.17104489778347906070
15.930000             -0.16905516578511334269
15.935000             -0.16706278511229982753
15.940000             -0.16510652591097907393
15.945000             -0.16313604620083185792
15.950000             -0.16120165669328748170
15.955000             -0.15933116755776519091
15.960000             -0.15751926309523378578
15.965000             -0.15575492500101048576
15.970000             -0.15406320645082177689
15.975000             -0.15244285221241862804
15.980000             -0.15091974901340113324
15.985000             -0.14949475239545870209
15.990000             -0.14817333218315950627
15.995000             -0.14694612458988459691
16.000000             -0.14582794010810387619
16.005000             -0.14481897206649257948
16.010000             -0.14391754550035981697
16.015000             -0.14312490603929572952
16.020000             -0.14243875858034821258
16.025000             -0.14185529981524164223
16.030000             -0.14137555174707758243
16.035000             -0.14099453226920821702
16.040000             -0.14071466799780546486
16.045000             -0.14053885148905292946
16.050000             -0.14045671235114187692
16.055000             -0.14046392992178888259
16.060000             -0.14056341145247699953
16.065000             -0.14075405337070559519
16.070000             -0.14103212670447196064
16.075000             -0.14139787764738254161
16.080000             -0.14185152320791019620
16.085000             -0.14239194946733169100
16.090000             -0.14301592443060134885
16.095000             -0.14372683227151031304
16.100000             -0.14452040845094138444
16.105000             -0.14539602444554572402
16.110000             -0.14635196490789736945
16.115000             -0.14738507957908905666
16.120000             -0.14848929502134913805
16.125000             -0.14965750954085760283
16.130000             -0.15088690721322473021
16.135000             -0.15216822204172417154
16.140000             -0.15349948900603446744
16.145000             -0.15487532751518240381
16.150000             -0.15628763861103117661
16.155000             -0.15773037836932057854
16.160000             -0.15919999054299782681
16.165000             -0.16068737483513814701
16.170000             -0.16218539300616727217
16.175000             -0.16369678009246799166
16.180000             -0.16521395343840866721
16.185000             -0.16673459448265307015
16.190000             -0.16825091212172380017
16.195000             -0.16976130433035929723
16.200000             -0.17127145366765242351
16.205000             -0.17276265772923204977
16.210000             -0.17423888023991512819
16.215000             -0.17569553971948756455
16.220000             -0.17712825742031321208
16.225000             -0.17853330522769872424
16.230000             -0.17990644088987634008
16.235000             -0.18124645190820051766
16.240000             -0.18254591179742160612
16.245000             -0.18380382551133170321
16.250000             -0.18501738213474322459
16.255000             -0.18618585082540531350
16.260000             -0.18730611455405765664
16.265000             -0.18837727625235611839
16.270000             -0.18940256752578316091
16.275000             -0.19038575779623598261
16.280000             -0.19132913077996877016
16.285000             -0.19223737540043392413
16.290000             -0.19311499045044541734
16.295000             -0.19396135027720345922
16.300000             -0.19475780075605614305
16.305000             -0.19550343265827235806
16.310000             -0.19621226729098109609
16.315000             -0.19689121330073355853
16.320000             -0.19754170771232223980
16.325000             -0.19817048256597510902
16.330000             -0.19876749439872787306
16.335000             -0.19933361458257345400
16.340000             -0.19985919917907898902
16.345000             -0.20034843835987301008
16.350000             -0.20079961353714462224
16.355000             -0.20120708286631491801
16.360000             -0.20155444395118035650
16.365000             -0.20184718716994304311
16.370000             -0.20207315599275479934
16.375000             -0.20223290537580071446
16.380000             -0.20232101275511574223
16.385000             -0.20233498841614158681
16.390000             -0.20227593764615350858
16.395000             -0.20213667190535955509
16.400000             -0.20193747602717290746
16.405000             -0.20165032619697190186
16.410000             -0.20131242768331056303
16.415000             -0.20092495903790316691
16.420000             -0.20047389011599250908
16.425000             -0.19997706736915840664
16.430000             -0.19944102103689828609
16.435000             -0.19887240126634433968
16.440000             -0.19828008199099508846
16.445000             -0.19766573665936953974
16.450000             -0.19703248405868822868
16.455000             -0.19638454996469403846
16.460000             -0.19572713525539270352
16.465000             -0.19505549084843215590
16.470000             -0.19437681901287345854
16.475000             -0.19368805134945271673
16.480000             -0.19298712210832200120
16.485000             -0.19226170607851020278
16.490000             -0.19151579457848519339
16.495000             -0.19074958113732454201
16.500000             -0.18995871544117984286
16.505000             -0.18914214313453564520
16.510000             -0.18829761232934666415
16.515000             -0.18742626862889033568
16.520000             -0.18652345667417163932
16.525000             -0.18559473697261885672
16.530000             -0.18464384284744841946
16.535000             -0.18367595728555810575
16.540000             -0.18269520641588735121
16.545000             -0.18169808771861123420
16.550000             -0.18067290723916445971
16.555000             -0.17966709910124062377
16.560000             -0.17865617341778994298
16.565000             -0.17766072034875185492
16.570000             -0.17666254930699362702
16.575000             -0.17569506385855590547
16.580000             -0.17474891314733273506
16.585000             -0.17383534871337294470
16.590000             -0.17296357418259822314
16.595000             -0.17213098146240321529
16.600000             -0.17133926978905836269
16.605000             -0.17059778941389749929
16.610000             -0.16989891726247588477
16.615000             -0.16924763954146057610
16.620000             -0.16863962353122205484
16.625000             -0.16806995529230936426
16.630000             -0.16753758845406188649
16.635000             -0.16703812639245982363
16.640000             -0.16656834069079409777
16.645000             -0.16612789750160847357
16.650000             -0.16570887215767896028
16.655000             -0.16531296461419325849
16.660000             -0.16492809365610461292
16.665000             -0.16456729492671809401
16.670000             -0.16421941917391735810
16.675000             -0.16388205650943005187
16.680000             -0.16355889416508048728
16.685000             -0.16325107937575228378
16.690000             -0.16295552030180579517
16.695000             -0.16267550973905020584
16.700000             -0.16241352871918604550
16.705000             -0.16217065499498023451
16.710000             -0.16194902304156347239
16.715000             -0.16175029559897427522
16.720000             -0.16157791840672083850
16.725000             -0.16142734681808568187
16.730000             -0.16130427667066019048
16.735000             -0.16120329984416631453
16.740000             -0.16112892396064160128
16.745000             -0.16108371142319119484
16.750000             -0.16106793919738632281
16.755000             -0.16107807196170903508
16.760000             -0.16111566242105260227
16.765000             -0.16117961798900035109
16.770000             -0.16126941767291344543
16.775000             -0.16137961549439922004
16.780000             -0.16151422336529400181
16.785000             -0.16167953374511562226
16.790000             -0.16187270505625284134
16.795000             -0.16209944542294366099
16.800000             -0.16235412411219088402
16.805000             -0.16263924905907251039
16.810000             -0.16295070681618778474
16.815000             -0.16329150487067251030
16.820000             -0.16365923140745949893
16.825000             -0.16404888036037637566
16.830000             -0.16445845953037790954
16.835000             -0.16489420520670941550
16.840000             -0.16533337039844797633
16.845000             -0.16577904800190934598
16.850000             -0.16623109282112999430
16.855000             -0.16668241259171237556
16.860000             -0.16712909123694763558
16.865000             -0.16756706492630962790
16.870000             -0.16799118256821068962
16.875000             -0.16840069944929536572
16.880000             -0.16879245857753247262
16.885000             -0.16916158906130926431
16.890000             -0.16950776843868406440
16.895000             -0.16984485008390814986
16.900000             -0.17016671693189919234
16.905000             -0.17048106204446794587
16.910000             -0.17078909044392551198
16.915000             -0.17109738556850687119
16.920000             -0.17140503640599388802
16.925000             -0.17171699722061803395
16.930000             -0.17203604375326017606
16.935000             -0.17236360220279298150
16.940000             -0.17269772934582169888
16.945000             -0.17304493065115822414
16.950000             -0.17339880759194134519
16.955000             -0.17374866513539832802
16.960000             -0.17408593127342583684
16.965000             -0.17441364489385569048
16.970000             -0.17473390830984239508
16.975000             -0.17504246691162184124
16.980000             -0.17533660323913086154
16.985000             -0.17561179836427495693
16.990000             -0.17586658410394459540
16.995000             -0.17610036777131207741
17.000000             -0.17630942251987852254
17.005000             -0.17649478007336261154
17.010000             -0.17666018626579899076
17.015000             -0.17680694715392863969
17.020000             -0.17694074401704945609
17.025000             -0.17705373397768614518
17.030000             -0.17715796411036754954
17.035000             -0.17725926871589015033
17.040000             -0.17736216416323660749
17.045000             -0.17746449587107679391
17.050000             -0.17757397809641542463
17.055000             -0.17769657938417460219
17.060000             -0.17784189055228408205
17.065000             -0.17800067888699500074
17.070000             -0.17817301598457233047
17.075000             -0.17835701891683478082
17.080000             -0.17855094163935894547
17.085000             -0.17875057069436312007
17.090000             -0.17895290712323888571
17.095000             -0.17915287781070546314
17.100000             -0.17934435873530155114
17.105000             -0.17952025616183037160
17.110000             -0.17967749745249295135
17.115000             -0.17980759323559722396
17.120000             -0.17990575057276109172
17.125000             -0.17998422903235650194
17.130000             -0.18003538312693967427
17.135000             -0.18005724525135993752
17.140000             -0.18005238648379498501
17.145000             -0.18002319642452110915
17.150000             -0.17996998314044013179
17.155000             -0.17989609285393709515
17.160000             -0.17980092093232116768
17.165000             -0.17968990420239616679
17.170000             -0.17955903971648320971
17.175000             -0.17943453486715529865
17.180000             -0.17930928365151724280
17.185000             -0.17917684564796354518
17.190000             -0.17904934090650631573
17.195000             -0.17891358374979585144
17.200000             -0.17875542267844907185
17.205000             -0.17858436615539302617
17.210000             -0.17841997552786922898
17.215000             -0.17827852123753762381
17.220000             -0.17812179761058782868
17.225000             -0.17796697594515453744
17.230000             -0.17781317084442072041
17.235000             -0.17765546601564327633
17.240000             -0.17749857483733533225
17.245000             -0.17734095087988741013
17.250000             -0.17718250694120318833
17.255000             -0.17702166351051459858
17.260000             -0.17685875348575078037
17.265000             -0.17669116745677762581
17.270000             -0.17651328965947835070
17.275000             -0.17633804500095981438
17.280000             -0.17616751981338138466
17.285000             -0.17598914040523930269
17.290000             -0.17581384085465093237
17.295000             -0.17563999324617454723
17.300000             -0.17547072650314574083
17.305000             -0.17530908501158326551
17.310000             -0.17515721967494604638
17.315000             -0.17501883810382082296
17.320000             -0.17489077505699932025
17.325000             -0.17478302487366151330
17.330000             -0.17468407648896705497
17.335000             -0.17460193926977798928
17.340000             -0.17453560575756174589
17.345000             -0.17448727725974449987
17.350000             -0.17445614583832053102
17.355000             -0.17444260672134812018
17.360000             -0.17444786943947562796
17.365000             -0.17447104505106741934
17.370000             -0.17451030064608158421
17.375000             -0.17456768279511389319
17.380000             -0.17464415190031482017
17.385000             -0.17473932631922167724
17.390000             -0.17485627871612899331
17.395000             -0.17498656855067004634
17.400000             -0.17512978660214484350
17.405000             -0.17528300026111862109
17.410000             -0.17544269823196503855
17.415000             -0.17560442246715579628
17.420000             -0.17576391777136773920
17.425000             -0.17591790068391477408
17.430000             -0.17606224890879795808
17.435000             -0.17619263078348976204
17.440000             -0.17630699846338770964
17.445000             -0.17640120955369223421
17.450000             -0.17647157849824871012
17.455000             -0.17652162699632401033
17.460000             -0.17654622955325491307
17.465000             -0.17654369482683279768
17.470000             -0.17651212756314949015
17.475000             -0.17645337992322662757
17.480000             -0.17637265451961098295
17.485000             -0.17626969115368396057
17.490000             -0.17614618435629955662
17.495000             -0.17600191079048657650
17.500000             -0.17583989848707401449
17.505000             -0.17566099115569452915
17.510000             -0.17546681772293409862
17.515000             -0.17525968096301802746
17.520000             -0.17503708480727664387
17.525000             -0.17480801161052197945
17.530000             -0.17457363345490348183
17.535000             -0.17433531659289455695
17.540000             -0.17409203005088810801
17.545000             -0.17384039235840725857
17.550000             -0.17357990196568223729
17.555000             -0.17331198601074032650
17.560000             -0.17303755116136143588
17.565000             -0.17275138213605831239
17.570000             -0.17244777763780366753
17.575000             -0.17213080491258886395
17.580000             -0.17179694216960128550
17.585000             -0.17145665762043590941
17.590000             -0.17110225209178531180
17.595000             -0.17073911486817222594
17.600000             -0.17036947439811420124
17.605000             -0.16999819000938898306
17.610000             -0.16962893490499936222
17.615000             -0.16926807635725618639
17.620000             -0.16891451776910787475
17.625000             -0.16858000760175839705
17.630000             -0.16826506536947058446
17.635000             -0.16797806630820247276
17.640000             -0.16772663829137468561
17.645000             -0.16751237136798657890
17.650000             -0.16733557357690592715
17.655000             -0.16720251596313273623
17.660000             -0.16711097669120339448
17.665000             -0.16706145781051784382
17.670000             -0.16705390497603198052
17.675000             -0.16708130078429878074
17.680000             -0.16714543588701946675
17.685000             -0.16724315570864109470
17.690000             -0.16737666457695249411
17.695000             -0.16754112301450044265
17.700000             -0.16773925990366475580
17.705000             -0.16795908487540159304
17.710000             -0.16820475778910984332
17.715000             -0.16847323171174363732
17.720000             -0.16876588626266456061
17.725000             -0.16908127605582498609
17.730000             -0.16941832657668498552
17.735000             -0.16978061234452834771
17.740000             -0.17016463782902263580
17.745000             -0.17056663710223171626
17.750000             -0.17099234848200783876
17.755000             -0.17144339851507836570
17.760000             -0.17192137311213653850
17.765000             -0.17242966275568774592
17.770000             -0.17296587407608671194
17.775000             -0.17352903938200653355
17.780000             -0.17412017148473679651
17.785000             -0.17473371915918495256
17.790000             -0.17536983653440801900
17.795000             -0.17602857743316577266
17.800000             -0.17670335797472933037
17.805000             -0.17738429458057994315
17.810000             -0.17807158733560865538
17.815000             -0.17878163648672659725
17.820000             -0.17949944617251209489
17.825000             -0.18021805981592678436
17.830000             -0.18093742063617207494
17.835000             -0.18165330470594917567
17.840000             -0.18236295116798412197
17.845000             -0.18306082158175798758
17.850000             -0.18374270823193442070
17.855000             -0.18441205931303528143
17.860000             -0.18505821472092182089
17.865000             -0.18568918872869058512
17.870000             -0.18630070030282364080
17.875000             -0.18688850027517253660
17.880000             -0.18745165996864199265
17.885000             -0.18799305872194910227
17.890000             -0.18850735747232125195
17.895000             -0.18899505339459141129
17.900000             -0.18945473912356830537
17.905000             -0.18987866390078314560
17.910000             -0.19027342551810433324
17.915000             -0.19063198547964099738
17.920000             -0.19095729026486299440
17.925000             -0.19123521094706169565
17.930000             -0.19148655907580430791
17.935000             -0.19171161252556678800
17.940000             -0.19189747704717838306
17.945000             -0.19204723297530917892
17.950000             -0.19215581234581283199
17.955000             -0.19222179314583601184
17.960000             -0.19224739550907332664
17.965000             -0.19223356918632980572
17.970000             -0.19218107054275199164
17.975000             -0.19209219959396170441
17.980000             -0.19196652440461448030
17.985000             -0.19180244381596187053
17.990000             -0.19160550729216396793
17.995000             -0.19138218647430058073
18.000000             -0.19111383865034678453
18.005000             -0.19080208926759717469
18.010000             -0.19047406481521125809
18.015000             -0.19011545197884974212
18.020000             -0.18972620042692467379
18.025000             -0.18931671573054109636
18.030000             -0.18888269482906611119
18.035000             -0.18842993384353612374
18.040000             -0.18794225221762020372
18.045000             -0.18743446726917900591
18.050000             -0.18689193922156321914
18.055000             -0.18631620577994362220
18.060000             -0.18570628692593871278
18.065000             -0.18506974604011355856
18.070000             -0.18440284562301911819
18.075000             -0.18370378375021981232
18.080000             -0.18297715308096723641
18.085000             -0.18221947038577115952
18.090000             -0.18143834317157389591
18.095000             -0.18063600562829734697
18.100000             -0.17980755769618955719
18.105000             -0.17895896309022871207
18.110000             -0.17809062868180478012
18.115000             -0.17720360111783484136
18.120000             -0.17630259157752881105
18.125000             -0.17539083934392571407
18.130000             -0.17447097164721878104
18.135000             -0.17353702574910581657
18.140000             -0.17259714160075020906
18.145000             -0.17165121037867750453
18.150000             -0.17070138065064954791
18.155000             -0.16975352596829429430
18.160000             -0.16880944996606203623
18.165000             -0.16787061051000828904
18.170000             -0.16693800022701812957
18.175000             -0.16601380011783109514
18.180000             -0.16509959835644230641
18.185000             -0.16419822831910727001
18.190000             -0.16331303406086553065
18.195000             -0.16244675112639911374
18.200000             -0.16160087333659411968
18.205000             -0.16077780760205834243
18.210000             -0.15998081101227054623
18.215000             -0.15921323164734391131
18.220000             -0.15847614263989714956
18.225000             -0.15777631797944099978
18.230000             -0.15711153108629052899
18.235000             -0.15648821806524854106
18.240000             -0.15590663244306837698
18.245000             -0.15536937884290341616
18.250000             -0.15488140808404182724
18.255000             -0.15444405795791080194
18.260000             -0.15405539628069783720
18.265000             -0.15371704724710150147
18.270000             -0.15344370496923559477
18.275000             -0.15322930555083322246
18.280000             -0.15306818046828105095
18.285000             -0.15296141579393388032
18.290000             -0.15291669370566651764
18.295000             -0.15292725593908751414
18.300000             -0.15299733494843248405
18.305000             -0.15312443046951224046
18.310000             -0.15331621885792495741
18.315000             -0.15358211330949517182
18.320000             -0.15390656763701915377
18.325000             -0.15428822034257971829
18.330000             -0.15473114007273983117
18.335000             -0.15523628298353578381
18.340000             -0.15580670240159852358
18.345000             -0.15644231212349712923
18.350000             -0.15714083464697126136
18.355000             -0.15790139965299432312
18.360000             -0.15873369223242747572
18.365000             -0.15963900635510788750
18.370000             -0.16060179937997084987
18.375000             -0.16162020319512768185
18.380000             -0.16269965161656918529
18.385000             -0.16383842418400609842
18.390000             -0.16503182736924376650
18.395000             -0.16626853963833324035
18.400000             -0.16754196333168161481
18.405000             -0.16884414204736702958
18.410000             -0.17015197782243984825
18.415000             -0.17147718874270806433
18.420000             -0.17281569314031478002
18.425000             -0.17415967658184261513
18.430000             -0.17550351577327541475
18.435000             -0.17684162536864569959
18.440000             -0.17817015286402038132
18.445000             -0.17948705480543589164
18.450000             -0.18078890004827352644
18.455000             -0.18206669802013314419
18.460000             -0.18332258261432748947
18.465000             -0.18455447776515340741
18.470000             -0.18576958861998651984
18.475000             -0.18694831559098046281
18.480000             -0.18810026794353620905
18.485000             -0.18922443864326621288
18.490000             -0.19031380792079533038
18.495000             -0.19135695517049766678
18.500000             -0.19237869060728057802
18.505000             -0.19335910354642146802
18.510000             -0.19429926400941968656
18.515000             -0.19519683716668004281
18.520000             -0.19605591568661268065
18.525000             -0.19685740333144571834
18.530000             -0.19759933132538884393
18.535000             -0.19827322084805695801
18.540000             -0.19890391406165511268
18.545000             -0.19946747717294360802
18.550000             -0.19996017197772955609
18.555000             -0.20038587444333430532
18.560000             -0.20074153372480316171
18.565000             -0.20102934416212947522
18.570000             -0.20123762712558776466
18.575000             -0.20137577089147445930
18.580000             -0.20144085308371079135
18.585000             -0.20143478957903579452
18.590000             -0.20135804159646780720
18.595000             -0.20121169535868224654
18.600000             -0.20099925784148545138
18.605000             -0.20072048862840130568
18.610000             -0.20037677776514714600
18.615000             -0.19997140255968823275
18.620000             -0.19950575406735421291
18.625000             -0.19898126866916657218
18.630000             -0.19839671693982161016
18.635000             -0.19775384397746667564
18.640000             -0.19705720059365983143
18.645000             -0.19630375266069571838
18.650000             -0.19549724189590031442
18.655000             -0.19463930609634325086
18.660000             -0.19373136454609915513
18.665000             -0.19277709638815287985
18.670000             -0.19178128462205837335
18.675000             -0.19074434865667308503
18.680000             -0.18967498379504710293
18.685000             -0.18856610971013862410
18.690000             -0.18742266894346068518
18.695000             -0.18625077177582258225
18.700000             -0.18505537746721681391
18.705000             -0.18383971583268252092
18.710000             -0.18261093545604772936
18.715000             -0.18136453601165436478
18.720000             -0.18011318956338001618
18.725000             -0.17885893793980472966
18.730000             -0.17759633824749171405
18.735000             -0.17633202508100276340
18.740000             -0.17506577637270734349
18.745000             -0.17380116091775860143
18.750000             -0.17254529597360926396
18.755000             -0.17128671032276118757
18.760000             -0.17004601550190717729
18.765000             -0.16880637023117667228
18.770000             -0.16757442960385302011
18.775000             -0.16635593811947135823
18.780000             -0.16514935572089253779
18.785000             -0.16395796715505103758
18.790000             -0.16278385609097251185
18.795000             -0.16162858074593078328
18.800000             -0.16049670426435547199
18.805000             -0.15939573676744661634
18.810000             -0.15831780284074858933
18.815000             -0.15726146252987008300
18.820000             -0.15623451902020701887
18.825000             -0.15523678855623510020
18.830000             -0.15426907119320520945
18.835000             -0.15334255946085670330
18.840000             -0.15245693100020499267
18.845000             -0.15161479715741138508
18.850000             -0.15081705066213743627
18.855000             -0.15006668753108376446
18.860000             -0.14936909258884586982
18.865000             -0.14872775231021878595
18.870000             -0.14814378708262576634
18.875000             -0.14762296583448306087
18.880000             -0.14715917689439200755
18.885000             -0.14674771407963332903
18.890000             -0.14639159769157528146
18.895000             -0.14611458809889793509
18.900000             -0.14592991507076355506
18.905000             -0.14581345111829011052
18.910000             -0.14576305692635413425
18.915000             -0.14578734795759060172
18.920000             -0.14588325256346421077
18.925000             -0.14605038379368862067
18.930000             -0.14629177169318671736
18.935000             -0.14659082069657930480
18.940000             -0.14695073768815355986
18.945000             -0.14738127452066818179
18.950000             -0.14785956773693362254
18.955000             -0.14840016758418522747
18.960000             -0.14899008151621614959
18.965000             -0.14962520959128039477
18.970000             -0.15031058579730399716
18.975000             -0.15103543458999038607
18.980000             -0.15181889416586127894
18.985000             -0.15264672976577361996
18.990000             -0.15350927235937514292
18.995000             -0.15440573094703116674
19.000000             -0.15533415952392082282
19.005000             -0.15629360376911144437
19.010000             -0.15728683314649324898
19.015000             -0.15831677645109021313
19.020000             -0.15937856017180915269
19.025000             -0.16046337006338662334
19.030000             -0.16158327136725877948
19.035000             -0.16272901339786813302
19.040000             -0.16390209793430715601
19.045000             -0.16510001730004841836
19.050000             -0.16631568079630473789
19.055000             -0.16755032612440967643
19.060000             -0.16880064273455602786
19.065000             -0.17006703126975197815
19.070000             -0.17134515353308782393
19.075000             -0.17263267361912901232
19.080000             -0.17392851176482332365
19.085000             -0.17522589956292636271
19.090000             -0.17652844634377043431
19.095000             -0.17782523775189434945
19.100000             -0.17911827682747527568
19.105000             -0.18040004598904582633
19.110000             -0.18166964514874989201
19.115000             -0.18292567709817261767
19.120000             -0.18416651962081309613
19.125000             -0.18538784966699653478
19.130000             -0.18659209169883098078
19.135000             -0.18776138821961169123
19.140000             -0.18890661515441253826
19.145000             -0.19001391834910549838
19.150000             -0.19108753442134238099
19.155000             -0.19213616515778322857
19.160000             -0.19313652752768928345
19.165000             -0.19408319310717911388
19.170000             -0.19497919486583209503
19.175000             -0.19581805731815629668
19.180000             -0.19661580589767552185
19.185000             -0.19735294524259197613
19.190000             -0.19800795346341770742
19.195000             -0.19860052059322474971
19.200000             -0.19914981704965445397
19.205000             -0.19962038156535424904
19.210000             -0.20003772118284932069
19.215000             -0.20039888477886536045
19.220000             -0.20069561603468544231
19.225000             -0.20093192007937563104
19.230000             -0.20110365549703188015
19.235000             -0.20121395080343781880
19.240000             -0.20126448609392796896
19.245000             -0.20125463651806188570
19.250000             -0.20118469170467931373
19.255000             -0.20105665401909436629
19.260000             -0.20086209080730488274
19.265000             -0.20060152917850018750
19.270000             -0.20027682828751858235
19.275000             -0.19988902857425175363
19.280000             -0.19943742508110801070
19.285000             -0.19892231686099298704
19.290000             -0.19834456579007431198
19.295000             -0.19770590276470692559
19.300000             -0.19701146999235899515
19.305000             -0.19626223034679857182
19.310000             -0.19546450624942698915
19.315000             -0.19462389613242889186
19.320000             -0.19374061798027131243
19.325000             -0.19282180136547827365
19.330000             -0.19188554968655630040
19.335000             -0.19092215193916570182
19.340000             -0.18993612320068697930
19.345000             -0.18892954918164336919
19.350000             -0.18790519384268292158
19.355000             -0.18686419149864486045
19.360000             -0.18580012515457486333
19.365000             -0.18471142754853978052
19.370000             -0.18359800695565195450
19.375000             -0.18247170778964458271
19.380000             -0.18132010284955696333
19.385000             -0.18014691168354071693
19.390000             -0.17895459931092100314
19.395000             -0.17774523013415413630
19.400000             -0.17652302464526239967
19.405000             -0.17529626557833175027
19.410000             -0.17405993500506036775
19.415000             -0.17283088953156094947
19.420000             -0.17160583559210346172
19.425000             -0.17039566610597511875
19.430000             -0.16920777504022885274
19.435000             -0.16804628298600002290
19.440000             -0.16691534246404782227
19.445000             -0.16582376772856893821
19.450000             -0.16477317011500783317
19.455000             -0.16376471312057411245
19.460000             -0.16280448608070580141
19.465000             -0.16189299869477336014
19.470000             -0.16103033782771350446
19.475000             -0.16021602392964387485
19.480000             -0.15944543851692047354
19.485000             -0.15872079797396859702
19.490000             -0.15804215767686718985
19.495000             -0.15740682549800311119
19.500000             -0.15681491341075770585
19.505000             -0.15626493373297853373
19.510000             -0.15575999262893736041
19.515000             -0.15528887320983264519
19.520000             -0.15486686826740261869
19.525000             -0.15449287685082180310
19.530000             -0.15417264671451910707
19.535000             -0.15390071079988795755
19.540000             -0.15368135408432995193
19.545000             -0.15352284434477120323
19.550000             -0.15342941124490247495
19.555000             -0.15340095344709964165
19.560000             -0.15343311739305423580
19.565000             -0.15353317379380368446
19.570000             -0.15369866514679114688
19.575000             -0.15393479112026947631
19.580000             -0.15424039282415155649
19.585000             -0.15460576699261147082
19.590000             -0.15503501388554119522
19.595000             -0.15552286353471728164
19.600000             -0.15607006632884001807
19.605000             -0.15666203336544279323
19.610000             -0.15730408209303697875
19.615000             -0.15798880870202652860
19.620000             -0.15871319341884945753
19.625000             -0.15947306769053948283
19.630000             -0.16026667385428969292
19.635000             -0.16109147953250460561
19.640000             -0.16194510779770115994
19.645000             -0.16282763589645241065
19.650000             -0.16373552595790497044
19.655000             -0.16466948201339931535
19.660000             -0.16563101290051560066
19.665000             -0.16661837709065849267
19.670000             -0.16763165790266551514
19.675000             -0.16867277561460275459
19.680000             -0.16973840773144496796
19.685000             -0.17082850776817762317
19.690000             -0.17194211641257831080
19.695000             -0.17306904396989800099
19.700000             -0.17422369933107006990
19.705000             -0.17538655912831632722
19.710000             -0.17655486781791029927
19.715000             -0.17772302732789874158
19.720000             -0.17888865958969094039
19.725000             -0.18004608210860642559
19.730000             -0.18119136147945211213
19.735000             -0.18231876591960122225
19.740000             -0.18342282414887053910
19.745000             -0.18450047195217630924
19.750000             -0.18554646056576193369
19.755000             -0.18655921505404965410
19.760000             -0.18753916402973183630
19.765000             -0.18848326145636495887
19.770000             -0.18939393174999732961
19.775000             -0.19026530117277540288
19.780000             -0.19108520934041997585
19.785000             -0.19186348063409308651
19.790000             -0.19261628267670768966
19.795000             -0.19333226729801616939
19.800000             -0.19401567594790000704
19.805000             -0.19466352368867967382
19.810000             -0.19527302154333220363
19.815000             -0.19584104319372963587
19.820000             -0.19636685936496303673
19.825000             -0.19684670966928316527
19.830000             -0.19727971901823526668
19.835000             -0.19766585857093968426
19.840000             -0.19799400530896366091
19.845000             -0.19826369581441172230
19.850000             -0.19848143309768181974
19.855000             -0.19864453217542757391
19.860000             -0.19874283254999750015
19.865000             -0.19877782364920465463
19.870000             -0.19874975687166124283
19.875000             -0.19864466806843253388
19.880000             -0.19849894677645421592
19.885000             -0.19829522343212743762
19.890000             -0.19803093855878248220
19.895000             -0.19771533319179551702
19.900000             -0.19734696658878778108
19.905000             -0.19693537079207756868
19.910000             -0.19647512178735179744
19.915000             -0.19595127790950928048
19.920000             -0.19537765121207986696
19.925000             -0.19475358480192650479
19.930000             -0.19409634151628946119
19.935000             -0.19339684173813673218
19.940000             -0.19266440021634090307
19.945000             -0.19188728997556286915
19.950000             -0.19108624832821316519
19.955000             -0.19025758453406899084
19.960000             -0.18939560412600858763
19.965000             -0.18849573227034446821
19.970000             -0.18756177347929858801
19.975000             -0.18659752927475242723
19.980000             -0.18560410246549330360
19.985000             -0.18457733978987564405
19.990000             -0.18352197217399085494
19.995000             -0.18244289946796057866
20.000000             -0.18133899303889847165
20.005000             -0.18021442291373562794
20.010000             -0.17907402659583160354
20.015000             -0.17792547766726779512
20.020000             -0.17677419578328665284
20.025000             -0.17561700226503085265
20.030000             -0.17446462658739989027
20.035000             -0.17332092882271288303
20.040000             -0.17218904819467181766
20.045000             -0.17107453848301074073
20.050000             -0.16998060427433470121
20.055000             -0.16891183066301987403
20.060000             -0.16786897354049043485
20.065000             -0.16685432744956674167
20.070000             -0.16587038701889969539
20.075000             -0.16491701619473483897
20.080000             -0.16399475335643659557
20.085000             -0.16310385936389695805
20.090000             -0.16224475791529630042
20.095000             -0.16141846492428688076
20.100000             -0.16062273682384678453
20.105000             -0.15986620606942925082
20.110000             -0.15914013348761371636
20.115000             -0.15846230235730118796
20.120000             -0.15781757380750771613
20.125000             -0.15721100263316692414
20.130000             -0.15665020135095636400
20.135000             -0.15613699639876033043
20.140000             -0.15566934589837291836
20.145000             -0.15525474300710426223
20.150000             -0.15489329670601117983
20.155000             -0.15458509363441125251
20.160000             -0.15433538452314429779
20.165000             -0.15414333731691198803
20.170000             -0.15401471677723815867
20.175000             -0.15394551099036499209
20.180000             -0.15393168879297794427
20.185000             -0.15397875745498687539
20.190000             -0.15408313763723699430
20.195000             -0.15424108275913811505
20.200000             -0.15445357086053274065
20.205000             -0.15471946773441019873
20.210000             -0.15503550594839066168
20.215000             -0.15539721471018783094
20.220000             -0.15580207620061684026
20.225000             -0.15625099440459419564
20.230000             -0.15673804289709999948
20.235000             -0.15726576719707513474
20.240000             -0.15783015452151219482
20.245000             -0.15843351395348931332
20.250000             -0.15907591338745921683
20.255000             -0.15975980999545147387
20.260000             -0.16048133470342437756
20.265000             -0.16123695500661330837
20.270000             -0.16203186603717073533
20.275000             -0.16285838199829183459
20.280000             -0.16373268270381302614
20.285000             -0.16463712329952265301
20.290000             -0.16556206815293408874
20.295000             -0.16652963035560547356
20.300000             -0.16749996876684042357
20.305000             -0.16849189471757647363
20.310000             -0.16950055036605984893
20.315000             -0.17051664071066022221
20.320000             -0.17153994801928279523
20.325000             -0.17257152215420293317
20.330000             -0.17360842408294466233
20.335000             -0.17464561628896141388
20.340000             -0.17567805870166885995
20.345000             -0.17670499439205530900
20.350000             -0.17772096133253295624
20.355000             -0.17872800466324370583
20.360000             -0.17973406950481315980
20.365000             -0.18071216027801284554
20.370000             -0.18167595180750242823
20.375000             -0.18262390343423873240
20.380000             -0.18355229349932880578
20.385000             -0.18445347255755198401
20.390000             -0.18532883060841900957
20.395000             -0.18618683748771089337
20.400000             -0.18701890812808319442
20.405000             -0.18782784205312985648
20.410000             -0.18860908512143617632
20.415000             -0.18936576697047557971
20.420000             -0.19009322631148709015
20.425000             -0.19078485177752790847
20.430000             -0.19143880246920189081
20.435000             -0.19204981562043393906
20.440000             -0.19261974182302923908
20.445000             -0.19314247382691870913
20.450000             -0.19361247757145064186
20.455000             -0.19403848188782202300
20.460000             -0.19441821479627297009
20.465000             -0.19475192753876474638
20.470000             -0.19502191711829219845
20.475000             -0.19523688332203950613
20.480000             -0.19539952285818060207
20.485000             -0.19552644561910972887
20.490000             -0.19558587241830005521
20.495000             -0.19559142769876769474
20.500000             -0.19555302054627590747
20.505000             -0.19547857155132336571
20.510000             -0.19535506230997864985
20.515000             -0.19518865381962957617
20.520000             -0.19497609488293851654
20.525000             -0.19472359856151744140
20.530000             -0.19443181419008415123
20.535000             -0.19409848633628384862
20.540000             -0.19372546104712826120
20.545000             -0.19330399760046018676
20.550000             -0.19284502436863756869
20.555000             -0.19233614914281640940
20.560000             -0.19178699773043622612
20.565000             -0.19119915619250726913
20.570000             -0.19056896076432067177
20.575000             -0.18989134913933522486
20.580000             -0.18916828713051830890
20.585000             -0.18840337290012240667
20.590000             -0.18760275141050797298
20.595000             -0.18677190075017596760
20.600000             -0.18591353741529439980
20.605000             -0.18503279484047124859
20.610000             -0.18412604203857721452
20.615000             -0.18320299964535541326
20.620000             -0.18227063370005150422
20.625000             -0.18132640956015133593
20.630000             -0.18038939701149900308
20.635000             -0.17945201236250546417
20.640000             -0.17852917558131375930
20.645000             -0.17759944868031937726
20.650000             -0.17667271365854000931
20.655000             -0.17575955419044134165
20.660000             -0.17485552206702373312
20.665000             -0.17395546147648624502
20.670000             -0.17306000619050246336
20.675000             -0.17216860175682180412
20.680000             -0.17128056423114029760
20.685000             -0.17039621881316757701
20.690000             -0.16951615509178161179
20.695000             -0.16863832995672906057
20.700000             -0.16776617542426597307
20.705000             -0.16690544955047140196
20.710000             -0.16605250271508673054
20.715000             -0.16521968073258971876
20.720000             -0.16440866350830909970
20.725000             -0.16362876395035122479
20.730000             -0.16288063661604676446
20.735000             -0.16217269742908557717
20.740000             -0.16150358005663933980
20.745000             -0.16088362531506344988
20.750000             -0.16031352765376649661
20.755000             -0.15979639953789248619
20.760000             -0.15932862011814274972
20.765000             -0.15891443091791929154
20.770000             -0.15855242852990850122
20.775000             -0.15823895839668844499
20.780000             -0.15797297870294985112
20.785000             -0.15774382608205061995
20.790000             -0.15754793518755072501
20.795000             -0.15739115772490117062
20.800000             -0.15727446779253767550
20.805000             -0.15719270913179150817
20.810000             -0.15714932685607360674
20.815000             -0.15713746639407874528
20.820000             -0.15716312054360093153
20.825000             -0.15722631843563050769
20.830000             -0.15732960795526457209
20.835000             -0.15747478234928263818
20.840000             -0.15766345178334267851
20.845000             -0.15789834124323806619
20.850000             -0.15818118587556764809
20.855000             -0.15851286778138987121
20.860000             -0.15889630573397475755
20.865000             -0.15933394706260056717
20.870000             -0.15981974978214674721
20.875000             -0.16036019385616578914
20.880000             -0.16094618968923971036
20.885000             -0.16157354184596106617
20.890000             -0.16223529782729478876
20.895000             -0.16290783783789444805
20.900000             -0.16361161279360406096
20.905000             -0.16434537261738574321
20.910000             -0.16509651111813811175
20.915000             -0.16585512420781178822
20.920000             -0.16662487570040476759
20.925000             -0.16739699868694465912
20.930000             -0.16818233019682665708
20.935000             -0.16897875968697509408
20.940000             -0.16978226934538159787
20.945000             -0.17059458247545364329
20.950000             -0.17141510913630858548
20.955000             -0.17224323495957952201
20.960000             -0.17308329984791159806
20.965000             -0.17393044023715506508
20.970000             -0.17478293145694154265
20.975000             -0.17563215898921680225
20.980000             -0.17648271759753972332
20.985000             -0.17732318779763997507
20.990000             -0.17815240132121665240
20.995000             -0.17899380111538332194
21.000000             -0.17983646992073196169
21.005000             -0.18067195110247674661
21.010000             -0.18149224878161626662
21.015000             -0.18229672437590491163
21.020000             -0.18308054331750253652
21.025000             -0.18384041258011479814
21.030000             -0.18457567925955933874
21.035000             -0.18527951123147512469
21.040000             -0.18594270125277159722
21.045000             -0.18657034730604266093
21.050000             -0.18715703621763762898
21.055000             -0.18770112331138824602
21.060000             -0.18820234748404618408
21.065000             -0.18865622694720041164
21.070000             -0.18906922232157064023
21.075000             -0.18944134462193687463
21.080000             -0.18977355592374720028
21.085000             -0.19007004058630355692
21.090000             -0.19033552407507406401
21.095000             -0.19057438574105889373
21.100000             -0.19078482614429637110
21.105000             -0.19096788447440801728
21.110000             -0.19112650978846248973
21.115000             -0.19126203026192231671
21.120000             -0.19137078011191713256
21.125000             -0.19145361562299509361
21.130000             -0.19150482128312704133
21.135000             -0.19152800403040701194
21.140000             -0.19151235042794523267
21.145000             -0.19145396009282933392
21.150000             -0.19135408259514785634
21.155000             -0.19120987684909426796
21.160000             -0.19101960384498484213
21.165000             -0.19078184710848702932
21.170000             -0.19049495673227104242
21.175000             -0.19016129749528656867
21.180000             -0.18978234647712999283
21.185000             -0.18936084059819055514
21.190000             -0.18889983781389566020
21.195000             -0.18840049863619001691
21.200000             -0.18786980222260396545
21.205000             -0.18731195320704427387
21.210000             -0.18673319650119690749
21.215000             -0.18613248756558947727
21.220000             -0.18551704712116734441
21.225000             -0.18489282912155985406
21.230000             -0.18425908476056526708
21.235000             -0.18361867952301277884
21.240000             -0.18297041113685125202
21.245000             -0.18232052984139188179
21.250000             -0.18164949721870374266
21.255000             -0.18096529456081722476
21.260000             -0.18026141817482316254
21.265000             -0.17954584700754946947
21.270000             -0.17881841324599093146
21.275000             -0.17807623843302361477
21.280000             -0.17732026073114556808
21.285000             -0.17654207647638447964
21.290000             -0.17574556081854930678
21.295000             -0.17494921289226297856
21.300000             -0.17414921415533679561
21.305000             -0.17334743343206654442
21.310000             -0.17254858830758584842
21.315000             -0.17175509501544103386
21.320000             -0.17097008180128994703
21.325000             -0.17019891389478070121
21.330000             -0.16944599341553559513
21.335000             -0.16871526430775801719
21.340000             -0.16800951880298276020
21.345000             -0.16733139198997082353
21.350000             -0.16667992191531055823
21.355000             -0.16604750179949148703
21.360000             -0.16546015039333766827
21.365000             -0.16489875626364414174
21.370000             -0.16436834448044232437
21.375000             -0.16386799218347516960
21.380000             -0.16339809770055940819
21.385000             -0.16295725944744418601
21.390000             -0.16254658548182157607
21.395000             -0.16216223187488684743
21.400000             -0.16180513930964138258
21.405000             -0.16147491351653642244
21.410000             -0.16117185771153377805
21.415000             -0.16090102294540220562
21.420000             -0.16066536495876343471
21.425000             -0.16046049052692218373
21.430000             -0.16029496715364716097
21.435000             -0.16015930535784983491
21.440000             -0.16005537142656717231
21.445000             -0.15998520115191672275
21.450000             -0.15995871248830248468
21.455000             -0.15997393729504688631
21.460000             -0.16003240603064494696
21.465000             -0.16014227877266923317
21.470000             -0.16029262195989105177
21.475000             -0.16049579469517691321
21.480000             -0.16074115152538301365
21.485000             -0.16103292149594705673
21.490000             -0.16136824502451890817
21.495000             -0.16174356766677930319
21.500000             -0.16215705528138546487
21.505000             -0.16260448176899888750
21.510000             -0.16307929527186540430
21.515000             -0.16358250288612982692
21.520000             -0.16410419228162248517
21.525000             -0.16464628480292267665
21.530000             -0.16520473150320233446
21.535000             -0.16577808898921519987
21.540000             -0.16636555671055139327
21.545000             -0.16696405421979765293
21.550000             -0.16757421771395236698
21.555000             -0.16820021717714819798
21.560000             -0.16883628913527573556
21.565000             -0.16948520059603583432
21.570000             -0.17014747840145835744
21.575000             -0.17082107498095716602
21.580000             -0.17150514761177423906
21.585000             -0.17220633705041091255
21.590000             -0.17292088679165440457
21.595000             -0.17364337365791993051
21.600000             -0.17438006625375354619
21.605000             -0.17512736950311030837
21.610000             -0.17588146357643286155
21.615000             -0.17663860146438914445
21.620000             -0.17739394432527783030
21.625000             -0.17814561103197792957
21.630000             -0.17888875021768255169
21.635000             -0.17961965840048851883
21.640000             -0.18033713655941557841
21.645000             -0.18102646806610434016
21.650000             -0.18169126412496991452
21.655000             -0.18233856023587630135
21.660000             -0.18295674775128040190
21.665000             -0.18354722433749257049
21.670000             -0.18410309809382655044
21.675000             -0.18463122983084950812
21.680000             -0.18512634334320518525
21.685000             -0.18560049932259614636
21.690000             -0.18604701665221790030
21.695000             -0.18647495181789341956
21.700000             -0.18688690138714497690
21.705000             -0.18729209646200453698
21.710000             -0.18768670600566755846
21.715000             -0.18804105936885912032
21.720000             -0.18836089788932827704
21.725000             -0.18865996375603236168
21.730000             -0.18893300235794663333
21.735000             -0.18917826415756952563
21.740000             -0.18939294580697924042
21.745000             -0.18957435408077943917
21.750000             -0.18971755811204074615
21.755000             -0.18982203156162105739
21.760000             -0.18988770894503068098
21.765000             -0.18991290224595283598
21.770000             -0.18989631996391717617
21.775000             -0.18983725474595861127
21.780000             -0.18973226957843850049
21.785000             -0.18958662819205338024
21.790000             -0.18939714304629107211
21.795000             -0.18916809568652301343
21.800000             -0.18890048660747019160
21.805000             -0.18859201840806510964
21.810000             -0.18825551266154530450
21.815000             -0.18789233926642134875
21.820000             -0.18748920741584124139
21.825000             -0.18707513497918742962
21.830000             -0.18664036342194917362
21.835000             -0.18618730159806168301
21.840000             -0.18571536552571887846
21.845000             -0.18523583440067922790
21.850000             -0.18473696544014056586
21.855000             -0.18422374464695526197
21.860000             -0.18369489233262475958
21.865000             -0.18314688872141174358
21.870000             -0.18257963422870163162
21.875000             -0.18199076443119766022
21.880000             -0.18137792503128277732
21.885000             -0.18075338768156110070
21.890000             -0.18011166686099300271
21.895000             -0.17945129922426650282
21.900000             -0.17877469964215580989
21.905000             -0.17808122680095711532
21.910000             -0.17737822012991363851
21.915000             -0.17666810078803563133
21.920000             -0.17595240068378886766
21.925000             -0.17523024620279598063
21.930000             -0.17451022756874054465
21.935000             -0.17379207654308720388
21.940000             -0.17308119095733839887
21.945000             -0.17238893621934148204
21.950000             -0.17171426528521596677
21.955000             -0.17105523325355567743
21.960000             -0.17042058631367926202
21.965000             -0.16981010316545841476
21.970000             -0.16922556730527121838
21.975000             -0.16866366713272223921
21.980000             -0.16812805799306035359
21.985000             -0.16761903561550894892
21.990000             -0.16713158984299505971
21.995000             -0.16665805169413902553
22.000000             -0.16621358014783113588
22.005000             -0.16579135824017982026
22.010000             -0.16538526716096080271
22.015000             -0.16499822883764278525
22.020000             -0.16462569753641548287
22.025000             -0.16427425131331191421
22.030000             -0.16394159023223628391
22.035000             -0.16363024576126300458
22.040000             -0.16333690588421528878
22.045000             -0.16307742917604828303
22.050000             -0.16284763930149126487
22.055000             -0.16265071332201636034
22.060000             -0.16249275793366818599
22.065000             -0.16237538753943220327
22.070000             -0.16230048983729880585
22.075000             -0.16227119989737928685
22.080000             -0.16228792470459871278
22.085000             -0.16235107360011566402
22.090000             -0.16245945416034551778
22.095000             -0.16261165264433427580
22.100000             -0.16280263324339916409
22.105000             -0.16302725329979464441
22.110000             -0.16328108060065948948
22.115000             -0.16356650451628060305
22.120000             -0.16387858316473538633
22.125000             -0.16421444135378138185
22.130000             -0.16456552001414592734
22.135000             -0.16493252232892949283
22.140000             -0.16531146240326702324
22.145000             -0.16570018024994795369
22.150000             -0.16609867609379458386
22.155000             -0.16651109716261081051
22.160000             -0.16693830977215937117
22.165000             -0.16738126922472995606
22.170000             -0.16784258090759840432
22.175000             -0.16832471911501462047
22.180000             -0.16883204840596013896
22.185000             -0.16936542075837604515
22.190000             -0.16993024468996503762
22.195000             -0.17052513804030461353
22.200000             -0.17114856650932946946
22.205000             -0.17179430477064697169
22.210000             -0.17246026167655495454
22.215000             -0.17314297802005854110
22.220000             -0.17383268432915838231
22.225000             -0.17453467018106275099
22.230000             -0.17523173644318182363
22.235000             -0.17592615198547123523
22.240000             -0.17660635543996305863
22.245000             -0.17727873404316560335
22.250000             -0.17790816913298546087
22.255000             -0.17853585109836375699
22.260000             -0.17915717721009111196
22.265000             -0.17975474601645666239
22.270000             -0.18034618763012294496
22.275000             -0.18091253218151973070
22.280000             -0.18146540589155538137
22.285000             -0.18200646719269295004
22.290000             -0.18252715514462125590
22.295000             -0.18302055475725628741
22.300000             -0.18349813330938474776
22.305000             -0.18396710491930354237
22.310000             -0.18441992824940073303
22.315000             -0.18486547939417721786
22.320000             -0.18529431759583048223
22.325000             -0.18570611467742359491
22.330000             -0.18609658334165868343
22.335000             -0.18647186911692492650
22.340000             -0.18681907512428611029
22.345000             -0.18714548776598238788
22.350000             -0.18744218622012598363
22.355000             -0.18770531592787692565
22.360000             -0.18792762646487604083
22.365000             -0.18811172340253234925
22.370000             -0.18824916714387543437
22.375000             -0.18834458382120847220
22.380000             -0.18839558811976594987
22.385000             -0.18840656519901105570
22.390000             -0.18838296350574759708
22.395000             -0.18831770611685361150
22.400000             -0.18821503598052119477
22.405000             -0.18807823584385138793
22.410000             -0.18791108634311143311
22.415000             -0.18771710260877391696
22.420000             -0.18749815916918205483
22.425000             -0.18726002829103777225
22.430000             -0.18700402163129703492
22.435000             -0.18673133166221103640
22.440000             -0.18644731726907198821
22.445000             -0.18614170596521875667
22.450000             -0.18583085298123980245
22.455000             -0.18550612112487430139
22.460000             -0.18515602265785111036
22.465000             -0.18478256753688809821
22.470000             -0.18437965522600580082
22.475000             -0.18395666712725222691
22.480000             -0.18350970634008895166
22.485000             -0.18303777324211090161
22.490000             -0.18253931598353986820
22.495000             -0.18201624375071176476
22.500000             -0.18147005818113848274
22.505000             -0.18090608608102781707
22.510000             -0.18032663750332109109
22.515000             -0.17973373594199146264
22.520000             -0.17913060818948703390
22.525000             -0.17851992706105043740
22.530000             -0.17790663836943354514
22.535000             -0.17729363775517734125
22.540000             -0.17668589696021760882
22.545000             -0.17607911934549561050
22.550000             -0.17547728364752770980
22.555000             -0.17488474894723909925
22.560000             -0.17429981753416276535
22.565000             -0.17373173737316333076
22.570000             -0.17317126006376978853
22.575000             -0.17261668893905368627
22.580000             -0.17206950478839877494
22.585000             -0.17153019262192473193
22.590000             -0.17100064163166531217
22.595000             -0.17047763508811777933
22.600000             -0.16996365229689455734
22.605000             -0.16945916152816972722
22.610000             -0.16896387698637227448
22.615000             -0.16848266017282015339
22.620000             -0.16801389932617150080
22.625000             -0.16755976544827799746
22.630000             -0.16712423018482114312
22.635000             -0.16670975504791218924
22.640000             -0.16631855832080916224
22.645000             -0.16595435963069785079
22.650000             -0.16561865255527533081
22.655000             -0.16531279880562874118
22.660000             -0.16504155171265166846
22.665000             -0.16480306910554878841
22.670000             -0.16460152433061564503
22.675000             -0.16443063755075212895
22.680000             -0.16429586698553758084
22.685000             -0.16419532195083635928
22.690000             -0.16411152682721236173
22.695000             -0.16406163974977189257
22.700000             -0.16402961081366940199
22.705000             -0.16402213732365347743
22.710000             -0.16404278442190500797
22.715000             -0.16408990438936338352
22.720000             -0.16415809226905925255
22.725000             -0.16424764203239625160
22.730000             -0.16435871657332914997
22.735000             -0.16449024343719634289
22.740000             -0.16464369125781860848
22.745000             -0.16481993789875548639
22.750000             -0.16501838698661405735
22.755000             -0.16523943914632410745
22.760000             -0.16548653247737690752
22.765000             -0.16575913854799045888
22.770000             -0.16605723446291528744
22.775000             -0.16637574663680199105
22.780000             -0.16671796068065836138
22.785000             -0.16709126244158734043
22.790000             -0.16749019797696559908
22.795000             -0.16790853292765525739
22.800000             -0.16835530554930477898
22.805000             -0.16882210516725598692
22.810000             -0.16931018743631739976
22.815000             -0.16981526529235915768
22.820000             -0.17033696747035292907
22.825000             -0.17087196555154196553
22.830000             -0.17141325417139899323
22.835000             -0.17195802768515514036
22.840000             -0.17250939054119976412
22.845000             -0.17305982654599350035
22.850000             -0.17361471832396599413
22.855000             -0.17416896749069635253
22.860000             -0.17472333914744689332
22.865000             -0.17527257367761595042
22.870000             -0.17581224372590104066
22.875000             -0.17634416812200265356
22.880000             -0.17687294178857546068
22.885000             -0.17740083014632757052
22.890000             -0.17792507274087115965
22.895000             -0.17844253555933806132
22.900000             -0.17895573883262139159
22.905000             -0.17946108642131822219
22.910000             -0.17995908469311414080
22.915000             -0.18045065753379377349
22.920000             -0.18094061828307367312
22.925000             -0.18142205883768747210
22.930000             -0.18188409205321018347
22.935000             -0.18233126956134340646
22.940000             -0.18276151406333895899
22.945000             -0.18317026862802912590
22.950000             -0.18355735700541511712
22.955000             -0.18391395818190262035
22.960000             -0.18424300829790871137
22.965000             -0.18454568284360828301
22.970000             -0.18482381944016992859
22.975000             -0.18507267691065179549
22.980000             -0.18529200810966189872
22.985000             -0.18548241214992755577
22.990000             -0.18564221579333428647
22.995000             -0.18577302977887541480
23.000000             -0.18587291001211439512
23.005000             -0.18594539179958463615
23.010000             -0.18599193862581195336
23.015000             -0.18601559833912864605
23.020000             -0.18601914678950823290
23.025000             -0.18599979913670924847
23.030000             -0.18595438130537114696
23.035000             -0.18588718467036444149
23.040000             -0.18579299334265059196
23.045000             -0.18567835653777961524
23.050000             -0.18553574040527662237
23.055000             -0.18537147351664709505
23.060000             -0.18517170625135903617
23.065000             -0.18494497586266317457
23.070000             -0.18469679884629855438
23.075000             -0.18442700221886368372
23.080000             -0.18412891545953044559
23.085000             -0.18380653467982990823
23.090000             -0.18346096152876631424
23.095000             -0.18309335698852358121
23.100000             -0.18270392368430662944
23.105000             -0.18229604054940676261
23.110000             -0.18187448374962675302
23.115000             -0.18144127185388800316
23.120000             -0.18099534543096998385
23.125000             -0.18054075333570229756
23.130000             -0.18007785918436799988
23.135000             -0.17960704120114431848
23.140000             -0.17912863060353997890
23.145000             -0.17864427325873707963
23.150000             -0.17815476342192718140
23.155000             -0.17766116815895022230
23.160000             -0.17716416538148874182
23.165000             -0.17666017466104208533
23.170000             -0.17617248840045793279
23.175000             -0.17568542419798552356
23.180000             -0.17519929651021182160
23.185000             -0.17471567710059221490
23.190000             -0.17424115307795889906
23.195000             -0.17376655626480402850
23.200000             -0.17329796722530926845
23.205000             -0.17282790252456139979
23.210000             -0.17236541517859130246
23.215000             -0.17191300858931363171
23.220000             -0.17147142264886408580
23.225000             -0.17104159138545507735
23.230000             -0.17062216772896193762
23.235000             -0.17021092279571772843
23.240000             -0.16981341977099245755
23.245000             -0.16942795121925360857
23.250000             -0.16905635507425362252
23.255000             -0.16870192526124572208
23.260000             -0.16835989456886124582
23.265000             -0.16803834301055792233
23.270000             -0.16773727744749730717
23.275000             -0.16745923531690659614
23.280000             -0.16720700279653077924
23.285000             -0.16697598328710289151
23.290000             -0.16676389493906693118
23.295000             -0.16657630191942182640
23.300000             -0.16642325188938125735
23.305000             -0.16629222247475558549
23.310000             -0.16618082865129454873
23.315000             -0.16609328288607683177
23.320000             -0.16602754047315684827
23.325000             -0.16598541454180279486
23.330000             -0.16596697152417017040
23.335000             -0.16597824524925328116
23.340000             -0.16601466760118663291
23.345000             -0.16607111984974759489
23.350000             -0.16615115028652568951
23.355000             -0.16625490543532367438
23.360000             -0.16638035758617539250
23.365000             -0.16653066630422461158
23.370000             -0.16670624102241071718
23.375000             -0.16690133485776956213
23.380000             -0.16712649755626513004
23.385000             -0.16737133271999551920
23.390000             -0.16764577272868477764
23.395000             -0.16795393693499754972
23.400000             -0.16828131027246079343
23.405000             -0.16861993948584894087
23.410000             -0.16896855797687490575
23.415000             -0.16932992774704297423
23.420000             -0.16970722540013100099
23.425000             -0.17009762670572278753
23.430000             -0.17049998833445853541
23.435000             -0.17091341611546576051
23.440000             -0.17133725858224149730
23.445000             -0.17177094089636313345
23.450000             -0.17221137239968081767
23.455000             -0.17265981072536881746
23.460000             -0.17311679938512522514
23.465000             -0.17358605676035165910
23.470000             -0.17406332637583932232
23.475000             -0.17454173317176907565
23.480000             -0.17501592984544181442
23.485000             -0.17549026805889947345
23.490000             -0.17595874360032368044
23.495000             -0.17642529910198920251
23.500000             -0.17688603324366958258
23.505000             -0.17734588730937342338
23.510000             -0.17780493220122220444
23.515000             -0.17825957921516641380
23.520000             -0.17870487558723432975
23.525000             -0.17914782099993681319
23.530000             -0.17958874058380702721
23.535000             -0.18002053239570628418
23.540000             -0.18043117012180243108
23.545000             -0.18082760887948945427
23.550000             -0.18120623223573134597
23.555000             -0.18156656888651659387
23.560000             -0.18190664197465314378
23.565000             -0.18222472769120848235
23.570000             -0.18252010275708779874
23.575000             -0.18279832461093484253
23.580000             -0.18305774354934570280
23.585000             -0.18329882389244392393
23.590000             -0.18352565398224129911
23.595000             -0.18373136044570176351
23.600000             -0.18392445558589942678
23.605000             -0.18409419515956168545
23.610000             -0.18424473913381253509
23.615000             -0.18437711384882263244
23.620000             -0.18449106536234946563
23.625000             -0.18458374523939349854
23.630000             -0.18465285038833118003
23.635000             -0.18469382876057291454
23.640000             -0.18470713837899252474
23.645000             -0.18468693607911207399
23.650000             -0.18463699470389896562
23.655000             -0.18456369548462600583
23.660000             -0.18445779786850929893
23.665000             -0.18432977350336879341
23.670000             -0.18417676437931215783
23.675000             -0.18400286724730138821
23.680000             -0.18381221018817400781
23.685000             -0.18359947534751769327
23.690000             -0.18336924648149549588
23.695000             -0.18311527908103719664
23.700000             -0.18286216966598831113
23.705000             -0.18259302083472536693
23.710000             -0.18230782509859960738
23.715000             -0.18201110431395423062
23.720000             -0.18170416405239805946
23.725000             -0.18138598792377583213
23.730000             -0.18105692258710914810
23.735000             -0.18071683105635080735
23.740000             -0.18037033999761228897
23.745000             -0.18001210990257715538
23.750000             -0.17964386623705463908
23.755000             -0.17926494131980408309
23.760000             -0.17887687627850315519
23.765000             -0.17847537411311628630
23.770000             -0.17806874645915257704
23.775000             -0.17765203692846495698
23.780000             -0.17722541165807215169
23.785000             -0.17679145070044072208
23.790000             -0.17635160454273693387
23.795000             -0.17591127890973792813
23.800000             -0.17546917360126854102
23.805000             -0.17503080150344871302
23.810000             -0.17459647688196425208
23.815000             -0.17416847605098612073
23.820000             -0.17374884740235377323
23.825000             -0.17333759897711242814
23.830000             -0.17293634370007687773
23.835000             -0.17254422849409289942
23.840000             -0.17216339775089897768
23.845000             -0.17179368851635865023
23.850000             -0.17143628724174278521
23.855000             -0.17108880937171389025
23.860000             -0.17075175935720121601
23.865000             -0.17042305413359035149
23.870000             -0.17011275791635249721
23.875000             -0.16980695395265826830
23.880000             -0.16951380554951447910
23.885000             -0.16923428564355041948
23.890000             -0.16896188606199097348
23.895000             -0.16869898992911175339
23.900000             -0.16845689815059705641
23.905000             -0.16822920031065552449
23.910000             -0.16801849447451169817
23.915000             -0.16782804478476046062
23.920000             -0.16765445124491648587
23.925000             -0.16749769110717771525
23.930000             -0.16737072070580374938
23.935000             -0.16727054305785626909
23.940000             -0.16719360850491490900
23.945000             -0.16714379815570490351
23.950000             -0.16712209656678914116
23.955000             -0.16712543966961024289
23.960000             -0.16715408912076576420
23.965000             -0.16721152926992152721
23.970000             -0.16729493407275292105
23.975000             -0.16739736345062480871
23.980000             -0.16752197106945593275
23.985000             -0.16766119608737214963
23.990000             -0.16782428201167309822
23.995000             -0.16800713828653593418
24.000000             -0.16821015898820756984
24.005000             -0.16842320645302327753
24.010000             -0.16864846613531350727
24.015000             -0.16888354387830761816
24.020000             -0.16912991664053275698
24.025000             -0.16938967837606666578
24.030000             -0.16966405619585525621
24.035000             -0.16994980657828548387
24.040000             -0.17024996729009284069
24.045000             -0.17056918915892888000
24.050000             -0.17089953838904822780
24.055000             -0.17124626192770323052
24.060000             -0.17160442517378143856
24.065000             -0.17197625713441022643
24.070000             -0.17236519716453937989
24.075000             -0.17276875811486172574
24.080000             -0.17318544082423928399
24.085000             -0.17361273719381054015
24.090000             -0.17404805664785338859
24.095000             -0.17449038681449197119
24.100000             -0.17493548238712194887
24.105000             -0.17537943621012572204
24.110000             -0.17581913811090177369
24.115000             -0.17625086263116723773
24.120000             -0.17667535163006189980
24.125000             -0.17709140985862478757
24.130000             -0.17749765711171766602
24.135000             -0.17789295537435712014
24.140000             -0.17827209539613389500
24.145000             -0.17863989063542443092
24.150000             -0.17899629090332869197
24.155000             -0.17934480778497163822
24.160000             -0.17968270384604501100
24.165000             -0.18000924795350492502
24.170000             -0.18032657714466973631
24.175000             -0.18063579142541236200
24.180000             -0.18093597260069316235
24.185000             -0.18122952033350914203
24.190000             -0.18150598998012743013
24.195000             -0.18177971058774178292
24.200000             -0.18204480562105776476
24.205000             -0.18229829672528299889
24.210000             -0.18254112042805892280
24.215000             -0.18277036317153722011
24.220000             -0.18298302914236286298
24.225000             -0.18317750555889503183
24.230000             -0.18335014512915265295
24.235000             -0.18350277261837930065
24.240000             -0.18362889694295114751
24.245000             -0.18372757638570255678
24.250000             -0.18380357117975429371
24.255000             -0.18385285914202817437
24.260000             -0.18386904554901020714
24.265000             -0.18385589356358014723
24.270000             -0.18382321016495783983
24.275000             -0.18376189781114810051
24.280000             -0.18367494224664218661
24.285000             -0.18356022242165440095
24.290000             -0.18343425775098673447
24.295000             -0.18329235931663781511
24.300000             -0.18313717043518784600
24.305000             -0.18297094269866712168
24.310000             -0.18279530685820852276
24.315000             -0.18261079714247893668
24.320000             -0.18241765167645515588
24.325000             -0.18221497290535859648
24.330000             -0.18200132919117839592
24.335000             -0.18177605643343425212
24.340000             -0.18153680766466823160
24.345000             -0.18128805553133359174
24.350000             -0.18102820870016747556
24.355000             -0.18075018385127084031
24.360000             -0.18045415999339356472
24.365000             -0.18013876338182538417
24.370000             -0.17980308957918744728
24.375000             -0.17944852643010530957
24.380000             -0.17907697088515944772
24.385000             -0.17869008459734839200
24.390000             -0.17828898147970356769
24.395000             -0.17788139429222801779
24.400000             -0.17746961076651737721
24.405000             -0.17705996499209522566
24.410000             -0.17664704972899028523
24.415000             -0.17624454695946256688
24.420000             -0.17585389398319975496
24.425000             -0.17547484687169123685
24.430000             -0.17511120589289286276
24.435000             -0.17475090005968307860
24.440000             -0.17441319230494223280
24.445000             -0.17408703755665855262
24.450000             -0.17376972708682825175
24.455000             -0.17347159968869402258
24.460000             -0.17315824796620779558
24.465000             -0.17284795191086971267
24.470000             -0.17253558442606908852
24.475000             -0.17222061039877212263
24.480000             -0.17190376601959320157
24.485000             -0.17158111491048666508
24.490000             -0.17125558651100286633
24.495000             -0.17093021185464793432
24.500000             -0.17059477028762115580
24.505000             -0.17027117663452806529
24.510000             -0.16995489557061604913
24.515000             -0.16964853430468826434
24.520000             -0.16937232025891457710
24.525000             -0.16909369282593159078
24.530000             -0.16884414247306445134
24.535000             -0.16862096985357316603
24.540000             -0.16842865362541081797
24.545000             -0.16825883486241882681
24.550000             -0.16811671461648924897
24.555000             -0.16800532650823618575
24.560000             -0.16792076728811605735
24.565000             -0.16786396074750345453
24.570000             -0.16783301246132287243
24.575000             -0.16782095250336134806
24.580000             -0.16782749138148614354
24.585000             -0.16785025438013814747
24.590000             -0.16788789247484064981
24.595000             -0.16793499144664708611
24.600000             -0.16799035863405484270
24.605000             -0.16805331016999972005
24.610000             -0.16812316764495069399
24.615000             -0.16819969714856378151
24.620000             -0.16828498913305431350
24.625000             -0.16838251713200710902
24.630000             -0.16849587400935839288
24.635000             -0.16862395065015811646
24.640000             -0.16877139169869337376
24.645000             -0.16893859352209011915
24.650000             -0.16913277287322256437
24.655000             -0.16935268737057093680
24.660000             -0.16960610131983847038
24.665000             -0.16986222691647404059
24.670000             -0.17016561492826362545
24.675000             -0.17049208584306452252
24.680000             -0.17083999868422516943
24.685000             -0.17121197756871386897
24.690000             -0.17159137507285629476
24.695000             -0.17198058641321256612
24.700000             -0.17237816771836586560
24.705000             -0.17277109657544562071
24.710000             -0.17315411988111398256
24.715000             -0.17353649560295711374
24.720000             -0.17391145518296646788
24.725000             -0.17428049485223598425
24.730000             -0.17464415333029040256
24.735000             -0.17500832576083835690
24.740000             -0.17535966608193734317
24.745000             -0.17570398985158725003
24.750000             -0.17604836726698247507
24.755000             -0.17638458812825819066
24.760000             -0.17672241908794775189
24.765000             -0.17706257182289128482
24.770000             -0.17740710757969155309
24.775000             -0.17775489075177500209
24.780000             -0.17811156552998400060
24.785000             -0.17848174385172257961
24.790000             -0.17885192911729022591
24.795000             -0.17922997711877830529
24.800000             -0.17960736401115931504
24.805000             -0.17997934591278616501
24.810000             -0.18033823049548172723
24.815000             -0.18068073669990608598
24.820000             -0.18100519196965622615
24.825000             -0.18130872342924020391
24.830000             -0.18158642748992520621
24.835000             -0.18183568119994344969
24.840000             -0.18205483610694866980
24.845000             -0.18224765981991708497
24.850000             -0.18241027955398850247
24.855000             -0.18254137466878056495
24.860000             -0.18264648629145802117
24.865000             -0.18273315561320283007
24.870000             -0.18280769188182982576
24.875000             -0.18286500456844201334
24.880000             -0.18291122443512264351
24.885000             -0.18294372271267361763
24.890000             -0.18296901233781623364
24.895000             -0.18299559862946560007
24.900000             -0.18301520633368079105
24.905000             -0.18303191833105592057
24.910000             -0.18304966850778175980
24.915000             -0.18305248386235556390
24.920000             -0.18304813478488365930
24.925000             -0.18303216796677965195
24.930000             -0.18299807597716216678
24.935000             -0.18294353210639996421
24.940000             -0.18286606954204992492
24.945000             -0.18276275679443554356
24.950000             -0.18263060448087661825
24.955000             -0.18246684109946523233
24.960000             -0.18227170368932671396
24.965000             -0.18203769936849137356
24.970000             -0.18177460475959672515
24.975000             -0.18148650674672056615
24.980000             -0.18118221180704977002
24.985000             -0.18086121840990812548
24.990000             -0.18053362580540452398
