# time u2_x
0.005000              0.00000000000000000000
0.010000              0.00000060514872897100
0.015000              0.00000166496130275484
0.020000              0.00000317862399601971
0.025000              0.00000515178066554675
0.030000              0.00000759315075524762
0.035000              0.00001050821574104680
0.040000              0.00001390358789606944
0.045000              0.00001778295764677902
0.050000              0.00002214196007298203
0.055000              0.00002697185231400357
0.060000              0.00003225578761980307
0.065000              0.00003797003647426189
0.070000              0.00004409006273745630
0.075000              0.00005058636726298428
0.080000              0.00005743116174411354
0.085000              0.00006459497587857433
0.090000              0.00007204472001336476
0.095000              0.00007974532431877494
0.100000              0.00008766252022049034
0.105000              0.00009576238101522070
0.110000              0.00010401732431072891
0.115000              0.00011239784821193836
0.120000              0.00012088179067644284
0.125000              0.00012944778786768839
0.130000              0.00013807006198122510
0.135000              0.00014672561294887769
0.140000              0.00015537614469287431
0.145000              0.00016398291641929070
0.150000              0.00017248657312629690
0.155000              0.00018082726704665077
0.160000              0.00018896880689424724
0.165000              0.00019687864389366183
0.170000              0.00020453857975889138
0.175000              0.00021193224027874635
0.180000              0.00021905927898472786
0.185000              0.00022592592478505076
0.190000              0.00023253968122064080
0.195000              0.00023890915158006964
0.200000              0.00024501045678375003
0.205000              0.00025081822644584058
0.210000              0.00025629240067213770
0.215000              0.00026139319485186783
0.220000              0.00026603005755402936
0.225000              0.00027009695205105767
0.230000              0.00027346533109865151
0.235000              0.00027600021162548757
0.240000              0.00027754137307657752
0.245000              0.00027792600250088937
0.250000              0.00027705532231167768
0.255000              0.00027485096641128312
0.260000              0.00027139452738932595
0.265000              0.00026681413421871463
0.270000              0.00026118752702128449
0.275000              0.00025458549411113991
0.280000              0.00024698570786460040
0.285000              0.00023834316803120317
0.290000              0.00022864413305804349
0.295000              0.00021787776181137153
0.300000              0.00020609981967446885
0.305000              0.00019338513166036205
0.310000              0.00017981931161805605
0.315000              0.00016549030765911310
0.320000              0.00015043032030685535
0.325000              0.00013465664281625582
0.330000              0.00011817513280952732
0.335000              0.00010098473560996643
0.340000              0.00008313550124083459
0.345000              0.00006469672785076130
0.350000              0.00004579998781793986
0.355000              0.00002660808752092173
0.360000              0.00000732329720301595
0.365000             -0.00001184059420289908
0.370000             -0.00003084791682409277
0.375000             -0.00004970531403809243
0.380000             -0.00006849043186208810
0.385000             -0.00008730567339601386
0.390000             -0.00010615036557157225
0.395000             -0.00012500051085917967
0.400000             -0.00014370588658223462
0.405000             -0.00016208225399951378
0.410000             -0.00017995377982943128
0.415000             -0.00019714238684004920
0.420000             -0.00021354575650178154
0.425000             -0.00022908611305566526
0.430000             -0.00024371607276882175
0.435000             -0.00025741073330011932
0.440000             -0.00027012783938269573
0.445000             -0.00028182666319317604
0.450000             -0.00029247236137664248
0.455000             -0.00030203498731208101
0.460000             -0.00031052828770209860
0.465000             -0.00031798179943639496
0.470000             -0.00032472902904896235
0.475000             -0.00033119491806440731
0.480000             -0.00033792586435345040
0.485000             -0.00034551319477913546
0.490000             -0.00035447384987287136
0.495000             -0.00036533205414115977
0.500000             -0.00037853323069440533
0.505000             -0.00039449895360112798
0.510000             -0.00041367587579072836
0.515000             -0.00043650220018653550
0.520000             -0.00046318283134653553
0.525000             -0.00049385521955478090
0.530000             -0.00052834426228662323
0.535000             -0.00056636720540909535
0.540000             -0.00060774591479191521
0.545000             -0.00065228566541778300
0.550000             -0.00069943263754357571
0.555000             -0.00074851495302424463
0.560000             -0.00079886446659992378
0.565000             -0.00084975907925667453
0.570000             -0.00090069764562568768
0.575000             -0.00095120961125502897
0.580000             -0.00100091728381622165
0.585000             -0.00104947931182037299
0.590000             -0.00109644462533186726
0.595000             -0.00114137095098966598
0.600000             -0.00118365608366235455
0.605000             -0.00122269603310345434
0.610000             -0.00125796476711504193
0.615000             -0.00128899329402518636
0.620000             -0.00131544607190035314
0.625000             -0.00133704879277202486
0.630000             -0.00135375174513736353
0.635000             -0.00136556112074439208
0.640000             -0.00137261053846090869
0.645000             -0.00137501178801432305
0.650000             -0.00137279652460738132
0.655000             -0.00136594862266348508
0.660000             -0.00135470489085523960
0.665000             -0.00133929816865154070
0.670000             -0.00132049592649292652
0.675000             -0.00129923339557056752
0.680000             -0.00127652869704745868
0.685000             -0.00125349844909047252
0.690000             -0.00123060653901851795
0.695000             -0.00120820909659818520
0.700000             -0.00118619227147938387
0.705000             -0.00116431987080233674
0.710000             -0.00114217976780583270
0.715000             -0.00111929090962515059
0.720000             -0.00109505676708158083
0.725000             -0.00106879445068272625
0.730000             -0.00103964459080323830
0.735000             -0.00100666150009604536
0.740000             -0.00096905352643597879
0.745000             -0.00092605765823543587
0.750000             -0.00087699556869124046
0.755000             -0.00082118924638967543
0.760000             -0.00075838338023108648
0.765000             -0.00068843609020989430
0.770000             -0.00061189784274799696
0.775000             -0.00052958031599253247
0.780000             -0.00044277741264206065
0.785000             -0.00035296966936136057
0.790000             -0.00026116274822878042
0.795000             -0.00016828740913464783
0.800000             -0.00007501233229790670
0.805000              0.00001805089714085628
0.810000              0.00011003937955294704
0.815000              0.00020002045046195130
0.820000              0.00028690384309358109
0.825000              0.00036957457900899435
0.830000              0.00044697171109055065
0.835000              0.00051810122197408124
0.840000              0.00058233343405761329
0.845000              0.00063920690301726125
0.850000              0.00068851115207600809
0.855000              0.00073017203538838261
0.860000              0.00076426056475736815
0.865000              0.00079094901080771377
0.870000              0.00081077513871895008
0.875000              0.00082444390021540136
0.880000              0.00083285628868607579
0.885000              0.00083700378837850040
0.890000              0.00083837219963746193
0.895000              0.00083859655407121799
0.900000              0.00083956905406033853
0.905000              0.00084322325506339211
0.910000              0.00085104980925522033
0.915000              0.00086437881968259964
0.920000              0.00088376683884533480
0.925000              0.00090952495920060142
0.930000              0.00094174154317529484
0.935000              0.00098037966030404557
0.940000              0.00102555691371607281
0.945000              0.00107738742449202353
0.950000              0.00113600943629693554
0.955000              0.00120152758972163457
0.960000              0.00127341328071959876
0.965000              0.00135096255100114362
0.970000              0.00143327844422191041
0.975000              0.00151935150158497511
0.980000              0.00160846169187015822
0.985000              0.00169995032500109286
0.990000              0.00179324131749153100
0.995000              0.00188778028750407278
1.000000              0.00198257047324639597
1.005000              0.00207652399423743700
1.010000              0.00216801749527920128
1.015000              0.00225528311713870180
1.020000              0.00233650906896734883
1.025000              0.00240982308347386341
1.030000              0.00247385934046787754
1.035000              0.00252734492082395913
1.040000              0.00256915155957146988
1.045000              0.00259816785235479327
1.050000              0.00261285889862677805
1.055000              0.00261149656534748632
1.060000              0.00259270856274845807
1.065000              0.00255499976981146942
1.070000              0.00249835314662651825
1.075000              0.00242304749487675785
1.080000              0.00233026030228659919
1.085000              0.00222156217034813561
1.090000              0.00209903904584840192
1.095000              0.00196501972812003359
1.100000              0.00182225508868710676
1.105000              0.00167363845206236223
1.110000              0.00152170461681034978
1.115000              0.00136897932641175698
1.120000              0.00121688422256199000
1.125000              0.00106656288213366457
1.130000              0.00091829808039162544
1.135000              0.00077206301125570115
1.140000              0.00062742008340648848
1.145000              0.00048363069701462161
1.150000              0.00033970439923676054
1.155000              0.00019438229447897449
1.160000              0.00004605018596822499
1.165000             -0.00010717748209034636
1.170000             -0.00026682623563677155
1.175000             -0.00043444659746977684
1.180000             -0.00061073945554476349
1.185000             -0.00079615368409640698
1.190000             -0.00099066750284269216
1.195000             -0.00119396837541552929
1.200000             -0.00140564904873365527
1.205000             -0.00162505487723464161
1.210000             -0.00185145913780216526
1.215000             -0.00208387552646236264
1.220000             -0.00232099762038999588
1.225000             -0.00256124530272560736
1.230000             -0.00280245755744333840
1.235000             -0.00304210259976046967
1.240000             -0.00327727362343559203
1.245000             -0.00350494373544867370
1.250000             -0.00372194211839984700
1.255000             -0.00392509397492498899
1.260000             -0.00411141858393804412
1.265000             -0.00427819967286682812
1.270000             -0.00442330601950581027
1.275000             -0.00454510570377996553
1.280000             -0.00464279389513644423
1.285000             -0.00471591203170092493
1.290000             -0.00476503314221323523
1.295000             -0.00479120024689137173
1.300000             -0.00479635685184167868
1.305000             -0.00478286551341431786
1.310000             -0.00475280464309211885
1.315000             -0.00470815541790129896
1.320000             -0.00465076218771906871
1.325000             -0.00458232394637531418
1.330000             -0.00450484703095574857
1.335000             -0.00442035346987422560
1.340000             -0.00433073978335159204
1.345000             -0.00423780158301572275
1.350000             -0.00414258488908048061
1.355000             -0.00404584942170846656
1.360000             -0.00394738447703098152
1.365000             -0.00384669192645314701
1.370000             -0.00374258332189559076
1.375000             -0.00363366715121511349
1.380000             -0.00351861298801863041
1.385000             -0.00339614239744554045
1.390000             -0.00326539877314988231
1.395000             -0.00312575758291412436
1.400000             -0.00297686815182471830
1.405000             -0.00281857639762653081
1.410000             -0.00265122212939173469
1.415000             -0.00247539504724694770
1.420000             -0.00229251387680448615
1.425000             -0.00210433444805199115
1.430000             -0.00191301822532210174
1.435000             -0.00172093441036469679
1.440000             -0.00153009519495830989
1.445000             -0.00134240692832528099
1.450000             -0.00115918734297909944
1.455000             -0.00098150076025540979
1.460000             -0.00081015243399237108
1.465000             -0.00064574379396601614
1.470000             -0.00048834410908382209
1.475000             -0.00033772572749267345
1.480000             -0.00019312783963628636
1.485000             -0.00005350467333978249
1.490000              0.00008233680820022694
1.495000              0.00021571931690298022
1.500000              0.00034778375488190248
1.505000              0.00047964811471144076
1.510000              0.00061195401397125075
1.515000              0.00074515243133492872
1.520000              0.00087946654045172544
1.525000              0.00101491443011983862
1.530000              0.00115118599171430518
1.535000              0.00128772982335444717
1.540000              0.00142384356281715046
1.545000              0.00155862223881694600
1.550000              0.00169135381737660936
1.555000              0.00182131050355443364
1.560000              0.00194776414485863230
1.565000              0.00207001334482540987
1.570000              0.00218684474422134022
1.575000              0.00229699651205405924
1.580000              0.00239861278064045771
1.585000              0.00248978944918755050
1.590000              0.00256963259267855215
1.595000              0.00263767356508107448
1.600000              0.00269516734712359511
1.605000              0.00274391803316939489
1.610000              0.00278592335823974824
1.615000              0.00282338505002987204
1.620000              0.00285769881111957091
1.625000              0.00289007423491672655
1.630000              0.00292167263907015156
1.635000              0.00295356835522602671
1.640000              0.00298723702543841679
1.645000              0.00302415337701648131
1.650000              0.00306583598271115447
1.655000              0.00311365451631935098
1.660000              0.00316827473356929906
1.665000              0.00323001736550343650
1.670000              0.00329740362279033966
1.675000              0.00336831602647597516
1.680000              0.00343910645086691275
1.685000              0.00350555766296096073
1.690000              0.00356346512065256827
1.695000              0.00360855623651271714
1.700000              0.00363699963164613657
1.705000              0.00364510455913231307
1.710000              0.00362942844796433281
1.715000              0.00358670072579064326
1.720000              0.00351444758517610199
1.725000              0.00341060853989261529
1.730000              0.00327453203565008892
1.735000              0.00310616101813727691
1.740000              0.00290655772618912071
1.745000              0.00267733343696357866
1.750000              0.00242061162515742716
1.755000              0.00213886853908341239
1.760000              0.00183469586067752676
1.765000              0.00151082965910854616
1.770000              0.00116998948113576076
1.775000              0.00081490463163816362
1.780000              0.00044777736422344064
1.785000              0.00007058800326812074
1.790000             -0.00031564744889530689
1.795000             -0.00071036907046492467
1.800000             -0.00111354608863750986
1.805000             -0.00152553159035247340
1.810000             -0.00194624072917918612
1.815000             -0.00237567489510741607
1.820000             -0.00281288160161773278
1.825000             -0.00325675063370811863
1.830000             -0.00370504527218563093
1.835000             -0.00415520509455025167
1.840000             -0.00460416588562924563
1.845000             -0.00504847989510057420
1.850000             -0.00548506096968534151
1.855000             -0.00591066263872457552
1.860000             -0.00632297957300847167
1.865000             -0.00671970847867640973
1.870000             -0.00709870985918140216
1.875000             -0.00745735929304834708
1.880000             -0.00779202424617744197
1.885000             -0.00809877593835052478
1.890000             -0.00837312884643463470
1.895000             -0.00861084506816271050
1.900000             -0.00880821031934446094
1.905000             -0.00896148920224545432
1.910000             -0.00906747851144492842
1.915000             -0.00912351814357853681
1.920000             -0.00912683493671793793
1.925000             -0.00907509767652501902
1.930000             -0.00896703208478149411
1.935000             -0.00880190623406544408
1.940000             -0.00858095064410584543
1.945000             -0.00830608820664856251
1.950000             -0.00798143000092064320
1.955000             -0.00761179821942717383
1.960000             -0.00720374638134208684
1.965000             -0.00676439379975835205
1.970000             -0.00630093787080701455
1.975000             -0.00582079582291487613
1.980000             -0.00532971481252041569
1.985000             -0.00483287711217971101
1.990000             -0.00433376129040105324
1.995000             -0.00383517125472359124
2.000000             -0.00333837725825641540
2.005000             -0.00284401618274687318
2.010000             -0.00235201425393042436
2.015000             -0.00186195485820526692
2.020000             -0.00137326088390393904
2.025000             -0.00088522582834472637
2.030000             -0.00039733307211834828
2.035000              0.00009096083536354973
2.040000              0.00057959247871717981
2.045000              0.00106833631312085241
2.050000              0.00155624906602276777
2.055000              0.00204204603136036314
2.060000              0.00252423051368589561
2.065000              0.00300091682508326968
2.070000              0.00347018027125476063
2.075000              0.00392977846460663190
2.080000              0.00437783023008053804
2.085000              0.00481238445039605060
2.090000              0.00523188567841478911
2.095000              0.00563495361629571482
2.100000              0.00602033151492893139
2.105000              0.00638689821261571346
2.110000              0.00673426373911739824
2.115000              0.00706222394515851944
2.120000              0.00737171996994171515
2.125000              0.00766405011898246315
2.130000              0.00794121411931551086
2.135000              0.00820562914270964519
2.140000              0.00846005723301664070
2.145000              0.00870763062864301531
2.150000              0.00895154454325031851
2.155000              0.00919517886718768801
2.160000              0.00944194095462133620
2.165000              0.00969545108031326028
2.170000              0.00995890632895529530
2.175000              0.01023553857637949857
2.180000              0.01052790177303076363
2.185000              0.01083786991519142782
2.190000              0.01116657033938632873
2.195000              0.01151434121705752558
2.200000              0.01187977569304280757
2.205000              0.01226100329935668823
2.210000              0.01265436931290770534
2.215000              0.01305563510404962255
2.220000              0.01346021588663723692
2.225000              0.01386275435362127086
2.230000              0.01425815922612602878
2.235000              0.01464145389417829436
2.240000              0.01500744287485006843
2.245000              0.01535129796066766333
2.250000              0.01566780778954538975
2.255000              0.01595194787642355630
2.260000              0.01619915705790412816
2.265000              0.01640509644092696603
2.270000              0.01656702221546586459
2.275000              0.01668281600615740060
2.280000              0.01675189942031990453
2.285000              0.01677430045384216764
2.290000              0.01675151635013595597
2.295000              0.01668551094495867096
2.300000              0.01657891959622839056
2.305000              0.01643466591883724695
2.310000              0.01625507819054709119
2.315000              0.01604287365307653646
2.320000              0.01579970336192062716
2.325000              0.01552649933202462224
2.330000              0.01522277786073575334
2.335000              0.01488717859412999264
2.340000              0.01451743547516567978
2.345000              0.01411059950927344431
2.350000              0.01366241108001028243
2.355000              0.01316799726878765606
2.360000              0.01262253570725490812
2.365000              0.01202097939049652855
2.370000              0.01136000139046174084
2.375000              0.01063662964175771629
2.380000              0.00985004468512086159
2.385000              0.00900021078768700571
2.390000              0.00808904909592041664
2.395000              0.00711930248672961244
2.400000              0.00609516802308505360
2.405000              0.00502134839107060138
2.410000              0.00390342990520889865
2.415000              0.00274723128494050971
2.420000              0.00155893950131861842
2.425000              0.00034514365200220972
2.430000             -0.00088745981404504876
2.435000             -0.00213189267431175642
2.440000             -0.00338190306345128276
2.445000             -0.00463156334543321502
2.450000             -0.00587683225286610069
2.455000             -0.00711445672063643845
2.460000             -0.00834113134156045342
2.465000             -0.00955398745048493050
2.470000             -0.01074809048622927740
2.475000             -0.01191843926107985160
2.480000             -0.01305948093670791961
2.485000             -0.01416571199900576276
2.490000             -0.01523267274029340562
2.495000             -0.01625625569611142268
2.500000             -0.01723292970786242592
2.505000             -0.01815898454509519769
2.510000             -0.01903306037297267453
2.515000             -0.01985371211637364242
2.520000             -0.02062114271254091372
2.525000             -0.02133570697943954972
2.530000             -0.02199796104846570705
2.535000             -0.02260803360745467644
2.540000             -0.02316552212739937666
2.545000             -0.02366982717596503513
2.550000             -0.02411818679225689876
2.555000             -0.02450759316912550639
2.560000             -0.02483614408274684160
2.565000             -0.02510190813878486124
2.570000             -0.02530650975814313294
2.575000             -0.02545195222570178356
2.580000             -0.02553995659257311118
2.585000             -0.02557313361529191947
2.590000             -0.02555206700580171797
2.595000             -0.02547720438315237076
2.600000             -0.02534797398559166318
2.605000             -0.02516372412125832125
2.610000             -0.02492435019868933371
2.615000             -0.02462902531452176511
2.620000             -0.02427939170282346695
2.625000             -0.02387628881203299538
2.630000             -0.02342278312689017802
2.635000             -0.02292179280946590736
2.640000             -0.02237629832098162602
2.645000             -0.02178880941673179417
2.650000             -0.02116058709620684611
2.655000             -0.02049171885052900738
2.660000             -0.01978100777990989337
2.665000             -0.01902704370269793499
2.670000             -0.01822811580290730968
2.675000             -0.01738285612990591797
2.680000             -0.01648968721997629353
2.685000             -0.01554673323288981862
2.690000             -0.01455192626546531615
2.695000             -0.01350323299248694896
2.700000             -0.01240051038237706058
2.705000             -0.01124509913821542320
2.710000             -0.01004038563479581377
2.715000             -0.00879136832437436150
2.720000             -0.00750517587851371338
2.725000             -0.00618998652316537883
2.730000             -0.00485508705716646526
2.735000             -0.00351003372637156454
2.740000             -0.00216356880934670710
2.745000             -0.00082421271479672718
2.750000              0.00050098589121568417
2.755000              0.00180538696247758089
2.760000              0.00308316370474025344
2.765000              0.00432888219886303893
2.770000              0.00553816697791675427
2.775000              0.00670719310181198958
2.780000              0.00783441745375050916
2.785000              0.00891924553450643143
2.790000              0.00996470373551730515
2.795000              0.01097500546513560833
2.800000              0.01195588386323881425
2.805000              0.01291357362592378440
2.810000              0.01385290337853159470
2.815000              0.01477837489930269345
2.820000              0.01569062545942001563
2.825000              0.01658927363058250448
2.830000              0.01747051726317664158
2.835000              0.01832864922330747909
2.840000              0.01915838410105811726
2.845000              0.01995294994080706874
2.850000              0.02070657501134020445
2.855000              0.02141264190051294161
2.860000              0.02206391116260731158
2.865000              0.02265396014810932765
2.870000              0.02317629678305720489
2.875000              0.02362630366645345273
2.880000              0.02400126730977857753
2.885000              0.02429900811715759307
2.890000              0.02451789965981217984
2.895000              0.02465682269893866574
2.900000              0.02471342173141179155
2.905000              0.02468585181894230457
2.910000              0.02457169130079035063
2.915000              0.02436905798667858905
2.920000              0.02407720432748989420
2.925000              0.02369606971574064747
2.930000              0.02322720781227855316
2.935000              0.02267253516860065488
2.940000              0.02203659636909990199
2.945000              0.02132364854454457670
2.950000              0.02054020825881629209
2.955000              0.01969245220434216043
2.960000              0.01878717603349323514
2.965000              0.01783116907114757829
2.970000              0.01682930341383858872
2.975000              0.01578614296413242621
2.980000              0.01470563172436467267
2.985000              0.01359130918367177157
2.990000              0.01244592342219900949
2.995000              0.01127200710490799604
3.000000              0.01007099318384714788
3.005000              0.00884412330831780245
3.010000              0.00759197582471573141
3.015000              0.00631515369317083280
3.020000              0.00501332581967862088
3.025000              0.00368621924393247374
3.030000              0.00233345171826756462
3.035000              0.00095518241461271076
3.040000             -0.00044720570080986793
3.045000             -0.00187166881555081628
3.050000             -0.00331439327133109442
3.055000             -0.00477104087537150168
3.060000             -0.00623616526711075290
3.065000             -0.00770405869166110400
3.070000             -0.00916906949190931728
3.075000             -0.01062573593214849108
3.080000             -0.01206851437288763464
3.085000             -0.01349200394369952545
3.090000             -0.01489030234870497051
3.095000             -0.01625740426426349958
3.100000             -0.01758715887594071783
3.105000             -0.01887366835096710924
3.110000             -0.02011102885856231454
3.115000             -0.02129349743431213984
3.120000             -0.02241564273735085697
3.125000             -0.02347238062834368366
3.130000             -0.02445869725808334436
3.135000             -0.02536985735985531829
3.140000             -0.02620152925743712141
3.145000             -0.02694985595364907116
3.150000             -0.02761200250970359191
3.155000             -0.02818551154094744646
3.160000             -0.02867033499298366622
3.165000             -0.02906701450677607115
3.170000             -0.02937838397480355829
3.175000             -0.02960811886905959436
3.180000             -0.02976067049186109995
3.185000             -0.02984101266769505906
3.190000             -0.02985407519166649593
3.195000             -0.02980516236752574558
3.200000             -0.02969997821942281860
3.205000             -0.02954448017132639548
3.210000             -0.02934439415348530367
3.215000             -0.02910601228689024128
3.220000             -0.02883460793404657094
3.225000             -0.02853487067330458607
3.230000             -0.02820929591683963428
3.235000             -0.02786032881809245854
3.240000             -0.02748792142201652092
3.245000             -0.02709109852678477301
3.250000             -0.02666675434811741421
3.255000             -0.02621072394777407971
3.260000             -0.02571745361442843297
3.265000             -0.02518062654671781794
3.270000             -0.02459307824244404139
3.275000             -0.02394829746381578472
3.280000             -0.02323923781417402967
3.285000             -0.02245904410420375419
3.290000             -0.02160216159388764906
3.295000             -0.02066340983596460026
3.300000             -0.01964147731896061927
3.305000             -0.01853679230538208753
3.310000             -0.01735336960371654594
3.315000             -0.01609707368697246149
3.320000             -0.01477384930499432009
3.325000             -0.01339050207575581339
3.330000             -0.01195117814867843048
3.335000             -0.01045986488794808413
3.340000             -0.00891975976745615871
3.345000             -0.00733367646861719010
3.350000             -0.00570504155488625857
3.355000             -0.00403776136502788981
3.360000             -0.00233641614041811855
3.365000             -0.00060557926073973132
3.370000              0.00114992143639719435
3.375000              0.00292556674740433904
3.380000              0.00471633327207520141
3.385000              0.00651759893048651541
3.390000              0.00832420166260703677
3.395000              0.01013108179955113201
3.400000              0.01193290329488846252
3.405000              0.01372423867548502700
3.410000              0.01549926699897196704
3.415000              0.01725182176158726252
3.420000              0.01897549463890367549
3.425000              0.02066323089560509821
3.430000              0.02230796250317799295
3.435000              0.02390230135779497500
3.440000              0.02544046645136474605
3.445000              0.02691578482555435914
3.450000              0.02832389527040098803
3.455000              0.02966033462782744282
3.460000              0.03092279250208256058
3.465000              0.03210880203006791916
3.470000              0.03321727718809060897
3.475000              0.03424784802872810063
3.480000              0.03520096215167505677
3.485000              0.03607745772212844759
3.490000              0.03687690886762736570
3.495000              0.03759981516064155732
3.500000              0.03824705364589075368
3.505000              0.03881990620138487530
3.510000              0.03931953128956284377
3.515000              0.03974864270238961245
3.520000              0.04010924788245500555
3.525000              0.04040212141396157947
3.530000              0.04062876375701829357
3.535000              0.04079003354700912187
3.540000              0.04088523538526606105
3.545000              0.04091302644956767987
3.550000              0.04087072690903605088
3.555000              0.04075504271175977439
3.560000              0.04056059270149320328
3.565000              0.04028479873357601604
3.570000              0.03992199765368324021
3.575000              0.03946724278767004684
3.580000              0.03891450292713585085
3.585000              0.03825885490105563475
3.590000              0.03749483241105614623
3.595000              0.03661884610510963978
3.600000              0.03562889634636268871
3.605000              0.03452237535590896994
3.610000              0.03330165021893970179
3.615000              0.03196920319661716164
3.620000              0.03052969061948623830
3.625000              0.02898906869663193248
3.630000              0.02735407954634705430
3.635000              0.02563239603688631518
3.640000              0.02383177856621117308
3.645000              0.02195950620388111701
3.650000              0.02002276335946180999
3.655000              0.01802790855929316954
3.660000              0.01598023590037096764
3.665000              0.01388382439749320969
3.670000              0.01174121049626568845
3.675000              0.00955417933951852733
3.680000              0.00732244666262281581
3.685000              0.00504546186448497341
3.690000              0.00272191329627960443
3.695000              0.00035025829668363474
3.700000             -0.00207148228156745981
3.705000             -0.00454513373356518584
3.710000             -0.00707138997941978743
3.715000             -0.00965019356541804360
3.720000             -0.01227975541675006832
3.725000             -0.01495717540241443821
3.730000             -0.01767831550898960394
3.735000             -0.02043789734337454408
3.740000             -0.02322904611211944192
3.745000             -0.02604380057266491438
3.750000             -0.02887197832655219454
3.755000             -0.03170229513362231299
3.760000             -0.03451766035440533009
3.765000             -0.03729936638481483324
3.770000             -0.04002265153707997014
3.775000             -0.04266086420737045387
3.780000             -0.04518875016583922405
3.785000             -0.04758080451749245599
3.790000             -0.04981623631056024404
3.795000             -0.05187589430003717444
3.800000             -0.05374589248079655185
3.805000             -0.05541406753419749615
3.810000             -0.05687134258311375701
3.815000             -0.05810955620507224362
3.820000             -0.05912433067438625095
3.825000             -0.05991146683701271264
3.830000             -0.06046918644071515997
3.835000             -0.06079734934567809085
3.840000             -0.06089662904475852401
3.845000             -0.06076956985697321706
3.850000             -0.06042098025900213137
3.855000             -0.05985521170619637760
3.860000             -0.05908248907559839058
3.865000             -0.05811504286963792287
3.870000             -0.05697006277068240171
3.875000             -0.05566604239437705076
3.880000             -0.05421966154143875727
3.885000             -0.05264711968764416994
3.890000             -0.05096058585685028092
3.895000             -0.04917118523465489888
3.900000             -0.04728661642682612659
3.905000             -0.04531412056535986249
3.910000             -0.04325674906127536384
3.915000             -0.04111664254383814304
3.920000             -0.03889185799270313687
3.925000             -0.03657822886397228690
3.930000             -0.03417024247631166023
3.935000             -0.03166260351072950480
3.940000             -0.02904846241815919189
3.945000             -0.02632198979603535965
3.950000             -0.02347758717706570006
3.955000             -0.02051063287771795474
3.960000             -0.01741850106635281850
3.965000             -0.01419979902088149178
3.970000             -0.01085592265556729365
3.975000             -0.00738966453607352736
3.980000             -0.00380728830116502416
3.985000             -0.00011707328088651376
3.990000              0.00366610743423523549
3.995000              0.00752451388775917177
4.000000              0.01142703405743829455
4.005000              0.01533789975237798489
4.010000              0.01921432444144434426
4.015000              0.02301052586514830411
4.020000              0.02668250165280699679
4.025000              0.03018606733855689478
4.030000              0.03348650817096249233
4.035000              0.03655172251165313135
4.040000              0.03936191574634009122
4.045000              0.04190393791337690410
4.050000              0.04417037422773511385
4.055000              0.04615555186375004670
4.060000              0.04786473770626378799
4.065000              0.04930763433105971039
4.070000              0.05050294108831508699
4.075000              0.05147637999785388552
4.080000              0.05225491108442670285
4.085000              0.05287157966522387093
4.090000              0.05335944409285942741
4.095000              0.05375146084059585078
4.100000              0.05407350490264198339
4.105000              0.05434923803939426673
4.110000              0.05459160505193023233
4.115000              0.05480971858031176425
4.120000              0.05500476261978387571
4.125000              0.05517403866213828334
4.130000              0.05530589043953861028
4.135000              0.05538533993248279108
4.140000              0.05539145406781025016
4.145000              0.05529915509642147065
4.150000              0.05508330103987475052
4.155000              0.05471458334538536333
4.160000              0.05416699943297269282
4.165000              0.05341281757073931824
4.170000              0.05243222734290315518
4.175000              0.05121170994751719080
4.180000              0.04975345543347520216
4.185000              0.04806676898986696894
4.190000              0.04617214020811710729
4.195000              0.04409861992045407270
4.200000              0.04187711231789747329
4.205000              0.03954357605521462843
4.210000              0.03713409031756750855
4.215000              0.03468663851607058785
4.220000              0.03223811221011257944
4.225000              0.02982530798382696316
4.230000              0.02748368688744072183
4.235000              0.02524687318901082042
4.240000              0.02314404130966348297
4.245000              0.02120024797598126648
4.250000              0.01943260500539566518
4.255000              0.01785117168485840511
4.260000              0.01645370969708093503
4.265000              0.01523143686714149153
4.270000              0.01415641905507557946
4.275000              0.01319375912491592071
4.280000              0.01229682899673924072
4.285000              0.01141516144850374115
4.290000              0.01050556269623661304
4.295000              0.00952679440357977192
4.300000              0.00844722038653639498
4.305000              0.00724019480307361643
4.310000              0.00588923984232503622
4.315000              0.00438408660736692556
4.320000              0.00272346748832255712
4.325000              0.00091261951181797194
4.330000             -0.00103523481682973395
4.335000             -0.00310096242123030549
4.340000             -0.00526308421444103038
4.345000             -0.00749711765591592506
4.350000             -0.00978053764506474702
4.355000             -0.01209111775654881510
4.360000             -0.01440804424352739276
4.365000             -0.01671259502457157417
4.370000             -0.01898783945709960758
4.375000             -0.02122037825360890625
4.380000             -0.02340043377287220200
4.385000             -0.02552366540376887344
4.390000             -0.02759043408487037857
4.395000             -0.02960494779654036443
4.400000             -0.03157590626761096891
4.405000             -0.03351522649583853208
4.410000             -0.03543458135029348144
4.415000             -0.03734636765147405363
4.420000             -0.03926081220992688053
4.425000             -0.04118620619856273868
4.430000             -0.04312580894211247989
4.435000             -0.04507895049265606829
4.440000             -0.04703844884585844932
4.445000             -0.04899283174207004488
4.450000             -0.05092593391660717173
4.455000             -0.05281566905849317123
4.460000             -0.05464125236441609579
4.465000             -0.05638261885691418784
4.470000             -0.05801860446939642590
4.475000             -0.05952858288135926684
4.480000             -0.06089892879121838049
4.485000             -0.06211836399380878115
4.490000             -0.06317888896174986280
4.495000             -0.06407736571777893075
4.500000             -0.06481672905460232614
4.505000             -0.06540489221557031774
4.510000             -0.06585519408228057703
4.515000             -0.06618773221135679230
4.520000             -0.06642353996482065759
4.525000             -0.06658733309033246228
4.530000             -0.06670098865025636536
4.535000             -0.06678463872597635576
4.540000             -0.06685642651404231918
4.545000             -0.06693098152255791411
4.550000             -0.06701910835943464262
4.555000             -0.06712793688971820105
4.560000             -0.06726166085126054905
4.565000             -0.06742071321859309518
4.570000             -0.06760221914140601696
4.575000             -0.06779972677342385734
4.580000             -0.06800334465827016783
4.585000             -0.06820053402509959617
4.590000             -0.06837625500914858157
4.595000             -0.06851555339960706259
4.600000             -0.06860323317301655899
4.605000             -0.06862612427402639548
4.610000             -0.06857086508164340899
4.615000             -0.06842911862315907701
4.620000             -0.06819404114499628966
4.625000             -0.06786414461920080299
4.630000             -0.06743984024905497199
4.635000             -0.06692229217570633271
4.640000             -0.06631869837830467462
4.645000             -0.06563606197224741701
4.650000             -0.06488225020592394698
4.655000             -0.06406648849762924813
4.660000             -0.06319548304917949055
4.665000             -0.06227440552980455235
4.670000             -0.06130801842258651324
4.675000             -0.06029566428425498642
4.680000             -0.05923624621230099557
4.685000             -0.05812384240213584047
4.690000             -0.05694967985274640432
4.695000             -0.05570061267106717062
4.700000             -0.05436180341733364701
4.705000             -0.05291703995717260411
4.710000             -0.05135203728884518704
4.715000             -0.04965441333597413881
4.720000             -0.04781302929134479546
4.725000             -0.04581910191000362204
4.730000             -0.04366335937742529816
4.735000             -0.04133973336458169473
4.740000             -0.03884361009179597424
4.745000             -0.03617478323718038846
4.750000             -0.03333568935862443738
4.755000             -0.03033143235632161303
4.760000             -0.02716997266985958850
4.765000             -0.02385997039145059881
4.770000             -0.02041260892376193375
4.775000             -0.01683829142200933202
4.780000             -0.01314774287135632436
4.785000             -0.00935184100168601207
4.790000             -0.00545811215443069587
4.795000             -0.00147049114823270257
4.800000              0.00261090589166764701
4.805000              0.00679004019485934546
4.810000              0.01107344359395781574
4.815000              0.01547047843210670390
4.820000              0.01999398589648500660
4.825000              0.02465827333523777296
4.830000              0.02947825633889602018
4.835000              0.03446842351878779548
4.840000              0.03964293779420345609
4.845000              0.04501304948589777283
4.850000              0.05058587009312832256
4.855000              0.05636826958460445375
4.860000              0.06236496252327429490
4.865000              0.06857664793413743853
4.870000              0.07500151204560218110
4.875000              0.08163474159436627520
4.880000              0.08846545761221696891
4.885000              0.09547958901484993044
4.890000              0.10266416015355943336
4.895000              0.11000936295787347441
4.900000              0.11750616105068983908
4.905000              0.12514745747103997453
4.910000              0.13294752266066509061
4.915000              0.14091823811480899686
4.920000              0.14906272334969736248
4.925000              0.15738987591431893853
4.930000              0.16591471822645115219
4.935000              0.17464223189424435412
4.940000              0.18357570133104914034
4.945000              0.19271039367303047229
4.950000              0.20202075301741140301
4.955000              0.21147403540678652578
4.960000              0.22098986841808360149
4.965000              0.23047195439641640635
4.970000              0.23982561880536926169
4.975000              0.24895290458023269786
4.980000              0.25778734237491796044
4.985000              0.26626984258003411066
4.990000              0.27434822720023238629
4.995000              0.28197202815420047139
5.000000              0.28909812565633746795
5.005000              0.29568297777409580096
5.010000              0.30169245483930223761
5.015000              0.30709220173980278368
5.020000              0.31185849066353482639
5.025000              0.31596405662184889884
5.030000              0.31939422835765751696
5.035000              0.32212650913654977680
5.040000              0.32414560806705172702
5.045000              0.32545468699233531806
5.050000              0.32605763038957608080
5.055000              0.32596495475750103532
5.060000              0.32519909005975472516
5.065000              0.32381492606677547696
5.070000              0.32183212034001529300
5.075000              0.31931930957541676541
5.080000              0.31635506820742520517
5.085000              0.31301357059553230888
5.090000              0.30938240120791871135
5.095000              0.30553689769831521295
5.100000              0.30156239895233810655
5.105000              0.29753095970830673034
5.110000              0.29350832164104678768
5.115000              0.28954949184021067099
5.120000              0.28568401844116164678
5.125000              0.28192988008544767053
5.130000              0.27829107015081144816
5.135000              0.27476425914779795123
5.140000              0.27133508264670214150
5.145000              0.26798198839490161571
5.150000              0.26468130818488450062
5.155000              0.26140458885758610652
5.160000              0.25811046700065787274
5.165000              0.25475922582494986424
5.170000              0.25130469521955484113
5.175000              0.24770198102029170051
5.180000              0.24392701976554062582
5.185000              0.23996474479675267144
5.190000              0.23581618424342304374
5.195000              0.23148889965081170805
5.200000              0.22699715201230594164
5.205000              0.22235427636082380487
5.210000              0.21757867720364015840
5.215000              0.21268789837399942888
5.220000              0.20770042744155231551
5.225000              0.20263274645004367147
5.230000              0.19750248911678769392
5.235000              0.19232124989414906002
5.240000              0.18710153905233331550
5.245000              0.18185880789799746537
5.250000              0.17660270596745322735
5.255000              0.17134353268011356941
5.260000              0.16609482746365694661
5.265000              0.16086968413006680345
5.270000              0.15568531736950946831
5.275000              0.15055844544012059183
5.280000              0.14551100860243720847
5.285000              0.14056683697418448364
5.290000              0.13575239708871761346
5.295000              0.13110035529577671043
5.300000              0.12664433985159934126
5.305000              0.12241468328215796002
5.310000              0.11844219525148340366
5.315000              0.11475947496654319291
5.320000              0.11139511051762575333
5.325000              0.10838089322576865969
5.330000              0.10574395271735788360
5.335000              0.10351017385749837485
5.340000              0.10169949187513847855
5.345000              0.10032903791992472953
5.350000              0.09941300301989131061
5.355000              0.09896257023926333107
5.360000              0.09898319121899862294
5.365000              0.09947672905045605585
5.370000              0.10043077965769779680
5.375000              0.10182719607833766451
5.380000              0.10365735829348261821
5.385000              0.10587952826277123586
5.390000              0.10847256772050077600
5.395000              0.11139315593280080252
5.400000              0.11460636546128345759
5.405000              0.11807396153504004510
5.410000              0.12176204742492960365
5.415000              0.12563871746716878675
5.420000              0.12967809577555769462
5.425000              0.13385818822966288888
5.430000              0.13816510624948197261
5.435000              0.14259084318361328614
5.440000              0.14713586120222685305
5.445000              0.15180779969572949506
5.450000              0.15661444265029084155
5.455000              0.16156198052865428094
5.460000              0.16665824816911581352
5.465000              0.17190702900693269339
5.470000              0.17730463909821364554
5.475000              0.18283858983521220076
5.480000              0.18848297396743185494
5.485000              0.19420461072184166951
5.490000              0.19997618399575481374
5.495000              0.20575962430087207933
5.500000              0.21152072090634205237
5.505000              0.21722068457893195514
5.510000              0.22282031837293322929
5.515000              0.22828521934510981328
5.520000              0.23357787798034390647
5.525000              0.23867012114157568070
5.530000              0.24353396334957874703
5.535000              0.24815045305963634448
5.540000              0.25249518563223927181
5.545000              0.25655936502958492929
5.550000              0.26033628550121573619
5.555000              0.26382296189902632033
5.560000              0.26703026919562677932
5.565000              0.26996702899282543076
5.570000              0.27265166232710541516
5.575000              0.27510540912916309209
5.580000              0.27735064252994107159
5.585000              0.27941579252379367126
5.590000              0.28131683318819061812
5.595000              0.28308412013587069822
5.600000              0.28473432577149743183
5.605000              0.28628640481056349953
5.610000              0.28775380924122184734
5.615000              0.28914502504147054918
5.620000              0.29046943748328263313
5.625000              0.29172774159297232277
5.630000              0.29292381332077543910
5.635000              0.29405280261930483166
5.640000              0.29510444169622990218
5.645000              0.29606999850444370992
5.650000              0.29693366808278431890
5.655000              0.29767798035065762274
5.660000              0.29828427228076387356
5.665000              0.29873159237144736311
5.670000              0.29899355328670051968
5.675000              0.29905259460289129736
5.680000              0.29888944399588740497
5.685000              0.29848941740019263591
5.690000              0.29784074211460431769
5.695000              0.29693657385081462241
5.700000              0.29576598095147704770
5.705000              0.29433567866856102935
5.710000              0.29264379893926734111
5.715000              0.29070332330350751038
5.720000              0.28852528996226145530
5.725000              0.28612060174172904148
5.730000              0.28350351746804358655
5.735000              0.28068812472002246938
5.740000              0.27768349283740517697
5.745000              0.27450398048314267330
5.750000              0.27115724478502867267
5.755000              0.26765305995666954786
5.760000              0.26398911180738982019
5.765000              0.26017072989893952339
5.770000              0.25619704932693004862
5.775000              0.25206496631888092308
5.780000              0.24777270856085903405
5.785000              0.24332463895637432283
5.790000              0.23872167601276395033
5.795000              0.23397306233601805614
5.800000              0.22909028446807980228
5.805000              0.22408471247298841766
5.810000              0.21897835045751207206
5.815000              0.21379131077108623482
5.820000              0.20854898117148229497
5.825000              0.20327736524889741809
5.830000              0.19800793877052128011
5.835000              0.19276336327294779638
5.840000              0.18757033400025749370
5.845000              0.18245286660632639708
5.850000              0.17742829526788125860
5.855000              0.17251297492161010716
5.860000              0.16771677385997818543
5.865000              0.16304319630562810750
5.870000              0.15849584855419651674
5.875000              0.15407612376970669654
5.880000              0.14978332920252462879
5.885000              0.14562048749088959965
5.890000              0.14158812497112469031
5.895000              0.13768566470186735518
5.900000              0.13391248029050706325
5.905000              0.13026770076814170318
5.910000              0.12675009070403098210
5.915000              0.12335953223068346629
5.920000              0.12009363575717797723
5.925000              0.11695144351524690285
5.930000              0.11393325375578074177
5.935000              0.11103743766438252394
5.940000              0.10826682215081319394
5.945000              0.10562633893567409393
5.950000              0.10312132474137988836
5.955000              0.10075545493435744682
5.960000              0.09853919303016091258
5.965000              0.09647887175465559573
5.970000              0.09458077662886159309
5.975000              0.09285095320688553644
5.980000              0.09129289147590695375
5.985000              0.08990724281576914501
5.990000              0.08869418225530607824
5.995000              0.08765224252076819766
6.000000              0.08678076862570345551
6.005000              0.08607700364892907630
6.010000              0.08554232999054647846
6.015000              0.08517745713184644851
6.020000              0.08498104246196362677
6.025000              0.08495077244090724899
6.030000              0.08508717150289697717
6.035000              0.08537940520252994270
6.040000              0.08582578311845290298
6.045000              0.08641582712459183746
6.050000              0.08714356250098366508
6.055000              0.08800397038872478928
6.060000              0.08899397727350000231
6.065000              0.09011243735179584602
6.070000              0.09136138764875459395
6.075000              0.09274327908641449847
6.080000              0.09426403504005068101
6.085000              0.09592966737742497640
6.090000              0.09775252975544573841
6.095000              0.09974320214399727547
6.100000              0.10191204493070751824
6.105000              0.10426909716557111740
6.110000              0.10682082000371430353
6.115000              0.10957450815572256086
6.120000              0.11253327497234419385
6.125000              0.11569819265173349188
6.130000              0.11906570231579496899
6.135000              0.12263037329832748856
6.140000              0.12638155235954084965
6.145000              0.13030677663742423755
6.150000              0.13438833168474564883
6.155000              0.13860632250601792603
6.160000              0.14293602532313731679
6.165000              0.14735055424909215827
6.170000              0.15182117246947138267
6.175000              0.15631900920930541510
6.180000              0.16081792385583257299
6.185000              0.16529348065626423003
6.190000              0.16972710783704603177
6.195000              0.17410238715378872909
6.200000              0.17840857688871050724
6.205000              0.18263758507498936701
6.210000              0.18678627488064442064
6.215000              0.19085906765046878331
6.220000              0.19485911165102465237
6.225000              0.19879217510994065532
6.230000              0.20266709559135995256
6.235000              0.20649302018224233168
6.240000              0.21028021403756605445
6.245000              0.21403347300606384573
6.250000              0.21776074084361402017
6.255000              0.22146322811969110234
6.260000              0.22514234509722286237
6.265000              0.22879703832457665147
6.270000              0.23242414181129125716
6.275000              0.23601463212156773008
6.280000              0.23955948377757146917
6.285000              0.24304855994655538698
6.290000              0.24646876993917740672
6.295000              0.24980431492678917271
6.300000              0.25304181596606156734
6.305000              0.25616702670732094393
6.310000              0.25916269568975491833
6.315000              0.26201193342194822877
6.320000              0.26469966736061562029
6.325000              0.26720785868101676330
6.330000              0.26952043976479250764
6.335000              0.27161999306284412281
6.340000              0.27349129054784909743
6.345000              0.27512233540713171287
6.350000              0.27650425249671722883
6.355000              0.27762444901273231057
6.360000              0.27848085500981301088
6.365000              0.27905801211466518819
6.370000              0.27934747878139776223
6.375000              0.27934924850023512555
6.380000              0.27905074467643353753
6.385000              0.27844933308496433444
6.390000              0.27753289481574128228
6.395000              0.27629091561588214887
6.400000              0.27472584579024428297
6.405000              0.27283043862686301440
6.410000              0.27059475077334793625
6.415000              0.26802121693961300508
6.420000              0.26511290420026573100
6.425000              0.26186717591100094893
6.430000              0.25829045165955599739
6.435000              0.25438577535212303360
6.440000              0.25016595473558633778
6.445000              0.24563781125335518163
6.450000              0.24082176991854711834
6.455000              0.23573582402820422721
6.460000              0.23039630405597000262
6.465000              0.22482085246797253730
6.470000              0.21902695856679674224
6.475000              0.21302983529507923954
6.480000              0.20684694663671440718
6.485000              0.20049121377641154762
6.490000              0.19397964564849276559
6.495000              0.18732727347312830291
6.500000              0.18054954658846594784
6.505000              0.17366068199494086310
6.510000              0.16666850413329131753
6.515000              0.15957487726240313086
6.520000              0.15238415074704209085
6.525000              0.14509844419824663442
6.530000              0.13771910046337573763
6.535000              0.13024470418292599661
6.540000              0.12267933114384473037
6.545000              0.11502912897201159059
6.550000              0.10730586204979283838
6.555000              0.09952645540374488453
6.560000              0.09170803646180794577
6.565000              0.08387237680173281751
6.570000              0.07604186038353051569
6.575000              0.06823985741830355944
6.580000              0.06049236912004989086
6.585000              0.05281098916730848913
6.590000              0.04520990937207193527
6.595000              0.03772039793780471856
6.600000              0.03036801564332134232
6.605000              0.02316247503751861850
6.610000              0.01613174120932890296
6.615000              0.00929472477021732642
6.620000              0.00267849683205224464
6.625000             -0.00369034008788568990
6.630000             -0.00978965466745126793
6.635000             -0.01559477867879083962
6.640000             -0.02108116223884006629
6.645000             -0.02622511835337682645
6.650000             -0.03100538007342806129
6.655000             -0.03540186654669544991
6.660000             -0.03939669304023813573
6.665000             -0.04297554571827270214
6.670000             -0.04612563989213958049
6.675000             -0.04883591687609258047
6.680000             -0.05110028353379099386
6.685000             -0.05291290068393608714
6.690000             -0.05427597665720452352
6.695000             -0.05520082495267158301
6.700000             -0.05568532103079171930
6.705000             -0.05575188247699293387
6.710000             -0.05540908633010233064
6.715000             -0.05468163999693829991
6.720000             -0.05359213993432886819
6.725000             -0.05216362920492597505
6.730000             -0.05042422707820508332
6.735000             -0.04840047547556968616
6.740000             -0.04611175658056257398
6.745000             -0.04358185443942600573
6.750000             -0.04082499213183596320
6.755000             -0.03785461805460075407
6.760000             -0.03468153986060189264
6.765000             -0.03131350953036059898
6.770000             -0.02775644885852489654
6.775000             -0.02401761690419073822
6.780000             -0.02009975850876468198
6.785000             -0.01600825846054540133
6.790000             -0.01174497109062139916
6.795000             -0.00731305615382516795
6.800000             -0.00271713645470174998
6.805000              0.00203514280903162748
6.810000              0.00693209159316759971
6.815000              0.01195826105794146367
6.820000              0.01709513839387356501
6.825000              0.02232150439482936607
6.830000              0.02761460915975514838
6.835000              0.03295081208062635575
6.840000              0.03830762892625096810
6.845000              0.04366375536943859631
6.850000              0.04900446436864755451
6.855000              0.05432049373720811147
6.860000              0.05960530996481230859
6.865000              0.06486014256278978263
6.870000              0.07008697896638055314
6.875000              0.07529199629224130053
6.880000              0.08048760046580132055
6.885000              0.08568542000144785398
6.890000              0.09089781871878500896
6.895000              0.09613731330162410271
6.900000              0.10141276561847520354
6.905000              0.10673170020866480645
6.910000              0.11209307081731501032
6.915000              0.11749282056249232831
6.920000              0.12292088559522348912
6.925000              0.12836505475515627706
6.930000              0.13381260762357558014
6.935000              0.13924977617715905698
6.940000              0.14465979547685708928
6.945000              0.15002995611584615809
6.950000              0.15534362764318362937
6.955000              0.16058510396346489801
6.960000              0.16573860646799021268
6.965000              0.17078997898001679889
6.970000              0.17572232158605757824
6.975000              0.18051852975999696516
6.980000              0.18515641554292144866
6.985000              0.18962065286149046295
6.990000              0.19389425931615963949
6.995000              0.19795981037559154392
7.000000              0.20181020426257223477
7.005000              0.20543884109461330034
7.010000              0.20884395932439356325
7.015000              0.21202523089055544392
7.020000              0.21498595455565180923
7.025000              0.21772835465727860549
7.030000              0.22025853276570112049
7.035000              0.22258427552200363286
7.040000              0.22471732359454046901
7.045000              0.22666984014558735905
7.050000              0.22845367007913475188
7.055000              0.23008087184287662197
7.060000              0.23156004168637914220
7.065000              0.23289961594432820324
7.070000              0.23410191707110894477
7.075000              0.23517346506763045499
7.080000              0.23611280927312144895
7.085000              0.23692271262276778931
7.090000              0.23759236579459355743
7.095000              0.23811798148831131439
7.100000              0.23848639357917947312
7.105000              0.23868609129420212400
7.110000              0.23870457656143251324
7.115000              0.23852600445141791674
7.120000              0.23813572707123545347
7.125000              0.23751857652404209653
7.130000              0.23665893148243860589
7.135000              0.23554170294616402770
7.140000              0.23414910525086413129
7.145000              0.23246778175277224565
7.150000              0.23048689283068302114
7.155000              0.22820009325394688404
7.160000              0.22560523768824305990
7.165000              0.22270364112655988142
7.170000              0.21949709830951966150
7.175000              0.21599872532331382269
7.180000              0.21221187409097097554
7.185000              0.20814870305212337942
7.190000              0.20382192910482696546
7.195000              0.19924245409981405919
7.200000              0.19442717557419619823
7.205000              0.18938200146163944315
7.210000              0.18412046933343936828
7.215000              0.17865134074482577620
7.220000              0.17298302929887196533
7.225000              0.16712125754077788997
7.230000              0.16106924562923427557
7.235000              0.15482935227805072476
7.240000              0.14840469610119588761
7.245000              0.14179720314328644881
7.250000              0.13501046457215390428
7.255000              0.12804296721058588959
7.260000              0.12089263807662087302
7.265000              0.11355717388170655235
7.270000              0.10603527961801231805
7.275000              0.09832522364506923740
7.280000              0.09042815950078358922
7.285000              0.08234429146367666652
7.290000              0.07408004825570700669
7.295000              0.06564309635452048042
7.300000              0.05704586591074421731
7.305000              0.04830221936868568655
7.310000              0.03942655805328428020
7.315000              0.03043143763871896876
7.320000              0.02133088080283776500
7.325000              0.01213414948034587625
7.330000              0.00285579579596924316
7.335000             -0.00650967695571067709
7.340000             -0.01595690811795972761
7.345000             -0.02547802925681066227
7.350000             -0.03505927315389087418
7.355000             -0.04469332578513971616
7.360000             -0.05437246818587433694
7.365000             -0.06408547498827593669
7.370000             -0.07382226916049547394
7.375000             -0.08356941230974734847
7.380000             -0.09331152373016375623
7.385000             -0.10303524839159527993
7.390000             -0.11272580254349454099
7.395000             -0.12236820542606804962
7.400000             -0.13194616267573319734
7.405000             -0.14144321786339167368
7.410000             -0.15084522980121328750
7.415000             -0.16013648185585266370
7.420000             -0.16929792922027683821
7.425000             -0.17831536542771792009
7.430000             -0.18716957114364879411
7.435000             -0.19584552152448705953
7.440000             -0.20432799534147552678
7.445000             -0.21259988469721752269
7.450000             -0.22064303524659606426
7.455000             -0.22843761913778484751
7.460000             -0.23596773290231326525
7.465000             -0.24321743018423572225
7.470000             -0.25017583533509402116
7.475000             -0.25683198450006405889
7.480000             -0.26318006152917239326
7.485000             -0.26921452989497202113
7.490000             -0.27492732610276776617
7.495000             -0.28031266125804071843
7.500000             -0.28536944028371946658
7.505000             -0.29010156830450839482
7.510000             -0.29451094454277171319
7.515000             -0.29859331813537887124
7.520000             -0.30235071796789281251
7.525000             -0.30579314827481485217
7.530000             -0.30891133479927351813
7.535000             -0.31170911310497467772
7.540000             -0.31419347136250713737
7.545000             -0.31635569458645168561
7.550000             -0.31818709540999584595
7.555000             -0.31968919924153788026
7.560000             -0.32086399055490594234
7.565000             -0.32170334672031281054
7.570000             -0.32220332231358306263
7.575000             -0.32236030840712348589
7.580000             -0.32217007283953885688
7.585000             -0.32163644691981402302
7.590000             -0.32075980837079270946
7.595000             -0.31953983406894165276
7.600000             -0.31798459572053922040
7.605000             -0.31610287411960297232
7.610000             -0.31390972909671671642
7.615000             -0.31142373490752661702
7.620000             -0.30866221460837817148
7.625000             -0.30564832078866266407
7.630000             -0.30241237894247890994
7.635000             -0.29898803981522187323
7.640000             -0.29541327472023742873
7.645000             -0.29172550183738549245
7.650000             -0.28795849261281802889
7.655000             -0.28414312119530338308
7.660000             -0.28030541071210934856
7.665000             -0.27646323563128288869
7.670000             -0.27263401183346080980
7.675000             -0.26884030601657016302
7.680000             -0.26508550341942094253
7.685000             -0.26138183669982173463
7.690000             -0.25773854412781249668
7.695000             -0.25416141371290690287
7.700000             -0.25065218531682276204
7.705000             -0.24722175444314953285
7.710000             -0.24387404044022545357
7.715000             -0.24061264425171205450
7.720000             -0.23744260123749993951
7.725000             -0.23436737275939412140
7.730000             -0.23139198395464805058
7.735000             -0.22852190833890131949
7.740000             -0.22576382894462132533
7.745000             -0.22311901134861339413
7.750000             -0.22059559458390720632
7.755000             -0.21819530616127785771
7.760000             -0.21592101243083677842
7.765000             -0.21377506035610513435
7.770000             -0.21175494382127921233
7.775000             -0.20985872020633139501
7.780000             -0.20808332804921436665
7.785000             -0.20642185736941071061
7.790000             -0.20486744280720373124
7.795000             -0.20341160178078487863
7.800000             -0.20204565407706373548
7.805000             -0.20076040214826831876
7.810000             -0.19954603475146207026
7.815000             -0.19839128956479132326
7.820000             -0.19728859785258209825
7.825000             -0.19622948333986497960
7.830000             -0.19520331103388741112
7.835000             -0.19420415400888818569
7.840000             -0.19322403094220744202
7.845000             -0.19225691508382497519
7.850000             -0.19129996773503493701
7.855000             -0.19034810185335596100
7.860000             -0.18939981970362607111
7.865000             -0.18845385070774403613
7.870000             -0.18750702120763479419
7.875000             -0.18655961138370710795
7.880000             -0.18561348674261116121
7.885000             -0.18466783516606727344
7.890000             -0.18372533897938492231
7.895000             -0.18278822803299527022
7.900000             -0.18185889461502324771
7.905000             -0.18093636763338999396
7.910000             -0.18001815586927016888
7.915000             -0.17910960134311632030
7.920000             -0.17820547087811314246
7.925000             -0.17730577195814950509
7.930000             -0.17640772601793236474
7.935000             -0.17550690524621825883
7.940000             -0.17460032378259604524
7.945000             -0.17368305259516478301
7.950000             -0.17275136796717666110
7.955000             -0.17180007569354610597
7.960000             -0.17082300915829173871
7.965000             -0.16981556131530281539
7.970000             -0.16877314732734646774
7.975000             -0.16769128459784127250
7.980000             -0.16656600214782085745
7.985000             -0.16539897139882991928
7.990000             -0.16419635934220819240
7.995000             -0.16297259372954436829
8.000000             -0.16174514765477326916
8.005000             -0.16053291071365882736
8.010000             -0.15935591139661758886
8.015000             -0.15823532761067912733
8.020000             -0.15718980108369168258
8.025000             -0.15624329728842517584
8.030000             -0.15541149894309749802
8.035000             -0.15471842043998595972
8.040000             -0.15418273915305658051
8.045000             -0.15382180263333117276
8.050000             -0.15364911480189386017
8.055000             -0.15367625817442057135
8.060000             -0.15391047755108638873
8.065000             -0.15435911636605936792
8.070000             -0.15502581520184235964
8.075000             -0.15590954629907100015
8.080000             -0.15700786914089326363
8.085000             -0.15832076569977299174
8.090000             -0.15984240348891695649
8.095000             -0.16156645375566144884
8.100000             -0.16348749750865149144
8.105000             -0.16559813915448559629
8.110000             -0.16788785862427280104
8.115000             -0.17034935016143554209
8.120000             -0.17297157608902971604
8.125000             -0.17574466094067373034
8.130000             -0.17865794660688433249
8.135000             -0.18170177498753187217
8.140000             -0.18486780484851292328
8.145000             -0.18814837603329037652
8.150000             -0.19153835139355826489
8.155000             -0.19503421307288426600
8.160000             -0.19863283699856640330
8.165000             -0.20233191339463113545
8.170000             -0.20612719126407982873
8.175000             -0.21001183002681911294
8.180000             -0.21397330539822931317
8.185000             -0.21799649368582529885
8.190000             -0.22206223324918017425
8.195000             -0.22615128003993192896
8.200000             -0.23023310417720843635
8.205000             -0.23427589344735116894
8.210000             -0.23824717519374793984
8.215000             -0.24211606199812976681
8.220000             -0.24584831596558620603
8.225000             -0.24941060725845465296
8.230000             -0.25277397815017654814
8.235000             -0.25591034575273058360
8.240000             -0.25879931309338694012
8.245000             -0.26142208256118493193
8.250000             -0.26376161932236130703
8.255000             -0.26580784713731636648
8.260000             -0.26755099162025602899
8.265000             -0.26898228156642250974
8.270000             -0.27010200334116563070
8.275000             -0.27090666895258191937
8.280000             -0.27140079393404109576
8.285000             -0.27158879213873687863
8.290000             -0.27148121898619070880
8.295000             -0.27108698863374558474
8.300000             -0.27042009472562111849
8.305000             -0.26950010937629742536
8.310000             -0.26833694299996624366
8.315000             -0.26694094650075700370
8.320000             -0.26533142247274377201
8.325000             -0.26351813795140793806
8.330000             -0.26151611108780592474
8.335000             -0.25933461175409927568
8.340000             -0.25697592712024502903
8.345000             -0.25444908826638840127
8.350000             -0.25175624535431806450
8.355000             -0.24888938032176025072
8.360000             -0.24585242385502284468
8.365000             -0.24263726247856134965
8.370000             -0.23924293539705449030
8.375000             -0.23566868928874171174
8.380000             -0.23191501426279254039
8.385000             -0.22798694140210393200
8.390000             -0.22389349777589320767
8.395000             -0.21963846757440738666
8.400000             -0.21523821122525793603
8.405000             -0.21070795725106516993
8.410000             -0.20606701478151412399
8.415000             -0.20133491141388967782
8.420000             -0.19654099344296593888
8.425000             -0.19171706765822876806
8.430000             -0.18689309841657752997
8.435000             -0.18209999556888417649
8.440000             -0.17736619586158403061
8.445000             -0.17272026635594101007
8.450000             -0.16818810017638752274
8.455000             -0.16378552721158842753
8.460000             -0.15953194867885930885
8.465000             -0.15543801142259791592
8.470000             -0.15151167302302151474
8.475000             -0.14775761069648876700
8.480000             -0.14417602222031944414
8.485000             -0.14076753058350982561
8.490000             -0.13752994917236946448
8.495000             -0.13446292806771034667
8.500000             -0.13156670961335997783
8.505000             -0.12883995837587028377
8.510000             -0.12628602359674453992
8.515000             -0.12390350530324831246
8.520000             -0.12169640180468258017
8.525000             -0.11966877830597338894
8.530000             -0.11782515809789392836
8.535000             -0.11617146423786757492
8.540000             -0.11471405497150104213
8.545000             -0.11346216307065180862
8.550000             -0.11242554858814264584
8.555000             -0.11161311319013531018
8.560000             -0.11103590901860667384
8.565000             -0.11070556657282516755
8.570000             -0.11063183268684817495
8.575000             -0.11082638864403301926
8.580000             -0.11129829589844948690
8.585000             -0.11205359981969456595
8.590000             -0.11309157121358143216
8.595000             -0.11441325383781802971
8.600000             -0.11601111124481036652
8.605000             -0.11787388285576742841
8.610000             -0.11999063963216918816
8.615000             -0.12234429294654419751
8.620000             -0.12492169116641266280
8.625000             -0.12770629513500400543
8.630000             -0.13068297015998014965
8.635000             -0.13383659029397174112
8.640000             -0.13715629411183374864
8.645000             -0.14063066241115951271
8.650000             -0.14425074171643326171
8.655000             -0.14801008371307933231
8.660000             -0.15190211075523130102
8.665000             -0.15591934012169236801
8.670000             -0.16005470430485821409
8.675000             -0.16430360888250511442
8.680000             -0.16865209310950232680
8.685000             -0.17308293226440149559
8.690000             -0.17757727595269751086
8.695000             -0.18211470853838127026
8.700000             -0.18667372837727960744
8.705000             -0.19122928455433238493
8.710000             -0.19575513627081650436
8.715000             -0.20022165919858922467
8.720000             -0.20460040352807240538
8.725000             -0.20886211844774510427
8.730000             -0.21297623298261175728
8.735000             -0.21691633661074471995
8.740000             -0.22065751714778614190
8.745000             -0.22417415868551265890
8.750000             -0.22744585185696858387
8.755000             -0.23045618123608632710
8.760000             -0.23318897519796566442
8.765000             -0.23563256310304975250
8.770000             -0.23778018836235162436
8.775000             -0.23962716894151506186
8.780000             -0.24117539565515153099
8.785000             -0.24242678036373127570
8.790000             -0.24339495632700858252
8.795000             -0.24409576954403700011
8.800000             -0.24455364692050848840
8.805000             -0.24479363678426011020
8.810000             -0.24483904820085869436
8.815000             -0.24471567609016917078
8.820000             -0.24444284077107239495
8.825000             -0.24403622949422365540
8.830000             -0.24351275054040749657
8.835000             -0.24288267856693082636
8.840000             -0.24216000685896957312
8.845000             -0.24135167312365926606
8.850000             -0.24046849051090948834
8.855000             -0.23951559793870752513
8.860000             -0.23849629391305302017
8.865000             -0.23741672764831742160
8.870000             -0.23627403447916472956
8.875000             -0.23506259948212937516
8.880000             -0.23378265050861682384
8.885000             -0.23243055769151008128
8.890000             -0.23100299122053463696
8.895000             -0.22949960340978314832
8.900000             -0.22791929464096935543
8.905000             -0.22626396544011975753
8.910000             -0.22453583485256675689
8.915000             -0.22273708069039122037
8.920000             -0.22087270494373137386
8.925000             -0.21894486623258113678
8.930000             -0.21696310538649923871
8.935000             -0.21493539074507844733
8.940000             -0.21287077586075944802
8.945000             -0.21078303331908535001
8.950000             -0.20868314306125884672
8.955000             -0.20658631566574114924
8.960000             -0.20450293974823652299
8.965000             -0.20244611930467548699
8.970000             -0.20042512516981395021
8.975000             -0.19844773460565512391
8.980000             -0.19651763542276537433
8.985000             -0.19463965090522122869
8.990000             -0.19281235699388948879
8.995000             -0.19103471642091560123
9.000000             -0.18929981296934461632
9.005000             -0.18760478995360174714
9.010000             -0.18594293604009040632
9.015000             -0.18430690945761818433
9.020000             -0.18269230143291767532
9.025000             -0.18109554771726693589
9.030000             -0.17950798888892521843
9.035000             -0.17792549601921456293
9.040000             -0.17634674570634678581
9.045000             -0.17477152989364694302
9.050000             -0.17320087595498939725
9.055000             -0.17163946567995952419
9.060000             -0.17008918806075545849
9.065000             -0.16855577058272466773
9.070000             -0.16704435485356297630
9.075000             -0.16556647959183692920
9.080000             -0.16412496992958255926
9.085000             -0.16272301525703108949
9.090000             -0.16136763427082895239
9.095000             -0.16006277064564192192
9.100000             -0.15881125720754221686
9.105000             -0.15761619076688357377
9.110000             -0.15647890279836665361
9.115000             -0.15540422553387409077
9.120000             -0.15439642684718452026
9.125000             -0.15346015187350570130
9.130000             -0.15260158800262577095
9.135000             -0.15182884360980838934
9.140000             -0.15115017793721644002
9.145000             -0.15057429674036043599
9.150000             -0.15011172593967625488
9.155000             -0.14977367083965903438
9.160000             -0.14956958706444889451
9.165000             -0.14951061667710932590
9.170000             -0.14959874183531648995
9.175000             -0.14984161323480008066
9.180000             -0.15024922185862243929
9.185000             -0.15082428545492898575
9.190000             -0.15157043442938222810
9.195000             -0.15248960920552492859
9.200000             -0.15358023231739448278
9.205000             -0.15483939305606531089
9.210000             -0.15626166102339747455
9.215000             -0.15783818723423601038
9.220000             -0.15956205884211352442
9.225000             -0.16142022596583319172
9.230000             -0.16339403212953604316
9.235000             -0.16546568589389226700
9.240000             -0.16761545845049258263
9.245000             -0.16982304854348312384
9.250000             -0.17206779576047737113
9.255000             -0.17432906888065194395
9.260000             -0.17658900898681270664
9.265000             -0.17883066902445804436
9.270000             -0.18103780658813140025
9.275000             -0.18319517465834564418
9.280000             -0.18529266703341340516
9.285000             -0.18732182153161963667
9.290000             -0.18927916176854628350
9.295000             -0.19116191815962860212
9.300000             -0.19297012911520744494
9.305000             -0.19470567763016927154
9.310000             -0.19637531964744481261
9.315000             -0.19798444550547256160
9.320000             -0.19954187494000233394
9.325000             -0.20105402110294187668
9.330000             -0.20252907963250713075
9.335000             -0.20397415349994602041
9.340000             -0.20539749517487648767
9.345000             -0.20680022061598402061
9.350000             -0.20819165384153359710
9.355000             -0.20957100197525074803
9.360000             -0.21093625906973495487
9.365000             -0.21228163171505637363
9.370000             -0.21360787754850671383
9.375000             -0.21490770080640178574
9.380000             -0.21617786378771980393
9.385000             -0.21741406729731882486
9.390000             -0.21861042576939765381
9.395000             -0.21976339460735369591
9.400000             -0.22086688381714086882
9.405000             -0.22191607731764098621
9.410000             -0.22290658593196469028
9.415000             -0.22383495445538448276
9.420000             -0.22469796808812192435
9.425000             -0.22549325608120737718
9.430000             -0.22621914667935774657
9.435000             -0.22687596133961979161
9.440000             -0.22746353447323630625
9.445000             -0.22798350581514825741
9.450000             -0.22843548472552485662
9.455000             -0.22882146638380676529
9.460000             -0.22914597381332102444
9.465000             -0.22940964234839017477
9.470000             -0.22961806011615210066
9.475000             -0.22977356351154096248
9.480000             -0.22988044562458490039
9.485000             -0.22994197865375279322
9.490000             -0.22995961038472459426
9.495000             -0.22994042881224890928
9.500000             -0.22988512879155309498
9.505000             -0.22979632962550977648
9.510000             -0.22967667821917178705
9.515000             -0.22952814687012329520
9.520000             -0.22935115216516471781
9.525000             -0.22914914022862381549
9.530000             -0.22892379047560065808
9.535000             -0.22867603860974880514
9.540000             -0.22840996496429724627
9.545000             -0.22812083087402909576
9.550000             -0.22780727557634919411
9.555000             -0.22747271961777273952
9.560000             -0.22711372361499265748
9.565000             -0.22672720884938285524
9.570000             -0.22631030961236173193
9.575000             -0.22585384066755298527
9.580000             -0.22535402793924899645
9.585000             -0.22480353650292791978
9.590000             -0.22419553871159120240
9.595000             -0.22352316829889512517
9.600000             -0.22278267105484664268
9.605000             -0.22196957888099114187
9.610000             -0.22108291494728660176
9.615000             -0.22012087074684885679
9.620000             -0.21908234420463898462
9.625000             -0.21796902582532673431
9.630000             -0.21678804444268101603
9.635000             -0.21554184683544672096
9.640000             -0.21423696617730342284
9.645000             -0.21288209635685656496
9.650000             -0.21148241898506028869
9.655000             -0.21004509966437137636
9.660000             -0.20857732113333796176
9.665000             -0.20709397462158332659
9.670000             -0.20561012909633366585
9.675000             -0.20413856710456268484
9.680000             -0.20268312563355156408
9.685000             -0.20125405986048680584
9.690000             -0.19985786106076222635
9.695000             -0.19849825429967474233
9.700000             -0.19718017358830114416
9.705000             -0.19590564846918023800
9.710000             -0.19467652138099417192
9.715000             -0.19348737178653013791
9.720000             -0.19233317317852735573
9.725000             -0.19120555231019351061
9.730000             -0.19009691130006736715
9.735000             -0.18899850975278761900
9.740000             -0.18790320255457659826
9.745000             -0.18680309465839242677
9.750000             -0.18569295705267852004
9.755000             -0.18456262660626099326
9.760000             -0.18340920939674368317
9.765000             -0.18222858205455841341
9.770000             -0.18102015058236894940
9.775000             -0.17978211829359450058
9.780000             -0.17851941587231651143
9.785000             -0.17723225805481071515
9.790000             -0.17592684215747186882
9.795000             -0.17460695291637021165
9.800000             -0.17327973340005836667
9.805000             -0.17195224487486526765
9.810000             -0.17063302569735494529
9.815000             -0.16932784191784253092
9.820000             -0.16804348901339435929
9.825000             -0.16678724474210790407
9.830000             -0.16556659615279684106
9.835000             -0.16438650262382845102
9.840000             -0.16324921175914164362
9.845000             -0.16216366206166826780
9.850000             -0.16112915866870641812
9.855000             -0.16014754575210213283
9.860000             -0.15921802908017876343
9.865000             -0.15834140059126228239
9.870000             -0.15751018708404096458
9.875000             -0.15672359797146825922
9.880000             -0.15597689541193437979
9.885000             -0.15526820523063247781
9.890000             -0.15459360185132622889
9.895000             -0.15395023715158881461
9.900000             -0.15333709933284625504
9.905000             -0.15275144180270741612
9.910000             -0.15219452570935468327
9.915000             -0.15166650744638501824
9.920000             -0.15116906885313458053
9.925000             -0.15069962249712587354
9.930000             -0.15025980984625222914
9.935000             -0.14985077006247118914
9.940000             -0.14947147080528905283
9.945000             -0.14912460991929374354
9.950000             -0.14880644550181290620
9.955000             -0.14851962249603886668
9.960000             -0.14826527590885368868
9.965000             -0.14804262467638126810
9.970000             -0.14785253723455904495
9.975000             -0.14769805207240518929
9.980000             -0.14757836315114281067
9.985000             -0.14748876847564576509
9.990000             -0.14744035133300192886
9.995000             -0.14743418958633042193
10.000000             -0.14747851742456657975
10.005000             -0.14758523793043787364
10.010000             -0.14775788161570194146
10.015000             -0.14800517889532163740
10.020000             -0.14833574863178972114
10.025000             -0.14876097734628351832
10.030000             -0.14928568116462764825
10.035000             -0.14991891616156985401
10.040000             -0.15066480164173970402
10.045000             -0.15152046431780008540
10.050000             -0.15249183098695920369
10.055000             -0.15357821178682778962
10.060000             -0.15477828392134684865
10.065000             -0.15608895605241948634
10.070000             -0.15750752579494659011
10.075000             -0.15902913807468163632
10.080000             -0.16064894706072810338
10.085000             -0.16236121260776928410
10.090000             -0.16416260560221032638
10.095000             -0.16604322158141782140
10.100000             -0.16799764712019452095
10.105000             -0.17002098708915305836
10.110000             -0.17210455722100639897
10.115000             -0.17424357680479596322
10.120000             -0.17642976053133624381
10.125000             -0.17865583451410349536
10.130000             -0.18092471087007361286
10.135000             -0.18323164038430878042
10.140000             -0.18557512136933873581
10.145000             -0.18795630763659706974
10.150000             -0.19037515265919124907
10.155000             -0.19282929524672950961
10.160000             -0.19531925620721171666
10.165000             -0.19783877309610131690
10.170000             -0.20038449649110523509
10.175000             -0.20295072922423298967
10.180000             -0.20552761879269354495
10.185000             -0.20810646495854909221
10.190000             -0.21066940751940868570
10.195000             -0.21320678980039931005
10.200000             -0.21569967550314750326
10.205000             -0.21813643060070558866
10.210000             -0.22050023063135013035
10.215000             -0.22278126365739098214
10.220000             -0.22496508369361728485
10.225000             -0.22703929967461886075
10.230000             -0.22899144898547835192
10.235000             -0.23080956336723656985
10.240000             -0.23248314598315297785
10.245000             -0.23400189722112868518
10.250000             -0.23535549883303991114
10.255000             -0.23653517860473255441
10.260000             -0.23753372247143419993
10.265000             -0.23834669897286478446
10.270000             -0.23896900363937198519
10.275000             -0.23939556085949059705
10.280000             -0.23962442133117431431
10.285000             -0.23965399080918012298
10.290000             -0.23948358065088051760
10.295000             -0.23911254320796859751
10.300000             -0.23854070009888744819
10.305000             -0.23776890461299296509
10.310000             -0.23679686450540868292
10.315000             -0.23562261941668741216
10.320000             -0.23424859734390263144
10.325000             -0.23267424855543022977
10.330000             -0.23089857250614070905
10.335000             -0.22892386195518346637
10.340000             -0.22675269258651001292
10.345000             -0.22438830805822257419
10.350000             -0.22183722570864647383
10.355000             -0.21910795100325583529
10.360000             -0.21620830770607440963
10.365000             -0.21314913627665688090
10.370000             -0.20994282707852546244
10.375000             -0.20660606884132304284
10.380000             -0.20315059767802728929
10.385000             -0.19959295931575904426
10.390000             -0.19595290698955630804
10.395000             -0.19224036834264376927
10.400000             -0.18847177610141913062
10.405000             -0.18466614470430606221
10.410000             -0.18083642316858108967
10.415000             -0.17699641196690085732
10.420000             -0.17316057467635129208
10.425000             -0.16933879418235239789
10.430000             -0.16554212809529811334
10.435000             -0.16177929110060043638
10.440000             -0.15805902650394124120
10.445000             -0.15439092651002209178
10.450000             -0.15078296635111460011
10.455000             -0.14724225701344267891
10.460000             -0.14377790013920155321
10.465000             -0.14039373753843417680
10.470000             -0.13709680118701528251
10.475000             -0.13389343186156382748
10.480000             -0.13078966633225189153
10.485000             -0.12779257138380262226
10.490000             -0.12490668598113813248
10.495000             -0.12214087940505570506
10.500000             -0.11950787249848449090
10.505000             -0.11701935136329462417
10.510000             -0.11469025100329832689
10.515000             -0.11253418471926623923
10.520000             -0.11056582130150763299
10.525000             -0.10879920684316723989
10.530000             -0.10724581809994467030
10.535000             -0.10591715457264688771
10.540000             -0.10481785844313454281
10.545000             -0.10395309917626725793
10.550000             -0.10332828752492169422
10.555000             -0.10295304577638487997
10.560000             -0.10282025262928537468
10.565000             -0.10293910451308894982
10.570000             -0.10330569629672166354
10.575000             -0.10391374544341706876
10.580000             -0.10476897067204479774
10.585000             -0.10585784351486579591
10.590000             -0.10717958688848025495
10.595000             -0.10872371686872296659
10.600000             -0.11047991770701542924
10.605000             -0.11243893438965787968
10.610000             -0.11458617657543548884
10.615000             -0.11690883368604092218
10.620000             -0.11939230485744811716
10.625000             -0.12202072557952511889
10.630000             -0.12478020819052490498
10.635000             -0.12765507136896442342
10.640000             -0.13063052321592635852
10.645000             -0.13369314845338864384
10.650000             -0.13682827638010497395
10.655000             -0.14002167433278639441
10.660000             -0.14325943294150686458
10.665000             -0.14652675216830104987
10.670000             -0.14980995799920043821
10.675000             -0.15309583692801481680
10.680000             -0.15637188204832330740
10.685000             -0.15962540245481848800
10.690000             -0.16284177415341211104
10.695000             -0.16601141704419114520
10.700000             -0.16912356834605776768
10.705000             -0.17216612012604948223
10.710000             -0.17513126458229949511
10.715000             -0.17800946986188770360
10.720000             -0.18079734285195878107
10.725000             -0.18348496273046546734
10.730000             -0.18607222452487642839
10.735000             -0.18855362681128096103
10.740000             -0.19093225226027235597
10.745000             -0.19321084408868380300
10.750000             -0.19539229622748166548
10.755000             -0.19747801733472819530
10.760000             -0.19947438402194295204
10.765000             -0.20138030817384647286
10.770000             -0.20320183887559889468
10.775000             -0.20493843636576616896
10.780000             -0.20659271252434840971
10.785000             -0.20815856758293252438
10.790000             -0.20963670265892195288
10.795000             -0.21102342473627369590
10.800000             -0.21231610466797570802
10.805000             -0.21351080785382706151
10.810000             -0.21460282785183801280
10.815000             -0.21558556096365788513
10.820000             -0.21645336993740571518
10.825000             -0.21720023124758558453
10.830000             -0.21782054888173330021
10.835000             -0.21830649800329338106
10.840000             -0.21865490124084918655
10.845000             -0.21885711517603348431
10.850000             -0.21891638361665233248
10.855000             -0.21882885599452328584
10.860000             -0.21860124200269689942
10.865000             -0.21823382947966640799
10.870000             -0.21773299717415095511
10.875000             -0.21710310120651471477
10.880000             -0.21635521944085567281
10.885000             -0.21549968734096033862
10.890000             -0.21454406753110713546
10.895000             -0.21350029921548946410
10.900000             -0.21237722841217324121
10.905000             -0.21118291953047205189
10.910000             -0.20992466642181464853
10.915000             -0.20860923461139754820
10.920000             -0.20724153470260131549
10.925000             -0.20582536702454065636
10.930000             -0.20436171950729140057
10.935000             -0.20285372830556408497
10.940000             -0.20130289056673358883
10.945000             -0.19970760629200687286
10.950000             -0.19806781176789564625
10.955000             -0.19637819582059579115
10.960000             -0.19463658195399960449
10.965000             -0.19284051465255969138
10.970000             -0.19098821450144262690
10.975000             -0.18907947942699718236
10.980000             -0.18711384376018969089
10.985000             -0.18509073691586616639
10.990000             -0.18301571338802269384
10.995000             -0.18088989789133128050
11.000000             -0.17871975836121462011
11.005000             -0.17651193488333727366
11.010000             -0.17427329263520169311
11.015000             -0.17201493904842354854
11.020000             -0.16974706575996806324
11.025000             -0.16748270177498866818
11.030000             -0.16523817403636753554
11.035000             -0.16303161201773777589
11.040000             -0.16088031114785697473
11.045000             -0.15879711013461567104
11.050000             -0.15679503457539828437
11.055000             -0.15488515845416353511
11.060000             -0.15307446014645731402
11.065000             -0.15137026710613268876
11.070000             -0.14977955744320151088
11.075000             -0.14830662586516873969
11.080000             -0.14695509503987302935
11.085000             -0.14572702220928210326
11.090000             -0.14462084720111070824
11.095000             -0.14363907670788170212
11.100000             -0.14278227720264899392
11.105000             -0.14204815400741888087
11.110000             -0.14143285061547214432
11.115000             -0.14093291960793338791
11.120000             -0.14054479445145096062
11.125000             -0.14026301151798101219
11.130000             -0.14008251084776798812
11.135000             -0.14000170381632939809
11.140000             -0.14001904526905506465
11.145000             -0.14013323700251478776
11.150000             -0.14034601598164514469
11.155000             -0.14065576797780682261
11.160000             -0.14106069819296279677
11.165000             -0.14156147166941543403
11.170000             -0.14215808290137565972
11.175000             -0.14285021206192355381
11.180000             -0.14363814375000272250
11.185000             -0.14452103380047373604
11.190000             -0.14549687981766440403
11.195000             -0.14656557597637390189
11.200000             -0.14772584281840336895
11.205000             -0.14897381154526206926
11.210000             -0.15030795401371321862
11.215000             -0.15172678446072279668
11.220000             -0.15322559120290341061
11.225000             -0.15479900204486629622
11.230000             -0.15643811491385908874
11.235000             -0.15814018618081332468
11.240000             -0.15989809261543785901
11.245000             -0.16170671737044520211
11.250000             -0.16355882128649321117
11.255000             -0.16544674084295526995
11.260000             -0.16736471066600988600
11.265000             -0.16930880752668014955
11.270000             -0.17127359110982978696
11.275000             -0.17325205858894704436
11.280000             -0.17523916584583232314
11.285000             -0.17723125628200689374
11.290000             -0.17922211711325916617
11.295000             -0.18120652911061607693
11.300000             -0.18318181290946894402
11.305000             -0.18514270181408779004
11.310000             -0.18708294155218696542
11.315000             -0.18899794985183790419
11.320000             -0.19088004893405605134
11.325000             -0.19272600282536950234
11.330000             -0.19452935089930892265
11.335000             -0.19628273737691548373
11.340000             -0.19798233901351400266
11.345000             -0.19962034931457489639
11.350000             -0.20119537252006863826
11.355000             -0.20269787087360771616
11.360000             -0.20412112561829726110
11.365000             -0.20546309479219920791
11.370000             -0.20671820992109987691
11.375000             -0.20788083273912855153
11.380000             -0.20894616873106133803
11.385000             -0.20990960564727884075
11.390000             -0.21076637859980157375
11.395000             -0.21151341379972127266
11.400000             -0.21214839927043455114
11.405000             -0.21266779338600969029
11.410000             -0.21306925580740682102
11.415000             -0.21335309104684047066
11.420000             -0.21351953048289629145
11.425000             -0.21357096663248775759
11.430000             -0.21350784262522903845
11.435000             -0.21333003015970786187
11.440000             -0.21303911339877731890
11.445000             -0.21263654400608955619
11.450000             -0.21212458841156006661
11.455000             -0.21150694983976420227
11.460000             -0.21078891986936895697
11.465000             -0.20996834113998530391
11.470000             -0.20904851665169349451
11.475000             -0.20803250847043833205
11.480000             -0.20692118056998742848
11.485000             -0.20571642310829116318
11.490000             -0.20441594502784307674
11.495000             -0.20302514632809159911
11.500000             -0.20154258279503919904
11.505000             -0.19997479413537949666
11.510000             -0.19832041589411300575
11.515000             -0.19657596934621551776
11.520000             -0.19474545136768042775
11.525000             -0.19282913324451872450
11.530000             -0.19083069262213517292
11.535000             -0.18875343277822800858
11.540000             -0.18660325809825217824
11.545000             -0.18438659673398807848
11.550000             -0.18210739835827569055
11.555000             -0.17977487342010808891
11.560000             -0.17739843883787276280
11.565000             -0.17498355539958590499
11.570000             -0.17253877539877029990
11.575000             -0.17006843276744920690
11.580000             -0.16758429977075542383
11.585000             -0.16509259758684094455
11.590000             -0.16260561746330842725
11.595000             -0.16013023910996154742
11.600000             -0.15767074055982641112
11.605000             -0.15523497343442602125
11.610000             -0.15282907517304969436
11.615000             -0.15046028403346706215
11.620000             -0.14813349821956839358
11.625000             -0.14585986171224607499
11.630000             -0.14364487753384094781
11.635000             -0.14149514768126023045
11.640000             -0.13941796402326900317
11.645000             -0.13742246103840835558
11.650000             -0.13551558489085177572
11.655000             -0.13370685608869059546
11.660000             -0.13200505829474901143
11.665000             -0.13041913543142055754
11.670000             -0.12895795218224243017
11.675000             -0.12763095709026897606
11.680000             -0.12644607196586679643
11.685000             -0.12540940967888250523
11.690000             -0.12452828352272353463
11.695000             -0.12380831798284495926
11.700000             -0.12325375089205167778
11.705000             -0.12287107960536201856
11.710000             -0.12265861888949945724
11.715000             -0.12261889501784288548
11.720000             -0.12275062021124294454
11.725000             -0.12305071092113011033
11.730000             -0.12351675637248216155
11.735000             -0.12414424725119793669
11.740000             -0.12492854819271294320
11.745000             -0.12586025601513428640
11.750000             -0.12693344218280550040
11.755000             -0.12814061260425774202
11.760000             -0.12947285434275462856
11.765000             -0.13092205377423418722
11.770000             -0.13247981898662281042
11.775000             -0.13413994605358478540
11.780000             -0.13589637307345328598
11.785000             -0.13774423033537758210
11.790000             -0.13968037707165067984
11.795000             -0.14170239325176930967
11.800000             -0.14380899062651891773
11.805000             -0.14599978017037135158
11.810000             -0.14827545813874190572
11.815000             -0.15063427739948809236
11.820000             -0.15307488702148827620
11.825000             -0.15559523631456598225
11.830000             -0.15819533006636696260
11.835000             -0.16087040940399735534
11.840000             -0.16361434684168088549
11.845000             -0.16642189967561732411
11.850000             -0.16928650341755488440
11.855000             -0.17219870458493560794
11.860000             -0.17515021395986907216
11.865000             -0.17813137646702292827
11.870000             -0.18112967432814591762
11.875000             -0.18413350335758038590
11.880000             -0.18713347348965911343
11.885000             -0.19011689459768418842
11.890000             -0.19307202382500202043
11.895000             -0.19598884019167342463
11.900000             -0.19885607834486021539
11.905000             -0.20166463620582533722
11.910000             -0.20440447678462433934
11.915000             -0.20706796274389119294
11.920000             -0.20964944262011805942
11.925000             -0.21214176979294860348
11.930000             -0.21453827345453460596
11.935000             -0.21683090484725273117
11.940000             -0.21901636485162956358
11.945000             -0.22108846359377040680
11.950000             -0.22304822383378894446
11.955000             -0.22489151302004312116
11.960000             -0.22661588768334206545
11.965000             -0.22821872178253832519
11.970000             -0.22970033409908094391
11.975000             -0.23106153826723946354
11.980000             -0.23229537980465012059
11.985000             -0.23340040043286061633
11.990000             -0.23437156408606757418
11.995000             -0.23520353387339115736
12.000000             -0.23589214004784742063
12.005000             -0.23643057505018058584
12.010000             -0.23681655704872847656
12.015000             -0.23704302944949265375
12.020000             -0.23710762601782234271
12.025000             -0.23700840593772273812
12.030000             -0.23674466089745263564
12.035000             -0.23631635362572370185
12.040000             -0.23572527873681695110
12.045000             -0.23497312859004612640
12.050000             -0.23406390413759387004
12.055000             -0.23300031932030515480
12.060000             -0.23178705070986291292
12.065000             -0.23042672719147883065
12.070000             -0.22892443475639434602
12.075000             -0.22728163775203777397
12.080000             -0.22550642403884221809
12.085000             -0.22359960272904652601
12.090000             -0.22156858289203193446
12.095000             -0.21941316561191664958
12.100000             -0.21713764819832259700
12.105000             -0.21474384510707950069
12.110000             -0.21223538391377763657
12.115000             -0.20961632065932053748
12.120000             -0.20688928895294053656
12.125000             -0.20406018425855357301
12.130000             -0.20113564394602098662
12.135000             -0.19812234755435451095
12.140000             -0.19502843243978040810
12.145000             -0.19186360240612912453
12.150000             -0.18863837648085790555
12.155000             -0.18536399765610714341
12.160000             -0.18205243040832358448
12.165000             -0.17871804434577875931
12.170000             -0.17537209462783409641
12.175000             -0.17202731730480105843
12.180000             -0.16869761033824706709
12.185000             -0.16539758035109139445
12.190000             -0.16213693197370282473
12.195000             -0.15892709709384242323
12.200000             -0.15577712681856265009
12.205000             -0.15269543861239334714
12.210000             -0.14968916876026588936
12.215000             -0.14676513964824186576
12.220000             -0.14392725622008720188
12.225000             -0.14117960088264966401
12.230000             -0.13852572854549999315
12.235000             -0.13596584634755667920
12.240000             -0.13350099450785121724
12.245000             -0.13113194553638310436
12.250000             -0.12885939871678905866
12.255000             -0.12668330100315652875
12.260000             -0.12460422283925602638
12.265000             -0.12262426925633058972
12.270000             -0.12074621013836173145
12.275000             -0.11897405984505882159
12.280000             -0.11731176196134467105
12.285000             -0.11576478048505232932
12.290000             -0.11433926237783587077
12.295000             -0.11304145775710970623
12.300000             -0.11187719689098014897
12.305000             -0.11085306169892905626
12.310000             -0.10997410601945444009
12.315000             -0.10924517452417019381
12.320000             -0.10866982107665590362
12.325000             -0.10825044382691353939
12.330000             -0.10798816295232106788
12.335000             -0.10788150720726183418
12.340000             -0.10793046083568440252
12.345000             -0.10813075487248796636
12.350000             -0.10847716207134820710
12.355000             -0.10896197190593871762
12.360000             -0.10958373696625703375
12.365000             -0.11033282366614292902
12.370000             -0.11120356007573284352
12.375000             -0.11219194448641332806
12.380000             -0.11329118147133152017
12.385000             -0.11449712498677835915
12.390000             -0.11580664785545038975
12.395000             -0.11721771317350095087
12.400000             -0.11872918135571650100
12.405000             -0.12034094741455728106
12.410000             -0.12205344955617439262
12.415000             -0.12386706905947292290
12.420000             -0.12578321174330187038
12.425000             -0.12780264369382965395
12.430000             -0.12992610503681528700
12.435000             -0.13215322983998470385
12.440000             -0.13448252625691065054
12.445000             -0.13691110010499160654
12.450000             -0.13943457952896717855
12.455000             -0.14204679890662375019
12.460000             -0.14473976037928867888
12.465000             -0.14750561758840033399
12.470000             -0.15033368193392496193
12.475000             -0.15321760026652542219
12.480000             -0.15614172615572041725
12.485000             -0.15909485047645080535
12.490000             -0.16206435131575996911
12.495000             -0.16503868998683987601
12.500000             -0.16800894291138657177
12.505000             -0.17096437493997190815
12.510000             -0.17389614437993827778
12.515000             -0.17680015298223927811
12.520000             -0.17966212940017797783
12.525000             -0.18247809184430524576
12.530000             -0.18524080006634857654
12.535000             -0.18794611078519476988
12.540000             -0.19059175791641536080
12.545000             -0.19317359154016938705
12.550000             -0.19568426247097375770
12.555000             -0.19812922714018099679
12.560000             -0.20050140392750706586
12.565000             -0.20279664702597291481
12.570000             -0.20500644118906966029
12.575000             -0.20713073835211454066
12.580000             -0.20916535445873213339
12.585000             -0.21110763081271327612
12.590000             -0.21295696524868892863
12.595000             -0.21470652249553517921
12.600000             -0.21635478764616564162
12.605000             -0.21790005177133547898
12.610000             -0.21933980572296626899
12.615000             -0.22067077277064267582
12.620000             -0.22188652345906278995
12.625000             -0.22298698985795009642
12.630000             -0.22397212577814568091
12.635000             -0.22483802540519423618
12.640000             -0.22558221682832785282
12.645000             -0.22620611729796238909
12.650000             -0.22671448370108224224
12.655000             -0.22710450227552114733
12.660000             -0.22737777831039998611
12.665000             -0.22753547905998000589
12.670000             -0.22757753663441873671
12.675000             -0.22750412433644137677
12.680000             -0.22731513232679864678
12.685000             -0.22701163395874335293
12.690000             -0.22659340439779360188
12.695000             -0.22606034435537961103
12.700000             -0.22541219658192088171
12.705000             -0.22464587751928707937
12.710000             -0.22376808504456940918
12.715000             -0.22277315626308039076
12.720000             -0.22166260485841773886
12.725000             -0.22043932852531786248
12.730000             -0.21910353627134243615
12.735000             -0.21765385977903864423
12.740000             -0.21609693292258400077
12.745000             -0.21443365392221377941
12.750000             -0.21266768974109365176
12.755000             -0.21080344720295160488
12.760000             -0.20884689740867024010
12.765000             -0.20680410449852837385
12.770000             -0.20467975429575877011
12.775000             -0.20248213565008474357
12.780000             -0.20021981178123801626
12.785000             -0.19790177050088400557
12.790000             -0.19553663412653946030
12.795000             -0.19313536856123714180
12.800000             -0.19070621431695930492
12.805000             -0.18825816122466323965
12.810000             -0.18580004733986715815
12.815000             -0.18334105404338463252
12.820000             -0.18088652655417858384
12.825000             -0.17844448594086589899
12.830000             -0.17602303331756102844
12.835000             -0.17362874875569450639
12.840000             -0.17126809539468784704
12.845000             -0.16894797085918084045
12.850000             -0.16667555170938466724
12.855000             -0.16445672216608125948
12.860000             -0.16229840668512429680
12.865000             -0.16020400020720812484
12.870000             -0.15817892753300813458
12.875000             -0.15622984358139571648
12.880000             -0.15436366465994028063
12.885000             -0.15258787807277474080
12.890000             -0.15090650855164147726
12.895000             -0.14932425044073988074
12.900000             -0.14784440044415667059
12.905000             -0.14647084129482723647
12.910000             -0.14520673827194796601
12.915000             -0.14405469511758148271
12.920000             -0.14301662785629948305
12.925000             -0.14209478546707784985
12.930000             -0.14128953389640824811
12.935000             -0.14060237490971300156
12.940000             -0.14003481610101242705
12.945000             -0.13958817391497677085
12.950000             -0.13926318746831506390
12.955000             -0.13906222351643765522
12.960000             -0.13898510353946452733
12.965000             -0.13903634664564665235
12.970000             -0.13921735905955770485
12.975000             -0.13952999652109385198
12.980000             -0.13997479367635640157
12.985000             -0.14055401638433015488
12.990000             -0.14126865791950898865
12.995000             -0.14211881764204778444
13.000000             -0.14310197132782054297
13.005000             -0.14421777476519209715
13.010000             -0.14546330271157281722
13.015000             -0.14683500264793730716
13.020000             -0.14832778432536414259
13.025000             -0.14993627013230462208
13.030000             -0.15165373374971760634
13.035000             -0.15347232017336009946
13.040000             -0.15538507281828009554
13.045000             -0.15737517341149534489
13.050000             -0.15943491166202147791
13.055000             -0.16155269049119685976
13.060000             -0.16371440198851971992
13.065000             -0.16590868865848276692
13.070000             -0.16812129412497733849
13.075000             -0.17033940439004899292
13.080000             -0.17255124616503408896
13.085000             -0.17474388065767831879
13.090000             -0.17690688726401451736
13.095000             -0.17903034597559899788
13.100000             -0.18110547876182292448
13.105000             -0.18312695324989966550
13.110000             -0.18508618465030712841
13.115000             -0.18697933179711004326
13.120000             -0.18880381673558957467
13.125000             -0.19055475735989621522
13.130000             -0.19223174065824830126
13.135000             -0.19383214542012947024
13.140000             -0.19535606466316174368
13.145000             -0.19680265902755114671
13.150000             -0.19817123619200147089
13.155000             -0.19946084260621366191
13.160000             -0.20066986012227686076
13.165000             -0.20179712218355763675
13.170000             -0.20284173652208559169
13.175000             -0.20380252136730700463
13.180000             -0.20468026612162057432
13.185000             -0.20547068098777609979
13.190000             -0.20617500928941165372
13.195000             -0.20679077448701310704
13.200000             -0.20731599566223427034
13.205000             -0.20775281888825142262
13.210000             -0.20809474380900716550
13.215000             -0.20834182562761852098
13.220000             -0.20849539563906888118
13.225000             -0.20855787841308137676
13.230000             -0.20852941630286456198
13.235000             -0.20841381136849196354
13.240000             -0.20821104296603062944
13.245000             -0.20792521229519855819
13.250000             -0.20755809824886706227
13.255000             -0.20711287105651937646
13.260000             -0.20659264234542792926
13.265000             -0.20600087341740008773
13.270000             -0.20534041918939402449
13.275000             -0.20461427477689683729
13.280000             -0.20382515531293332600
13.285000             -0.20297605252780356877
13.290000             -0.20206970580377695001
13.295000             -0.20110855828064624906
13.300000             -0.20009846084444879444
13.305000             -0.19903533803213818709
13.310000             -0.19793387028123879401
13.315000             -0.19678999305553032673
13.320000             -0.19560108606061488157
13.325000             -0.19437507028497216788
13.330000             -0.19311364760617580338
13.335000             -0.19182167804370001130
13.340000             -0.19050252542144871515
13.345000             -0.18915523490583360799
13.350000             -0.18778545077898639581
13.355000             -0.18639495695554034183
13.360000             -0.18498530652637656946
13.365000             -0.18356023379054398070
13.370000             -0.18211729361917353143
13.375000             -0.18065564534193462309
13.380000             -0.17917366683459820531
13.385000             -0.17767217310944602437
13.390000             -0.17615318554142861407
13.395000             -0.17461442992642706162
13.400000             -0.17305963301215301908
13.405000             -0.17148915215294371905
13.410000             -0.16990670698290374907
13.415000             -0.16831698692996754918
13.420000             -0.16672413920303091883
13.425000             -0.16513418377868602227
13.430000             -0.16355005104442552066
13.435000             -0.16198218791005872252
13.440000             -0.16044004520157403859
13.445000             -0.15893150893130070234
13.450000             -0.15746162022540982628
13.455000             -0.15604257854733016853
13.460000             -0.15467278023885661087
13.465000             -0.15336532352637163856
13.470000             -0.15212630284953571058
13.475000             -0.15095786917496081814
13.480000             -0.14986426373716213445
13.485000             -0.14884781488137463490
13.490000             -0.14790962353710246369
13.495000             -0.14704849459208704787
13.500000             -0.14626738211392681377
13.505000             -0.14556250598867737089
13.510000             -0.14493099222529801096
13.515000             -0.14437017658912945639
13.520000             -0.14387581583939362817
13.525000             -0.14344370766186875787
13.530000             -0.14307105283144933017
13.535000             -0.14275464412935179315
13.540000             -0.14249188891470138119
13.545000             -0.14228033276873064406
13.550000             -0.14211867837821295923
13.555000             -0.14200467606651520636
13.560000             -0.14193982053521481124
13.565000             -0.14192388063065863868
13.570000             -0.14195796145943417876
13.575000             -0.14204409053751215763
13.580000             -0.14218251861501807198
13.585000             -0.14237591392947987479
13.590000             -0.14262697179255368063
13.595000             -0.14293835851792410785
13.600000             -0.14331405426971563499
13.605000             -0.14375184750348163343
13.610000             -0.14425548007942654016
13.615000             -0.14482351606580032288
13.620000             -0.14545704156844355137
13.625000             -0.14615135926055641824
13.630000             -0.14691334258433316751
13.635000             -0.14774124925700718447
13.640000             -0.14863096557971727796
13.645000             -0.14958133715902691141
13.650000             -0.15059027246065728733
13.655000             -0.15165594357304335027
13.660000             -0.15277531178539918710
13.665000             -0.15394766766181189332
13.670000             -0.15517152039538037456
13.675000             -0.15644261656091054680
13.680000             -0.15775984907439274951
13.685000             -0.15912114827620124635
13.690000             -0.16052607500178672773
13.695000             -0.16197169840366704152
13.700000             -0.16346092922416197157
13.705000             -0.16499052172311118314
13.710000             -0.16655776711581821159
13.715000             -0.16816238521719387156
13.720000             -0.16980194174852514255
13.725000             -0.17147441520341635823
13.730000             -0.17317727487663636676
13.735000             -0.17490600487443028199
13.740000             -0.17665597345994285550
13.745000             -0.17842028709418777943
13.750000             -0.18019527107355021167
13.755000             -0.18197422267162355336
13.760000             -0.18375065198248652365
13.765000             -0.18551661550849166127
13.770000             -0.18726431256265185787
13.775000             -0.18898624617217807398
13.780000             -0.19067557701798476533
13.785000             -0.19232242715004169153
13.790000             -0.19392555446219716941
13.795000             -0.19547822227507721804
13.800000             -0.19697565778619915977
13.805000             -0.19841673398495671132
13.810000             -0.19980005232674052928
13.815000             -0.20112258726871681813
13.820000             -0.20238340980420876924
13.825000             -0.20357959883971138426
13.830000             -0.20470991822950232453
13.835000             -0.20577200060140213300
13.840000             -0.20676737065139319527
13.845000             -0.20769371967739153062
13.850000             -0.20854791746504830474
13.855000             -0.20932716901177986224
13.860000             -0.21002904717873407958
13.865000             -0.21065063925276802936
13.870000             -0.21119015461318352278
13.875000             -0.21164493281486659870
13.880000             -0.21201001146403464226
13.885000             -0.21228632101751110373
13.890000             -0.21246975647908242224
13.895000             -0.21255660036549703373
13.900000             -0.21254478804898280231
13.905000             -0.21243237603860101737
13.910000             -0.21221893865741531249
13.915000             -0.21190413502505262011
13.920000             -0.21148843827386623606
13.925000             -0.21097310044952816144
13.930000             -0.21035928023032554601
13.935000             -0.20965072568100984185
13.940000             -0.20884800289755547920
13.945000             -0.20795457179660667424
13.950000             -0.20697632298206961043
13.955000             -0.20591527344180274306
13.960000             -0.20477683391039969152
13.965000             -0.20356471442234216895
13.970000             -0.20228360932099337388
13.975000             -0.20093843198332639322
13.980000             -0.19953383316501474565
13.985000             -0.19807354094687129598
13.990000             -0.19656148544425067204
13.995000             -0.19500088704566442832
14.000000             -0.19339857179728681125
14.005000             -0.19175616373614121080
14.010000             -0.19007445537102618527
14.015000             -0.18835956420326893657
14.020000             -0.18661376295534279346
14.025000             -0.18484018826717690809
14.030000             -0.18304420626779985271
14.035000             -0.18122780544491001731
14.040000             -0.17939504397548849957
14.045000             -0.17754858116247709821
14.050000             -0.17569339320085175515
14.055000             -0.17383368700272833207
14.060000             -0.17197447870589821495
14.065000             -0.17012184184368531192
14.070000             -0.16828219180614101269
14.075000             -0.16645989323422630268
14.080000             -0.16466268809308501342
14.085000             -0.16289691015924309681
14.090000             -0.16116930450508321071
14.095000             -0.15948512229877764845
14.100000             -0.15785081597523373254
14.105000             -0.15627209527532129330
14.110000             -0.15475422527858867516
14.115000             -0.15330226336397362319
14.120000             -0.15191947026639318619
14.125000             -0.15060899376852082687
14.130000             -0.14937245259483838966
14.135000             -0.14821283577564542400
14.140000             -0.14713191891010116152
14.145000             -0.14613349320780213980
14.150000             -0.14521426182647786951
14.155000             -0.14438051436163318320
14.160000             -0.14362960754160586374
14.165000             -0.14296535716623534618
14.170000             -0.14238785503732290239
14.175000             -0.14189903197675651780
14.180000             -0.14150111806688386862
14.185000             -0.14119292483320008968
14.190000             -0.14097738883064564464
14.195000             -0.14085597912151182065
14.200000             -0.14082946605133808693
14.205000             -0.14089874855432202305
14.210000             -0.14106223684474777924
14.215000             -0.14132078142189105630
14.220000             -0.14167450430832284614
14.225000             -0.14212488002627537975
14.230000             -0.14266966879883430375
14.235000             -0.14330880016948807643
14.240000             -0.14404316475668749176
14.245000             -0.14487367755233429567
14.250000             -0.14580082827542736879
14.255000             -0.14682521941372331242
14.260000             -0.14794743595708689798
14.265000             -0.14916394869275312329
14.270000             -0.15047521034255800787
14.275000             -0.15188103433320418456
14.280000             -0.15338176590197033500
14.285000             -0.15497607383803563286
14.290000             -0.15666072664288410721
14.295000             -0.15843119215702922142
14.300000             -0.16028243172977024722
14.305000             -0.16221018706039153079
14.310000             -0.16420805418118453178
14.315000             -0.16626663730512511452
14.320000             -0.16837700879799846754
14.325000             -0.17053013777172651433
14.330000             -0.17271675756682020042
14.335000             -0.17492598925236463314
14.340000             -0.17714638789070266678
14.345000             -0.17936875639275165484
14.350000             -0.18158755485457725443
14.355000             -0.18379452612669847089
14.360000             -0.18598191818469972381
14.365000             -0.18814397126380025260
14.370000             -0.19027167411928766483
14.375000             -0.19236152522170729684
14.380000             -0.19440557495360447082
14.385000             -0.19639747759519579628
14.390000             -0.19833153055813668164
14.395000             -0.20020354259938158425
14.400000             -0.20200947457485948777
14.405000             -0.20374474450398974423
14.410000             -0.20540536989538654700
14.415000             -0.20698971130116761152
14.420000             -0.20849426811841692553
14.425000             -0.20991561199881764166
14.430000             -0.21125227953258188252
14.435000             -0.21250259978784027948
14.440000             -0.21366426502887822525
14.445000             -0.21473581154407705984
14.450000             -0.21571495021438213957
14.455000             -0.21660175321899116652
14.460000             -0.21739406461770754975
14.465000             -0.21809257991650379815
14.470000             -0.21869606836325494736
14.475000             -0.21920327906003944651
14.480000             -0.21961658781539461494
14.485000             -0.21993257838011906480
14.490000             -0.22015133634034247945
14.495000             -0.22027429624919217521
14.500000             -0.22030081618226426965
14.505000             -0.22023137023172520421
14.510000             -0.22006787894935336825
14.515000             -0.21981066547746117013
14.520000             -0.21946160762089278462
14.525000             -0.21902157493963542167
14.530000             -0.21849475888973352022
14.535000             -0.21788197534731648664
14.540000             -0.21718576460142652307
14.545000             -0.21640773463464421655
14.550000             -0.21555093774283834440
14.555000             -0.21461445754850658196
14.560000             -0.21360311293753564410
14.565000             -0.21251704934651355350
14.570000             -0.21135766135649436404
14.575000             -0.21012478766310971334
14.580000             -0.20881749045597580716
14.585000             -0.20743748427447455951
14.590000             -0.20598557205529297032
14.595000             -0.20446351207820789853
14.600000             -0.20287218001456688854
14.605000             -0.20121187019271935537
14.610000             -0.19948638808679722279
14.615000             -0.19769773240568780381
14.620000             -0.19584915096507338195
14.625000             -0.19394385257473811812
14.630000             -0.19198564770179404881
14.635000             -0.18997937702692097028
14.640000             -0.18792832325863118026
14.645000             -0.18583676482167935107
14.650000             -0.18370833089160429341
14.655000             -0.18154964288460878619
14.660000             -0.17936426921377687793
14.665000             -0.17715810806511372855
14.670000             -0.17493508917946551384
14.675000             -0.17270200557313586387
14.680000             -0.17046339788544392913
14.685000             -0.16822596165946751556
14.690000             -0.16599617607932462549
14.695000             -0.16378024153704170973
14.700000             -0.16158410879313384045
14.705000             -0.15941375729499876468
14.710000             -0.15727404869402084042
14.715000             -0.15517232884541265481
14.720000             -0.15311416700819005521
14.725000             -0.15110275224663449745
14.730000             -0.14914365989809041935
14.735000             -0.14723996540588710213
14.740000             -0.14539577000399989126
14.745000             -0.14361385761902825675
14.750000             -0.14189739824087635456
14.755000             -0.14024892373438016535
14.760000             -0.13866974971032289266
14.765000             -0.13716171471935464932
14.770000             -0.13572600728337452791
14.775000             -0.13436254065127947732
14.780000             -0.13307264631686099854
14.785000             -0.13185748836461699818
14.790000             -0.13071626298103916630
14.795000             -0.12965070821832455628
14.800000             -0.12866128134136786687
14.805000             -0.12774787464514564261
14.810000             -0.12691173134306105164
14.815000             -0.12615312317024696132
14.820000             -0.12547345578105315034
14.825000             -0.12487479907764224840
14.830000             -0.12436089730429501776
14.835000             -0.12393300145678451396
14.840000             -0.12359668989060247635
14.845000             -0.12335819175914222723
14.850000             -0.12322269231456468852
14.855000             -0.12319564694399157134
14.860000             -0.12328321185001195337
14.865000             -0.12349021949855447378
14.870000             -0.12382435238790290288
14.875000             -0.12428902579986608745
14.880000             -0.12488564424083110904
14.885000             -0.12561675856956888708
14.890000             -0.12648278622009126448
14.895000             -0.12748295475947951649
14.900000             -0.12861230300955983630
14.905000             -0.12986928736671182749
14.910000             -0.13124939278283057065
14.915000             -0.13274693480408170099
14.920000             -0.13435730931218101136
14.925000             -0.13607450407307025708
14.930000             -0.13789087131691163401
14.935000             -0.13979690008303519155
14.940000             -0.14178756601696868023
14.945000             -0.14385092402023885727
14.950000             -0.14597960483325966852
14.955000             -0.14816592165020381344
14.960000             -0.15040178542703888653
14.965000             -0.15267860302696617536
14.970000             -0.15499009859015400181
14.975000             -0.15732956350380941646
14.980000             -0.15969204199937195310
14.985000             -0.16206999043322428689
14.990000             -0.16445928807854379161
14.995000             -0.16685401633950644462
15.000000             -0.16925062273924970646
15.005000             -0.17164388327656704414
15.010000             -0.17402906124572495306
15.015000             -0.17640140081275121342
15.020000             -0.17875728213890590412
15.025000             -0.18109250168905838274
15.030000             -0.18340335395743881386
15.035000             -0.18568498250119844228
15.040000             -0.18793361651519630007
15.045000             -0.19014174050926882509
15.050000             -0.19230693886395547332
15.055000             -0.19442612891041285983
15.060000             -0.19649535401886730757
15.065000             -0.19850953369418378180
15.070000             -0.20046728694118931546
15.075000             -0.20236359295565858885
15.080000             -0.20419622913506982331
15.085000             -0.20595982878105004166
15.090000             -0.20765082930536510331
15.095000             -0.20926680431131058913
15.100000             -0.21080517009518082161
15.105000             -0.21226221602328576576
15.110000             -0.21363514147759773976
15.115000             -0.21492039775884455577
15.120000             -0.21611471711106586269
15.125000             -0.21721661214828943964
15.130000             -0.21822453251938547791
15.135000             -0.21913805046032713841
15.140000             -0.21995315623673938887
15.145000             -0.22066559222107487437
15.150000             -0.22127399797713151464
15.155000             -0.22177746154029448489
15.160000             -0.22217418196140537034
15.165000             -0.22246184522911904846
15.170000             -0.22263534457013220424
15.175000             -0.22269276372381335838
15.180000             -0.22263298464344360994
15.185000             -0.22245276981827477591
15.190000             -0.22215269295213871392
15.195000             -0.22173124325142351543
15.200000             -0.22118906173237795620
15.205000             -0.22052806063360530509
15.210000             -0.21975033537040070120
15.215000             -0.21885953606364796920
15.220000             -0.21785752266783944830
15.225000             -0.21675017500131385506
15.230000             -0.21554102400774668991
15.235000             -0.21423662164320581014
15.240000             -0.21284254960378820587
15.245000             -0.21136350572116660573
15.250000             -0.20980450110752485449
15.255000             -0.20817131953148643175
15.260000             -0.20646952071624008473
15.265000             -0.20470519336480944017
15.270000             -0.20288443988378684901
15.275000             -0.20101242884805242683
15.280000             -0.19909667992052798580
15.285000             -0.19714132563775668694
15.290000             -0.19515052811986338677
15.295000             -0.19313191439217905487
15.300000             -0.19108841589008662698
15.305000             -0.18902420044220144546
15.310000             -0.18694408221662761616
15.315000             -0.18485240541895930910
15.320000             -0.18275344803640811153
15.325000             -0.18065328564558147395
15.330000             -0.17855618286362079372
15.335000             -0.17647540407504969107
15.340000             -0.17441024752681602572
15.345000             -0.17236887128306754846
15.350000             -0.17035924157363349640
15.355000             -0.16838813973228319854
15.360000             -0.16646237828360496702
15.365000             -0.16458944548317788747
15.370000             -0.16277693783299868047
15.375000             -0.16102932229415581333
15.380000             -0.15935369748045299931
15.385000             -0.15775497516053735292
15.390000             -0.15623855692823770958
15.395000             -0.15480655695402781302
15.400000             -0.15346610622558373715
15.405000             -0.15221967088472423968
15.410000             -0.15107033920252799231
15.415000             -0.15002184974463900202
15.420000             -0.14907230500951165753
15.425000             -0.14822318623025498852
15.430000             -0.14747346611356146329
15.435000             -0.14682319452747058519
15.440000             -0.14627143193299210755
15.445000             -0.14581502626397638278
15.450000             -0.14545164768463925142
15.455000             -0.14517750486346725491
15.460000             -0.14499054829649798970
15.465000             -0.14488708188392568355
15.470000             -0.14486375022800609957
15.475000             -0.14491772064431027167
15.480000             -0.14504870187756938038
15.485000             -0.14525630146799486941
15.490000             -0.14553949567443899560
15.495000             -0.14589677285173210941
15.500000             -0.14632764658967714611
15.505000             -0.14683477420995796892
15.510000             -0.14741751441309183801
15.515000             -0.14807935749512998735
15.520000             -0.14881996840617356392
15.525000             -0.14964012690165734432
15.530000             -0.15054160258415669182
15.535000             -0.15152553521584127827
15.540000             -0.15258990899526614360
15.545000             -0.15373483030711723729
15.550000             -0.15495874093971409580
15.555000             -0.15625899982399865662
15.560000             -0.15763366738830367209
15.565000             -0.15907899723656335200
15.570000             -0.16058993680890651379
15.575000             -0.16216330461465272572
15.580000             -0.16379220322263657317
15.585000             -0.16547105805527012601
15.590000             -0.16719320635330478519
15.595000             -0.16895116235751669875
15.600000             -0.17073832500679791968
15.605000             -0.17254858896772984345
15.610000             -0.17437193300544123753
15.615000             -0.17620224234620446291
15.620000             -0.17803384497630100891
15.625000             -0.17986035254757379298
15.630000             -0.18167438129170573879
15.635000             -0.18346979846616592869
15.640000             -0.18524050527831489865
15.645000             -0.18698250240521749332
15.650000             -0.18869327699934615450
15.655000             -0.19036661924987263728
15.660000             -0.19199944847183370022
15.665000             -0.19358772040849195339
15.670000             -0.19512723514949317782
15.675000             -0.19661614641462343833
15.680000             -0.19805197010919206591
15.685000             -0.19942465951720808603
15.690000             -0.20073968237447198382
15.695000             -0.20198918804101503865
15.700000             -0.20317207318808461203
15.705000             -0.20428367492396182215
15.710000             -0.20532334179677352859
15.715000             -0.20628644926180822461
15.720000             -0.20716881207151849331
15.725000             -0.20796878561012688280
15.730000             -0.20868302139767244685
15.735000             -0.20930839444036003494
15.740000             -0.20984314599081224650
15.745000             -0.21028535987496618787
15.750000             -0.21063336308600483227
15.755000             -0.21088605629649437301
15.760000             -0.21104377442196056713
15.765000             -0.21110978876713087926
15.770000             -0.21108283079222345258
15.775000             -0.21096356633320537122
15.780000             -0.21074650606877343151
15.785000             -0.21043821748356283940
15.790000             -0.21003677365019818302
15.795000             -0.20954875037379869229
15.800000             -0.20898044525013123596
15.805000             -0.20833004456515311076
15.810000             -0.20760100993477753617
15.815000             -0.20679540880971880590
15.820000             -0.20591687288340859707
15.825000             -0.20496606709205755781
15.830000             -0.20394572621447490390
15.835000             -0.20285686533804078713
15.840000             -0.20170057997719104126
15.845000             -0.20047889238983576665
15.850000             -0.19919362929797801431
15.855000             -0.19784629499932590568
15.860000             -0.19643982840102064413
15.865000             -0.19497385891031035476
15.870000             -0.19345195826767133673
15.875000             -0.19187597187997065817
15.880000             -0.19024735056608413353
15.885000             -0.18856608845053923762
15.890000             -0.18683780057380341977
15.895000             -0.18506495339406314748
15.900000             -0.18325408025615494423
15.905000             -0.18140756835516089196
15.910000             -0.17953147590469828443
15.915000             -0.17763346415678260559
15.920000             -0.17571956766994839549
15.925000             -0.17379616140128367752
15.930000             -0.17187333919434197305
15.935000             -0.16995886105255955667
15.940000             -0.16806012476275941636
15.945000             -0.16618627280332942675
15.950000             -0.16433904473150393044
15.955000             -0.16253092728116422250
15.960000             -0.16076565219992808298
15.965000             -0.15905464901886687268
15.970000             -0.15740097555761478620
15.975000             -0.15581245409589095097
15.980000             -0.15429856218481705077
15.985000             -0.15285798337377740075
15.990000             -0.15150111791928908000
15.995000             -0.15023191765485516269
16.000000             -0.14905251287512244485
16.005000             -0.14796652771793342152
16.010000             -0.14697843929739176638
16.015000             -0.14608780161544324128
16.020000             -0.14529678476586388447
16.025000             -0.14460942455010281082
16.030000             -0.14402422329055281081
16.035000             -0.14354147725486213205
16.040000             -0.14316139697167890033
16.045000             -0.14288191348294215777
16.050000             -0.14270151622653479140
16.055000             -0.14261782438642406357
16.060000             -0.14262864572121744522
16.065000             -0.14273199269520578381
16.070000             -0.14292475734652082542
16.075000             -0.14320414203047779345
16.080000             -0.14356795120709869851
16.085000             -0.14401313130979637167
16.090000             -0.14453714909049833470
16.095000             -0.14513631792069936477
16.100000             -0.14580906177257585421
16.105000             -0.14655104246733346995
16.110000             -0.14736190691058606572
16.115000             -0.14823704448080324281
16.120000             -0.14917441578230189458
16.125000             -0.15017026067044933479
16.130000             -0.15122352314571904652
16.135000             -0.15232997292040209580
16.140000             -0.15348923819715837302
16.145000             -0.15469518452690159127
16.150000             -0.15594389539284989055
16.155000             -0.15723461704476124345
16.160000             -0.15855964823044696455
16.165000             -0.15991423478029395677
16.170000             -0.16129429026435923578
16.175000             -0.16269667546564664518
16.180000             -0.16411258949174800659
16.185000             -0.16554038865322659446
16.190000             -0.16697295505624168421
16.195000             -0.16840180879769661715
16.200000             -0.16982273059405303406
16.205000             -0.17122978523905624249
16.210000             -0.17261844476988194574
16.215000             -0.17398286671940232928
16.220000             -0.17532154196901872378
16.225000             -0.17663064046931206685
16.230000             -0.17790720017145536525
16.235000             -0.17914968814956080956
16.240000             -0.18035735172899247658
16.245000             -0.18152928451956126810
16.250000             -0.18266530212713230630
16.255000             -0.18376615124094239362
16.260000             -0.18483332780880237789
16.265000             -0.18586573264440600650
16.270000             -0.18686573270512091272
16.275000             -0.18783273876992959139
16.280000             -0.18877205717609837898
16.285000             -0.18968347040345007182
16.290000             -0.19056828909217082835
16.295000             -0.19142812129189698545
16.300000             -0.19226325757955473050
16.305000             -0.19307615640418610004
16.310000             -0.19386889579608493350
16.315000             -0.19463535164251349885
16.320000             -0.19537700173969571593
16.325000             -0.19609133593000122042
16.330000             -0.19677425537771708886
16.335000             -0.19742345943344366543
16.340000             -0.19803666312953738249
16.345000             -0.19860815032959514004
16.350000             -0.19913298528407438748
16.355000             -0.19960818239155886378
16.360000             -0.20002731738100229530
16.365000             -0.20038988237051721941
16.370000             -0.20069322807928804964
16.375000             -0.20093178821211238327
16.380000             -0.20110542167746833786
16.385000             -0.20121463041641918235
16.390000             -0.20125697450284074641
16.395000             -0.20123412257291548033
16.400000             -0.20114828450208008248
16.405000             -0.20100298046777323457
16.410000             -0.20080013905424998200
16.415000             -0.20054865974449784249
16.420000             -0.20025072199602625411
16.425000             -0.19990628482060998627
16.430000             -0.19952445701514856524
16.435000             -0.19910707572151117861
16.440000             -0.19865800030335872828
16.445000             -0.19818039368759574059
16.450000             -0.19767651954492848621
16.455000             -0.19714786984120075131
16.460000             -0.19659887414767066027
16.465000             -0.19603087846639499769
16.470000             -0.19544365398142510282
16.475000             -0.19483536940974541252
16.480000             -0.19420645773845474080
16.485000             -0.19355601435626515472
16.490000             -0.19288325450300605746
16.495000             -0.19218523002831872093
16.500000             -0.19146684307727329655
16.505000             -0.19071996032951679667
16.510000             -0.18994613614548658265
16.515000             -0.18914678399174086887
16.520000             -0.18832133653458454914
16.525000             -0.18747336165343572723
16.530000             -0.18660259106833654297
16.535000             -0.18571169311398952328
16.540000             -0.18480498757928426334
16.545000             -0.18388448719891756222
16.550000             -0.18295359936814853397
16.555000             -0.18201836814924013397
16.560000             -0.18108323517504951172
16.565000             -0.18015207500172764066
16.570000             -0.17922993275684234726
16.575000             -0.17832006529913665971
16.580000             -0.17742656106588608478
16.585000             -0.17655438113250992993
16.590000             -0.17570881460337586799
16.595000             -0.17489172306119094014
16.600000             -0.17410595189350774881
16.605000             -0.17335481275214317809
16.610000             -0.17263971689882140481
16.615000             -0.17196547833377895387
16.620000             -0.17132471771553370310
16.625000             -0.17072108011542119765
16.630000             -0.17015603027320153062
16.635000             -0.16962360684087449125
16.640000             -0.16912232702891699665
16.645000             -0.16864947944708202909
16.650000             -0.16820299284615411461
16.655000             -0.16777765563887481193
16.660000             -0.16737069207984384134
16.665000             -0.16697871304503580925
16.670000             -0.16660327921543646723
16.675000             -0.16623734803999579146
16.680000             -0.16588289326509217392
16.685000             -0.16553963846751118538
16.690000             -0.16520613424445237949
16.695000             -0.16487936547434839385
16.700000             -0.16456263653189587282
16.705000             -0.16425339152420212474
16.710000             -0.16395377912323730318
16.715000             -0.16366486696175891469
16.720000             -0.16338649845658903548
16.725000             -0.16312289362034862461
16.730000             -0.16287555846157750206
16.735000             -0.16264555162848295944
16.740000             -0.16243628207141841413
16.745000             -0.16225146235823381669
16.750000             -0.16209378367601676163
16.755000             -0.16196396875392110593
16.760000             -0.16186548492324159820
16.765000             -0.16179900062213994905
16.770000             -0.16176751515417239768
16.775000             -0.16177162727532579112
16.780000             -0.16181024325688764254
16.785000             -0.16188551070059220560
16.790000             -0.16199731152400814738
16.795000             -0.16215003914140593833
16.800000             -0.16233034205208976553
16.805000             -0.16255117614211173072
16.810000             -0.16279798086438254656
16.815000             -0.16306890862400902353
16.820000             -0.16336105463621514167
16.825000             -0.16366639825919604423
16.830000             -0.16399039810645835158
16.835000             -0.16432125146799214654
16.840000             -0.16465370535971421417
16.845000             -0.16498552311557665440
16.850000             -0.16531641598301516360
16.855000             -0.16564397674083858325
16.860000             -0.16596756408642165947
16.865000             -0.16628457629397394579
16.870000             -0.16659453580176611376
16.875000             -0.16689680644105397977
16.880000             -0.16719347341320006661
16.885000             -0.16748521231618937466
16.890000             -0.16777430848430649468
16.895000             -0.16806208460985358477
16.900000             -0.16835174415444087437
16.905000             -0.16864584110150998564
16.910000             -0.16894398786389991374
16.915000             -0.16924827158248476056
16.920000             -0.16955945371090985763
16.925000             -0.16987730687910032601
16.930000             -0.17020147744941188650
16.935000             -0.17052903346560596698
16.940000             -0.17085926874457232905
16.945000             -0.17118987616874756230
16.950000             -0.17152053678876941212
16.955000             -0.17184848667132715527
16.960000             -0.17217133071661991361
16.965000             -0.17248613484272232177
16.970000             -0.17279116844170205880
16.975000             -0.17308488522197645887
16.980000             -0.17336710837184041156
16.985000             -0.17363771218362519799
16.990000             -0.17389822852174555146
16.995000             -0.17414680257823708653
17.000000             -0.17438523901232558244
17.005000             -0.17461459468602397171
17.010000             -0.17483702452417929085
17.015000             -0.17505563931208989459
17.020000             -0.17527352316851213532
17.025000             -0.17549253934582864645
17.030000             -0.17571641807682203407
17.035000             -0.17594608362881011820
17.040000             -0.17618348177905349128
17.045000             -0.17642975244731076701
17.050000             -0.17668527460575469967
17.055000             -0.17695152839394395761
17.060000             -0.17722833020153569428
17.065000             -0.17751440831458167868
17.070000             -0.17780768519145118134
17.075000             -0.17810762901408119796
17.080000             -0.17841048420298560861
17.085000             -0.17871278894292033645
17.090000             -0.17901156386603633841
17.095000             -0.17930376254611593567
17.100000             -0.17958740672834938579
17.105000             -0.17985831033144891733
17.110000             -0.18011452346296302762
17.115000             -0.18035349724792112958
17.120000             -0.18057581676736117471
17.125000             -0.18077786518014171691
17.130000             -0.18096133723384980052
17.135000             -0.18112542115343255311
17.140000             -0.18126766385684098259
17.145000             -0.18139083044906553766
17.150000             -0.18149578608322583517
17.155000             -0.18158029148354934423
17.160000             -0.18164544707237290089
17.165000             -0.18169177928376964437
17.170000             -0.18171820031526611516
17.175000             -0.18172775993717485421
17.180000             -0.18172080629882692016
17.185000             -0.18169627497553630935
17.190000             -0.18165854808662587616
17.195000             -0.18160611398222212265
17.200000             -0.18154196878660014414
17.205000             -0.18146552085222231177
17.210000             -0.18137783796149692384
17.215000             -0.18127548380525532190
17.220000             -0.18116728663695591539
17.225000             -0.18104660163930752503
17.230000             -0.18092435657464686627
17.235000             -0.18079497235569486069
17.240000             -0.18066056615120590356
17.245000             -0.18052275102763862269
17.250000             -0.18037964588323093795
17.255000             -0.18023408734005341714
17.260000             -0.18008350476829912412
17.265000             -0.17992982835534904185
17.270000             -0.17977282584016249234
17.275000             -0.17961116709779134659
17.280000             -0.17944718006216214823
17.285000             -0.17927615765770676948
17.290000             -0.17910214355904849337
17.295000             -0.17892509670588660486
17.300000             -0.17874557043085942398
17.305000             -0.17856364953322723110
17.310000             -0.17838044369307437531
17.315000             -0.17819858112731373767
17.320000             -0.17801801467973718540
17.325000             -0.17784108503921108868
17.330000             -0.17766956768501954156
17.335000             -0.17750491642294849437
17.340000             -0.17734867096602255354
17.345000             -0.17720062056646784798
17.350000             -0.17706342638173322435
17.355000             -0.17693939364841995698
17.360000             -0.17683046136471677889
17.365000             -0.17673568771188660764
17.370000             -0.17665691540044378693
17.375000             -0.17659398349814561802
17.380000             -0.17654729387942239005
17.385000             -0.17651429582783778605
17.390000             -0.17649245333324514728
17.395000             -0.17648494325797908777
17.400000             -0.17648343068955757440
17.405000             -0.17648694117973398598
17.410000             -0.17649185518524004856
17.415000             -0.17649646356106524214
17.420000             -0.17649650543008427173
17.425000             -0.17648895446427334543
17.430000             -0.17647140442585393383
17.435000             -0.17644088071804428508
17.440000             -0.17639428148003205576
17.445000             -0.17632932195176240220
17.450000             -0.17624458421771707628
17.455000             -0.17613797376706930020
17.460000             -0.17600870371241914003
17.465000             -0.17585731983015770452
17.470000             -0.17568376639471919298
17.475000             -0.17548910148626931105
17.480000             -0.17527207024648441824
17.485000             -0.17503761603811851533
17.490000             -0.17478495925365200581
17.495000             -0.17451701552159196162
17.500000             -0.17423514867748687851
17.505000             -0.17394540914330872128
17.510000             -0.17364909382411869432
17.515000             -0.17334739110520122618
17.520000             -0.17303359741059418098
17.525000             -0.17271847479959129279
17.530000             -0.17240200618477008465
17.535000             -0.17208131756433281412
17.540000             -0.17175741764411611712
17.545000             -0.17143161406805729197
17.550000             -0.17109987301880452693
17.555000             -0.17076512862588641428
17.560000             -0.17042730219129992308
17.565000             -0.17008549343865042580
17.570000             -0.16973943483876413607
17.575000             -0.16938991477735132474
17.580000             -0.16903766310866630285
17.585000             -0.16868449363392756801
17.590000             -0.16833039580013947623
17.595000             -0.16797978334681423762
17.600000             -0.16763557834974357474
17.605000             -0.16730127187353141527
17.610000             -0.16698043475655244272
17.615000             -0.16667754548367250123
17.620000             -0.16639617861234579088
17.625000             -0.16613770392048740621
17.630000             -0.16591141757176439131
17.635000             -0.16572089064007133885
17.640000             -0.16556902285164187827
17.645000             -0.16545819743503942245
17.650000             -0.16539084981485474568
17.655000             -0.16536820888342687597
17.660000             -0.16538970479778009048
17.665000             -0.16545533834089240499
17.670000             -0.16556258923731756449
17.675000             -0.16571102933369583066
17.680000             -0.16589976170707523839
17.685000             -0.16612619384535742828
17.690000             -0.16638826427017941456
17.695000             -0.16668482122051556105
17.700000             -0.16701406519638575809
17.705000             -0.16737412897995126992
17.710000             -0.16776365646669458287
17.715000             -0.16818207631969089855
17.720000             -0.16862792864437126106
17.725000             -0.16910044027242493447
17.730000             -0.16959951501538461649
17.735000             -0.17012435390122304657
17.740000             -0.17067538753740579827
17.745000             -0.17125272980683603485
17.750000             -0.17185451152408581788
17.755000             -0.17247822703943280209
17.760000             -0.17312512605632066065
17.765000             -0.17379602372674293753
17.770000             -0.17448541022366156894
17.775000             -0.17519467601356494835
17.780000             -0.17592314967899161382
17.785000             -0.17666891878978402408
17.790000             -0.17743002710992203386
17.795000             -0.17820431940716105479
17.800000             -0.17898907833772728648
17.805000             -0.17978153782915246017
17.810000             -0.18057802969504663237
17.815000             -0.18137580240135944831
17.820000             -0.18217138518010900228
17.825000             -0.18296440969723437586
17.830000             -0.18374983738014349921
17.835000             -0.18452307358818850758
17.840000             -0.18528157026939748309
17.845000             -0.18602167817161383012
17.850000             -0.18674758873574640039
17.855000             -0.18745027823240717479
17.860000             -0.18813061498527133830
17.865000             -0.18878758473234932835
17.870000             -0.18942154999990279407
17.875000             -0.19002595326696225531
17.880000             -0.19059974216256345136
17.885000             -0.19114254359757001933
17.890000             -0.19165200098034032572
17.895000             -0.19212576217659441125
17.900000             -0.19256065951676690218
17.905000             -0.19295507415738880064
17.910000             -0.19330676614682035241
17.915000             -0.19361327013177614953
17.920000             -0.19387593576654779670
17.925000             -0.19409074071258905492
17.930000             -0.19426469374708502103
17.935000             -0.19439615495378723131
17.940000             -0.19448020438293658896
17.945000             -0.19451771774321055530
17.950000             -0.19451222294890194164
17.955000             -0.19446260765008591131
17.960000             -0.19436914462081678057
17.965000             -0.19423422757952271689
17.970000             -0.19405998843328126080
17.975000             -0.19384829933023048354
17.980000             -0.19360021481204681137
17.985000             -0.19331684608382462831
17.990000             -0.19300021568827205320
17.995000             -0.19265509876761427455
18.000000             -0.19228034087599701896
18.005000             -0.19187482526135130056
18.010000             -0.19144106985182013370
18.015000             -0.19098243527204578074
18.020000             -0.19049433940740070903
18.025000             -0.18997753753499552198
18.030000             -0.18943085825256789079
18.035000             -0.18885521165067600813
18.040000             -0.18824955005257840157
18.045000             -0.18761188968215397610
18.050000             -0.18694108504921991276
18.055000             -0.18623932252094813067
18.060000             -0.18550825433228540495
18.065000             -0.18474726779222991335
18.070000             -0.18395884352484334623
18.075000             -0.18314129476191881585
18.080000             -0.18229747252472147667
18.085000             -0.18142830320780950482
18.090000             -0.18053696170549668465
18.095000             -0.17962821354803001905
18.100000             -0.17870419803997900088
18.105000             -0.17776669680960496822
18.110000             -0.17681760529419188188
18.115000             -0.17585965258720090421
18.120000             -0.17489339855405733326
18.125000             -0.17392083147450343450
18.130000             -0.17294498176772687970
18.135000             -0.17196676911691122225
18.140000             -0.17098761255225028433
18.145000             -0.17000912566964077044
18.150000             -0.16903253568012999164
18.155000             -0.16805887135916397490
18.160000             -0.16709017489007566004
18.165000             -0.16612679167066365937
18.170000             -0.16517079203876144922
18.175000             -0.16422389066994627638
18.180000             -0.16328848304869394981
18.185000             -0.16236887252390591607
18.190000             -0.16146672003922457606
18.195000             -0.16058518565778268083
18.200000             -0.15972757409411808549
18.205000             -0.15889844948309242434
18.210000             -0.15810149546229063100
18.215000             -0.15734067916470892423
18.220000             -0.15661962391725037236
18.225000             -0.15594221794478682619
18.230000             -0.15531168252273749864
18.235000             -0.15473033564411289853
18.240000             -0.15420195683312545865
18.245000             -0.15372501649087771947
18.250000             -0.15330478206881911762
18.255000             -0.15293887246934809165
18.260000             -0.15262680318594493145
18.265000             -0.15237139719045625363
18.270000             -0.15217367994216735028
18.275000             -0.15203341683827503727
18.280000             -0.15194932442223138547
18.285000             -0.15192175472065125308
18.290000             -0.15195121685603618644
18.295000             -0.15203724088908959766
18.300000             -0.15218199557707373648
18.305000             -0.15238337210578944969
18.310000             -0.15264417421135134667
18.315000             -0.15296613965829583548
18.320000             -0.15334635467691526411
18.325000             -0.15378805960047084445
18.330000             -0.15429763547049191175
18.335000             -0.15487391224703023207
18.340000             -0.15551856227176111269
18.345000             -0.15623363101378057172
18.350000             -0.15701932064191456706
18.355000             -0.15787482049867676559
18.360000             -0.15880005685514467229
18.365000             -0.15979325456030188390
18.370000             -0.16085367400091593604
18.375000             -0.16197910866267081764
18.380000             -0.16316432016990523035
18.385000             -0.16440396427737580254
18.390000             -0.16569519676603550185
18.395000             -0.16702689093512859686
18.400000             -0.16839372415637185454
18.405000             -0.16978809758764842885
18.410000             -0.17120392017563523801
18.415000             -0.17263360777635533561
18.420000             -0.17407225448191063211
18.425000             -0.17551129392637315751
18.430000             -0.17694629367679026721
18.435000             -0.17837101765980212242
18.440000             -0.17978186616540967058
18.445000             -0.18117478436172462786
18.450000             -0.18254717969219391716
18.455000             -0.18389701203530972595
18.460000             -0.18522216793726123396
18.465000             -0.18652170422462110988
18.470000             -0.18779279459093722870
18.475000             -0.18903387837395790871
18.480000             -0.19024670878316560230
18.485000             -0.19142713665956345714
18.490000             -0.19257383604195849047
18.495000             -0.19368321855674919263
18.500000             -0.19475303258938467255
18.505000             -0.19577974662788003024
18.510000             -0.19675908760041677104
18.515000             -0.19768661154571209870
18.520000             -0.19855808179277889547
18.525000             -0.19937105866826723699
18.530000             -0.20012160631138484201
18.535000             -0.20080466926688791962
18.540000             -0.20141848108092011427
18.545000             -0.20196022326194368324
18.550000             -0.20242779915412842384
18.555000             -0.20282013925507974550
18.560000             -0.20313738992077026713
18.565000             -0.20337988648333416020
18.570000             -0.20354693740779500333
18.575000             -0.20363891333683589724
18.580000             -0.20365604250383326224
18.585000             -0.20359979438671010898
18.590000             -0.20347231480450342356
18.595000             -0.20327458894964328673
18.600000             -0.20300923284565494664
18.605000             -0.20267609251518525770
18.610000             -0.20227614615616901217
18.615000             -0.20181072581443967873
18.620000             -0.20127825986676067815
18.625000             -0.20068214879980889043
18.630000             -0.20002152301749029362
18.635000             -0.19929873404480108467
18.640000             -0.19851457677918993294
18.645000             -0.19766998453799419777
18.650000             -0.19676616579323066847
18.655000             -0.19580769170562820070
18.660000             -0.19479380983928915039
18.665000             -0.19372858088465561011
18.670000             -0.19261447299998343818
18.675000             -0.19145562658232348485
18.680000             -0.19025491286638135380
18.685000             -0.18901783497956078928
18.690000             -0.18774988453581276104
18.695000             -0.18645414054791434322
18.700000             -0.18513592625978303463
18.705000             -0.18380087789794974373
18.710000             -0.18245219968189052562
18.715000             -0.18109370080300066230
18.720000             -0.17973125008403356695
18.725000             -0.17836865220654066211
18.730000             -0.17700763239729727649
18.735000             -0.17565118076326211027
18.740000             -0.17430103039689615052
18.745000             -0.17295935289701092064
18.750000             -0.17162791438109675779
18.755000             -0.17030664800540049053
18.760000             -0.16899586223360857362
18.765000             -0.16769600619701086064
18.770000             -0.16640330319399512793
18.775000             -0.16512216991288455881
18.780000             -0.16385439646467173103
18.785000             -0.16260371171022330872
18.790000             -0.16136930913106931063
18.795000             -0.16015537845156366248
18.800000             -0.15896280854483271772
18.805000             -0.15779777190478247451
18.810000             -0.15665812838779724636
18.815000             -0.15555293678950077307
18.820000             -0.15448468653608754542
18.825000             -0.15345472055528006083
18.830000             -0.15246875013424132650
18.835000             -0.15152806195509449516
18.840000             -0.15063883963655516629
18.845000             -0.14980452291470366943
18.850000             -0.14902841478939482522
18.855000             -0.14831244987508879207
18.860000             -0.14765559135724465323
18.865000             -0.14706241905605951792
18.870000             -0.14653225367555247627
18.875000             -0.14606516969387919880
18.880000             -0.14566348285538865959
18.885000             -0.14532635761455969803
18.890000             -0.14505446878884725725
18.895000             -0.14484953332680558513
18.900000             -0.14471006362340962936
18.905000             -0.14463679407541901734
18.910000             -0.14463185515498483413
18.915000             -0.14469448545712212950
18.920000             -0.14482701985086540719
18.925000             -0.14502829510838866067
18.930000             -0.14529959910013209856
18.935000             -0.14563976367978451187
18.940000             -0.14605003810216055093
18.945000             -0.14652711256254258299
18.950000             -0.14707183585995828312
18.955000             -0.14768167775087753801
18.960000             -0.14835454511227877394
18.965000             -0.14908735937228329016
18.970000             -0.14987762684043637318
18.975000             -0.15072152080525508255
18.980000             -0.15161620138612974529
18.985000             -0.15255913948167068583
18.990000             -0.15354727958218608586
18.995000             -0.15457593570931241200
19.000000             -0.15564024325189265707
19.005000             -0.15673812060500214027
19.010000             -0.15786527798479146889
19.015000             -0.15901885087726086443
19.020000             -0.16019643055435817125
19.025000             -0.16139597579248729509
19.030000             -0.16261501963114372016
19.035000             -0.16385058171633648527
19.040000             -0.16510368257674801207
19.045000             -0.16637342841825081274
19.050000             -0.16765843717696113369
19.055000             -0.16895666208202955727
19.060000             -0.17026821006657513746
19.065000             -0.17159310314884185233
19.070000             -0.17293025599628941702
19.075000             -0.17427789625111972382
19.080000             -0.17563530167500540635
19.085000             -0.17699832737751824974
19.090000             -0.17836620259969201974
19.095000             -0.17973657142513932428
19.100000             -0.18110601844230933555
19.105000             -0.18246733721300090192
19.110000             -0.18381330925040098578
19.115000             -0.18513885279458050515
19.120000             -0.18644620136618345052
19.125000             -0.18772700079009649321
19.130000             -0.18897691317450082682
19.135000             -0.19019253925447079934
19.140000             -0.19136886052318988205
19.145000             -0.19250196883962511496
19.150000             -0.19359006127195926839
19.155000             -0.19462788649761636472
19.160000             -0.19561380395317112812
19.165000             -0.19654633817966057907
19.170000             -0.19742380076362225916
19.175000             -0.19824439011943734146
19.180000             -0.19900845569756103748
19.185000             -0.19971554674502320359
19.190000             -0.20036174217174648748
19.195000             -0.20094945598993135816
19.200000             -0.20148033836906639737
19.205000             -0.20195030430932892074
19.210000             -0.20235972465385523855
19.215000             -0.20270767883321683112
19.220000             -0.20299259010280223947
19.225000             -0.20321340250463229560
19.230000             -0.20336800869125354341
19.235000             -0.20345615224079677263
19.240000             -0.20347643072853879853
19.245000             -0.20342847982052517097
19.250000             -0.20331105768147136881
19.255000             -0.20312289765479124570
19.260000             -0.20286372348590053782
19.265000             -0.20253343676455765054
19.270000             -0.20213216503833131288
19.275000             -0.20166072862668191212
19.280000             -0.20112075980152038790
19.285000             -0.20051340908256781725
19.290000             -0.19984076556341456854
19.295000             -0.19910562906393691751
19.300000             -0.19831138085018473749
19.305000             -0.19746076790477348761
19.310000             -0.19655715301532669659
19.315000             -0.19560383869646008614
19.320000             -0.19460390612664321686
19.325000             -0.19356150125824847508
19.330000             -0.19247917266199865427
19.335000             -0.19135925907185738493
19.340000             -0.19020432467879469507
19.345000             -0.18901921439572744177
19.350000             -0.18780610876771011708
19.355000             -0.18656654949661041765
19.360000             -0.18530378186320917155
19.365000             -0.18402068346314975900
19.370000             -0.18272050604698644727
19.375000             -0.18140591453215790252
19.380000             -0.18008050112080023486
19.385000             -0.17874577301035565746
19.390000             -0.17740595347256388203
19.395000             -0.17606391103385554686
19.400000             -0.17472358726455838873
19.405000             -0.17338909592151741101
19.410000             -0.17206210709874888987
19.415000             -0.17074989720403249693
19.420000             -0.16945516962317380694
19.425000             -0.16818216616512043915
19.430000             -0.16693307722242878288
19.435000             -0.16571099146489504106
19.440000             -0.16452109824534835725
19.445000             -0.16336578908223775564
19.450000             -0.16224901588144119424
19.455000             -0.16117389682461882860
19.460000             -0.16014273568890660671
19.465000             -0.15915619976719952433
19.470000             -0.15821660406070958693
19.475000             -0.15732503252943771943
19.480000             -0.15648510658760364511
19.485000             -0.15569715314861190536
19.490000             -0.15496377159574453719
19.495000             -0.15428470410469607987
19.500000             -0.15366077325391466757
19.505000             -0.15309442546067381086
19.510000             -0.15258640507208354187
19.515000             -0.15213721572297456142
19.520000             -0.15174828781745081097
19.525000             -0.15142090881440198324
19.530000             -0.15115682531943339106
19.535000             -0.15095645460220455392
19.540000             -0.15082120068749838016
19.545000             -0.15075203483802451787
19.550000             -0.15074995592975787284
19.555000             -0.15081531871715964099
19.560000             -0.15094906897665763545
19.565000             -0.15115027387821378113
19.570000             -0.15141874976744867931
19.575000             -0.15175430314931115383
19.580000             -0.15215595578348775629
19.585000             -0.15262125230756998229
19.590000             -0.15314883790964403665
19.595000             -0.15373684225282696625
19.600000             -0.15438265370492806894
19.605000             -0.15508248734761867493
19.610000             -0.15583515616460677511
19.615000             -0.15663917658658887966
19.620000             -0.15749137445553670900
19.625000             -0.15838965599340693036
19.630000             -0.15933452857519939116
19.635000             -0.16032089495887036357
19.640000             -0.16134301127991895752
19.645000             -0.16240129666036129397
19.650000             -0.16349343668412974484
19.655000             -0.16461582395171475701
19.660000             -0.16576514531132341412
19.665000             -0.16693932698924601743
19.670000             -0.16813554048861042989
19.675000             -0.16935141430142608421
19.680000             -0.17058490945737672662
19.685000             -0.17183310446060676147
19.690000             -0.17309337277762018581
19.695000             -0.17436333529595116065
19.700000             -0.17563855586403409603
19.705000             -0.17691740511406034431
19.710000             -0.17819599232175273307
19.715000             -0.17946911774883503310
19.720000             -0.18073138431562105199
19.725000             -0.18198608657406672995
19.730000             -0.18322760379513777784
19.735000             -0.18445190530962859987
19.740000             -0.18565530193034485151
19.745000             -0.18683545589099823103
19.750000             -0.18798727583221080950
19.755000             -0.18910659263196860636
19.760000             -0.19019147517492490662
19.765000             -0.19123879400592688760
19.770000             -0.19224687295484230165
19.775000             -0.19321270552186001201
19.780000             -0.19413399735399267110
19.785000             -0.19501065960715868730
19.790000             -0.19584166812735764873
19.795000             -0.19662349174854326650
19.800000             -0.19735533104525951331
19.805000             -0.19803516210020466470
19.810000             -0.19866352627236738559
19.815000             -0.19923567341898990035
19.820000             -0.19975600366683188280
19.825000             -0.20022101394952077080
19.830000             -0.20062895624197771283
19.835000             -0.20097798589850043860
19.840000             -0.20126603430601688882
19.845000             -0.20149419993348341440
19.850000             -0.20166344461705648650
19.855000             -0.20176938345560338495
19.860000             -0.20181162787655157476
19.865000             -0.20179139897647355162
19.870000             -0.20170756515635512862
19.875000             -0.20156080583484980995
19.880000             -0.20134901729186863162
19.885000             -0.20107505888924542825
19.890000             -0.20075278345537173053
19.895000             -0.20036893205865108358
19.900000             -0.19992379189308473464
19.905000             -0.19942253366133491643
19.910000             -0.19886259412058654439
19.915000             -0.19824815737110934588
19.920000             -0.19758068582159268867
19.925000             -0.19686426270762552582
19.930000             -0.19609736030139579555
19.935000             -0.19528538470522116555
19.940000             -0.19443183262889954244
19.945000             -0.19353450760396784247
19.950000             -0.19259955350647270378
19.955000             -0.19162676370502770840
19.960000             -0.19061748102912121072
19.965000             -0.18957474212699326754
19.970000             -0.18850201851400866238
19.975000             -0.18740025329049539438
19.980000             -0.18626881398491507147
19.985000             -0.18511377167318771031
19.990000             -0.18393832095602904997
19.995000             -0.18274333160644623542
20.000000             -0.18153259672321117590
20.005000             -0.18030994691171181588
20.010000             -0.17907768764858289501
20.015000             -0.17783991932091952615
20.020000             -0.17659947663322533851
20.025000             -0.17536115052910189460
20.030000             -0.17412712391703644155
20.035000             -0.17290129562044401212
20.040000             -0.17168690366791491964
20.045000             -0.17048391782014649110
20.050000             -0.16929767981408655464
20.055000             -0.16812926078314646694
20.060000             -0.16698282127602409597
20.065000             -0.16586120515563279598
20.070000             -0.16476683716201107055
20.075000             -0.16370252541557059334
20.080000             -0.16267223513159467796
20.085000             -0.16167676766462765747
20.090000             -0.16071865461857454127
20.095000             -0.15979746032788957888
20.100000             -0.15891819674784615768
20.105000             -0.15808240541161824866
20.110000             -0.15729287049376258767
20.115000             -0.15655094743049283168
20.120000             -0.15585855282663524379
20.125000             -0.15521687145096513261
20.130000             -0.15462740373671093885
20.135000             -0.15409330909591398284
20.140000             -0.15361501630405879903
20.145000             -0.15319244654762731450
20.150000             -0.15282540393553670222
20.155000             -0.15251389076447877113
20.160000             -0.15225989680905369084
20.165000             -0.15206433058899876398
20.170000             -0.15192910439320619909
20.175000             -0.15185379615571509282
20.180000             -0.15183907954715009092
20.185000             -0.15188466600703312559
20.190000             -0.15199107673358919213
20.195000             -0.15215812465113703889
20.200000             -0.15238153730354436766
20.205000             -0.15266160609971948792
20.210000             -0.15299937787974851600
20.215000             -0.15339368159759519950
20.220000             -0.15384168906211206918
20.225000             -0.15434122984888121177
20.230000             -0.15489232008622569325
20.235000             -0.15549592683867013987
20.240000             -0.15614638617716206093
20.245000             -0.15684542587536573488
20.250000             -0.15758923431982274632
20.255000             -0.15837358633991990842
20.260000             -0.15920306866419672853
20.265000             -0.16007271784483526056
20.270000             -0.16098124279799375103
20.275000             -0.16192592459160620733
20.280000             -0.16290486985198979197
20.285000             -0.16391629464996940180
20.290000             -0.16495691122216768476
20.295000             -0.16602398091539924407
20.300000             -0.16711463611400770302
20.305000             -0.16822534850416145935
20.310000             -0.16935240702148279812
20.315000             -0.17049729084228840148
20.320000             -0.17165335600214540190
20.325000             -0.17281926690207016772
20.330000             -0.17399137598412295347
20.335000             -0.17516661880775888371
20.340000             -0.17633861857441124332
20.345000             -0.17750628369837342935
20.350000             -0.17866587155173788148
20.355000             -0.17981597327633633276
20.360000             -0.18095322160611315709
20.365000             -0.18207428796774813295
20.370000             -0.18317660849928513178
20.375000             -0.18426018489148371371
20.380000             -0.18531956477949729223
20.385000             -0.18635293866649157990
20.390000             -0.18736053686293777099
20.395000             -0.18833732681635220740
20.400000             -0.18928229132461085737
20.405000             -0.19019374788560708400
20.410000             -0.19106950230220587361
20.415000             -0.19190781079709140489
20.420000             -0.19270671328494695662
20.425000             -0.19346540912856144412
20.430000             -0.19418069289003747624
20.435000             -0.19485081632755546499
20.440000             -0.19547526620884625448
20.445000             -0.19604963437389713587
20.450000             -0.19657417989379269430
20.455000             -0.19704934827654499441
20.460000             -0.19746695326895008504
20.465000             -0.19783207254682877441
20.470000             -0.19813904477189070441
20.475000             -0.19838941549411567844
20.480000             -0.19858151519403269281
20.485000             -0.19871572388356961714
20.490000             -0.19879153523744208520
20.495000             -0.19880865304403980143
20.500000             -0.19876864817493838933
20.505000             -0.19867181575548623074
20.510000             -0.19851851391029073923
20.515000             -0.19830946968351320647
20.520000             -0.19804631073119235984
20.525000             -0.19773347221640136251
20.530000             -0.19736787535704244934
20.535000             -0.19695206928333958141
20.540000             -0.19648390466080323247
20.545000             -0.19596580020728462945
20.550000             -0.19540169573251520152
20.555000             -0.19479195239462543388
20.560000             -0.19413714054887298843
20.565000             -0.19343932746546432799
20.570000             -0.19270011735440958911
20.575000             -0.19192152963969924540
20.580000             -0.19110336307652384114
20.585000             -0.19024875721373191162
20.590000             -0.18935950817240668198
20.595000             -0.18843682358934524257
20.600000             -0.18748334732194782415
20.605000             -0.18650219553958283236
20.610000             -0.18549572675833525537
20.615000             -0.18446636704795166262
20.620000             -0.18341738179107802686
20.625000             -0.18235096750883447725
20.630000             -0.18126903852305301101
20.635000             -0.18017696738187163885
20.640000             -0.17907722795473199340
20.645000             -0.17797190109932878310
20.650000             -0.17686391123509898060
20.655000             -0.17575668935831381678
20.660000             -0.17464973848398993028
20.665000             -0.17354952870853143643
20.670000             -0.17245651464661621022
20.675000             -0.17137362665638389281
20.680000             -0.17030557142099356227
20.685000             -0.16925228238390233049
20.690000             -0.16821754678986994280
20.695000             -0.16720330852387013665
20.700000             -0.16621192272507084864
20.705000             -0.16524642607006739814
20.710000             -0.16430794083236324732
20.715000             -0.16340345455482843673
20.720000             -0.16253220344357560689
20.725000             -0.16169581057680729175
20.730000             -0.16089729161231150489
20.735000             -0.16013892930115158908
20.740000             -0.15942318449611730946
20.745000             -0.15875222240608230506
20.750000             -0.15812731260441617587
20.755000             -0.15755123663216577534
20.760000             -0.15702316326206597341
20.765000             -0.15654480180575588988
20.770000             -0.15611594096681793986
20.775000             -0.15573756805955174531
20.780000             -0.15540969533880416575
20.785000             -0.15513215431101257114
20.790000             -0.15490610436964716290
20.795000             -0.15473047334063599889
20.800000             -0.15460843518096398230
20.805000             -0.15453559747895265208
20.810000             -0.15451538985735813192
20.815000             -0.15454850655066651455
20.820000             -0.15463353876978930268
20.825000             -0.15476990030367712703
20.830000             -0.15495807980997408637
20.835000             -0.15519811073523301359
20.840000             -0.15548873652015765545
20.845000             -0.15582911475943522772
20.850000             -0.15621956263820199751
20.855000             -0.15665943195354556372
20.860000             -0.15714445517357253368
20.865000             -0.15767582796778950582
20.870000             -0.15825042742166858800
20.875000             -0.15886817735513364402
20.880000             -0.15952637189083854197
20.885000             -0.16022573350534341508
20.890000             -0.16096324101044248711
20.895000             -0.16173569989252253865
20.900000             -0.16254149045445687172
20.905000             -0.16337867351601162436
20.910000             -0.16424538258663504142
20.915000             -0.16513969834261466030
20.920000             -0.16605669475042980632
20.925000             -0.16699574040788331408
20.930000             -0.16795515336299871034
20.935000             -0.16893094419608808976
20.940000             -0.16992156276789419089
20.945000             -0.17092577631406288829
20.950000             -0.17194095681798149400
20.955000             -0.17296564296848299103
20.960000             -0.17399705156735462142
20.965000             -0.17503177923508950187
20.970000             -0.17606821912896700177
20.975000             -0.17710360031619898358
20.980000             -0.17813585544113177961
20.985000             -0.17915908094100968517
20.990000             -0.18017775395876090005
20.995000             -0.18118374741875489797
21.000000             -0.18217560798310619696
21.005000             -0.18315007564322996481
21.010000             -0.18410569048976802020
21.015000             -0.18504199265106052730
21.020000             -0.18595385878747758279
21.025000             -0.18684169076925902231
21.030000             -0.18770234514937964021
21.035000             -0.18853275919102610581
21.040000             -0.18933132045256806375
21.045000             -0.19009481801975819382
21.050000             -0.19082320303807653872
21.055000             -0.19151355615301809965
21.060000             -0.19216344533581922183
21.065000             -0.19277019908107548285
21.070000             -0.19333320272497594994
21.075000             -0.19385143412465663526
21.080000             -0.19432367007365314304
21.085000             -0.19474640151725192139
21.090000             -0.19511873944722754604
21.095000             -0.19543783318658333736
21.100000             -0.19570843062548889946
21.105000             -0.19592993616279524849
21.110000             -0.19610048809633476297
21.115000             -0.19622090037269315776
21.120000             -0.19629101923978542477
21.125000             -0.19631146860576700885
21.130000             -0.19628176281493497912
21.135000             -0.19620272781886008429
21.140000             -0.19607137472341457096
21.145000             -0.19588926724421562575
21.150000             -0.19566073959667626414
21.155000             -0.19538648496390861875
21.160000             -0.19506528812673837314
21.165000             -0.19469967097632942532
21.170000             -0.19428456369374777490
21.175000             -0.19382397306748230803
21.180000             -0.19332194752651560288
21.185000             -0.19277725259293077009
21.190000             -0.19219096934721635606
21.195000             -0.19156530248167230601
21.200000             -0.19090121293032585870
21.205000             -0.19020052776397805561
21.210000             -0.18946494808189023873
21.215000             -0.18869650367166532212
21.220000             -0.18789736392721462233
21.225000             -0.18706835902959537132
21.230000             -0.18621448002665691446
21.235000             -0.18533682674675622248
21.240000             -0.18443763487505443477
21.245000             -0.18351917319386004679
21.250000             -0.18258507243999391734
21.255000             -0.18163745528212221769
21.260000             -0.18067980427627342022
21.265000             -0.17970975911396072644
21.270000             -0.17873519558753894754
21.275000             -0.17775819447628235515
21.280000             -0.17677857280685976837
21.285000             -0.17579891251583215639
21.290000             -0.17481965586028422321
21.295000             -0.17384507468353746495
21.300000             -0.17287525478474810581
21.305000             -0.17191055622165157812
21.310000             -0.17095706848770961250
21.315000             -0.17001578674862485863
21.320000             -0.16908929114764209567
21.325000             -0.16817939086156610817
21.330000             -0.16728965777636753409
21.335000             -0.16642250030644301084
21.340000             -0.16558281347506637049
21.345000             -0.16476909701050213020
21.350000             -0.16398584587321601846
21.355000             -0.16323696906644652449
21.360000             -0.16252278494323899038
21.365000             -0.16184578374329247619
21.370000             -0.16120788730007901135
21.375000             -0.16060803436789605758
21.380000             -0.16004998330199723955
21.385000             -0.15953371001459096257
21.390000             -0.15906009967205658739
21.395000             -0.15863069619014755207
21.400000             -0.15824447249249060099
21.405000             -0.15790595252282929595
21.410000             -0.15761207847338923327
21.415000             -0.15736370576486516382
21.420000             -0.15716133564949558155
21.425000             -0.15700262124492084248
21.430000             -0.15688992477878316301
21.435000             -0.15682315509422273259
21.440000             -0.15680250980157631191
21.445000             -0.15682683281966486311
21.450000             -0.15689966320690562629
21.455000             -0.15701682154787555135
21.460000             -0.15718313109235798608
21.465000             -0.15739376144422032033
21.470000             -0.15765051738966354145
21.475000             -0.15795535646604019764
21.480000             -0.15830448746727321385
21.485000             -0.15870054948095782543
21.490000             -0.15913850686391692313
21.495000             -0.15962134751026188506
21.500000             -0.16014493912474828119
21.505000             -0.16070896457911487687
21.510000             -0.16131098847901736981
21.515000             -0.16194841734393533583
21.520000             -0.16261900426336498016
21.525000             -0.16332114833592309422
21.530000             -0.16405244495328327736
21.535000             -0.16481046898304166359
21.540000             -0.16559300114776803747
21.545000             -0.16639806187258687764
21.550000             -0.16722364663907671178
21.555000             -0.16806726631910223757
21.560000             -0.16892720363934526917
21.565000             -0.16980219780184532818
21.570000             -0.17068960581819728195
21.575000             -0.17158799090296358858
21.580000             -0.17249548444212722820
21.585000             -0.17341024949838065861
21.590000             -0.17433148479277718601
21.595000             -0.17525678910918987552
21.600000             -0.17618286309318878513
21.605000             -0.17710863220519265648
21.610000             -0.17803229243328255738
21.615000             -0.17895185801970067696
21.620000             -0.17986417594938805542
21.625000             -0.18076666951260447758
21.630000             -0.18165606913083365281
21.635000             -0.18253087635615081186
21.640000             -0.18338537625834194777
21.645000             -0.18422248537287291836
21.650000             -0.18503567834652182023
21.655000             -0.18582378967455248642
21.660000             -0.18658649238537577952
21.665000             -0.18731916403427764650
21.670000             -0.18801956094459962299
21.675000             -0.18868761008681228519
21.680000             -0.18932101655755001479
21.685000             -0.18992026099836664677
21.690000             -0.19048148472308928936
21.695000             -0.19100708575982161541
21.700000             -0.19149595397960070264
21.705000             -0.19194628129488297552
21.710000             -0.19235826351483856222
21.715000             -0.19272980995475100241
21.720000             -0.19305876795567983306
21.725000             -0.19334510080898581474
21.730000             -0.19359000082570149148
21.735000             -0.19379200556266307220
21.740000             -0.19394973903163778561
21.745000             -0.19406266889200360359
21.750000             -0.19413034130600970162
21.755000             -0.19415193559813018198
21.760000             -0.19412661895320018624
21.765000             -0.19405412276639893987
21.770000             -0.19393454432751228156
21.775000             -0.19376834729857472794
21.780000             -0.19355630327021774995
21.785000             -0.19329912286138514754
21.790000             -0.19299847978256573500
21.795000             -0.19265304203422592422
21.800000             -0.19226666360733912775
21.805000             -0.19184071769639429728
21.810000             -0.19137605112338795799
21.815000             -0.19087306693846903261
21.820000             -0.19033841352859226514
21.825000             -0.18976486108054366198
21.830000             -0.18915967921309928546
21.835000             -0.18852500559129142799
21.840000             -0.18786066959864061721
21.845000             -0.18716824145838970028
21.850000             -0.18645036844097287454
21.855000             -0.18570779321019956210
21.860000             -0.18494141491872700955
21.865000             -0.18415112853389276060
21.870000             -0.18333964841907476884
21.875000             -0.18250981287373260753
21.880000             -0.18166809309241377379
21.885000             -0.18081012545336119790
21.890000             -0.17994050124746430175
21.895000             -0.17906144010181981874
21.900000             -0.17817561500213707770
21.905000             -0.17728537950377282195
21.910000             -0.17639368996838775128
21.915000             -0.17550338236085163968
21.920000             -0.17461594660177273686
21.925000             -0.17373438664434878720
21.930000             -0.17286181553354010298
21.935000             -0.17199989045825678224
21.940000             -0.17115082092672187497
21.945000             -0.17031656595204575089
21.950000             -0.16949914475159932881
21.955000             -0.16870046904238530927
21.960000             -0.16792252042039737536
21.965000             -0.16716863161512118818
21.970000             -0.16643666181482347222
21.975000             -0.16572976795263960614
21.980000             -0.16504977788957539420
21.985000             -0.16439765024666488924
21.990000             -0.16377396220374898506
21.995000             -0.16318250227905078953
22.000000             -0.16261947204718496529
22.005000             -0.16208952138347534899
22.010000             -0.16159361370977343153
22.015000             -0.16113342189932075565
22.020000             -0.16071064178858210370
22.025000             -0.16032710527603169504
22.030000             -0.15998253405706269747
22.035000             -0.15968027528925882175
22.040000             -0.15942150490959897113
22.045000             -0.15920683730910567544
22.050000             -0.15903309208080312898
22.055000             -0.15890275675351614448
22.060000             -0.15881601069332249021
22.065000             -0.15877276671776674455
22.070000             -0.15877184856943918345
22.075000             -0.15881362428786705010
22.080000             -0.15889756976832178359
22.085000             -0.15902221524982682044
22.090000             -0.15918820811017594941
22.095000             -0.15939490377725465398
22.100000             -0.15964138157373819471
22.105000             -0.15992616621950556111
22.110000             -0.16024910394001448677
22.115000             -0.16060960783003425112
22.120000             -0.16100581696373816865
22.125000             -0.16143879204311359365
22.130000             -0.16190456961412733050
22.135000             -0.16240734194312256289
22.140000             -0.16294153662775517910
22.145000             -0.16350871209714135102
22.150000             -0.16410633331459784090
22.155000             -0.16473303862412022602
22.160000             -0.16539024360220427878
22.165000             -0.16607142468512528510
22.170000             -0.16677818117862355796
22.175000             -0.16750705570568877323
22.180000             -0.16825692390370236562
22.185000             -0.16902515369547721491
22.190000             -0.16980840920855813647
22.195000             -0.17060578604582940510
22.200000             -0.17141454526907995426
22.205000             -0.17223263836701047103
22.210000             -0.17305931094207666066
22.215000             -0.17389110728748882750
22.220000             -0.17472592509747897349
22.225000             -0.17556144857063188391
22.230000             -0.17639329590338767573
22.235000             -0.17722110774074029127
22.240000             -0.17804347351761970475
22.245000             -0.17885647345320890289
22.250000             -0.17966102354662233376
22.255000             -0.18045381374370553229
22.260000             -0.18123186406910449242
22.265000             -0.18199637975256940936
22.270000             -0.18274522588498934295
22.275000             -0.18347665320787462373
22.280000             -0.18419217298922177517
22.285000             -0.18488850895466379942
22.290000             -0.18556250896344878010
22.295000             -0.18621148422437991399
22.300000             -0.18683404987292212551
22.305000             -0.18742729755267831249
22.310000             -0.18799070992950475678
22.315000             -0.18852661838566342478
22.320000             -0.18903117037709371573
22.325000             -0.18950269848203973866
22.330000             -0.18993949136455381965
22.335000             -0.19033900507129228319
22.340000             -0.19070070088512539042
22.345000             -0.19102316015496173529
22.350000             -0.19130645458765521694
22.355000             -0.19154889271977171283
22.360000             -0.19175010837683018061
22.365000             -0.19191032113490236188
22.370000             -0.19202943332869834570
22.375000             -0.19210783854586793717
22.380000             -0.19214541038991056476
22.385000             -0.19214283173322022069
22.390000             -0.19210027584005784362
22.395000             -0.19201850673361706145
22.400000             -0.19189794623771799786
22.405000             -0.19173893030273905791
22.410000             -0.19154294825111481404
22.415000             -0.19130976866709314965
22.420000             -0.19104010159834425298
22.425000             -0.19073424073225903053
22.430000             -0.19039487814441874436
22.435000             -0.19002034117436475413
22.440000             -0.18961233573793306872
22.445000             -0.18917171361062459778
22.450000             -0.18869748582662490555
22.455000             -0.18819116513454431372
22.460000             -0.18765556612394415636
22.465000             -0.18709070981479206108
22.470000             -0.18649794679646067297
22.475000             -0.18587919482924081249
22.480000             -0.18523589424192987707
22.485000             -0.18456936183628941395
22.490000             -0.18388292770246436603
22.495000             -0.18317770506445371637
22.500000             -0.18245394137745812868
22.505000             -0.18171600762591796907
22.510000             -0.18096584508247692824
22.515000             -0.18020606984208692447
22.520000             -0.17943935899974991499
22.525000             -0.17866505041956992628
22.530000             -0.17788578081319589286
22.535000             -0.17710422218341467793
22.540000             -0.17632176792998910386
22.545000             -0.17554010500719310905
22.550000             -0.17476089104047401457
22.555000             -0.17398600038566686132
22.560000             -0.17321699636076579032
22.565000             -0.17245560432125203731
22.570000             -0.17170481755690408798
22.575000             -0.17096776254416276575
22.580000             -0.17024129655671219052
22.585000             -0.16952993816230249591
22.590000             -0.16883397974901026561
22.595000             -0.16815625085739083211
22.600000             -0.16749826248887472735
22.605000             -0.16686264032148759306
22.610000             -0.16625023187398799140
22.615000             -0.16566155343181160342
22.620000             -0.16509985023007300864
22.625000             -0.16456702796874048134
22.630000             -0.16406352917851060869
22.635000             -0.16359121171705864883
22.640000             -0.16315334995670238705
22.645000             -0.16275035678556992735
22.650000             -0.16238286874935350945
22.655000             -0.16204798735806089094
22.660000             -0.16175162673152809756
22.665000             -0.16148860790359151340
22.670000             -0.16126264015787292183
22.675000             -0.16107312432975176564
22.680000             -0.16092043172925751815
22.685000             -0.16080484287722229819
22.690000             -0.16072656055201808845
22.695000             -0.16068569102798591075
22.700000             -0.16068241221476378677
22.705000             -0.16071735956594965233
22.710000             -0.16078970039277978854
22.715000             -0.16089991465669717385
22.720000             -0.16104640289186827884
22.725000             -0.16123026694619355115
22.730000             -0.16144788576249258227
22.735000             -0.16170371352333626214
22.740000             -0.16199821475051431885
22.745000             -0.16232579905021304878
22.750000             -0.16268877936549705487
22.755000             -0.16308298284350322693
22.760000             -0.16350793206425878745
22.765000             -0.16396238825117478988
22.770000             -0.16444525895562128737
22.775000             -0.16495652070506530706
22.780000             -0.16549145392385358755
22.785000             -0.16604960456654735412
22.790000             -0.16663165290500134286
22.795000             -0.16723299755123688382
22.800000             -0.16785561431994661108
22.805000             -0.16849606034807196320
22.810000             -0.16915470344876892828
22.815000             -0.16982681685804917882
22.820000             -0.17051022566061760366
22.825000             -0.17120530321170457366
22.830000             -0.17191111384500315507
22.835000             -0.17262742680483769697
22.840000             -0.17334875973162713891
22.845000             -0.17407358954647358940
22.850000             -0.17480083161588799712
22.855000             -0.17552998995119464820
22.860000             -0.17625845486146460295
22.865000             -0.17698442289584712106
22.870000             -0.17770580184142714675
22.875000             -0.17842035280778881234
22.880000             -0.17913012763048261067
22.885000             -0.17982803008510345188
22.890000             -0.18051779556944952398
22.895000             -0.18119543373926305652
22.900000             -0.18186015657078982710
22.905000             -0.18250934082349612453
22.910000             -0.18314058348004472188
22.915000             -0.18375488778152543334
22.920000             -0.18434815307643329096
22.925000             -0.18491893864017416860
22.930000             -0.18546985184033898397
22.935000             -0.18599659666370169098
22.940000             -0.18649689788696091619
22.945000             -0.18696977847742651813
22.950000             -0.18741411583494782533
22.955000             -0.18782873063740246344
22.960000             -0.18821341002566885359
22.965000             -0.18856665949773579460
22.970000             -0.18888795866100432930
22.975000             -0.18917615850600111305
22.980000             -0.18942991006362655537
22.985000             -0.18964917175813730821
22.990000             -0.18983460276696273450
22.995000             -0.18998379311266247460
23.000000             -0.19009858385973474326
23.005000             -0.19017801350531768345
23.010000             -0.19022333845985570089
23.015000             -0.19023391592722679877
23.020000             -0.19020960851183787987
23.025000             -0.19014899901372464552
23.030000             -0.19005457946335746477
23.035000             -0.18992709799103882351
23.040000             -0.18976619547107359542
23.045000             -0.18957250131626232625
23.050000             -0.18934489470911772258
23.055000             -0.18908390395238058868
23.060000             -0.18879085874169773684
23.065000             -0.18846446909834704830
23.070000             -0.18810550478295712251
23.075000             -0.18771794026897931085
23.080000             -0.18730309577469855808
23.085000             -0.18686253220903845107
23.090000             -0.18639345068386928284
23.095000             -0.18589990759655197761
23.100000             -0.18538099713546610237
23.105000             -0.18483927322781956715
23.110000             -0.18427767976785794368
23.115000             -0.18369840275154589171
23.120000             -0.18310462864055382370
23.125000             -0.18249185674468573759
23.130000             -0.18186623332231596772
23.135000             -0.18122624178406754325
23.140000             -0.18057548043727367215
23.145000             -0.17991565141746407308
23.150000             -0.17924984643390057260
23.155000             -0.17857938281337251696
23.160000             -0.17790459682505338490
23.165000             -0.17722692852662394469
23.170000             -0.17654768380060179012
23.175000             -0.17586830927760033205
23.180000             -0.17518936821504921264
23.185000             -0.17451301423283749337
23.190000             -0.17384102930464748193
23.195000             -0.17317373996490029175
23.200000             -0.17251317042633129706
23.205000             -0.17186070036951739404
23.210000             -0.17121769722437926720
23.215000             -0.17058638583201859995
23.220000             -0.16996716171413087104
23.225000             -0.16936424256316481851
23.230000             -0.16877602172416958370
23.235000             -0.16820855789098784761
23.240000             -0.16766000495380919966
23.245000             -0.16713362347144714026
23.250000             -0.16662927874025842967
23.255000             -0.16615191107422569439
23.260000             -0.16570087376117714761
23.265000             -0.16528134683524298154
23.270000             -0.16488857814404800362
23.275000             -0.16452551870228654396
23.280000             -0.16419352662376271446
23.285000             -0.16389155683763062532
23.290000             -0.16362094175461860956
23.295000             -0.16338188393209615579
23.300000             -0.16317364081400562159
23.305000             -0.16299641278548496204
23.310000             -0.16285101170493279654
23.315000             -0.16273860613214680138
23.320000             -0.16265678972177305406
23.325000             -0.16260664790486756281
23.330000             -0.16258786178316328441
23.335000             -0.16259960875985587925
23.340000             -0.16264192837024105120
23.345000             -0.16271683243818352294
23.350000             -0.16282391741870749780
23.355000             -0.16296336238472103330
23.360000             -0.16313552857989949141
23.365000             -0.16334019189413337414
23.370000             -0.16357719137179077551
23.375000             -0.16384636503797711526
23.380000             -0.16414753394058870239
23.385000             -0.16447895843136473015
23.390000             -0.16483982515603567975
23.395000             -0.16522853256172814751
23.400000             -0.16564512716051779662
23.405000             -0.16608669214234930700
23.410000             -0.16655423342891662042
23.415000             -0.16704338705087803940
23.420000             -0.16755317052853610504
23.425000             -0.16808109774461840735
23.430000             -0.16862706745090549898
23.435000             -0.16918597944976876413
23.440000             -0.16976006860858947056
23.445000             -0.17034585584820249871
23.450000             -0.17094302482342621508
23.455000             -0.17155018187723442002
23.460000             -0.17216489508237475814
23.465000             -0.17278553827974091339
23.470000             -0.17341349888750354213
23.475000             -0.17404623915286052127
23.480000             -0.17468415318395236202
23.485000             -0.17532503763009332776
23.490000             -0.17596701975126760598
23.495000             -0.17660987895231852751
23.500000             -0.17725164945554364171
23.505000             -0.17789092898331651527
23.510000             -0.17852627497515913269
23.515000             -0.17915601678619300086
23.520000             -0.17977583268742908240
23.525000             -0.18038623083896423993
23.530000             -0.18098418588172546229
23.535000             -0.18156716857996713088
23.540000             -0.18213520400169369573
23.545000             -0.18268523934561212152
23.550000             -0.18321613473404860239
23.555000             -0.18372650543033661186
23.560000             -0.18421470473819595570
23.565000             -0.18467945523977397082
23.570000             -0.18511966603007265486
23.575000             -0.18553366096247042583
23.580000             -0.18592127576110237253
23.585000             -0.18628084274635281492
23.590000             -0.18661612619715925443
23.595000             -0.18692713613902570136
23.600000             -0.18720890765832282066
23.605000             -0.18746307093590142134
23.610000             -0.18768880300337775768
23.615000             -0.18788385120636585945
23.620000             -0.18805168531830462886
23.625000             -0.18819127489995562952
23.630000             -0.18830151810273790258
23.635000             -0.18838326016096293425
23.640000             -0.18843543069815077429
23.645000             -0.18845876537745481771
23.650000             -0.18845258479216014935
23.655000             -0.18841316303181721015
23.660000             -0.18834752399262036371
23.665000             -0.18824780501518645348
23.670000             -0.18811820790244768165
23.675000             -0.18795820570674454109
23.680000             -0.18776752668939469815
23.685000             -0.18754657877506014652
23.690000             -0.18729548075741431212
23.695000             -0.18701538158862901495
23.700000             -0.18670902736033831437
23.705000             -0.18637541595166876029
23.710000             -0.18601772653029205462
23.715000             -0.18562868968711243589
23.720000             -0.18521863446154285260
23.725000             -0.18478416737845557161
23.730000             -0.18432935782305195915
23.735000             -0.18385568832150459007
23.740000             -0.18336422453692646783
23.745000             -0.18285590510577412471
23.750000             -0.18233242391403128857
23.755000             -0.18179615219661973691
23.760000             -0.18124750370456596538
23.765000             -0.18068831868628551507
23.770000             -0.18011956776950471815
23.775000             -0.17954149261147800409
23.780000             -0.17895389094449087874
23.785000             -0.17836020288096601782
23.790000             -0.17776053182547629783
23.795000             -0.17715578729452621798
23.800000             -0.17654796206263231872
23.805000             -0.17593833418344295705
23.810000             -0.17532808821060208437
23.815000             -0.17471806756233163038
23.820000             -0.17410922671219045132
23.825000             -0.17350562718069226231
23.830000             -0.17290714911984980673
23.835000             -0.17231849443646710118
23.840000             -0.17174018430294099580
23.845000             -0.17117235759824017682
23.850000             -0.17061948266527890428
23.855000             -0.17008001955524651438
23.860000             -0.16955815172755445142
23.865000             -0.16905772115447750825
23.870000             -0.16857726058173416739
23.875000             -0.16811922460432726645
23.880000             -0.16768471694658529381
23.885000             -0.16726915758863444839
23.890000             -0.16687714261221320289
23.895000             -0.16650777894322904560
23.900000             -0.16616308378059629902
23.905000             -0.16584093943049282860
23.910000             -0.16554348142217789608
23.915000             -0.16527297735932633405
23.920000             -0.16502379375605794043
23.925000             -0.16480519731943230055
23.930000             -0.16461359349471593738
23.935000             -0.16444566563307552731
23.940000             -0.16430781737877761528
23.945000             -0.16419764147677362587
23.950000             -0.16411618235709543590
23.955000             -0.16406455029808267310
23.960000             -0.16404285217438668854
23.965000             -0.16405127152332069085
23.970000             -0.16408825707311822106
23.975000             -0.16415644433355325305
23.980000             -0.16425024029241069856
23.985000             -0.16437517150862568371
23.990000             -0.16453478636743318342
23.995000             -0.16472118496946627775
24.000000             -0.16493880835206478630
24.005000             -0.16518146835789082605
24.010000             -0.16545270950094259632
24.015000             -0.16574903964413248425
24.020000             -0.16606906631838522226
24.025000             -0.16641322043226519645
24.030000             -0.16677990926121183390
24.035000             -0.16716734764129534407
24.040000             -0.16757229360877806679
24.045000             -0.16799390596636890050
24.050000             -0.16843945666479087642
24.055000             -0.16890227813696687131
24.060000             -0.16938195581462484052
24.065000             -0.16987736637480649327
24.070000             -0.17038333596488067223
24.075000             -0.17089919390917363007
24.080000             -0.17142699514410600359
24.085000             -0.17196023838598142874
24.090000             -0.17250439309972420698
24.095000             -0.17305553817889518520
24.100000             -0.17361401448912400225
24.105000             -0.17417816482029047087
24.110000             -0.17474827462504263775
24.115000             -0.17532407661578114366
24.120000             -0.17590451127665476805
24.125000             -0.17648508457022799023
24.130000             -0.17706726426747040892
24.135000             -0.17764589477908648840
24.140000             -0.17822222563624259828
24.145000             -0.17879237868668379496
24.150000             -0.17935362394412129872
24.155000             -0.17990442861816788311
24.160000             -0.18044262766526256159
24.165000             -0.18096664645579491060
24.170000             -0.18147414037121673003
24.175000             -0.18196356369637103900
24.180000             -0.18243203205544356038
24.185000             -0.18288176270064107620
24.190000             -0.18330975890262213301
24.195000             -0.18371547503740567886
24.200000             -0.18409988752653150268
24.205000             -0.18446119067820024306
24.210000             -0.18479756676584371822
24.215000             -0.18511493511088319974
24.220000             -0.18540864993284073003
24.225000             -0.18567746144363381222
24.230000             -0.18592727531866326540
24.235000             -0.18615476418884832621
24.240000             -0.18635981719392455402
24.245000             -0.18654230264646309845
24.250000             -0.18670009740233861617
24.255000             -0.18683262486208646047
24.260000             -0.18694085779531680047
24.265000             -0.18702401121722420085
24.270000             -0.18708133142395791393
24.275000             -0.18711156163417042020
24.280000             -0.18711528007415445529
24.285000             -0.18709194850771063146
24.290000             -0.18704165585338280997
24.295000             -0.18696260576762405159
24.300000             -0.18685416763754750247
24.305000             -0.18671655709109136190
24.310000             -0.18654976226090613789
24.315000             -0.18635331442961078352
24.320000             -0.18612898506882685767
24.325000             -0.18587676667987038104
24.330000             -0.18559911872291823265
24.335000             -0.18529481733639782681
24.340000             -0.18496591898564102019
24.345000             -0.18461165582001745622
24.350000             -0.18424050317170953539
24.355000             -0.18385117949186027819
24.360000             -0.18344577308017415151
24.365000             -0.18302543964888839945
24.370000             -0.18259125897650099746
24.375000             -0.18214463101515368515
24.380000             -0.18168695065020065704
24.385000             -0.18121889223743087305
24.390000             -0.18074070875791029001
24.395000             -0.18025273620041365463
24.400000             -0.17975676486113975616
24.405000             -0.17925226024161305949
24.410000             -0.17873926654271823922
24.415000             -0.17821884566144416406
24.420000             -0.17768969985297602965
24.425000             -0.17715401636521566076
24.430000             -0.17661275739396217754
24.435000             -0.17606808927528186381
24.440000             -0.17552128331070016021
24.445000             -0.17497436001215926904
24.450000             -0.17443107868483681555
24.455000             -0.17388835383604692164
24.460000             -0.17335150758112846670
24.465000             -0.17282443020340018669
24.470000             -0.17230706667387596376
24.475000             -0.17180155645426695155
24.480000             -0.17130934145607956687
24.485000             -0.17083248844595572136
24.490000             -0.17037317751626282480
24.495000             -0.16993004337526798619
24.500000             -0.16950559782746027482
24.505000             -0.16910074597156840581
24.510000             -0.16871432568032762589
24.515000             -0.16834693722963642304
24.520000             -0.16799899591942710209
24.525000             -0.16767079619756311559
24.530000             -0.16736339972112812546
24.535000             -0.16707560472441210231
24.540000             -0.16680775630737490478
24.545000             -0.16656043969856598741
24.550000             -0.16633463615579224815
24.555000             -0.16613297388471529037
24.560000             -0.16595527874938414969
24.565000             -0.16579798247018956436
24.570000             -0.16566388399819251265
24.575000             -0.16555337320641752563
24.580000             -0.16546983196128739468
24.585000             -0.16541200325760668788
24.590000             -0.16538206361475055184
24.595000             -0.16538356690945996141
24.600000             -0.16541137672345324061
24.605000             -0.16546943342567774216
24.610000             -0.16555683663916237469
24.615000             -0.16567352435753532336
24.620000             -0.16581871882439724875
24.625000             -0.16599259918893596866
24.630000             -0.16619174910559089686
24.635000             -0.16641416702553071816
24.640000             -0.16665795989338866301
24.645000             -0.16692639208830570285
24.650000             -0.16721636170165113389
24.655000             -0.16752675393728899689
24.660000             -0.16785536320459093496
24.665000             -0.16819977544195804930
24.670000             -0.16855836817124628113
24.675000             -0.16893336315030188510
24.680000             -0.16932220900811184583
24.685000             -0.16972571261790594943
24.690000             -0.17014012535758321620
24.695000             -0.17056672806545961074
24.700000             -0.17100314690972417964
24.705000             -0.17145370854206185007
24.710000             -0.17191207219760779035
24.715000             -0.17238256702872842285
24.720000             -0.17286233749996157694
24.725000             -0.17335282983278521574
24.730000             -0.17385251751890770655
24.735000             -0.17435524445604724808
24.740000             -0.17486357615755032668
24.745000             -0.17537697911236022064
24.750000             -0.17589286679805257729
24.755000             -0.17640923701198951701
24.760000             -0.17692453862132853648
24.765000             -0.17743662933830819939
24.770000             -0.17794308815061071760
24.775000             -0.17844235392390750405
24.780000             -0.17893228864123794652
24.785000             -0.17941268874530369448
24.790000             -0.17988149887026522178
24.795000             -0.18033426456355300393
24.800000             -0.18077265953945392818
24.805000             -0.18119524469412759404
24.810000             -0.18160147204482818273
24.815000             -0.18199082449299344710
24.820000             -0.18236415139359574145
24.825000             -0.18271804065077004720
24.830000             -0.18305467126441987702
24.835000             -0.18337530837485299662
24.840000             -0.18367847801829914611
24.845000             -0.18396401152467267703
24.850000             -0.18423252301144429910
24.855000             -0.18448352806102683021
24.860000             -0.18471646071700584257
24.865000             -0.18493028675544698203
24.870000             -0.18512410417205205082
24.875000             -0.18529692082226267846
24.880000             -0.18544860189639003623
24.885000             -0.18557575069821419245
24.890000             -0.18567716104291312473
24.895000             -0.18575347094414573768
24.900000             -0.18580297530669551143
24.905000             -0.18582474475297042216
24.910000             -0.18581784278283020040
24.915000             -0.18578305143873560801
24.920000             -0.18572063394135096548
24.925000             -0.18563115933310855854
24.930000             -0.18551607353259069733
24.935000             -0.18537545320412260330
24.940000             -0.18521005499055881449
24.945000             -0.18502247506390129272
24.950000             -0.18481398337340179672
24.955000             -0.18458602535429302627
24.960000             -0.18434046717458443809
24.965000             -0.18407907825411345959
24.970000             -0.18380175003546836421
24.975000             -0.18350732935981017846
24.980000             -0.18319811084247847321
24.985000             -0.18287437700890588066
24.990000             -0.18253656453760810918
