The system is: Linux - 6.18.33.2-microsoft-standard-WSL2 - x86_64
Compiling the C compiler identification source file "CMakeCCompilerId.c" succeeded.
Compiler: /usr/bin/cc 
Build flags: ;;-m64
Id flags:  

The output was:
0


Compilation of the C compiler identification source "CMakeCCompilerId.c" produced "a.out"

The C compiler identification is GNU, found in "/home/garaujor/OpenSees-CUDA/build-mp/Release/CMakeFiles/3.22.1/CompilerIdC/a.out"

Compiling the CXX compiler identification source file "CMakeCXXCompilerId.cpp" succeeded.
Compiler: /usr/bin/c++ 
Build flags: ;;-m64
Id flags:  

The output was:
0


Compilation of the CXX compiler identification source "CMakeCXXCompilerId.cpp" produced "a.out"

The CXX compiler identification is GNU, found in "/home/garaujor/OpenSees-CUDA/build-mp/Release/CMakeFiles/3.22.1/CompilerIdCXX/a.out"

Compiling the Fortran compiler identification source file "CMakeFortranCompilerId.F" succeeded.
Compiler: /usr/bin/gfortran 
Build flags: 
Id flags: -v 

The output was:
0
Driving: /usr/bin/gfortran -v CMakeFortranCompilerId.F -l gfortran -l m -shared-libgcc
Using built-in specs.
COLLECT_GCC=/usr/bin/gfortran
COLLECT_LTO_WRAPPER=/usr/lib/gcc/x86_64-linux-gnu/11/lto-wrapper
OFFLOAD_TARGET_NAMES=nvptx-none:amdgcn-amdhsa
OFFLOAD_TARGET_DEFAULT=1
Target: x86_64-linux-gnu
Configured with: ../src/configure -v --with-pkgversion='Ubuntu 11.4.0-1ubuntu1~22.04.3' --with-bugurl=file:///usr/share/doc/gcc-11/README.Bugs --enable-languages=c,ada,c++,go,brig,d,fortran,objc,obj-c++,m2 --prefix=/usr --with-gcc-major-version-only --program-suffix=-11 --program-prefix=x86_64-linux-gnu- --enable-shared --enable-linker-build-id --libexecdir=/usr/lib --without-included-gettext --enable-threads=posix --libdir=/usr/lib --enable-nls --enable-bootstrap --enable-clocale=gnu --enable-libstdcxx-debug --enable-libstdcxx-time=yes --with-default-libstdcxx-abi=new --enable-gnu-unique-object --disable-vtable-verify --enable-plugin --enable-default-pie --with-system-zlib --enable-libphobos-checking=release --with-target-system-zlib=auto --enable-objc-gc=auto --enable-multiarch --disable-werror --enable-cet --with-arch-32=i686 --with-abi=m64 --with-multilib-list=m32,m64,mx32 --enable-multilib --with-tune=generic --enable-offload-targets=nvptx-none=/build/gcc-11-0odw26/gcc-11-11.4.0/debian/tmp-nvptx/usr,amdgcn-amdhsa=/build/gcc-11-0odw26/gcc-11-11.4.0/debian/tmp-gcn/usr --without-cuda-driver --enable-checking=release --build=x86_64-linux-gnu --host=x86_64-linux-gnu --target=x86_64-linux-gnu --with-build-config=bootstrap-lto-lean --enable-link-serialization=2
Thread model: posix
Supported LTO compression algorithms: zlib zstd
gcc version 11.4.0 (Ubuntu 11.4.0-1ubuntu1~22.04.3) 
COLLECT_GCC_OPTIONS='-v' '-shared-libgcc' '-mtune=generic' '-march=x86-64' '-dumpdir' 'a-'
 /usr/lib/gcc/x86_64-linux-gnu/11/f951 CMakeFortranCompilerId.F -ffixed-form -cpp=/tmp/ccAeGFij.f90 -quiet -v -imultiarch x86_64-linux-gnu CMakeFortranCompilerId.F -quiet -dumpdir a- -dumpbase CMakeFortranCompilerId.F -dumpbase-ext .F -mtune=generic -march=x86-64 -version -fintrinsic-modules-path /usr/lib/gcc/x86_64-linux-gnu/11/finclude -fpre-include=/usr/include/finclude/math-vector-fortran.h -o /tmp/ccjLrdo9.s
GNU Fortran (Ubuntu 11.4.0-1ubuntu1~22.04.3) version 11.4.0 (x86_64-linux-gnu)
	compiled by GNU C version 11.4.0, GMP version 6.2.1, MPFR version 4.1.0, MPC version 1.2.1, isl version isl-0.24-GMP

GGC heuristics: --param ggc-min-expand=100 --param ggc-min-heapsize=131072
ignoring nonexistent directory "/usr/local/include/x86_64-linux-gnu"
ignoring nonexistent directory "/usr/lib/gcc/x86_64-linux-gnu/11/include-fixed"
ignoring nonexistent directory "/usr/lib/gcc/x86_64-linux-gnu/11/../../../../x86_64-linux-gnu/include"
ignoring duplicate directory "/opt/intel/oneapi/umf/0.11/include"
  as it is a non-system directory that duplicates a system directory
ignoring duplicate directory "/opt/intel/oneapi/mkl/2025.2/include"
  as it is a non-system directory that duplicates a system directory
#include "..." search starts here:
#include <...> search starts here:
 /usr/lib/gcc/x86_64-linux-gnu/11/finclude
 /opt/intel/oneapi/dev-utilities/2025.2/include
 /opt/intel/oneapi/umf/0.11/include
 /opt/intel/oneapi/tbb/2022.2/env/../include
 /opt/intel/oneapi/mpi/2021.16/include
 /opt/intel/oneapi/mkl/2025.2/include
 /usr/lib/gcc/x86_64-linux-gnu/11/include
 /usr/local/include
 /usr/include/x86_64-linux-gnu
 /usr/include
End of search list.
GNU Fortran2008 (Ubuntu 11.4.0-1ubuntu1~22.04.3) version 11.4.0 (x86_64-linux-gnu)
	compiled by GNU C version 11.4.0, GMP version 6.2.1, MPFR version 4.1.0, MPC version 1.2.1, isl version isl-0.24-GMP

GGC heuristics: --param ggc-min-expand=100 --param ggc-min-heapsize=131072
COLLECT_GCC_OPTIONS='-v' '-shared-libgcc' '-mtune=generic' '-march=x86-64' '-dumpdir' 'a-'
 as -v --64 -o /tmp/ccQADojE.o /tmp/ccjLrdo9.s
GNU assembler version 2.38 (x86_64-linux-gnu) using BFD version (GNU Binutils for Ubuntu) 2.38
Reading specs from /usr/lib/gcc/x86_64-linux-gnu/11/libgfortran.spec
rename spec lib to liborig
COLLECT_GCC_OPTIONS='-v' '-shared-libgcc' '-mtune=generic' '-march=x86-64' '-dumpdir' 'a-'
COMPILER_PATH=/usr/lib/gcc/x86_64-linux-gnu/11/:/usr/lib/gcc/x86_64-linux-gnu/11/:/usr/lib/gcc/x86_64-linux-gnu/:/usr/lib/gcc/x86_64-linux-gnu/11/:/usr/lib/gcc/x86_64-linux-gnu/
LIBRARY_PATH=/opt/intel/oneapi/tcm/1.4/lib/../lib/:/opt/intel/oneapi/umf/0.11/lib/../lib/:/opt/intel/oneapi/tbb/2022.2/env/../lib/intel64/gcc4.8/../lib/:/opt/intel/oneapi/mpi/2021.16/lib/../lib/:/opt/intel/oneapi/mkl/2025.2/lib/../lib/:/opt/intel/oneapi/compiler/2025.2/lib/../lib/:/usr/lib/gcc/x86_64-linux-gnu/11/:/usr/lib/gcc/x86_64-linux-gnu/11/../../../x86_64-linux-gnu/:/usr/lib/gcc/x86_64-linux-gnu/11/../../../../lib/:/lib/x86_64-linux-gnu/:/lib/../lib/:/usr/lib/x86_64-linux-gnu/:/usr/lib/../lib/:/opt/intel/oneapi/tcm/1.4/lib/:/opt/intel/oneapi/umf/0.11/lib/:/opt/intel/oneapi/tbb/2022.2/env/../lib/intel64/gcc4.8/:/opt/intel/oneapi/mpi/2021.16/lib/:/opt/intel/oneapi/mkl/2025.2/lib/:/opt/intel/oneapi/compiler/2025.2/lib/:/usr/lib/gcc/x86_64-linux-gnu/11/../../../:/lib/:/usr/lib/
COLLECT_GCC_OPTIONS='-v' '-shared-libgcc' '-mtune=generic' '-march=x86-64' '-dumpdir' 'a.'
 /usr/lib/gcc/x86_64-linux-gnu/11/collect2 -plugin /usr/lib/gcc/x86_64-linux-gnu/11/liblto_plugin.so -plugin-opt=/usr/lib/gcc/x86_64-linux-gnu/11/lto-wrapper -plugin-opt=-fresolution=/tmp/ccfS32w2.res -plugin-opt=-pass-through=-lgcc_s -plugin-opt=-pass-through=-lgcc -plugin-opt=-pass-through=-lquadmath -plugin-opt=-pass-through=-lm -plugin-opt=-pass-through=-lgcc_s -plugin-opt=-pass-through=-lgcc -plugin-opt=-pass-through=-lc -plugin-opt=-pass-through=-lgcc_s -plugin-opt=-pass-through=-lgcc --build-id --eh-frame-hdr -m elf_x86_64 --hash-style=gnu --as-needed -dynamic-linker /lib64/ld-linux-x86-64.so.2 -pie -z now -z relro /usr/lib/gcc/x86_64-linux-gnu/11/../../../x86_64-linux-gnu/Scrt1.o /usr/lib/gcc/x86_64-linux-gnu/11/../../../x86_64-linux-gnu/crti.o /usr/lib/gcc/x86_64-linux-gnu/11/crtbeginS.o -L/opt/intel/oneapi/tcm/1.4/lib/../lib -L/opt/intel/oneapi/umf/0.11/lib/../lib -L/opt/intel/oneapi/tbb/2022.2/env/../lib/intel64/gcc4.8/../lib -L/opt/intel/oneapi/mpi/2021.16/lib/../lib -L/opt/intel/oneapi/mkl/2025.2/lib/../lib -L/opt/intel/oneapi/compiler/2025.2/lib/../lib -L/usr/lib/gcc/x86_64-linux-gnu/11 -L/usr/lib/gcc/x86_64-linux-gnu/11/../../../x86_64-linux-gnu -L/usr/lib/gcc/x86_64-linux-gnu/11/../../../../lib -L/lib/x86_64-linux-gnu -L/lib/../lib -L/usr/lib/x86_64-linux-gnu -L/usr/lib/../lib -L/opt/intel/oneapi/tcm/1.4/lib -L/opt/intel/oneapi/umf/0.11/lib -L/opt/intel/oneapi/tbb/2022.2/env/../lib/intel64/gcc4.8 -L/opt/intel/oneapi/mpi/2021.16/lib -L/opt/intel/oneapi/mkl/2025.2/lib -L/opt/intel/oneapi/compiler/2025.2/lib -L/usr/lib/gcc/x86_64-linux-gnu/11/../../.. /tmp/ccQADojE.o -lgfortran -lm -lgcc_s -lgcc -lquadmath -lm -lgcc_s -lgcc -lc -lgcc_s -lgcc /usr/lib/gcc/x86_64-linux-gnu/11/crtendS.o /usr/lib/gcc/x86_64-linux-gnu/11/../../../x86_64-linux-gnu/crtn.o
COLLECT_GCC_OPTIONS='-v' '-shared-libgcc' '-mtune=generic' '-march=x86-64' '-dumpdir' 'a.'


Compilation of the Fortran compiler identification source "CMakeFortranCompilerId.F" produced "a.out"

The Fortran compiler identification is GNU, found in "/home/garaujor/OpenSees-CUDA/build-mp/Release/CMakeFiles/3.22.1/CompilerIdFortran/a.out"

Detecting C compiler ABI info compiled with the following output:
Change Dir: /home/garaujor/OpenSees-CUDA/build-mp/Release/CMakeFiles/CMakeTmp

Run Build Command(s):/usr/bin/ninja cmTC_4fd74 && [1/2] Building C object CMakeFiles/cmTC_4fd74.dir/CMakeCCompilerABI.c.o
Using built-in specs.
COLLECT_GCC=/usr/bin/cc
OFFLOAD_TARGET_NAMES=nvptx-none:amdgcn-amdhsa
OFFLOAD_TARGET_DEFAULT=1
Target: x86_64-linux-gnu
Configured with: ../src/configure -v --with-pkgversion='Ubuntu 11.4.0-1ubuntu1~22.04.3' --with-bugurl=file:///usr/share/doc/gcc-11/README.Bugs --enable-languages=c,ada,c++,go,brig,d,fortran,objc,obj-c++,m2 --prefix=/usr --with-gcc-major-version-only --program-suffix=-11 --program-prefix=x86_64-linux-gnu- --enable-shared --enable-linker-build-id --libexecdir=/usr/lib --without-included-gettext --enable-threads=posix --libdir=/usr/lib --enable-nls --enable-bootstrap --enable-clocale=gnu --enable-libstdcxx-debug --enable-libstdcxx-time=yes --with-default-libstdcxx-abi=new --enable-gnu-unique-object --disable-vtable-verify --enable-plugin --enable-default-pie --with-system-zlib --enable-libphobos-checking=release --with-target-system-zlib=auto --enable-objc-gc=auto --enable-multiarch --disable-werror --enable-cet --with-arch-32=i686 --with-abi=m64 --with-multilib-list=m32,m64,mx32 --enable-multilib --with-tune=generic --enable-offload-targets=nvptx-none=/build/gcc-11-0odw26/gcc-11-11.4.0/debian/tmp-nvptx/usr,amdgcn-amdhsa=/build/gcc-11-0odw26/gcc-11-11.4.0/debian/tmp-gcn/usr --without-cuda-driver --enable-checking=release --build=x86_64-linux-gnu --host=x86_64-linux-gnu --target=x86_64-linux-gnu --with-build-config=bootstrap-lto-lean --enable-link-serialization=2
Thread model: posix
Supported LTO compression algorithms: zlib zstd
gcc version 11.4.0 (Ubuntu 11.4.0-1ubuntu1~22.04.3) 
COLLECT_GCC_OPTIONS='-m64' '-v' '-o' 'CMakeFiles/cmTC_4fd74.dir/CMakeCCompilerABI.c.o' '-c' '-mtune=generic' '-march=x86-64' '-dumpdir' 'CMakeFiles/cmTC_4fd74.dir/'
 /usr/lib/gcc/x86_64-linux-gnu/11/cc1 -quiet -v -imultiarch x86_64-linux-gnu /usr/share/cmake-3.22/Modules/CMakeCCompilerABI.c -quiet -dumpdir CMakeFiles/cmTC_4fd74.dir/ -dumpbase CMakeCCompilerABI.c.c -dumpbase-ext .c -m64 -mtune=generic -march=x86-64 -version -fasynchronous-unwind-tables -fstack-protector-strong -Wformat -Wformat-security -fstack-clash-protection -fcf-protection -o /tmp/ccoBCxJ8.s
GNU C17 (Ubuntu 11.4.0-1ubuntu1~22.04.3) version 11.4.0 (x86_64-linux-gnu)
	compiled by GNU C version 11.4.0, GMP version 6.2.1, MPFR version 4.1.0, MPC version 1.2.1, isl version isl-0.24-GMP

GGC heuristics: --param ggc-min-expand=100 --param ggc-min-heapsize=131072
ignoring nonexistent directory "/usr/local/include/x86_64-linux-gnu"
ignoring nonexistent directory "/usr/lib/gcc/x86_64-linux-gnu/11/include-fixed"
ignoring nonexistent directory "/usr/lib/gcc/x86_64-linux-gnu/11/../../../../x86_64-linux-gnu/include"
ignoring duplicate directory "/opt/intel/oneapi/umf/0.11/include"
  as it is a non-system directory that duplicates a system directory
ignoring duplicate directory "/opt/intel/oneapi/mkl/2025.2/include"
  as it is a non-system directory that duplicates a system directory
#include "..." search starts here:
#include <...> search starts here:
 /opt/intel/oneapi/dev-utilities/2025.2/include
 /opt/intel/oneapi/umf/0.11/include
 /opt/intel/oneapi/tbb/2022.2/env/../include
 /opt/intel/oneapi/mpi/2021.16/include
 /opt/intel/oneapi/mkl/2025.2/include
 /usr/lib/gcc/x86_64-linux-gnu/11/include
 /usr/local/include
 /usr/include/x86_64-linux-gnu
 /usr/include
End of search list.
GNU C17 (Ubuntu 11.4.0-1ubuntu1~22.04.3) version 11.4.0 (x86_64-linux-gnu)
	compiled by GNU C version 11.4.0, GMP version 6.2.1, MPFR version 4.1.0, MPC version 1.2.1, isl version isl-0.24-GMP

GGC heuristics: --param ggc-min-expand=100 --param ggc-min-heapsize=131072
Compiler executable checksum: 46ebede1f5b795a957a1e85cb61af9d8
COLLECT_GCC_OPTIONS='-m64' '-v' '-o' 'CMakeFiles/cmTC_4fd74.dir/CMakeCCompilerABI.c.o' '-c' '-mtune=generic' '-march=x86-64' '-dumpdir' 'CMakeFiles/cmTC_4fd74.dir/'
 as -v --64 -o CMakeFiles/cmTC_4fd74.dir/CMakeCCompilerABI.c.o /tmp/ccoBCxJ8.s
GNU assembler version 2.38 (x86_64-linux-gnu) using BFD version (GNU Binutils for Ubuntu) 2.38
COMPILER_PATH=/usr/lib/gcc/x86_64-linux-gnu/11/:/usr/lib/gcc/x86_64-linux-gnu/11/:/usr/lib/gcc/x86_64-linux-gnu/:/usr/lib/gcc/x86_64-linux-gnu/11/:/usr/lib/gcc/x86_64-linux-gnu/
LIBRARY_PATH=/opt/intel/oneapi/tcm/1.4/lib/../lib/:/opt/intel/oneapi/umf/0.11/lib/../lib/:/opt/intel/oneapi/tbb/2022.2/env/../lib/intel64/gcc4.8/../lib/:/opt/intel/oneapi/mpi/2021.16/lib/../lib/:/opt/intel/oneapi/mkl/2025.2/lib/../lib/:/opt/intel/oneapi/compiler/2025.2/lib/../lib/:/usr/lib/gcc/x86_64-linux-gnu/11/:/usr/lib/gcc/x86_64-linux-gnu/11/../../../x86_64-linux-gnu/:/usr/lib/gcc/x86_64-linux-gnu/11/../../../../lib/:/lib/x86_64-linux-gnu/:/lib/../lib/:/usr/lib/x86_64-linux-gnu/:/usr/lib/../lib/:/opt/intel/oneapi/tcm/1.4/lib/:/opt/intel/oneapi/umf/0.11/lib/:/opt/intel/oneapi/tbb/2022.2/env/../lib/intel64/gcc4.8/:/opt/intel/oneapi/mpi/2021.16/lib/:/opt/intel/oneapi/mkl/2025.2/lib/:/opt/intel/oneapi/compiler/2025.2/lib/:/usr/lib/gcc/x86_64-linux-gnu/11/../../../:/lib/:/usr/lib/
COLLECT_GCC_OPTIONS='-m64' '-v' '-o' 'CMakeFiles/cmTC_4fd74.dir/CMakeCCompilerABI.c.o' '-c' '-mtune=generic' '-march=x86-64' '-dumpdir' 'CMakeFiles/cmTC_4fd74.dir/CMakeCCompilerABI.c.'
[2/2] Linking C executable cmTC_4fd74
Using built-in specs.
COLLECT_GCC=/usr/bin/cc
COLLECT_LTO_WRAPPER=/usr/lib/gcc/x86_64-linux-gnu/11/lto-wrapper
OFFLOAD_TARGET_NAMES=nvptx-none:amdgcn-amdhsa
OFFLOAD_TARGET_DEFAULT=1
Target: x86_64-linux-gnu
Configured with: ../src/configure -v --with-pkgversion='Ubuntu 11.4.0-1ubuntu1~22.04.3' --with-bugurl=file:///usr/share/doc/gcc-11/README.Bugs --enable-languages=c,ada,c++,go,brig,d,fortran,objc,obj-c++,m2 --prefix=/usr --with-gcc-major-version-only --program-suffix=-11 --program-prefix=x86_64-linux-gnu- --enable-shared --enable-linker-build-id --libexecdir=/usr/lib --without-included-gettext --enable-threads=posix --libdir=/usr/lib --enable-nls --enable-bootstrap --enable-clocale=gnu --enable-libstdcxx-debug --enable-libstdcxx-time=yes --with-default-libstdcxx-abi=new --enable-gnu-unique-object --disable-vtable-verify --enable-plugin --enable-default-pie --with-system-zlib --enable-libphobos-checking=release --with-target-system-zlib=auto --enable-objc-gc=auto --enable-multiarch --disable-werror --enable-cet --with-arch-32=i686 --with-abi=m64 --with-multilib-list=m32,m64,mx32 --enable-multilib --with-tune=generic --enable-offload-targets=nvptx-none=/build/gcc-11-0odw26/gcc-11-11.4.0/debian/tmp-nvptx/usr,amdgcn-amdhsa=/build/gcc-11-0odw26/gcc-11-11.4.0/debian/tmp-gcn/usr --without-cuda-driver --enable-checking=release --build=x86_64-linux-gnu --host=x86_64-linux-gnu --target=x86_64-linux-gnu --with-build-config=bootstrap-lto-lean --enable-link-serialization=2
Thread model: posix
Supported LTO compression algorithms: zlib zstd
gcc version 11.4.0 (Ubuntu 11.4.0-1ubuntu1~22.04.3) 
COMPILER_PATH=/usr/lib/gcc/x86_64-linux-gnu/11/:/usr/lib/gcc/x86_64-linux-gnu/11/:/usr/lib/gcc/x86_64-linux-gnu/:/usr/lib/gcc/x86_64-linux-gnu/11/:/usr/lib/gcc/x86_64-linux-gnu/
LIBRARY_PATH=/opt/intel/oneapi/tcm/1.4/lib/../lib/:/opt/intel/oneapi/umf/0.11/lib/../lib/:/opt/intel/oneapi/tbb/2022.2/env/../lib/intel64/gcc4.8/../lib/:/opt/intel/oneapi/mpi/2021.16/lib/../lib/:/opt/intel/oneapi/mkl/2025.2/lib/../lib/:/opt/intel/oneapi/compiler/2025.2/lib/../lib/:/usr/lib/gcc/x86_64-linux-gnu/11/:/usr/lib/gcc/x86_64-linux-gnu/11/../../../x86_64-linux-gnu/:/usr/lib/gcc/x86_64-linux-gnu/11/../../../../lib/:/lib/x86_64-linux-gnu/:/lib/../lib/:/usr/lib/x86_64-linux-gnu/:/usr/lib/../lib/:/opt/intel/oneapi/tcm/1.4/lib/:/opt/intel/oneapi/umf/0.11/lib/:/opt/intel/oneapi/tbb/2022.2/env/../lib/intel64/gcc4.8/:/opt/intel/oneapi/mpi/2021.16/lib/:/opt/intel/oneapi/mkl/2025.2/lib/:/opt/intel/oneapi/compiler/2025.2/lib/:/usr/lib/gcc/x86_64-linux-gnu/11/../../../:/lib/:/usr/lib/
COLLECT_GCC_OPTIONS='-m64' '-v' '-o' 'cmTC_4fd74' '-mtune=generic' '-march=x86-64' '-dumpdir' 'cmTC_4fd74.'
 /usr/lib/gcc/x86_64-linux-gnu/11/collect2 -plugin /usr/lib/gcc/x86_64-linux-gnu/11/liblto_plugin.so -plugin-opt=/usr/lib/gcc/x86_64-linux-gnu/11/lto-wrapper -plugin-opt=-fresolution=/tmp/cctugCmL.res -plugin-opt=-pass-through=-lgcc -plugin-opt=-pass-through=-lgcc_s -plugin-opt=-pass-through=-lc -plugin-opt=-pass-through=-lgcc -plugin-opt=-pass-through=-lgcc_s --build-id --eh-frame-hdr -m elf_x86_64 --hash-style=gnu --as-needed -dynamic-linker /lib64/ld-linux-x86-64.so.2 -pie -z now -z relro -o cmTC_4fd74 /usr/lib/gcc/x86_64-linux-gnu/11/../../../x86_64-linux-gnu/Scrt1.o /usr/lib/gcc/x86_64-linux-gnu/11/../../../x86_64-linux-gnu/crti.o /usr/lib/gcc/x86_64-linux-gnu/11/crtbeginS.o -L/opt/intel/oneapi/tcm/1.4/lib/../lib -L/opt/intel/oneapi/umf/0.11/lib/../lib -L/opt/intel/oneapi/tbb/2022.2/env/../lib/intel64/gcc4.8/../lib -L/opt/intel/oneapi/mpi/2021.16/lib/../lib -L/opt/intel/oneapi/mkl/2025.2/lib/../lib -L/opt/intel/oneapi/compiler/2025.2/lib/../lib -L/usr/lib/gcc/x86_64-linux-gnu/11 -L/usr/lib/gcc/x86_64-linux-gnu/11/../../../x86_64-linux-gnu -L/usr/lib/gcc/x86_64-linux-gnu/11/../../../../lib -L/lib/x86_64-linux-gnu -L/lib/../lib -L/usr/lib/x86_64-linux-gnu -L/usr/lib/../lib -L/opt/intel/oneapi/tcm/1.4/lib -L/opt/intel/oneapi/umf/0.11/lib -L/opt/intel/oneapi/tbb/2022.2/env/../lib/intel64/gcc4.8 -L/opt/intel/oneapi/mpi/2021.16/lib -L/opt/intel/oneapi/mkl/2025.2/lib -L/opt/intel/oneapi/compiler/2025.2/lib -L/usr/lib/gcc/x86_64-linux-gnu/11/../../.. CMakeFiles/cmTC_4fd74.dir/CMakeCCompilerABI.c.o -lgcc --push-state --as-needed -lgcc_s --pop-state -lc -lgcc --push-state --as-needed -lgcc_s --pop-state /usr/lib/gcc/x86_64-linux-gnu/11/crtendS.o /usr/lib/gcc/x86_64-linux-gnu/11/../../../x86_64-linux-gnu/crtn.o
COLLECT_GCC_OPTIONS='-m64' '-v' '-o' 'cmTC_4fd74' '-mtune=generic' '-march=x86-64' '-dumpdir' 'cmTC_4fd74.'



Parsed C implicit include dir info from above output: rv=done
  found start of include info
  found start of implicit include info
    add: [/opt/intel/oneapi/dev-utilities/2025.2/include]
    add: [/opt/intel/oneapi/umf/0.11/include]
    add: [/opt/intel/oneapi/tbb/2022.2/env/../include]
    add: [/opt/intel/oneapi/mpi/2021.16/include]
    add: [/opt/intel/oneapi/mkl/2025.2/include]
    add: [/usr/lib/gcc/x86_64-linux-gnu/11/include]
    add: [/usr/local/include]
    add: [/usr/include/x86_64-linux-gnu]
    add: [/usr/include]
  end of search list found
  collapse include dir [/opt/intel/oneapi/dev-utilities/2025.2/include] ==> [/opt/intel/oneapi/dev-utilities/2025.2/include]
  collapse include dir [/opt/intel/oneapi/umf/0.11/include] ==> [/opt/intel/oneapi/umf/0.11/include]
  collapse include dir [/opt/intel/oneapi/tbb/2022.2/env/../include] ==> [/opt/intel/oneapi/tbb/2022.2/include]
  collapse include dir [/opt/intel/oneapi/mpi/2021.16/include] ==> [/opt/intel/oneapi/mpi/2021.16/include]
  collapse include dir [/opt/intel/oneapi/mkl/2025.2/include] ==> [/opt/intel/oneapi/mkl/2025.2/include]
  collapse include dir [/usr/lib/gcc/x86_64-linux-gnu/11/include] ==> [/usr/lib/gcc/x86_64-linux-gnu/11/include]
  collapse include dir [/usr/local/include] ==> [/usr/local/include]
  collapse include dir [/usr/include/x86_64-linux-gnu] ==> [/usr/include/x86_64-linux-gnu]
  collapse include dir [/usr/include] ==> [/usr/include]
  implicit include dirs: [/opt/intel/oneapi/dev-utilities/2025.2/include;/opt/intel/oneapi/umf/0.11/include;/opt/intel/oneapi/tbb/2022.2/include;/opt/intel/oneapi/mpi/2021.16/include;/opt/intel/oneapi/mkl/2025.2/include;/usr/lib/gcc/x86_64-linux-gnu/11/include;/usr/local/include;/usr/include/x86_64-linux-gnu;/usr/include]


Parsed C implicit link information from above output:
  link line regex: [^( *|.*[/\])(ld|CMAKE_LINK_STARTFILE-NOTFOUND|([^/\]+-)?ld|collect2)[^/\]*( |$)]
  ignore line: [Change Dir: /home/garaujor/OpenSees-CUDA/build-mp/Release/CMakeFiles/CMakeTmp]
  ignore line: []
  ignore line: [Run Build Command(s):/usr/bin/ninja cmTC_4fd74 && [1/2] Building C object CMakeFiles/cmTC_4fd74.dir/CMakeCCompilerABI.c.o]
  ignore line: [Using built-in specs.]
  ignore line: [COLLECT_GCC=/usr/bin/cc]
  ignore line: [OFFLOAD_TARGET_NAMES=nvptx-none:amdgcn-amdhsa]
  ignore line: [OFFLOAD_TARGET_DEFAULT=1]
  ignore line: [Target: x86_64-linux-gnu]
  ignore line: [Configured with: ../src/configure -v --with-pkgversion='Ubuntu 11.4.0-1ubuntu1~22.04.3' --with-bugurl=file:///usr/share/doc/gcc-11/README.Bugs --enable-languages=c ada c++ go brig d fortran objc obj-c++ m2 --prefix=/usr --with-gcc-major-version-only --program-suffix=-11 --program-prefix=x86_64-linux-gnu- --enable-shared --enable-linker-build-id --libexecdir=/usr/lib --without-included-gettext --enable-threads=posix --libdir=/usr/lib --enable-nls --enable-bootstrap --enable-clocale=gnu --enable-libstdcxx-debug --enable-libstdcxx-time=yes --with-default-libstdcxx-abi=new --enable-gnu-unique-object --disable-vtable-verify --enable-plugin --enable-default-pie --with-system-zlib --enable-libphobos-checking=release --with-target-system-zlib=auto --enable-objc-gc=auto --enable-multiarch --disable-werror --enable-cet --with-arch-32=i686 --with-abi=m64 --with-multilib-list=m32 m64 mx32 --enable-multilib --with-tune=generic --enable-offload-targets=nvptx-none=/build/gcc-11-0odw26/gcc-11-11.4.0/debian/tmp-nvptx/usr amdgcn-amdhsa=/build/gcc-11-0odw26/gcc-11-11.4.0/debian/tmp-gcn/usr --without-cuda-driver --enable-checking=release --build=x86_64-linux-gnu --host=x86_64-linux-gnu --target=x86_64-linux-gnu --with-build-config=bootstrap-lto-lean --enable-link-serialization=2]
  ignore line: [Thread model: posix]
  ignore line: [Supported LTO compression algorithms: zlib zstd]
  ignore line: [gcc version 11.4.0 (Ubuntu 11.4.0-1ubuntu1~22.04.3) ]
  ignore line: [COLLECT_GCC_OPTIONS='-m64' '-v' '-o' 'CMakeFiles/cmTC_4fd74.dir/CMakeCCompilerABI.c.o' '-c' '-mtune=generic' '-march=x86-64' '-dumpdir' 'CMakeFiles/cmTC_4fd74.dir/']
  ignore line: [ /usr/lib/gcc/x86_64-linux-gnu/11/cc1 -quiet -v -imultiarch x86_64-linux-gnu /usr/share/cmake-3.22/Modules/CMakeCCompilerABI.c -quiet -dumpdir CMakeFiles/cmTC_4fd74.dir/ -dumpbase CMakeCCompilerABI.c.c -dumpbase-ext .c -m64 -mtune=generic -march=x86-64 -version -fasynchronous-unwind-tables -fstack-protector-strong -Wformat -Wformat-security -fstack-clash-protection -fcf-protection -o /tmp/ccoBCxJ8.s]
  ignore line: [GNU C17 (Ubuntu 11.4.0-1ubuntu1~22.04.3) version 11.4.0 (x86_64-linux-gnu)]
  ignore line: [	compiled by GNU C version 11.4.0  GMP version 6.2.1  MPFR version 4.1.0  MPC version 1.2.1  isl version isl-0.24-GMP]
  ignore line: []
  ignore line: [GGC heuristics: --param ggc-min-expand=100 --param ggc-min-heapsize=131072]
  ignore line: [ignoring nonexistent directory "/usr/local/include/x86_64-linux-gnu"]
  ignore line: [ignoring nonexistent directory "/usr/lib/gcc/x86_64-linux-gnu/11/include-fixed"]
  ignore line: [ignoring nonexistent directory "/usr/lib/gcc/x86_64-linux-gnu/11/../../../../x86_64-linux-gnu/include"]
  ignore line: [ignoring duplicate directory "/opt/intel/oneapi/umf/0.11/include"]
  ignore line: [  as it is a non-system directory that duplicates a system directory]
  ignore line: [ignoring duplicate directory "/opt/intel/oneapi/mkl/2025.2/include"]
  ignore line: [  as it is a non-system directory that duplicates a system directory]
  ignore line: [#include "..." search starts here:]
  ignore line: [#include <...> search starts here:]
  ignore line: [ /opt/intel/oneapi/dev-utilities/2025.2/include]
  ignore line: [ /opt/intel/oneapi/umf/0.11/include]
  ignore line: [ /opt/intel/oneapi/tbb/2022.2/env/../include]
  ignore line: [ /opt/intel/oneapi/mpi/2021.16/include]
  ignore line: [ /opt/intel/oneapi/mkl/2025.2/include]
  ignore line: [ /usr/lib/gcc/x86_64-linux-gnu/11/include]
  ignore line: [ /usr/local/include]
  ignore line: [ /usr/include/x86_64-linux-gnu]
  ignore line: [ /usr/include]
  ignore line: [End of search list.]
  ignore line: [GNU C17 (Ubuntu 11.4.0-1ubuntu1~22.04.3) version 11.4.0 (x86_64-linux-gnu)]
  ignore line: [	compiled by GNU C version 11.4.0  GMP version 6.2.1  MPFR version 4.1.0  MPC version 1.2.1  isl version isl-0.24-GMP]
  ignore line: []
  ignore line: [GGC heuristics: --param ggc-min-expand=100 --param ggc-min-heapsize=131072]
  ignore line: [Compiler executable checksum: 46ebede1f5b795a957a1e85cb61af9d8]
  ignore line: [COLLECT_GCC_OPTIONS='-m64' '-v' '-o' 'CMakeFiles/cmTC_4fd74.dir/CMakeCCompilerABI.c.o' '-c' '-mtune=generic' '-march=x86-64' '-dumpdir' 'CMakeFiles/cmTC_4fd74.dir/']
  ignore line: [ as -v --64 -o CMakeFiles/cmTC_4fd74.dir/CMakeCCompilerABI.c.o /tmp/ccoBCxJ8.s]
  ignore line: [GNU assembler version 2.38 (x86_64-linux-gnu) using BFD version (GNU Binutils for Ubuntu) 2.38]
  ignore line: [COMPILER_PATH=/usr/lib/gcc/x86_64-linux-gnu/11/:/usr/lib/gcc/x86_64-linux-gnu/11/:/usr/lib/gcc/x86_64-linux-gnu/:/usr/lib/gcc/x86_64-linux-gnu/11/:/usr/lib/gcc/x86_64-linux-gnu/]
  ignore line: [LIBRARY_PATH=/opt/intel/oneapi/tcm/1.4/lib/../lib/:/opt/intel/oneapi/umf/0.11/lib/../lib/:/opt/intel/oneapi/tbb/2022.2/env/../lib/intel64/gcc4.8/../lib/:/opt/intel/oneapi/mpi/2021.16/lib/../lib/:/opt/intel/oneapi/mkl/2025.2/lib/../lib/:/opt/intel/oneapi/compiler/2025.2/lib/../lib/:/usr/lib/gcc/x86_64-linux-gnu/11/:/usr/lib/gcc/x86_64-linux-gnu/11/../../../x86_64-linux-gnu/:/usr/lib/gcc/x86_64-linux-gnu/11/../../../../lib/:/lib/x86_64-linux-gnu/:/lib/../lib/:/usr/lib/x86_64-linux-gnu/:/usr/lib/../lib/:/opt/intel/oneapi/tcm/1.4/lib/:/opt/intel/oneapi/umf/0.11/lib/:/opt/intel/oneapi/tbb/2022.2/env/../lib/intel64/gcc4.8/:/opt/intel/oneapi/mpi/2021.16/lib/:/opt/intel/oneapi/mkl/2025.2/lib/:/opt/intel/oneapi/compiler/2025.2/lib/:/usr/lib/gcc/x86_64-linux-gnu/11/../../../:/lib/:/usr/lib/]
  ignore line: [COLLECT_GCC_OPTIONS='-m64' '-v' '-o' 'CMakeFiles/cmTC_4fd74.dir/CMakeCCompilerABI.c.o' '-c' '-mtune=generic' '-march=x86-64' '-dumpdir' 'CMakeFiles/cmTC_4fd74.dir/CMakeCCompilerABI.c.']
  ignore line: [[2/2] Linking C executable cmTC_4fd74]
  ignore line: [Using built-in specs.]
  ignore line: [COLLECT_GCC=/usr/bin/cc]
  ignore line: [COLLECT_LTO_WRAPPER=/usr/lib/gcc/x86_64-linux-gnu/11/lto-wrapper]
  ignore line: [OFFLOAD_TARGET_NAMES=nvptx-none:amdgcn-amdhsa]
  ignore line: [OFFLOAD_TARGET_DEFAULT=1]
  ignore line: [Target: x86_64-linux-gnu]
  ignore line: [Configured with: ../src/configure -v --with-pkgversion='Ubuntu 11.4.0-1ubuntu1~22.04.3' --with-bugurl=file:///usr/share/doc/gcc-11/README.Bugs --enable-languages=c ada c++ go brig d fortran objc obj-c++ m2 --prefix=/usr --with-gcc-major-version-only --program-suffix=-11 --program-prefix=x86_64-linux-gnu- --enable-shared --enable-linker-build-id --libexecdir=/usr/lib --without-included-gettext --enable-threads=posix --libdir=/usr/lib --enable-nls --enable-bootstrap --enable-clocale=gnu --enable-libstdcxx-debug --enable-libstdcxx-time=yes --with-default-libstdcxx-abi=new --enable-gnu-unique-object --disable-vtable-verify --enable-plugin --enable-default-pie --with-system-zlib --enable-libphobos-checking=release --with-target-system-zlib=auto --enable-objc-gc=auto --enable-multiarch --disable-werror --enable-cet --with-arch-32=i686 --with-abi=m64 --with-multilib-list=m32 m64 mx32 --enable-multilib --with-tune=generic --enable-offload-targets=nvptx-none=/build/gcc-11-0odw26/gcc-11-11.4.0/debian/tmp-nvptx/usr amdgcn-amdhsa=/build/gcc-11-0odw26/gcc-11-11.4.0/debian/tmp-gcn/usr --without-cuda-driver --enable-checking=release --build=x86_64-linux-gnu --host=x86_64-linux-gnu --target=x86_64-linux-gnu --with-build-config=bootstrap-lto-lean --enable-link-serialization=2]
  ignore line: [Thread model: posix]
  ignore line: [Supported LTO compression algorithms: zlib zstd]
  ignore line: [gcc version 11.4.0 (Ubuntu 11.4.0-1ubuntu1~22.04.3) ]
  ignore line: [COMPILER_PATH=/usr/lib/gcc/x86_64-linux-gnu/11/:/usr/lib/gcc/x86_64-linux-gnu/11/:/usr/lib/gcc/x86_64-linux-gnu/:/usr/lib/gcc/x86_64-linux-gnu/11/:/usr/lib/gcc/x86_64-linux-gnu/]
  ignore line: [LIBRARY_PATH=/opt/intel/oneapi/tcm/1.4/lib/../lib/:/opt/intel/oneapi/umf/0.11/lib/../lib/:/opt/intel/oneapi/tbb/2022.2/env/../lib/intel64/gcc4.8/../lib/:/opt/intel/oneapi/mpi/2021.16/lib/../lib/:/opt/intel/oneapi/mkl/2025.2/lib/../lib/:/opt/intel/oneapi/compiler/2025.2/lib/../lib/:/usr/lib/gcc/x86_64-linux-gnu/11/:/usr/lib/gcc/x86_64-linux-gnu/11/../../../x86_64-linux-gnu/:/usr/lib/gcc/x86_64-linux-gnu/11/../../../../lib/:/lib/x86_64-linux-gnu/:/lib/../lib/:/usr/lib/x86_64-linux-gnu/:/usr/lib/../lib/:/opt/intel/oneapi/tcm/1.4/lib/:/opt/intel/oneapi/umf/0.11/lib/:/opt/intel/oneapi/tbb/2022.2/env/../lib/intel64/gcc4.8/:/opt/intel/oneapi/mpi/2021.16/lib/:/opt/intel/oneapi/mkl/2025.2/lib/:/opt/intel/oneapi/compiler/2025.2/lib/:/usr/lib/gcc/x86_64-linux-gnu/11/../../../:/lib/:/usr/lib/]
  ignore line: [COLLECT_GCC_OPTIONS='-m64' '-v' '-o' 'cmTC_4fd74' '-mtune=generic' '-march=x86-64' '-dumpdir' 'cmTC_4fd74.']
  link line: [ /usr/lib/gcc/x86_64-linux-gnu/11/collect2 -plugin /usr/lib/gcc/x86_64-linux-gnu/11/liblto_plugin.so -plugin-opt=/usr/lib/gcc/x86_64-linux-gnu/11/lto-wrapper -plugin-opt=-fresolution=/tmp/cctugCmL.res -plugin-opt=-pass-through=-lgcc -plugin-opt=-pass-through=-lgcc_s -plugin-opt=-pass-through=-lc -plugin-opt=-pass-through=-lgcc -plugin-opt=-pass-through=-lgcc_s --build-id --eh-frame-hdr -m elf_x86_64 --hash-style=gnu --as-needed -dynamic-linker /lib64/ld-linux-x86-64.so.2 -pie -z now -z relro -o cmTC_4fd74 /usr/lib/gcc/x86_64-linux-gnu/11/../../../x86_64-linux-gnu/Scrt1.o /usr/lib/gcc/x86_64-linux-gnu/11/../../../x86_64-linux-gnu/crti.o /usr/lib/gcc/x86_64-linux-gnu/11/crtbeginS.o -L/opt/intel/oneapi/tcm/1.4/lib/../lib -L/opt/intel/oneapi/umf/0.11/lib/../lib -L/opt/intel/oneapi/tbb/2022.2/env/../lib/intel64/gcc4.8/../lib -L/opt/intel/oneapi/mpi/2021.16/lib/../lib -L/opt/intel/oneapi/mkl/2025.2/lib/../lib -L/opt/intel/oneapi/compiler/2025.2/lib/../lib -L/usr/lib/gcc/x86_64-linux-gnu/11 -L/usr/lib/gcc/x86_64-linux-gnu/11/../../../x86_64-linux-gnu -L/usr/lib/gcc/x86_64-linux-gnu/11/../../../../lib -L/lib/x86_64-linux-gnu -L/lib/../lib -L/usr/lib/x86_64-linux-gnu -L/usr/lib/../lib -L/opt/intel/oneapi/tcm/1.4/lib -L/opt/intel/oneapi/umf/0.11/lib -L/opt/intel/oneapi/tbb/2022.2/env/../lib/intel64/gcc4.8 -L/opt/intel/oneapi/mpi/2021.16/lib -L/opt/intel/oneapi/mkl/2025.2/lib -L/opt/intel/oneapi/compiler/2025.2/lib -L/usr/lib/gcc/x86_64-linux-gnu/11/../../.. CMakeFiles/cmTC_4fd74.dir/CMakeCCompilerABI.c.o -lgcc --push-state --as-needed -lgcc_s --pop-state -lc -lgcc --push-state --as-needed -lgcc_s --pop-state /usr/lib/gcc/x86_64-linux-gnu/11/crtendS.o /usr/lib/gcc/x86_64-linux-gnu/11/../../../x86_64-linux-gnu/crtn.o]
    arg [/usr/lib/gcc/x86_64-linux-gnu/11/collect2] ==> ignore
    arg [-plugin] ==> ignore
    arg [/usr/lib/gcc/x86_64-linux-gnu/11/liblto_plugin.so] ==> ignore
    arg [-plugin-opt=/usr/lib/gcc/x86_64-linux-gnu/11/lto-wrapper] ==> ignore
    arg [-plugin-opt=-fresolution=/tmp/cctugCmL.res] ==> ignore
    arg [-plugin-opt=-pass-through=-lgcc] ==> ignore
    arg [-plugin-opt=-pass-through=-lgcc_s] ==> ignore
    arg [-plugin-opt=-pass-through=-lc] ==> ignore
    arg [-plugin-opt=-pass-through=-lgcc] ==> ignore
    arg [-plugin-opt=-pass-through=-lgcc_s] ==> ignore
    arg [--build-id] ==> ignore
    arg [--eh-frame-hdr] ==> ignore
    arg [-m] ==> ignore
    arg [elf_x86_64] ==> ignore
    arg [--hash-style=gnu] ==> ignore
    arg [--as-needed] ==> ignore
    arg [-dynamic-linker] ==> ignore
    arg [/lib64/ld-linux-x86-64.so.2] ==> ignore
    arg [-pie] ==> ignore
    arg [-znow] ==> ignore
    arg [-zrelro] ==> ignore
    arg [-o] ==> ignore
    arg [cmTC_4fd74] ==> ignore
    arg [/usr/lib/gcc/x86_64-linux-gnu/11/../../../x86_64-linux-gnu/Scrt1.o] ==> obj [/usr/lib/gcc/x86_64-linux-gnu/11/../../../x86_64-linux-gnu/Scrt1.o]
    arg [/usr/lib/gcc/x86_64-linux-gnu/11/../../../x86_64-linux-gnu/crti.o] ==> obj [/usr/lib/gcc/x86_64-linux-gnu/11/../../../x86_64-linux-gnu/crti.o]
    arg [/usr/lib/gcc/x86_64-linux-gnu/11/crtbeginS.o] ==> obj [/usr/lib/gcc/x86_64-linux-gnu/11/crtbeginS.o]
    arg [-L/opt/intel/oneapi/tcm/1.4/lib/../lib] ==> dir [/opt/intel/oneapi/tcm/1.4/lib/../lib]
    arg [-L/opt/intel/oneapi/umf/0.11/lib/../lib] ==> dir [/opt/intel/oneapi/umf/0.11/lib/../lib]
    arg [-L/opt/intel/oneapi/tbb/2022.2/env/../lib/intel64/gcc4.8/../lib] ==> dir [/opt/intel/oneapi/tbb/2022.2/env/../lib/intel64/gcc4.8/../lib]
    arg [-L/opt/intel/oneapi/mpi/2021.16/lib/../lib] ==> dir [/opt/intel/oneapi/mpi/2021.16/lib/../lib]
    arg [-L/opt/intel/oneapi/mkl/2025.2/lib/../lib] ==> dir [/opt/intel/oneapi/mkl/2025.2/lib/../lib]
    arg [-L/opt/intel/oneapi/compiler/2025.2/lib/../lib] ==> dir [/opt/intel/oneapi/compiler/2025.2/lib/../lib]
    arg [-L/usr/lib/gcc/x86_64-linux-gnu/11] ==> dir [/usr/lib/gcc/x86_64-linux-gnu/11]
    arg [-L/usr/lib/gcc/x86_64-linux-gnu/11/../../../x86_64-linux-gnu] ==> dir [/usr/lib/gcc/x86_64-linux-gnu/11/../../../x86_64-linux-gnu]
    arg [-L/usr/lib/gcc/x86_64-linux-gnu/11/../../../../lib] ==> dir [/usr/lib/gcc/x86_64-linux-gnu/11/../../../../lib]
    arg [-L/lib/x86_64-linux-gnu] ==> dir [/lib/x86_64-linux-gnu]
    arg [-L/lib/../lib] ==> dir [/lib/../lib]
    arg [-L/usr/lib/x86_64-linux-gnu] ==> dir [/usr/lib/x86_64-linux-gnu]
    arg [-L/usr/lib/../lib] ==> dir [/usr/lib/../lib]
    arg [-L/opt/intel/oneapi/tcm/1.4/lib] ==> dir [/opt/intel/oneapi/tcm/1.4/lib]
    arg [-L/opt/intel/oneapi/umf/0.11/lib] ==> dir [/opt/intel/oneapi/umf/0.11/lib]
    arg [-L/opt/intel/oneapi/tbb/2022.2/env/../lib/intel64/gcc4.8] ==> dir [/opt/intel/oneapi/tbb/2022.2/env/../lib/intel64/gcc4.8]
    arg [-L/opt/intel/oneapi/mpi/2021.16/lib] ==> dir [/opt/intel/oneapi/mpi/2021.16/lib]
    arg [-L/opt/intel/oneapi/mkl/2025.2/lib] ==> dir [/opt/intel/oneapi/mkl/2025.2/lib]
    arg [-L/opt/intel/oneapi/compiler/2025.2/lib] ==> dir [/opt/intel/oneapi/compiler/2025.2/lib]
    arg [-L/usr/lib/gcc/x86_64-linux-gnu/11/../../..] ==> dir [/usr/lib/gcc/x86_64-linux-gnu/11/../../..]
    arg [CMakeFiles/cmTC_4fd74.dir/CMakeCCompilerABI.c.o] ==> ignore
    arg [-lgcc] ==> lib [gcc]
    arg [--push-state] ==> ignore
    arg [--as-needed] ==> ignore
    arg [-lgcc_s] ==> lib [gcc_s]
    arg [--pop-state] ==> ignore
    arg [-lc] ==> lib [c]
    arg [-lgcc] ==> lib [gcc]
    arg [--push-state] ==> ignore
    arg [--as-needed] ==> ignore
    arg [-lgcc_s] ==> lib [gcc_s]
    arg [--pop-state] ==> ignore
    arg [/usr/lib/gcc/x86_64-linux-gnu/11/crtendS.o] ==> obj [/usr/lib/gcc/x86_64-linux-gnu/11/crtendS.o]
    arg [/usr/lib/gcc/x86_64-linux-gnu/11/../../../x86_64-linux-gnu/crtn.o] ==> obj [/usr/lib/gcc/x86_64-linux-gnu/11/../../../x86_64-linux-gnu/crtn.o]
  collapse obj [/usr/lib/gcc/x86_64-linux-gnu/11/../../../x86_64-linux-gnu/Scrt1.o] ==> [/usr/lib/x86_64-linux-gnu/Scrt1.o]
  collapse obj [/usr/lib/gcc/x86_64-linux-gnu/11/../../../x86_64-linux-gnu/crti.o] ==> [/usr/lib/x86_64-linux-gnu/crti.o]
  collapse obj [/usr/lib/gcc/x86_64-linux-gnu/11/../../../x86_64-linux-gnu/crtn.o] ==> [/usr/lib/x86_64-linux-gnu/crtn.o]
  collapse library dir [/opt/intel/oneapi/tcm/1.4/lib/../lib] ==> [/opt/intel/oneapi/tcm/1.4/lib]
  collapse library dir [/opt/intel/oneapi/umf/0.11/lib/../lib] ==> [/opt/intel/oneapi/umf/0.11/lib]
  collapse library dir [/opt/intel/oneapi/tbb/2022.2/env/../lib/intel64/gcc4.8/../lib] ==> [/opt/intel/oneapi/tbb/2022.2/lib/intel64/lib]
  collapse library dir [/opt/intel/oneapi/mpi/2021.16/lib/../lib] ==> [/opt/intel/oneapi/mpi/2021.16/lib]
  collapse library dir [/opt/intel/oneapi/mkl/2025.2/lib/../lib] ==> [/opt/intel/oneapi/mkl/2025.2/lib]
  collapse library dir [/opt/intel/oneapi/compiler/2025.2/lib/../lib] ==> [/opt/intel/oneapi/compiler/2025.2/lib]
  collapse library dir [/usr/lib/gcc/x86_64-linux-gnu/11] ==> [/usr/lib/gcc/x86_64-linux-gnu/11]
  collapse library dir [/usr/lib/gcc/x86_64-linux-gnu/11/../../../x86_64-linux-gnu] ==> [/usr/lib/x86_64-linux-gnu]
  collapse library dir [/usr/lib/gcc/x86_64-linux-gnu/11/../../../../lib] ==> [/usr/lib]
  collapse library dir [/lib/x86_64-linux-gnu] ==> [/lib/x86_64-linux-gnu]
  collapse library dir [/lib/../lib] ==> [/lib]
  collapse library dir [/usr/lib/x86_64-linux-gnu] ==> [/usr/lib/x86_64-linux-gnu]
  collapse library dir [/usr/lib/../lib] ==> [/usr/lib]
  collapse library dir [/opt/intel/oneapi/tcm/1.4/lib] ==> [/opt/intel/oneapi/tcm/1.4/lib]
  collapse library dir [/opt/intel/oneapi/umf/0.11/lib] ==> [/opt/intel/oneapi/umf/0.11/lib]
  collapse library dir [/opt/intel/oneapi/tbb/2022.2/env/../lib/intel64/gcc4.8] ==> [/opt/intel/oneapi/tbb/2022.2/lib/intel64/gcc4.8]
  collapse library dir [/opt/intel/oneapi/mpi/2021.16/lib] ==> [/opt/intel/oneapi/mpi/2021.16/lib]
  collapse library dir [/opt/intel/oneapi/mkl/2025.2/lib] ==> [/opt/intel/oneapi/mkl/2025.2/lib]
  collapse library dir [/opt/intel/oneapi/compiler/2025.2/lib] ==> [/opt/intel/oneapi/compiler/2025.2/lib]
  collapse library dir [/usr/lib/gcc/x86_64-linux-gnu/11/../../..] ==> [/usr/lib]
  implicit libs: [gcc;gcc_s;c;gcc;gcc_s]
  implicit objs: [/usr/lib/x86_64-linux-gnu/Scrt1.o;/usr/lib/x86_64-linux-gnu/crti.o;/usr/lib/gcc/x86_64-linux-gnu/11/crtbeginS.o;/usr/lib/gcc/x86_64-linux-gnu/11/crtendS.o;/usr/lib/x86_64-linux-gnu/crtn.o]
  implicit dirs: [/opt/intel/oneapi/tcm/1.4/lib;/opt/intel/oneapi/umf/0.11/lib;/opt/intel/oneapi/tbb/2022.2/lib/intel64/lib;/opt/intel/oneapi/mpi/2021.16/lib;/opt/intel/oneapi/mkl/2025.2/lib;/opt/intel/oneapi/compiler/2025.2/lib;/usr/lib/gcc/x86_64-linux-gnu/11;/usr/lib/x86_64-linux-gnu;/usr/lib;/lib/x86_64-linux-gnu;/lib;/opt/intel/oneapi/tbb/2022.2/lib/intel64/gcc4.8]
  implicit fwks: []


Detecting CXX compiler ABI info compiled with the following output:
Change Dir: /home/garaujor/OpenSees-CUDA/build-mp/Release/CMakeFiles/CMakeTmp

Run Build Command(s):/usr/bin/ninja cmTC_6d37d && [1/2] Building CXX object CMakeFiles/cmTC_6d37d.dir/CMakeCXXCompilerABI.cpp.o
Using built-in specs.
COLLECT_GCC=/usr/bin/c++
OFFLOAD_TARGET_NAMES=nvptx-none:amdgcn-amdhsa
OFFLOAD_TARGET_DEFAULT=1
Target: x86_64-linux-gnu
Configured with: ../src/configure -v --with-pkgversion='Ubuntu 11.4.0-1ubuntu1~22.04.3' --with-bugurl=file:///usr/share/doc/gcc-11/README.Bugs --enable-languages=c,ada,c++,go,brig,d,fortran,objc,obj-c++,m2 --prefix=/usr --with-gcc-major-version-only --program-suffix=-11 --program-prefix=x86_64-linux-gnu- --enable-shared --enable-linker-build-id --libexecdir=/usr/lib --without-included-gettext --enable-threads=posix --libdir=/usr/lib --enable-nls --enable-bootstrap --enable-clocale=gnu --enable-libstdcxx-debug --enable-libstdcxx-time=yes --with-default-libstdcxx-abi=new --enable-gnu-unique-object --disable-vtable-verify --enable-plugin --enable-default-pie --with-system-zlib --enable-libphobos-checking=release --with-target-system-zlib=auto --enable-objc-gc=auto --enable-multiarch --disable-werror --enable-cet --with-arch-32=i686 --with-abi=m64 --with-multilib-list=m32,m64,mx32 --enable-multilib --with-tune=generic --enable-offload-targets=nvptx-none=/build/gcc-11-0odw26/gcc-11-11.4.0/debian/tmp-nvptx/usr,amdgcn-amdhsa=/build/gcc-11-0odw26/gcc-11-11.4.0/debian/tmp-gcn/usr --without-cuda-driver --enable-checking=release --build=x86_64-linux-gnu --host=x86_64-linux-gnu --target=x86_64-linux-gnu --with-build-config=bootstrap-lto-lean --enable-link-serialization=2
Thread model: posix
Supported LTO compression algorithms: zlib zstd
gcc version 11.4.0 (Ubuntu 11.4.0-1ubuntu1~22.04.3) 
COLLECT_GCC_OPTIONS='-m64' '-v' '-std=gnu++17' '-o' 'CMakeFiles/cmTC_6d37d.dir/CMakeCXXCompilerABI.cpp.o' '-c' '-shared-libgcc' '-mtune=generic' '-march=x86-64' '-dumpdir' 'CMakeFiles/cmTC_6d37d.dir/'
 /usr/lib/gcc/x86_64-linux-gnu/11/cc1plus -quiet -v -imultiarch x86_64-linux-gnu -D_GNU_SOURCE /usr/share/cmake-3.22/Modules/CMakeCXXCompilerABI.cpp -quiet -dumpdir CMakeFiles/cmTC_6d37d.dir/ -dumpbase CMakeCXXCompilerABI.cpp.cpp -dumpbase-ext .cpp -m64 -mtune=generic -march=x86-64 -std=gnu++17 -version -fasynchronous-unwind-tables -fstack-protector-strong -Wformat -Wformat-security -fstack-clash-protection -fcf-protection -o /tmp/cchVF79k.s
GNU C++17 (Ubuntu 11.4.0-1ubuntu1~22.04.3) version 11.4.0 (x86_64-linux-gnu)
	compiled by GNU C version 11.4.0, GMP version 6.2.1, MPFR version 4.1.0, MPC version 1.2.1, isl version isl-0.24-GMP

GGC heuristics: --param ggc-min-expand=100 --param ggc-min-heapsize=131072
ignoring duplicate directory "/usr/include/x86_64-linux-gnu/c++/11"
ignoring nonexistent directory "/usr/local/include/x86_64-linux-gnu"
ignoring nonexistent directory "/usr/lib/gcc/x86_64-linux-gnu/11/include-fixed"
ignoring nonexistent directory "/usr/lib/gcc/x86_64-linux-gnu/11/../../../../x86_64-linux-gnu/include"
ignoring duplicate directory "/opt/intel/oneapi/umf/0.11/include"
  as it is a non-system directory that duplicates a system directory
ignoring duplicate directory "/opt/intel/oneapi/mkl/2025.2/include"
  as it is a non-system directory that duplicates a system directory
#include "..." search starts here:
#include <...> search starts here:
 /opt/intel/oneapi/dev-utilities/2025.2/include
 /opt/intel/oneapi/umf/0.11/include
 /opt/intel/oneapi/tbb/2022.2/env/../include
 /opt/intel/oneapi/mpi/2021.16/include
 /opt/intel/oneapi/mkl/2025.2/include
 /opt/intel/oneapi/dpl/2022.9/include
 /usr/include/c++/11
 /usr/include/x86_64-linux-gnu/c++/11
 /usr/include/c++/11/backward
 /usr/lib/gcc/x86_64-linux-gnu/11/include
 /usr/local/include
 /usr/include/x86_64-linux-gnu
 /usr/include
End of search list.
GNU C++17 (Ubuntu 11.4.0-1ubuntu1~22.04.3) version 11.4.0 (x86_64-linux-gnu)
	compiled by GNU C version 11.4.0, GMP version 6.2.1, MPFR version 4.1.0, MPC version 1.2.1, isl version isl-0.24-GMP

GGC heuristics: --param ggc-min-expand=100 --param ggc-min-heapsize=131072
Compiler executable checksum: ac7fa628ee459f217e6fdb88b3db0bde
COLLECT_GCC_OPTIONS='-m64' '-v' '-std=gnu++17' '-o' 'CMakeFiles/cmTC_6d37d.dir/CMakeCXXCompilerABI.cpp.o' '-c' '-shared-libgcc' '-mtune=generic' '-march=x86-64' '-dumpdir' 'CMakeFiles/cmTC_6d37d.dir/'
 as -v --64 -o CMakeFiles/cmTC_6d37d.dir/CMakeCXXCompilerABI.cpp.o /tmp/cchVF79k.s
GNU assembler version 2.38 (x86_64-linux-gnu) using BFD version (GNU Binutils for Ubuntu) 2.38
COMPILER_PATH=/usr/lib/gcc/x86_64-linux-gnu/11/:/usr/lib/gcc/x86_64-linux-gnu/11/:/usr/lib/gcc/x86_64-linux-gnu/:/usr/lib/gcc/x86_64-linux-gnu/11/:/usr/lib/gcc/x86_64-linux-gnu/
LIBRARY_PATH=/opt/intel/oneapi/tcm/1.4/lib/../lib/:/opt/intel/oneapi/umf/0.11/lib/../lib/:/opt/intel/oneapi/tbb/2022.2/env/../lib/intel64/gcc4.8/../lib/:/opt/intel/oneapi/mpi/2021.16/lib/../lib/:/opt/intel/oneapi/mkl/2025.2/lib/../lib/:/opt/intel/oneapi/compiler/2025.2/lib/../lib/:/usr/lib/gcc/x86_64-linux-gnu/11/:/usr/lib/gcc/x86_64-linux-gnu/11/../../../x86_64-linux-gnu/:/usr/lib/gcc/x86_64-linux-gnu/11/../../../../lib/:/lib/x86_64-linux-gnu/:/lib/../lib/:/usr/lib/x86_64-linux-gnu/:/usr/lib/../lib/:/opt/intel/oneapi/tcm/1.4/lib/:/opt/intel/oneapi/umf/0.11/lib/:/opt/intel/oneapi/tbb/2022.2/env/../lib/intel64/gcc4.8/:/opt/intel/oneapi/mpi/2021.16/lib/:/opt/intel/oneapi/mkl/2025.2/lib/:/opt/intel/oneapi/compiler/2025.2/lib/:/usr/lib/gcc/x86_64-linux-gnu/11/../../../:/lib/:/usr/lib/
COLLECT_GCC_OPTIONS='-m64' '-v' '-std=gnu++17' '-o' 'CMakeFiles/cmTC_6d37d.dir/CMakeCXXCompilerABI.cpp.o' '-c' '-shared-libgcc' '-mtune=generic' '-march=x86-64' '-dumpdir' 'CMakeFiles/cmTC_6d37d.dir/CMakeCXXCompilerABI.cpp.'
[2/2] Linking CXX executable cmTC_6d37d
Using built-in specs.
COLLECT_GCC=/usr/bin/c++
COLLECT_LTO_WRAPPER=/usr/lib/gcc/x86_64-linux-gnu/11/lto-wrapper
OFFLOAD_TARGET_NAMES=nvptx-none:amdgcn-amdhsa
OFFLOAD_TARGET_DEFAULT=1
Target: x86_64-linux-gnu
Configured with: ../src/configure -v --with-pkgversion='Ubuntu 11.4.0-1ubuntu1~22.04.3' --with-bugurl=file:///usr/share/doc/gcc-11/README.Bugs --enable-languages=c,ada,c++,go,brig,d,fortran,objc,obj-c++,m2 --prefix=/usr --with-gcc-major-version-only --program-suffix=-11 --program-prefix=x86_64-linux-gnu- --enable-shared --enable-linker-build-id --libexecdir=/usr/lib --without-included-gettext --enable-threads=posix --libdir=/usr/lib --enable-nls --enable-bootstrap --enable-clocale=gnu --enable-libstdcxx-debug --enable-libstdcxx-time=yes --with-default-libstdcxx-abi=new --enable-gnu-unique-object --disable-vtable-verify --enable-plugin --enable-default-pie --with-system-zlib --enable-libphobos-checking=release --with-target-system-zlib=auto --enable-objc-gc=auto --enable-multiarch --disable-werror --enable-cet --with-arch-32=i686 --with-abi=m64 --with-multilib-list=m32,m64,mx32 --enable-multilib --with-tune=generic --enable-offload-targets=nvptx-none=/build/gcc-11-0odw26/gcc-11-11.4.0/debian/tmp-nvptx/usr,amdgcn-amdhsa=/build/gcc-11-0odw26/gcc-11-11.4.0/debian/tmp-gcn/usr --without-cuda-driver --enable-checking=release --build=x86_64-linux-gnu --host=x86_64-linux-gnu --target=x86_64-linux-gnu --with-build-config=bootstrap-lto-lean --enable-link-serialization=2
Thread model: posix
Supported LTO compression algorithms: zlib zstd
gcc version 11.4.0 (Ubuntu 11.4.0-1ubuntu1~22.04.3) 
COMPILER_PATH=/usr/lib/gcc/x86_64-linux-gnu/11/:/usr/lib/gcc/x86_64-linux-gnu/11/:/usr/lib/gcc/x86_64-linux-gnu/:/usr/lib/gcc/x86_64-linux-gnu/11/:/usr/lib/gcc/x86_64-linux-gnu/
LIBRARY_PATH=/opt/intel/oneapi/tcm/1.4/lib/../lib/:/opt/intel/oneapi/umf/0.11/lib/../lib/:/opt/intel/oneapi/tbb/2022.2/env/../lib/intel64/gcc4.8/../lib/:/opt/intel/oneapi/mpi/2021.16/lib/../lib/:/opt/intel/oneapi/mkl/2025.2/lib/../lib/:/opt/intel/oneapi/compiler/2025.2/lib/../lib/:/usr/lib/gcc/x86_64-linux-gnu/11/:/usr/lib/gcc/x86_64-linux-gnu/11/../../../x86_64-linux-gnu/:/usr/lib/gcc/x86_64-linux-gnu/11/../../../../lib/:/lib/x86_64-linux-gnu/:/lib/../lib/:/usr/lib/x86_64-linux-gnu/:/usr/lib/../lib/:/opt/intel/oneapi/tcm/1.4/lib/:/opt/intel/oneapi/umf/0.11/lib/:/opt/intel/oneapi/tbb/2022.2/env/../lib/intel64/gcc4.8/:/opt/intel/oneapi/mpi/2021.16/lib/:/opt/intel/oneapi/mkl/2025.2/lib/:/opt/intel/oneapi/compiler/2025.2/lib/:/usr/lib/gcc/x86_64-linux-gnu/11/../../../:/lib/:/usr/lib/
COLLECT_GCC_OPTIONS='-m64' '-v' '-o' 'cmTC_6d37d' '-shared-libgcc' '-mtune=generic' '-march=x86-64' '-dumpdir' 'cmTC_6d37d.'
 /usr/lib/gcc/x86_64-linux-gnu/11/collect2 -plugin /usr/lib/gcc/x86_64-linux-gnu/11/liblto_plugin.so -plugin-opt=/usr/lib/gcc/x86_64-linux-gnu/11/lto-wrapper -plugin-opt=-fresolution=/tmp/cczpuJnF.res -plugin-opt=-pass-through=-lgcc_s -plugin-opt=-pass-through=-lgcc -plugin-opt=-pass-through=-lc -plugin-opt=-pass-through=-lgcc_s -plugin-opt=-pass-through=-lgcc --build-id --eh-frame-hdr -m elf_x86_64 --hash-style=gnu --as-needed -dynamic-linker /lib64/ld-linux-x86-64.so.2 -pie -z now -z relro -o cmTC_6d37d /usr/lib/gcc/x86_64-linux-gnu/11/../../../x86_64-linux-gnu/Scrt1.o /usr/lib/gcc/x86_64-linux-gnu/11/../../../x86_64-linux-gnu/crti.o /usr/lib/gcc/x86_64-linux-gnu/11/crtbeginS.o -L/opt/intel/oneapi/tcm/1.4/lib/../lib -L/opt/intel/oneapi/umf/0.11/lib/../lib -L/opt/intel/oneapi/tbb/2022.2/env/../lib/intel64/gcc4.8/../lib -L/opt/intel/oneapi/mpi/2021.16/lib/../lib -L/opt/intel/oneapi/mkl/2025.2/lib/../lib -L/opt/intel/oneapi/compiler/2025.2/lib/../lib -L/usr/lib/gcc/x86_64-linux-gnu/11 -L/usr/lib/gcc/x86_64-linux-gnu/11/../../../x86_64-linux-gnu -L/usr/lib/gcc/x86_64-linux-gnu/11/../../../../lib -L/lib/x86_64-linux-gnu -L/lib/../lib -L/usr/lib/x86_64-linux-gnu -L/usr/lib/../lib -L/opt/intel/oneapi/tcm/1.4/lib -L/opt/intel/oneapi/umf/0.11/lib -L/opt/intel/oneapi/tbb/2022.2/env/../lib/intel64/gcc4.8 -L/opt/intel/oneapi/mpi/2021.16/lib -L/opt/intel/oneapi/mkl/2025.2/lib -L/opt/intel/oneapi/compiler/2025.2/lib -L/usr/lib/gcc/x86_64-linux-gnu/11/../../.. CMakeFiles/cmTC_6d37d.dir/CMakeCXXCompilerABI.cpp.o -lstdc++ -lm -lgcc_s -lgcc -lc -lgcc_s -lgcc /usr/lib/gcc/x86_64-linux-gnu/11/crtendS.o /usr/lib/gcc/x86_64-linux-gnu/11/../../../x86_64-linux-gnu/crtn.o
COLLECT_GCC_OPTIONS='-m64' '-v' '-o' 'cmTC_6d37d' '-shared-libgcc' '-mtune=generic' '-march=x86-64' '-dumpdir' 'cmTC_6d37d.'



Parsed CXX implicit include dir info from above output: rv=done
  found start of include info
  found start of implicit include info
    add: [/opt/intel/oneapi/dev-utilities/2025.2/include]
    add: [/opt/intel/oneapi/umf/0.11/include]
    add: [/opt/intel/oneapi/tbb/2022.2/env/../include]
    add: [/opt/intel/oneapi/mpi/2021.16/include]
    add: [/opt/intel/oneapi/mkl/2025.2/include]
    add: [/opt/intel/oneapi/dpl/2022.9/include]
    add: [/usr/include/c++/11]
    add: [/usr/include/x86_64-linux-gnu/c++/11]
    add: [/usr/include/c++/11/backward]
    add: [/usr/lib/gcc/x86_64-linux-gnu/11/include]
    add: [/usr/local/include]
    add: [/usr/include/x86_64-linux-gnu]
    add: [/usr/include]
  end of search list found
  collapse include dir [/opt/intel/oneapi/dev-utilities/2025.2/include] ==> [/opt/intel/oneapi/dev-utilities/2025.2/include]
  collapse include dir [/opt/intel/oneapi/umf/0.11/include] ==> [/opt/intel/oneapi/umf/0.11/include]
  collapse include dir [/opt/intel/oneapi/tbb/2022.2/env/../include] ==> [/opt/intel/oneapi/tbb/2022.2/include]
  collapse include dir [/opt/intel/oneapi/mpi/2021.16/include] ==> [/opt/intel/oneapi/mpi/2021.16/include]
  collapse include dir [/opt/intel/oneapi/mkl/2025.2/include] ==> [/opt/intel/oneapi/mkl/2025.2/include]
  collapse include dir [/opt/intel/oneapi/dpl/2022.9/include] ==> [/opt/intel/oneapi/dpl/2022.9/include]
  collapse include dir [/usr/include/c++/11] ==> [/usr/include/c++/11]
  collapse include dir [/usr/include/x86_64-linux-gnu/c++/11] ==> [/usr/include/x86_64-linux-gnu/c++/11]
  collapse include dir [/usr/include/c++/11/backward] ==> [/usr/include/c++/11/backward]
  collapse include dir [/usr/lib/gcc/x86_64-linux-gnu/11/include] ==> [/usr/lib/gcc/x86_64-linux-gnu/11/include]
  collapse include dir [/usr/local/include] ==> [/usr/local/include]
  collapse include dir [/usr/include/x86_64-linux-gnu] ==> [/usr/include/x86_64-linux-gnu]
  collapse include dir [/usr/include] ==> [/usr/include]
  implicit include dirs: [/opt/intel/oneapi/dev-utilities/2025.2/include;/opt/intel/oneapi/umf/0.11/include;/opt/intel/oneapi/tbb/2022.2/include;/opt/intel/oneapi/mpi/2021.16/include;/opt/intel/oneapi/mkl/2025.2/include;/opt/intel/oneapi/dpl/2022.9/include;/usr/include/c++/11;/usr/include/x86_64-linux-gnu/c++/11;/usr/include/c++/11/backward;/usr/lib/gcc/x86_64-linux-gnu/11/include;/usr/local/include;/usr/include/x86_64-linux-gnu;/usr/include]


Parsed CXX implicit link information from above output:
  link line regex: [^( *|.*[/\])(ld|CMAKE_LINK_STARTFILE-NOTFOUND|([^/\]+-)?ld|collect2)[^/\]*( |$)]
  ignore line: [Change Dir: /home/garaujor/OpenSees-CUDA/build-mp/Release/CMakeFiles/CMakeTmp]
  ignore line: []
  ignore line: [Run Build Command(s):/usr/bin/ninja cmTC_6d37d && [1/2] Building CXX object CMakeFiles/cmTC_6d37d.dir/CMakeCXXCompilerABI.cpp.o]
  ignore line: [Using built-in specs.]
  ignore line: [COLLECT_GCC=/usr/bin/c++]
  ignore line: [OFFLOAD_TARGET_NAMES=nvptx-none:amdgcn-amdhsa]
  ignore line: [OFFLOAD_TARGET_DEFAULT=1]
  ignore line: [Target: x86_64-linux-gnu]
  ignore line: [Configured with: ../src/configure -v --with-pkgversion='Ubuntu 11.4.0-1ubuntu1~22.04.3' --with-bugurl=file:///usr/share/doc/gcc-11/README.Bugs --enable-languages=c ada c++ go brig d fortran objc obj-c++ m2 --prefix=/usr --with-gcc-major-version-only --program-suffix=-11 --program-prefix=x86_64-linux-gnu- --enable-shared --enable-linker-build-id --libexecdir=/usr/lib --without-included-gettext --enable-threads=posix --libdir=/usr/lib --enable-nls --enable-bootstrap --enable-clocale=gnu --enable-libstdcxx-debug --enable-libstdcxx-time=yes --with-default-libstdcxx-abi=new --enable-gnu-unique-object --disable-vtable-verify --enable-plugin --enable-default-pie --with-system-zlib --enable-libphobos-checking=release --with-target-system-zlib=auto --enable-objc-gc=auto --enable-multiarch --disable-werror --enable-cet --with-arch-32=i686 --with-abi=m64 --with-multilib-list=m32 m64 mx32 --enable-multilib --with-tune=generic --enable-offload-targets=nvptx-none=/build/gcc-11-0odw26/gcc-11-11.4.0/debian/tmp-nvptx/usr amdgcn-amdhsa=/build/gcc-11-0odw26/gcc-11-11.4.0/debian/tmp-gcn/usr --without-cuda-driver --enable-checking=release --build=x86_64-linux-gnu --host=x86_64-linux-gnu --target=x86_64-linux-gnu --with-build-config=bootstrap-lto-lean --enable-link-serialization=2]
  ignore line: [Thread model: posix]
  ignore line: [Supported LTO compression algorithms: zlib zstd]
  ignore line: [gcc version 11.4.0 (Ubuntu 11.4.0-1ubuntu1~22.04.3) ]
  ignore line: [COLLECT_GCC_OPTIONS='-m64' '-v' '-std=gnu++17' '-o' 'CMakeFiles/cmTC_6d37d.dir/CMakeCXXCompilerABI.cpp.o' '-c' '-shared-libgcc' '-mtune=generic' '-march=x86-64' '-dumpdir' 'CMakeFiles/cmTC_6d37d.dir/']
  ignore line: [ /usr/lib/gcc/x86_64-linux-gnu/11/cc1plus -quiet -v -imultiarch x86_64-linux-gnu -D_GNU_SOURCE /usr/share/cmake-3.22/Modules/CMakeCXXCompilerABI.cpp -quiet -dumpdir CMakeFiles/cmTC_6d37d.dir/ -dumpbase CMakeCXXCompilerABI.cpp.cpp -dumpbase-ext .cpp -m64 -mtune=generic -march=x86-64 -std=gnu++17 -version -fasynchronous-unwind-tables -fstack-protector-strong -Wformat -Wformat-security -fstack-clash-protection -fcf-protection -o /tmp/cchVF79k.s]
  ignore line: [GNU C++17 (Ubuntu 11.4.0-1ubuntu1~22.04.3) version 11.4.0 (x86_64-linux-gnu)]
  ignore line: [	compiled by GNU C version 11.4.0  GMP version 6.2.1  MPFR version 4.1.0  MPC version 1.2.1  isl version isl-0.24-GMP]
  ignore line: []
  ignore line: [GGC heuristics: --param ggc-min-expand=100 --param ggc-min-heapsize=131072]
  ignore line: [ignoring duplicate directory "/usr/include/x86_64-linux-gnu/c++/11"]
  ignore line: [ignoring nonexistent directory "/usr/local/include/x86_64-linux-gnu"]
  ignore line: [ignoring nonexistent directory "/usr/lib/gcc/x86_64-linux-gnu/11/include-fixed"]
  ignore line: [ignoring nonexistent directory "/usr/lib/gcc/x86_64-linux-gnu/11/../../../../x86_64-linux-gnu/include"]
  ignore line: [ignoring duplicate directory "/opt/intel/oneapi/umf/0.11/include"]
  ignore line: [  as it is a non-system directory that duplicates a system directory]
  ignore line: [ignoring duplicate directory "/opt/intel/oneapi/mkl/2025.2/include"]
  ignore line: [  as it is a non-system directory that duplicates a system directory]
  ignore line: [#include "..." search starts here:]
  ignore line: [#include <...> search starts here:]
  ignore line: [ /opt/intel/oneapi/dev-utilities/2025.2/include]
  ignore line: [ /opt/intel/oneapi/umf/0.11/include]
  ignore line: [ /opt/intel/oneapi/tbb/2022.2/env/../include]
  ignore line: [ /opt/intel/oneapi/mpi/2021.16/include]
  ignore line: [ /opt/intel/oneapi/mkl/2025.2/include]
  ignore line: [ /opt/intel/oneapi/dpl/2022.9/include]
  ignore line: [ /usr/include/c++/11]
  ignore line: [ /usr/include/x86_64-linux-gnu/c++/11]
  ignore line: [ /usr/include/c++/11/backward]
  ignore line: [ /usr/lib/gcc/x86_64-linux-gnu/11/include]
  ignore line: [ /usr/local/include]
  ignore line: [ /usr/include/x86_64-linux-gnu]
  ignore line: [ /usr/include]
  ignore line: [End of search list.]
  ignore line: [GNU C++17 (Ubuntu 11.4.0-1ubuntu1~22.04.3) version 11.4.0 (x86_64-linux-gnu)]
  ignore line: [	compiled by GNU C version 11.4.0  GMP version 6.2.1  MPFR version 4.1.0  MPC version 1.2.1  isl version isl-0.24-GMP]
  ignore line: []
  ignore line: [GGC heuristics: --param ggc-min-expand=100 --param ggc-min-heapsize=131072]
  ignore line: [Compiler executable checksum: ac7fa628ee459f217e6fdb88b3db0bde]
  ignore line: [COLLECT_GCC_OPTIONS='-m64' '-v' '-std=gnu++17' '-o' 'CMakeFiles/cmTC_6d37d.dir/CMakeCXXCompilerABI.cpp.o' '-c' '-shared-libgcc' '-mtune=generic' '-march=x86-64' '-dumpdir' 'CMakeFiles/cmTC_6d37d.dir/']
  ignore line: [ as -v --64 -o CMakeFiles/cmTC_6d37d.dir/CMakeCXXCompilerABI.cpp.o /tmp/cchVF79k.s]
  ignore line: [GNU assembler version 2.38 (x86_64-linux-gnu) using BFD version (GNU Binutils for Ubuntu) 2.38]
  ignore line: [COMPILER_PATH=/usr/lib/gcc/x86_64-linux-gnu/11/:/usr/lib/gcc/x86_64-linux-gnu/11/:/usr/lib/gcc/x86_64-linux-gnu/:/usr/lib/gcc/x86_64-linux-gnu/11/:/usr/lib/gcc/x86_64-linux-gnu/]
  ignore line: [LIBRARY_PATH=/opt/intel/oneapi/tcm/1.4/lib/../lib/:/opt/intel/oneapi/umf/0.11/lib/../lib/:/opt/intel/oneapi/tbb/2022.2/env/../lib/intel64/gcc4.8/../lib/:/opt/intel/oneapi/mpi/2021.16/lib/../lib/:/opt/intel/oneapi/mkl/2025.2/lib/../lib/:/opt/intel/oneapi/compiler/2025.2/lib/../lib/:/usr/lib/gcc/x86_64-linux-gnu/11/:/usr/lib/gcc/x86_64-linux-gnu/11/../../../x86_64-linux-gnu/:/usr/lib/gcc/x86_64-linux-gnu/11/../../../../lib/:/lib/x86_64-linux-gnu/:/lib/../lib/:/usr/lib/x86_64-linux-gnu/:/usr/lib/../lib/:/opt/intel/oneapi/tcm/1.4/lib/:/opt/intel/oneapi/umf/0.11/lib/:/opt/intel/oneapi/tbb/2022.2/env/../lib/intel64/gcc4.8/:/opt/intel/oneapi/mpi/2021.16/lib/:/opt/intel/oneapi/mkl/2025.2/lib/:/opt/intel/oneapi/compiler/2025.2/lib/:/usr/lib/gcc/x86_64-linux-gnu/11/../../../:/lib/:/usr/lib/]
  ignore line: [COLLECT_GCC_OPTIONS='-m64' '-v' '-std=gnu++17' '-o' 'CMakeFiles/cmTC_6d37d.dir/CMakeCXXCompilerABI.cpp.o' '-c' '-shared-libgcc' '-mtune=generic' '-march=x86-64' '-dumpdir' 'CMakeFiles/cmTC_6d37d.dir/CMakeCXXCompilerABI.cpp.']
  ignore line: [[2/2] Linking CXX executable cmTC_6d37d]
  ignore line: [Using built-in specs.]
  ignore line: [COLLECT_GCC=/usr/bin/c++]
  ignore line: [COLLECT_LTO_WRAPPER=/usr/lib/gcc/x86_64-linux-gnu/11/lto-wrapper]
  ignore line: [OFFLOAD_TARGET_NAMES=nvptx-none:amdgcn-amdhsa]
  ignore line: [OFFLOAD_TARGET_DEFAULT=1]
  ignore line: [Target: x86_64-linux-gnu]
  ignore line: [Configured with: ../src/configure -v --with-pkgversion='Ubuntu 11.4.0-1ubuntu1~22.04.3' --with-bugurl=file:///usr/share/doc/gcc-11/README.Bugs --enable-languages=c ada c++ go brig d fortran objc obj-c++ m2 --prefix=/usr --with-gcc-major-version-only --program-suffix=-11 --program-prefix=x86_64-linux-gnu- --enable-shared --enable-linker-build-id --libexecdir=/usr/lib --without-included-gettext --enable-threads=posix --libdir=/usr/lib --enable-nls --enable-bootstrap --enable-clocale=gnu --enable-libstdcxx-debug --enable-libstdcxx-time=yes --with-default-libstdcxx-abi=new --enable-gnu-unique-object --disable-vtable-verify --enable-plugin --enable-default-pie --with-system-zlib --enable-libphobos-checking=release --with-target-system-zlib=auto --enable-objc-gc=auto --enable-multiarch --disable-werror --enable-cet --with-arch-32=i686 --with-abi=m64 --with-multilib-list=m32 m64 mx32 --enable-multilib --with-tune=generic --enable-offload-targets=nvptx-none=/build/gcc-11-0odw26/gcc-11-11.4.0/debian/tmp-nvptx/usr amdgcn-amdhsa=/build/gcc-11-0odw26/gcc-11-11.4.0/debian/tmp-gcn/usr --without-cuda-driver --enable-checking=release --build=x86_64-linux-gnu --host=x86_64-linux-gnu --target=x86_64-linux-gnu --with-build-config=bootstrap-lto-lean --enable-link-serialization=2]
  ignore line: [Thread model: posix]
  ignore line: [Supported LTO compression algorithms: zlib zstd]
  ignore line: [gcc version 11.4.0 (Ubuntu 11.4.0-1ubuntu1~22.04.3) ]
  ignore line: [COMPILER_PATH=/usr/lib/gcc/x86_64-linux-gnu/11/:/usr/lib/gcc/x86_64-linux-gnu/11/:/usr/lib/gcc/x86_64-linux-gnu/:/usr/lib/gcc/x86_64-linux-gnu/11/:/usr/lib/gcc/x86_64-linux-gnu/]
  ignore line: [LIBRARY_PATH=/opt/intel/oneapi/tcm/1.4/lib/../lib/:/opt/intel/oneapi/umf/0.11/lib/../lib/:/opt/intel/oneapi/tbb/2022.2/env/../lib/intel64/gcc4.8/../lib/:/opt/intel/oneapi/mpi/2021.16/lib/../lib/:/opt/intel/oneapi/mkl/2025.2/lib/../lib/:/opt/intel/oneapi/compiler/2025.2/lib/../lib/:/usr/lib/gcc/x86_64-linux-gnu/11/:/usr/lib/gcc/x86_64-linux-gnu/11/../../../x86_64-linux-gnu/:/usr/lib/gcc/x86_64-linux-gnu/11/../../../../lib/:/lib/x86_64-linux-gnu/:/lib/../lib/:/usr/lib/x86_64-linux-gnu/:/usr/lib/../lib/:/opt/intel/oneapi/tcm/1.4/lib/:/opt/intel/oneapi/umf/0.11/lib/:/opt/intel/oneapi/tbb/2022.2/env/../lib/intel64/gcc4.8/:/opt/intel/oneapi/mpi/2021.16/lib/:/opt/intel/oneapi/mkl/2025.2/lib/:/opt/intel/oneapi/compiler/2025.2/lib/:/usr/lib/gcc/x86_64-linux-gnu/11/../../../:/lib/:/usr/lib/]
  ignore line: [COLLECT_GCC_OPTIONS='-m64' '-v' '-o' 'cmTC_6d37d' '-shared-libgcc' '-mtune=generic' '-march=x86-64' '-dumpdir' 'cmTC_6d37d.']
  link line: [ /usr/lib/gcc/x86_64-linux-gnu/11/collect2 -plugin /usr/lib/gcc/x86_64-linux-gnu/11/liblto_plugin.so -plugin-opt=/usr/lib/gcc/x86_64-linux-gnu/11/lto-wrapper -plugin-opt=-fresolution=/tmp/cczpuJnF.res -plugin-opt=-pass-through=-lgcc_s -plugin-opt=-pass-through=-lgcc -plugin-opt=-pass-through=-lc -plugin-opt=-pass-through=-lgcc_s -plugin-opt=-pass-through=-lgcc --build-id --eh-frame-hdr -m elf_x86_64 --hash-style=gnu --as-needed -dynamic-linker /lib64/ld-linux-x86-64.so.2 -pie -z now -z relro -o cmTC_6d37d /usr/lib/gcc/x86_64-linux-gnu/11/../../../x86_64-linux-gnu/Scrt1.o /usr/lib/gcc/x86_64-linux-gnu/11/../../../x86_64-linux-gnu/crti.o /usr/lib/gcc/x86_64-linux-gnu/11/crtbeginS.o -L/opt/intel/oneapi/tcm/1.4/lib/../lib -L/opt/intel/oneapi/umf/0.11/lib/../lib -L/opt/intel/oneapi/tbb/2022.2/env/../lib/intel64/gcc4.8/../lib -L/opt/intel/oneapi/mpi/2021.16/lib/../lib -L/opt/intel/oneapi/mkl/2025.2/lib/../lib -L/opt/intel/oneapi/compiler/2025.2/lib/../lib -L/usr/lib/gcc/x86_64-linux-gnu/11 -L/usr/lib/gcc/x86_64-linux-gnu/11/../../../x86_64-linux-gnu -L/usr/lib/gcc/x86_64-linux-gnu/11/../../../../lib -L/lib/x86_64-linux-gnu -L/lib/../lib -L/usr/lib/x86_64-linux-gnu -L/usr/lib/../lib -L/opt/intel/oneapi/tcm/1.4/lib -L/opt/intel/oneapi/umf/0.11/lib -L/opt/intel/oneapi/tbb/2022.2/env/../lib/intel64/gcc4.8 -L/opt/intel/oneapi/mpi/2021.16/lib -L/opt/intel/oneapi/mkl/2025.2/lib -L/opt/intel/oneapi/compiler/2025.2/lib -L/usr/lib/gcc/x86_64-linux-gnu/11/../../.. CMakeFiles/cmTC_6d37d.dir/CMakeCXXCompilerABI.cpp.o -lstdc++ -lm -lgcc_s -lgcc -lc -lgcc_s -lgcc /usr/lib/gcc/x86_64-linux-gnu/11/crtendS.o /usr/lib/gcc/x86_64-linux-gnu/11/../../../x86_64-linux-gnu/crtn.o]
    arg [/usr/lib/gcc/x86_64-linux-gnu/11/collect2] ==> ignore
    arg [-plugin] ==> ignore
    arg [/usr/lib/gcc/x86_64-linux-gnu/11/liblto_plugin.so] ==> ignore
    arg [-plugin-opt=/usr/lib/gcc/x86_64-linux-gnu/11/lto-wrapper] ==> ignore
    arg [-plugin-opt=-fresolution=/tmp/cczpuJnF.res] ==> ignore
    arg [-plugin-opt=-pass-through=-lgcc_s] ==> ignore
    arg [-plugin-opt=-pass-through=-lgcc] ==> ignore
    arg [-plugin-opt=-pass-through=-lc] ==> ignore
    arg [-plugin-opt=-pass-through=-lgcc_s] ==> ignore
    arg [-plugin-opt=-pass-through=-lgcc] ==> ignore
    arg [--build-id] ==> ignore
    arg [--eh-frame-hdr] ==> ignore
    arg [-m] ==> ignore
    arg [elf_x86_64] ==> ignore
    arg [--hash-style=gnu] ==> ignore
    arg [--as-needed] ==> ignore
    arg [-dynamic-linker] ==> ignore
    arg [/lib64/ld-linux-x86-64.so.2] ==> ignore
    arg [-pie] ==> ignore
    arg [-znow] ==> ignore
    arg [-zrelro] ==> ignore
    arg [-o] ==> ignore
    arg [cmTC_6d37d] ==> ignore
    arg [/usr/lib/gcc/x86_64-linux-gnu/11/../../../x86_64-linux-gnu/Scrt1.o] ==> obj [/usr/lib/gcc/x86_64-linux-gnu/11/../../../x86_64-linux-gnu/Scrt1.o]
    arg [/usr/lib/gcc/x86_64-linux-gnu/11/../../../x86_64-linux-gnu/crti.o] ==> obj [/usr/lib/gcc/x86_64-linux-gnu/11/../../../x86_64-linux-gnu/crti.o]
    arg [/usr/lib/gcc/x86_64-linux-gnu/11/crtbeginS.o] ==> obj [/usr/lib/gcc/x86_64-linux-gnu/11/crtbeginS.o]
    arg [-L/opt/intel/oneapi/tcm/1.4/lib/../lib] ==> dir [/opt/intel/oneapi/tcm/1.4/lib/../lib]
    arg [-L/opt/intel/oneapi/umf/0.11/lib/../lib] ==> dir [/opt/intel/oneapi/umf/0.11/lib/../lib]
    arg [-L/opt/intel/oneapi/tbb/2022.2/env/../lib/intel64/gcc4.8/../lib] ==> dir [/opt/intel/oneapi/tbb/2022.2/env/../lib/intel64/gcc4.8/../lib]
    arg [-L/opt/intel/oneapi/mpi/2021.16/lib/../lib] ==> dir [/opt/intel/oneapi/mpi/2021.16/lib/../lib]
    arg [-L/opt/intel/oneapi/mkl/2025.2/lib/../lib] ==> dir [/opt/intel/oneapi/mkl/2025.2/lib/../lib]
    arg [-L/opt/intel/oneapi/compiler/2025.2/lib/../lib] ==> dir [/opt/intel/oneapi/compiler/2025.2/lib/../lib]
    arg [-L/usr/lib/gcc/x86_64-linux-gnu/11] ==> dir [/usr/lib/gcc/x86_64-linux-gnu/11]
    arg [-L/usr/lib/gcc/x86_64-linux-gnu/11/../../../x86_64-linux-gnu] ==> dir [/usr/lib/gcc/x86_64-linux-gnu/11/../../../x86_64-linux-gnu]
    arg [-L/usr/lib/gcc/x86_64-linux-gnu/11/../../../../lib] ==> dir [/usr/lib/gcc/x86_64-linux-gnu/11/../../../../lib]
    arg [-L/lib/x86_64-linux-gnu] ==> dir [/lib/x86_64-linux-gnu]
    arg [-L/lib/../lib] ==> dir [/lib/../lib]
    arg [-L/usr/lib/x86_64-linux-gnu] ==> dir [/usr/lib/x86_64-linux-gnu]
    arg [-L/usr/lib/../lib] ==> dir [/usr/lib/../lib]
    arg [-L/opt/intel/oneapi/tcm/1.4/lib] ==> dir [/opt/intel/oneapi/tcm/1.4/lib]
    arg [-L/opt/intel/oneapi/umf/0.11/lib] ==> dir [/opt/intel/oneapi/umf/0.11/lib]
    arg [-L/opt/intel/oneapi/tbb/2022.2/env/../lib/intel64/gcc4.8] ==> dir [/opt/intel/oneapi/tbb/2022.2/env/../lib/intel64/gcc4.8]
    arg [-L/opt/intel/oneapi/mpi/2021.16/lib] ==> dir [/opt/intel/oneapi/mpi/2021.16/lib]
    arg [-L/opt/intel/oneapi/mkl/2025.2/lib] ==> dir [/opt/intel/oneapi/mkl/2025.2/lib]
    arg [-L/opt/intel/oneapi/compiler/2025.2/lib] ==> dir [/opt/intel/oneapi/compiler/2025.2/lib]
    arg [-L/usr/lib/gcc/x86_64-linux-gnu/11/../../..] ==> dir [/usr/lib/gcc/x86_64-linux-gnu/11/../../..]
    arg [CMakeFiles/cmTC_6d37d.dir/CMakeCXXCompilerABI.cpp.o] ==> ignore
    arg [-lstdc++] ==> lib [stdc++]
    arg [-lm] ==> lib [m]
    arg [-lgcc_s] ==> lib [gcc_s]
    arg [-lgcc] ==> lib [gcc]
    arg [-lc] ==> lib [c]
    arg [-lgcc_s] ==> lib [gcc_s]
    arg [-lgcc] ==> lib [gcc]
    arg [/usr/lib/gcc/x86_64-linux-gnu/11/crtendS.o] ==> obj [/usr/lib/gcc/x86_64-linux-gnu/11/crtendS.o]
    arg [/usr/lib/gcc/x86_64-linux-gnu/11/../../../x86_64-linux-gnu/crtn.o] ==> obj [/usr/lib/gcc/x86_64-linux-gnu/11/../../../x86_64-linux-gnu/crtn.o]
  collapse obj [/usr/lib/gcc/x86_64-linux-gnu/11/../../../x86_64-linux-gnu/Scrt1.o] ==> [/usr/lib/x86_64-linux-gnu/Scrt1.o]
  collapse obj [/usr/lib/gcc/x86_64-linux-gnu/11/../../../x86_64-linux-gnu/crti.o] ==> [/usr/lib/x86_64-linux-gnu/crti.o]
  collapse obj [/usr/lib/gcc/x86_64-linux-gnu/11/../../../x86_64-linux-gnu/crtn.o] ==> [/usr/lib/x86_64-linux-gnu/crtn.o]
  collapse library dir [/opt/intel/oneapi/tcm/1.4/lib/../lib] ==> [/opt/intel/oneapi/tcm/1.4/lib]
  collapse library dir [/opt/intel/oneapi/umf/0.11/lib/../lib] ==> [/opt/intel/oneapi/umf/0.11/lib]
  collapse library dir [/opt/intel/oneapi/tbb/2022.2/env/../lib/intel64/gcc4.8/../lib] ==> [/opt/intel/oneapi/tbb/2022.2/lib/intel64/lib]
  collapse library dir [/opt/intel/oneapi/mpi/2021.16/lib/../lib] ==> [/opt/intel/oneapi/mpi/2021.16/lib]
  collapse library dir [/opt/intel/oneapi/mkl/2025.2/lib/../lib] ==> [/opt/intel/oneapi/mkl/2025.2/lib]
  collapse library dir [/opt/intel/oneapi/compiler/2025.2/lib/../lib] ==> [/opt/intel/oneapi/compiler/2025.2/lib]
  collapse library dir [/usr/lib/gcc/x86_64-linux-gnu/11] ==> [/usr/lib/gcc/x86_64-linux-gnu/11]
  collapse library dir [/usr/lib/gcc/x86_64-linux-gnu/11/../../../x86_64-linux-gnu] ==> [/usr/lib/x86_64-linux-gnu]
  collapse library dir [/usr/lib/gcc/x86_64-linux-gnu/11/../../../../lib] ==> [/usr/lib]
  collapse library dir [/lib/x86_64-linux-gnu] ==> [/lib/x86_64-linux-gnu]
  collapse library dir [/lib/../lib] ==> [/lib]
  collapse library dir [/usr/lib/x86_64-linux-gnu] ==> [/usr/lib/x86_64-linux-gnu]
  collapse library dir [/usr/lib/../lib] ==> [/usr/lib]
  collapse library dir [/opt/intel/oneapi/tcm/1.4/lib] ==> [/opt/intel/oneapi/tcm/1.4/lib]
  collapse library dir [/opt/intel/oneapi/umf/0.11/lib] ==> [/opt/intel/oneapi/umf/0.11/lib]
  collapse library dir [/opt/intel/oneapi/tbb/2022.2/env/../lib/intel64/gcc4.8] ==> [/opt/intel/oneapi/tbb/2022.2/lib/intel64/gcc4.8]
  collapse library dir [/opt/intel/oneapi/mpi/2021.16/lib] ==> [/opt/intel/oneapi/mpi/2021.16/lib]
  collapse library dir [/opt/intel/oneapi/mkl/2025.2/lib] ==> [/opt/intel/oneapi/mkl/2025.2/lib]
  collapse library dir [/opt/intel/oneapi/compiler/2025.2/lib] ==> [/opt/intel/oneapi/compiler/2025.2/lib]
  collapse library dir [/usr/lib/gcc/x86_64-linux-gnu/11/../../..] ==> [/usr/lib]
  implicit libs: [stdc++;m;gcc_s;gcc;c;gcc_s;gcc]
  implicit objs: [/usr/lib/x86_64-linux-gnu/Scrt1.o;/usr/lib/x86_64-linux-gnu/crti.o;/usr/lib/gcc/x86_64-linux-gnu/11/crtbeginS.o;/usr/lib/gcc/x86_64-linux-gnu/11/crtendS.o;/usr/lib/x86_64-linux-gnu/crtn.o]
  implicit dirs: [/opt/intel/oneapi/tcm/1.4/lib;/opt/intel/oneapi/umf/0.11/lib;/opt/intel/oneapi/tbb/2022.2/lib/intel64/lib;/opt/intel/oneapi/mpi/2021.16/lib;/opt/intel/oneapi/mkl/2025.2/lib;/opt/intel/oneapi/compiler/2025.2/lib;/usr/lib/gcc/x86_64-linux-gnu/11;/usr/lib/x86_64-linux-gnu;/usr/lib;/lib/x86_64-linux-gnu;/lib;/opt/intel/oneapi/tbb/2022.2/lib/intel64/gcc4.8]
  implicit fwks: []


Detecting Fortran compiler ABI info compiled with the following output:
Change Dir: /home/garaujor/OpenSees-CUDA/build-mp/Release/CMakeFiles/CMakeTmp

Run Build Command(s):/usr/bin/ninja cmTC_bcc9e && [1/4] Building Fortran preprocessed CMakeFiles/cmTC_bcc9e.dir/CMakeFortranCompilerABI.F90-pp.f90
Using built-in specs.
COLLECT_GCC=/usr/bin/gfortran
OFFLOAD_TARGET_NAMES=nvptx-none:amdgcn-amdhsa
OFFLOAD_TARGET_DEFAULT=1
Target: x86_64-linux-gnu
Configured with: ../src/configure -v --with-pkgversion='Ubuntu 11.4.0-1ubuntu1~22.04.3' --with-bugurl=file:///usr/share/doc/gcc-11/README.Bugs --enable-languages=c,ada,c++,go,brig,d,fortran,objc,obj-c++,m2 --prefix=/usr --with-gcc-major-version-only --program-suffix=-11 --program-prefix=x86_64-linux-gnu- --enable-shared --enable-linker-build-id --libexecdir=/usr/lib --without-included-gettext --enable-threads=posix --libdir=/usr/lib --enable-nls --enable-bootstrap --enable-clocale=gnu --enable-libstdcxx-debug --enable-libstdcxx-time=yes --with-default-libstdcxx-abi=new --enable-gnu-unique-object --disable-vtable-verify --enable-plugin --enable-default-pie --with-system-zlib --enable-libphobos-checking=release --with-target-system-zlib=auto --enable-objc-gc=auto --enable-multiarch --disable-werror --enable-cet --with-arch-32=i686 --with-abi=m64 --with-multilib-list=m32,m64,mx32 --enable-multilib --with-tune=generic --enable-offload-targets=nvptx-none=/build/gcc-11-0odw26/gcc-11-11.4.0/debian/tmp-nvptx/usr,amdgcn-amdhsa=/build/gcc-11-0odw26/gcc-11-11.4.0/debian/tmp-gcn/usr --without-cuda-driver --enable-checking=release --build=x86_64-linux-gnu --host=x86_64-linux-gnu --target=x86_64-linux-gnu --with-build-config=bootstrap-lto-lean --enable-link-serialization=2
Thread model: posix
Supported LTO compression algorithms: zlib zstd
gcc version 11.4.0 (Ubuntu 11.4.0-1ubuntu1~22.04.3) 
COLLECT_GCC_OPTIONS='-cpp' '-v' '-E' '-o' 'CMakeFiles/cmTC_bcc9e.dir/CMakeFortranCompilerABI.F90-pp.f90' '-mtune=generic' '-march=x86-64' '-dumpdir' 'CMakeFiles/cmTC_bcc9e.dir/'
 /usr/lib/gcc/x86_64-linux-gnu/11/f951 /usr/share/cmake-3.22/Modules/CMakeFortranCompilerABI.F90 -cpp=/tmp/ccHjFhjn.f90 -E -quiet -v -imultiarch x86_64-linux-gnu /usr/share/cmake-3.22/Modules/CMakeFortranCompilerABI.F90 -o CMakeFiles/cmTC_bcc9e.dir/CMakeFortranCompilerABI.F90-pp.f90 -dumpdir CMakeFiles/cmTC_bcc9e.dir/ -dumpbase CMakeFortranCompilerABI.F90-pp.F90 -dumpbase-ext .F90 -mtune=generic -march=x86-64 -fsyntax-only
ignoring nonexistent directory "/usr/local/include/x86_64-linux-gnu"
ignoring nonexistent directory "/usr/lib/gcc/x86_64-linux-gnu/11/include-fixed"
ignoring nonexistent directory "/usr/lib/gcc/x86_64-linux-gnu/11/../../../../x86_64-linux-gnu/include"
ignoring duplicate directory "/opt/intel/oneapi/umf/0.11/include"
  as it is a non-system directory that duplicates a system directory
ignoring duplicate directory "/opt/intel/oneapi/mkl/2025.2/include"
  as it is a non-system directory that duplicates a system directory
#include "..." search starts here:
#include <...> search starts here:
 /opt/intel/oneapi/dev-utilities/2025.2/include
 /opt/intel/oneapi/umf/0.11/include
 /opt/intel/oneapi/tbb/2022.2/env/../include
 /opt/intel/oneapi/mpi/2021.16/include
 /opt/intel/oneapi/mkl/2025.2/include
 /usr/lib/gcc/x86_64-linux-gnu/11/include
 /usr/local/include
 /usr/include/x86_64-linux-gnu
 /usr/include
End of search list.
COMPILER_PATH=/usr/lib/gcc/x86_64-linux-gnu/11/:/usr/lib/gcc/x86_64-linux-gnu/11/:/usr/lib/gcc/x86_64-linux-gnu/:/usr/lib/gcc/x86_64-linux-gnu/11/:/usr/lib/gcc/x86_64-linux-gnu/
LIBRARY_PATH=/opt/intel/oneapi/tcm/1.4/lib/../lib/:/opt/intel/oneapi/umf/0.11/lib/../lib/:/opt/intel/oneapi/tbb/2022.2/env/../lib/intel64/gcc4.8/../lib/:/opt/intel/oneapi/mpi/2021.16/lib/../lib/:/opt/intel/oneapi/mkl/2025.2/lib/../lib/:/opt/intel/oneapi/compiler/2025.2/lib/../lib/:/usr/lib/gcc/x86_64-linux-gnu/11/:/usr/lib/gcc/x86_64-linux-gnu/11/../../../x86_64-linux-gnu/:/usr/lib/gcc/x86_64-linux-gnu/11/../../../../lib/:/lib/x86_64-linux-gnu/:/lib/../lib/:/usr/lib/x86_64-linux-gnu/:/usr/lib/../lib/:/opt/intel/oneapi/tcm/1.4/lib/:/opt/intel/oneapi/umf/0.11/lib/:/opt/intel/oneapi/tbb/2022.2/env/../lib/intel64/gcc4.8/:/opt/intel/oneapi/mpi/2021.16/lib/:/opt/intel/oneapi/mkl/2025.2/lib/:/opt/intel/oneapi/compiler/2025.2/lib/:/usr/lib/gcc/x86_64-linux-gnu/11/../../../:/lib/:/usr/lib/
COLLECT_GCC_OPTIONS='-cpp' '-v' '-E' '-o' 'CMakeFiles/cmTC_bcc9e.dir/CMakeFortranCompilerABI.F90-pp.f90' '-mtune=generic' '-march=x86-64' '-dumpdir' 'CMakeFiles/cmTC_bcc9e.dir/CMakeFortranCompilerABI.F90-pp.'
[2/4] Generating Fortran dyndep file CMakeFiles/cmTC_bcc9e.dir/Fortran.dd
[3/4] Building Fortran object CMakeFiles/cmTC_bcc9e.dir/CMakeFortranCompilerABI.F90.o
Using built-in specs.
COLLECT_GCC=/usr/bin/gfortran
OFFLOAD_TARGET_NAMES=nvptx-none:amdgcn-amdhsa
OFFLOAD_TARGET_DEFAULT=1
Target: x86_64-linux-gnu
Configured with: ../src/configure -v --with-pkgversion='Ubuntu 11.4.0-1ubuntu1~22.04.3' --with-bugurl=file:///usr/share/doc/gcc-11/README.Bugs --enable-languages=c,ada,c++,go,brig,d,fortran,objc,obj-c++,m2 --prefix=/usr --with-gcc-major-version-only --program-suffix=-11 --program-prefix=x86_64-linux-gnu- --enable-shared --enable-linker-build-id --libexecdir=/usr/lib --without-included-gettext --enable-threads=posix --libdir=/usr/lib --enable-nls --enable-bootstrap --enable-clocale=gnu --enable-libstdcxx-debug --enable-libstdcxx-time=yes --with-default-libstdcxx-abi=new --enable-gnu-unique-object --disable-vtable-verify --enable-plugin --enable-default-pie --with-system-zlib --enable-libphobos-checking=release --with-target-system-zlib=auto --enable-objc-gc=auto --enable-multiarch --disable-werror --enable-cet --with-arch-32=i686 --with-abi=m64 --with-multilib-list=m32,m64,mx32 --enable-multilib --with-tune=generic --enable-offload-targets=nvptx-none=/build/gcc-11-0odw26/gcc-11-11.4.0/debian/tmp-nvptx/usr,amdgcn-amdhsa=/build/gcc-11-0odw26/gcc-11-11.4.0/debian/tmp-gcn/usr --without-cuda-driver --enable-checking=release --build=x86_64-linux-gnu --host=x86_64-linux-gnu --target=x86_64-linux-gnu --with-build-config=bootstrap-lto-lean --enable-link-serialization=2
Thread model: posix
Supported LTO compression algorithms: zlib zstd
gcc version 11.4.0 (Ubuntu 11.4.0-1ubuntu1~22.04.3) 
COLLECT_GCC_OPTIONS='-I' '/usr/share/cmake-3.22/Modules' '-v' '-fpreprocessed' '-c' '-o' 'CMakeFiles/cmTC_bcc9e.dir/CMakeFortranCompilerABI.F90.o' '-mtune=generic' '-march=x86-64' '-dumpdir' 'CMakeFiles/cmTC_bcc9e.dir/'
 /usr/lib/gcc/x86_64-linux-gnu/11/f951 CMakeFiles/cmTC_bcc9e.dir/CMakeFortranCompilerABI.F90-pp.f90 -I /usr/share/cmake-3.22/Modules -quiet -dumpdir CMakeFiles/cmTC_bcc9e.dir/ -dumpbase CMakeFortranCompilerABI.F90.f90 -dumpbase-ext .f90 -mtune=generic -march=x86-64 -version -fpreprocessed -fintrinsic-modules-path /usr/lib/gcc/x86_64-linux-gnu/11/finclude -fpre-include=/usr/include/finclude/math-vector-fortran.h -o /tmp/ccLXiwhl.s
GNU Fortran (Ubuntu 11.4.0-1ubuntu1~22.04.3) version 11.4.0 (x86_64-linux-gnu)
	compiled by GNU C version 11.4.0, GMP version 6.2.1, MPFR version 4.1.0, MPC version 1.2.1, isl version isl-0.24-GMP

GGC heuristics: --param ggc-min-expand=100 --param ggc-min-heapsize=131072
GNU Fortran2008 (Ubuntu 11.4.0-1ubuntu1~22.04.3) version 11.4.0 (x86_64-linux-gnu)
	compiled by GNU C version 11.4.0, GMP version 6.2.1, MPFR version 4.1.0, MPC version 1.2.1, isl version isl-0.24-GMP

GGC heuristics: --param ggc-min-expand=100 --param ggc-min-heapsize=131072
COLLECT_GCC_OPTIONS='-I' '/usr/share/cmake-3.22/Modules' '-v' '-fpreprocessed' '-c' '-o' 'CMakeFiles/cmTC_bcc9e.dir/CMakeFortranCompilerABI.F90.o' '-mtune=generic' '-march=x86-64' '-dumpdir' 'CMakeFiles/cmTC_bcc9e.dir/'
 as -v -I /usr/share/cmake-3.22/Modules --64 -o CMakeFiles/cmTC_bcc9e.dir/CMakeFortranCompilerABI.F90.o /tmp/ccLXiwhl.s
GNU assembler version 2.38 (x86_64-linux-gnu) using BFD version (GNU Binutils for Ubuntu) 2.38
COMPILER_PATH=/usr/lib/gcc/x86_64-linux-gnu/11/:/usr/lib/gcc/x86_64-linux-gnu/11/:/usr/lib/gcc/x86_64-linux-gnu/:/usr/lib/gcc/x86_64-linux-gnu/11/:/usr/lib/gcc/x86_64-linux-gnu/
LIBRARY_PATH=/opt/intel/oneapi/tcm/1.4/lib/../lib/:/opt/intel/oneapi/umf/0.11/lib/../lib/:/opt/intel/oneapi/tbb/2022.2/env/../lib/intel64/gcc4.8/../lib/:/opt/intel/oneapi/mpi/2021.16/lib/../lib/:/opt/intel/oneapi/mkl/2025.2/lib/../lib/:/opt/intel/oneapi/compiler/2025.2/lib/../lib/:/usr/lib/gcc/x86_64-linux-gnu/11/:/usr/lib/gcc/x86_64-linux-gnu/11/../../../x86_64-linux-gnu/:/usr/lib/gcc/x86_64-linux-gnu/11/../../../../lib/:/lib/x86_64-linux-gnu/:/lib/../lib/:/usr/lib/x86_64-linux-gnu/:/usr/lib/../lib/:/opt/intel/oneapi/tcm/1.4/lib/:/opt/intel/oneapi/umf/0.11/lib/:/opt/intel/oneapi/tbb/2022.2/env/../lib/intel64/gcc4.8/:/opt/intel/oneapi/mpi/2021.16/lib/:/opt/intel/oneapi/mkl/2025.2/lib/:/opt/intel/oneapi/compiler/2025.2/lib/:/usr/lib/gcc/x86_64-linux-gnu/11/../../../:/lib/:/usr/lib/
COLLECT_GCC_OPTIONS='-I' '/usr/share/cmake-3.22/Modules' '-v' '-fpreprocessed' '-c' '-o' 'CMakeFiles/cmTC_bcc9e.dir/CMakeFortranCompilerABI.F90.o' '-mtune=generic' '-march=x86-64' '-dumpdir' 'CMakeFiles/cmTC_bcc9e.dir/CMakeFortranCompilerABI.F90.'
[4/4] Linking Fortran executable cmTC_bcc9e
Driving: /usr/bin/gfortran -m64 -v CMakeFiles/cmTC_bcc9e.dir/CMakeFortranCompilerABI.F90.o -o cmTC_bcc9e -l gfortran -l m -shared-libgcc
Using built-in specs.
COLLECT_GCC=/usr/bin/gfortran
COLLECT_LTO_WRAPPER=/usr/lib/gcc/x86_64-linux-gnu/11/lto-wrapper
OFFLOAD_TARGET_NAMES=nvptx-none:amdgcn-amdhsa
OFFLOAD_TARGET_DEFAULT=1
Target: x86_64-linux-gnu
Configured with: ../src/configure -v --with-pkgversion='Ubuntu 11.4.0-1ubuntu1~22.04.3' --with-bugurl=file:///usr/share/doc/gcc-11/README.Bugs --enable-languages=c,ada,c++,go,brig,d,fortran,objc,obj-c++,m2 --prefix=/usr --with-gcc-major-version-only --program-suffix=-11 --program-prefix=x86_64-linux-gnu- --enable-shared --enable-linker-build-id --libexecdir=/usr/lib --without-included-gettext --enable-threads=posix --libdir=/usr/lib --enable-nls --enable-bootstrap --enable-clocale=gnu --enable-libstdcxx-debug --enable-libstdcxx-time=yes --with-default-libstdcxx-abi=new --enable-gnu-unique-object --disable-vtable-verify --enable-plugin --enable-default-pie --with-system-zlib --enable-libphobos-checking=release --with-target-system-zlib=auto --enable-objc-gc=auto --enable-multiarch --disable-werror --enable-cet --with-arch-32=i686 --with-abi=m64 --with-multilib-list=m32,m64,mx32 --enable-multilib --with-tune=generic --enable-offload-targets=nvptx-none=/build/gcc-11-0odw26/gcc-11-11.4.0/debian/tmp-nvptx/usr,amdgcn-amdhsa=/build/gcc-11-0odw26/gcc-11-11.4.0/debian/tmp-gcn/usr --without-cuda-driver --enable-checking=release --build=x86_64-linux-gnu --host=x86_64-linux-gnu --target=x86_64-linux-gnu --with-build-config=bootstrap-lto-lean --enable-link-serialization=2
Thread model: posix
Supported LTO compression algorithms: zlib zstd
gcc version 11.4.0 (Ubuntu 11.4.0-1ubuntu1~22.04.3) 
Reading specs from /usr/lib/gcc/x86_64-linux-gnu/11/libgfortran.spec
rename spec lib to liborig
COLLECT_GCC_OPTIONS='-m64' '-v' '-o' 'cmTC_bcc9e' '-shared-libgcc' '-mtune=generic' '-march=x86-64' '-dumpdir' 'cmTC_bcc9e-'
COMPILER_PATH=/usr/lib/gcc/x86_64-linux-gnu/11/:/usr/lib/gcc/x86_64-linux-gnu/11/:/usr/lib/gcc/x86_64-linux-gnu/:/usr/lib/gcc/x86_64-linux-gnu/11/:/usr/lib/gcc/x86_64-linux-gnu/
LIBRARY_PATH=/opt/intel/oneapi/tcm/1.4/lib/../lib/:/opt/intel/oneapi/umf/0.11/lib/../lib/:/opt/intel/oneapi/tbb/2022.2/env/../lib/intel64/gcc4.8/../lib/:/opt/intel/oneapi/mpi/2021.16/lib/../lib/:/opt/intel/oneapi/mkl/2025.2/lib/../lib/:/opt/intel/oneapi/compiler/2025.2/lib/../lib/:/usr/lib/gcc/x86_64-linux-gnu/11/:/usr/lib/gcc/x86_64-linux-gnu/11/../../../x86_64-linux-gnu/:/usr/lib/gcc/x86_64-linux-gnu/11/../../../../lib/:/lib/x86_64-linux-gnu/:/lib/../lib/:/usr/lib/x86_64-linux-gnu/:/usr/lib/../lib/:/opt/intel/oneapi/tcm/1.4/lib/:/opt/intel/oneapi/umf/0.11/lib/:/opt/intel/oneapi/tbb/2022.2/env/../lib/intel64/gcc4.8/:/opt/intel/oneapi/mpi/2021.16/lib/:/opt/intel/oneapi/mkl/2025.2/lib/:/opt/intel/oneapi/compiler/2025.2/lib/:/usr/lib/gcc/x86_64-linux-gnu/11/../../../:/lib/:/usr/lib/
COLLECT_GCC_OPTIONS='-m64' '-v' '-o' 'cmTC_bcc9e' '-shared-libgcc' '-mtune=generic' '-march=x86-64' '-dumpdir' 'cmTC_bcc9e.'
 /usr/lib/gcc/x86_64-linux-gnu/11/collect2 -plugin /usr/lib/gcc/x86_64-linux-gnu/11/liblto_plugin.so -plugin-opt=/usr/lib/gcc/x86_64-linux-gnu/11/lto-wrapper -plugin-opt=-fresolution=/tmp/ccDNTaZQ.res -plugin-opt=-pass-through=-lgcc_s -plugin-opt=-pass-through=-lgcc -plugin-opt=-pass-through=-lquadmath -plugin-opt=-pass-through=-lm -plugin-opt=-pass-through=-lgcc_s -plugin-opt=-pass-through=-lgcc -plugin-opt=-pass-through=-lc -plugin-opt=-pass-through=-lgcc_s -plugin-opt=-pass-through=-lgcc --build-id --eh-frame-hdr -m elf_x86_64 --hash-style=gnu --as-needed -dynamic-linker /lib64/ld-linux-x86-64.so.2 -pie -z now -z relro -o cmTC_bcc9e /usr/lib/gcc/x86_64-linux-gnu/11/../../../x86_64-linux-gnu/Scrt1.o /usr/lib/gcc/x86_64-linux-gnu/11/../../../x86_64-linux-gnu/crti.o /usr/lib/gcc/x86_64-linux-gnu/11/crtbeginS.o -L/opt/intel/oneapi/tcm/1.4/lib/../lib -L/opt/intel/oneapi/umf/0.11/lib/../lib -L/opt/intel/oneapi/tbb/2022.2/env/../lib/intel64/gcc4.8/../lib -L/opt/intel/oneapi/mpi/2021.16/lib/../lib -L/opt/intel/oneapi/mkl/2025.2/lib/../lib -L/opt/intel/oneapi/compiler/2025.2/lib/../lib -L/usr/lib/gcc/x86_64-linux-gnu/11 -L/usr/lib/gcc/x86_64-linux-gnu/11/../../../x86_64-linux-gnu -L/usr/lib/gcc/x86_64-linux-gnu/11/../../../../lib -L/lib/x86_64-linux-gnu -L/lib/../lib -L/usr/lib/x86_64-linux-gnu -L/usr/lib/../lib -L/opt/intel/oneapi/tcm/1.4/lib -L/opt/intel/oneapi/umf/0.11/lib -L/opt/intel/oneapi/tbb/2022.2/env/../lib/intel64/gcc4.8 -L/opt/intel/oneapi/mpi/2021.16/lib -L/opt/intel/oneapi/mkl/2025.2/lib -L/opt/intel/oneapi/compiler/2025.2/lib -L/usr/lib/gcc/x86_64-linux-gnu/11/../../.. CMakeFiles/cmTC_bcc9e.dir/CMakeFortranCompilerABI.F90.o -lgfortran -lm -lgcc_s -lgcc -lquadmath -lm -lgcc_s -lgcc -lc -lgcc_s -lgcc /usr/lib/gcc/x86_64-linux-gnu/11/crtendS.o /usr/lib/gcc/x86_64-linux-gnu/11/../../../x86_64-linux-gnu/crtn.o
COLLECT_GCC_OPTIONS='-m64' '-v' '-o' 'cmTC_bcc9e' '-shared-libgcc' '-mtune=generic' '-march=x86-64' '-dumpdir' 'cmTC_bcc9e.'



Parsed Fortran implicit include dir info from above output: rv=done
  found start of include info
  found start of implicit include info
    add: [/opt/intel/oneapi/dev-utilities/2025.2/include]
    add: [/opt/intel/oneapi/umf/0.11/include]
    add: [/opt/intel/oneapi/tbb/2022.2/env/../include]
    add: [/opt/intel/oneapi/mpi/2021.16/include]
    add: [/opt/intel/oneapi/mkl/2025.2/include]
    add: [/usr/lib/gcc/x86_64-linux-gnu/11/include]
    add: [/usr/local/include]
    add: [/usr/include/x86_64-linux-gnu]
    add: [/usr/include]
  end of search list found
  collapse include dir [/opt/intel/oneapi/dev-utilities/2025.2/include] ==> [/opt/intel/oneapi/dev-utilities/2025.2/include]
  collapse include dir [/opt/intel/oneapi/umf/0.11/include] ==> [/opt/intel/oneapi/umf/0.11/include]
  collapse include dir [/opt/intel/oneapi/tbb/2022.2/env/../include] ==> [/opt/intel/oneapi/tbb/2022.2/include]
  collapse include dir [/opt/intel/oneapi/mpi/2021.16/include] ==> [/opt/intel/oneapi/mpi/2021.16/include]
  collapse include dir [/opt/intel/oneapi/mkl/2025.2/include] ==> [/opt/intel/oneapi/mkl/2025.2/include]
  collapse include dir [/usr/lib/gcc/x86_64-linux-gnu/11/include] ==> [/usr/lib/gcc/x86_64-linux-gnu/11/include]
  collapse include dir [/usr/local/include] ==> [/usr/local/include]
  collapse include dir [/usr/include/x86_64-linux-gnu] ==> [/usr/include/x86_64-linux-gnu]
  collapse include dir [/usr/include] ==> [/usr/include]
  implicit include dirs: [/opt/intel/oneapi/dev-utilities/2025.2/include;/opt/intel/oneapi/umf/0.11/include;/opt/intel/oneapi/tbb/2022.2/include;/opt/intel/oneapi/mpi/2021.16/include;/opt/intel/oneapi/mkl/2025.2/include;/usr/lib/gcc/x86_64-linux-gnu/11/include;/usr/local/include;/usr/include/x86_64-linux-gnu;/usr/include]


Parsed Fortran implicit link information from above output:
  link line regex: [^( *|.*[/\])(ld|CMAKE_LINK_STARTFILE-NOTFOUND|([^/\]+-)?ld|collect2)[^/\]*( |$)]
  ignore line: [Change Dir: /home/garaujor/OpenSees-CUDA/build-mp/Release/CMakeFiles/CMakeTmp]
  ignore line: []
  ignore line: [Run Build Command(s):/usr/bin/ninja cmTC_bcc9e && [1/4] Building Fortran preprocessed CMakeFiles/cmTC_bcc9e.dir/CMakeFortranCompilerABI.F90-pp.f90]
  ignore line: [Using built-in specs.]
  ignore line: [COLLECT_GCC=/usr/bin/gfortran]
  ignore line: [OFFLOAD_TARGET_NAMES=nvptx-none:amdgcn-amdhsa]
  ignore line: [OFFLOAD_TARGET_DEFAULT=1]
  ignore line: [Target: x86_64-linux-gnu]
  ignore line: [Configured with: ../src/configure -v --with-pkgversion='Ubuntu 11.4.0-1ubuntu1~22.04.3' --with-bugurl=file:///usr/share/doc/gcc-11/README.Bugs --enable-languages=c ada c++ go brig d fortran objc obj-c++ m2 --prefix=/usr --with-gcc-major-version-only --program-suffix=-11 --program-prefix=x86_64-linux-gnu- --enable-shared --enable-linker-build-id --libexecdir=/usr/lib --without-included-gettext --enable-threads=posix --libdir=/usr/lib --enable-nls --enable-bootstrap --enable-clocale=gnu --enable-libstdcxx-debug --enable-libstdcxx-time=yes --with-default-libstdcxx-abi=new --enable-gnu-unique-object --disable-vtable-verify --enable-plugin --enable-default-pie --with-system-zlib --enable-libphobos-checking=release --with-target-system-zlib=auto --enable-objc-gc=auto --enable-multiarch --disable-werror --enable-cet --with-arch-32=i686 --with-abi=m64 --with-multilib-list=m32 m64 mx32 --enable-multilib --with-tune=generic --enable-offload-targets=nvptx-none=/build/gcc-11-0odw26/gcc-11-11.4.0/debian/tmp-nvptx/usr amdgcn-amdhsa=/build/gcc-11-0odw26/gcc-11-11.4.0/debian/tmp-gcn/usr --without-cuda-driver --enable-checking=release --build=x86_64-linux-gnu --host=x86_64-linux-gnu --target=x86_64-linux-gnu --with-build-config=bootstrap-lto-lean --enable-link-serialization=2]
  ignore line: [Thread model: posix]
  ignore line: [Supported LTO compression algorithms: zlib zstd]
  ignore line: [gcc version 11.4.0 (Ubuntu 11.4.0-1ubuntu1~22.04.3) ]
  ignore line: [COLLECT_GCC_OPTIONS='-cpp' '-v' '-E' '-o' 'CMakeFiles/cmTC_bcc9e.dir/CMakeFortranCompilerABI.F90-pp.f90' '-mtune=generic' '-march=x86-64' '-dumpdir' 'CMakeFiles/cmTC_bcc9e.dir/']
  ignore line: [ /usr/lib/gcc/x86_64-linux-gnu/11/f951 /usr/share/cmake-3.22/Modules/CMakeFortranCompilerABI.F90 -cpp=/tmp/ccHjFhjn.f90 -E -quiet -v -imultiarch x86_64-linux-gnu /usr/share/cmake-3.22/Modules/CMakeFortranCompilerABI.F90 -o CMakeFiles/cmTC_bcc9e.dir/CMakeFortranCompilerABI.F90-pp.f90 -dumpdir CMakeFiles/cmTC_bcc9e.dir/ -dumpbase CMakeFortranCompilerABI.F90-pp.F90 -dumpbase-ext .F90 -mtune=generic -march=x86-64 -fsyntax-only]
  ignore line: [ignoring nonexistent directory "/usr/local/include/x86_64-linux-gnu"]
  ignore line: [ignoring nonexistent directory "/usr/lib/gcc/x86_64-linux-gnu/11/include-fixed"]
  ignore line: [ignoring nonexistent directory "/usr/lib/gcc/x86_64-linux-gnu/11/../../../../x86_64-linux-gnu/include"]
  ignore line: [ignoring duplicate directory "/opt/intel/oneapi/umf/0.11/include"]
  ignore line: [  as it is a non-system directory that duplicates a system directory]
  ignore line: [ignoring duplicate directory "/opt/intel/oneapi/mkl/2025.2/include"]
  ignore line: [  as it is a non-system directory that duplicates a system directory]
  ignore line: [#include "..." search starts here:]
  ignore line: [#include <...> search starts here:]
  ignore line: [ /opt/intel/oneapi/dev-utilities/2025.2/include]
  ignore line: [ /opt/intel/oneapi/umf/0.11/include]
  ignore line: [ /opt/intel/oneapi/tbb/2022.2/env/../include]
  ignore line: [ /opt/intel/oneapi/mpi/2021.16/include]
  ignore line: [ /opt/intel/oneapi/mkl/2025.2/include]
  ignore line: [ /usr/lib/gcc/x86_64-linux-gnu/11/include]
  ignore line: [ /usr/local/include]
  ignore line: [ /usr/include/x86_64-linux-gnu]
  ignore line: [ /usr/include]
  ignore line: [End of search list.]
  ignore line: [COMPILER_PATH=/usr/lib/gcc/x86_64-linux-gnu/11/:/usr/lib/gcc/x86_64-linux-gnu/11/:/usr/lib/gcc/x86_64-linux-gnu/:/usr/lib/gcc/x86_64-linux-gnu/11/:/usr/lib/gcc/x86_64-linux-gnu/]
  ignore line: [LIBRARY_PATH=/opt/intel/oneapi/tcm/1.4/lib/../lib/:/opt/intel/oneapi/umf/0.11/lib/../lib/:/opt/intel/oneapi/tbb/2022.2/env/../lib/intel64/gcc4.8/../lib/:/opt/intel/oneapi/mpi/2021.16/lib/../lib/:/opt/intel/oneapi/mkl/2025.2/lib/../lib/:/opt/intel/oneapi/compiler/2025.2/lib/../lib/:/usr/lib/gcc/x86_64-linux-gnu/11/:/usr/lib/gcc/x86_64-linux-gnu/11/../../../x86_64-linux-gnu/:/usr/lib/gcc/x86_64-linux-gnu/11/../../../../lib/:/lib/x86_64-linux-gnu/:/lib/../lib/:/usr/lib/x86_64-linux-gnu/:/usr/lib/../lib/:/opt/intel/oneapi/tcm/1.4/lib/:/opt/intel/oneapi/umf/0.11/lib/:/opt/intel/oneapi/tbb/2022.2/env/../lib/intel64/gcc4.8/:/opt/intel/oneapi/mpi/2021.16/lib/:/opt/intel/oneapi/mkl/2025.2/lib/:/opt/intel/oneapi/compiler/2025.2/lib/:/usr/lib/gcc/x86_64-linux-gnu/11/../../../:/lib/:/usr/lib/]
  ignore line: [COLLECT_GCC_OPTIONS='-cpp' '-v' '-E' '-o' 'CMakeFiles/cmTC_bcc9e.dir/CMakeFortranCompilerABI.F90-pp.f90' '-mtune=generic' '-march=x86-64' '-dumpdir' 'CMakeFiles/cmTC_bcc9e.dir/CMakeFortranCompilerABI.F90-pp.']
  ignore line: [[2/4] Generating Fortran dyndep file CMakeFiles/cmTC_bcc9e.dir/Fortran.dd]
  ignore line: [[3/4] Building Fortran object CMakeFiles/cmTC_bcc9e.dir/CMakeFortranCompilerABI.F90.o]
  ignore line: [Using built-in specs.]
  ignore line: [COLLECT_GCC=/usr/bin/gfortran]
  ignore line: [OFFLOAD_TARGET_NAMES=nvptx-none:amdgcn-amdhsa]
  ignore line: [OFFLOAD_TARGET_DEFAULT=1]
  ignore line: [Target: x86_64-linux-gnu]
  ignore line: [Configured with: ../src/configure -v --with-pkgversion='Ubuntu 11.4.0-1ubuntu1~22.04.3' --with-bugurl=file:///usr/share/doc/gcc-11/README.Bugs --enable-languages=c ada c++ go brig d fortran objc obj-c++ m2 --prefix=/usr --with-gcc-major-version-only --program-suffix=-11 --program-prefix=x86_64-linux-gnu- --enable-shared --enable-linker-build-id --libexecdir=/usr/lib --without-included-gettext --enable-threads=posix --libdir=/usr/lib --enable-nls --enable-bootstrap --enable-clocale=gnu --enable-libstdcxx-debug --enable-libstdcxx-time=yes --with-default-libstdcxx-abi=new --enable-gnu-unique-object --disable-vtable-verify --enable-plugin --enable-default-pie --with-system-zlib --enable-libphobos-checking=release --with-target-system-zlib=auto --enable-objc-gc=auto --enable-multiarch --disable-werror --enable-cet --with-arch-32=i686 --with-abi=m64 --with-multilib-list=m32 m64 mx32 --enable-multilib --with-tune=generic --enable-offload-targets=nvptx-none=/build/gcc-11-0odw26/gcc-11-11.4.0/debian/tmp-nvptx/usr amdgcn-amdhsa=/build/gcc-11-0odw26/gcc-11-11.4.0/debian/tmp-gcn/usr --without-cuda-driver --enable-checking=release --build=x86_64-linux-gnu --host=x86_64-linux-gnu --target=x86_64-linux-gnu --with-build-config=bootstrap-lto-lean --enable-link-serialization=2]
  ignore line: [Thread model: posix]
  ignore line: [Supported LTO compression algorithms: zlib zstd]
  ignore line: [gcc version 11.4.0 (Ubuntu 11.4.0-1ubuntu1~22.04.3) ]
  ignore line: [COLLECT_GCC_OPTIONS='-I' '/usr/share/cmake-3.22/Modules' '-v' '-fpreprocessed' '-c' '-o' 'CMakeFiles/cmTC_bcc9e.dir/CMakeFortranCompilerABI.F90.o' '-mtune=generic' '-march=x86-64' '-dumpdir' 'CMakeFiles/cmTC_bcc9e.dir/']
  ignore line: [ /usr/lib/gcc/x86_64-linux-gnu/11/f951 CMakeFiles/cmTC_bcc9e.dir/CMakeFortranCompilerABI.F90-pp.f90 -I /usr/share/cmake-3.22/Modules -quiet -dumpdir CMakeFiles/cmTC_bcc9e.dir/ -dumpbase CMakeFortranCompilerABI.F90.f90 -dumpbase-ext .f90 -mtune=generic -march=x86-64 -version -fpreprocessed -fintrinsic-modules-path /usr/lib/gcc/x86_64-linux-gnu/11/finclude -fpre-include=/usr/include/finclude/math-vector-fortran.h -o /tmp/ccLXiwhl.s]
  ignore line: [GNU Fortran (Ubuntu 11.4.0-1ubuntu1~22.04.3) version 11.4.0 (x86_64-linux-gnu)]
  ignore line: [	compiled by GNU C version 11.4.0  GMP version 6.2.1  MPFR version 4.1.0  MPC version 1.2.1  isl version isl-0.24-GMP]
  ignore line: []
  ignore line: [GGC heuristics: --param ggc-min-expand=100 --param ggc-min-heapsize=131072]
  ignore line: [GNU Fortran2008 (Ubuntu 11.4.0-1ubuntu1~22.04.3) version 11.4.0 (x86_64-linux-gnu)]
  ignore line: [	compiled by GNU C version 11.4.0  GMP version 6.2.1  MPFR version 4.1.0  MPC version 1.2.1  isl version isl-0.24-GMP]
  ignore line: []
  ignore line: [GGC heuristics: --param ggc-min-expand=100 --param ggc-min-heapsize=131072]
  ignore line: [COLLECT_GCC_OPTIONS='-I' '/usr/share/cmake-3.22/Modules' '-v' '-fpreprocessed' '-c' '-o' 'CMakeFiles/cmTC_bcc9e.dir/CMakeFortranCompilerABI.F90.o' '-mtune=generic' '-march=x86-64' '-dumpdir' 'CMakeFiles/cmTC_bcc9e.dir/']
  ignore line: [ as -v -I /usr/share/cmake-3.22/Modules --64 -o CMakeFiles/cmTC_bcc9e.dir/CMakeFortranCompilerABI.F90.o /tmp/ccLXiwhl.s]
  ignore line: [GNU assembler version 2.38 (x86_64-linux-gnu) using BFD version (GNU Binutils for Ubuntu) 2.38]
  ignore line: [COMPILER_PATH=/usr/lib/gcc/x86_64-linux-gnu/11/:/usr/lib/gcc/x86_64-linux-gnu/11/:/usr/lib/gcc/x86_64-linux-gnu/:/usr/lib/gcc/x86_64-linux-gnu/11/:/usr/lib/gcc/x86_64-linux-gnu/]
  ignore line: [LIBRARY_PATH=/opt/intel/oneapi/tcm/1.4/lib/../lib/:/opt/intel/oneapi/umf/0.11/lib/../lib/:/opt/intel/oneapi/tbb/2022.2/env/../lib/intel64/gcc4.8/../lib/:/opt/intel/oneapi/mpi/2021.16/lib/../lib/:/opt/intel/oneapi/mkl/2025.2/lib/../lib/:/opt/intel/oneapi/compiler/2025.2/lib/../lib/:/usr/lib/gcc/x86_64-linux-gnu/11/:/usr/lib/gcc/x86_64-linux-gnu/11/../../../x86_64-linux-gnu/:/usr/lib/gcc/x86_64-linux-gnu/11/../../../../lib/:/lib/x86_64-linux-gnu/:/lib/../lib/:/usr/lib/x86_64-linux-gnu/:/usr/lib/../lib/:/opt/intel/oneapi/tcm/1.4/lib/:/opt/intel/oneapi/umf/0.11/lib/:/opt/intel/oneapi/tbb/2022.2/env/../lib/intel64/gcc4.8/:/opt/intel/oneapi/mpi/2021.16/lib/:/opt/intel/oneapi/mkl/2025.2/lib/:/opt/intel/oneapi/compiler/2025.2/lib/:/usr/lib/gcc/x86_64-linux-gnu/11/../../../:/lib/:/usr/lib/]
  ignore line: [COLLECT_GCC_OPTIONS='-I' '/usr/share/cmake-3.22/Modules' '-v' '-fpreprocessed' '-c' '-o' 'CMakeFiles/cmTC_bcc9e.dir/CMakeFortranCompilerABI.F90.o' '-mtune=generic' '-march=x86-64' '-dumpdir' 'CMakeFiles/cmTC_bcc9e.dir/CMakeFortranCompilerABI.F90.']
  ignore line: [[4/4] Linking Fortran executable cmTC_bcc9e]
  ignore line: [Driving: /usr/bin/gfortran -m64 -v CMakeFiles/cmTC_bcc9e.dir/CMakeFortranCompilerABI.F90.o -o cmTC_bcc9e -l gfortran -l m -shared-libgcc]
  ignore line: [Using built-in specs.]
  ignore line: [COLLECT_GCC=/usr/bin/gfortran]
  ignore line: [COLLECT_LTO_WRAPPER=/usr/lib/gcc/x86_64-linux-gnu/11/lto-wrapper]
  ignore line: [OFFLOAD_TARGET_NAMES=nvptx-none:amdgcn-amdhsa]
  ignore line: [OFFLOAD_TARGET_DEFAULT=1]
  ignore line: [Target: x86_64-linux-gnu]
  ignore line: [Configured with: ../src/configure -v --with-pkgversion='Ubuntu 11.4.0-1ubuntu1~22.04.3' --with-bugurl=file:///usr/share/doc/gcc-11/README.Bugs --enable-languages=c ada c++ go brig d fortran objc obj-c++ m2 --prefix=/usr --with-gcc-major-version-only --program-suffix=-11 --program-prefix=x86_64-linux-gnu- --enable-shared --enable-linker-build-id --libexecdir=/usr/lib --without-included-gettext --enable-threads=posix --libdir=/usr/lib --enable-nls --enable-bootstrap --enable-clocale=gnu --enable-libstdcxx-debug --enable-libstdcxx-time=yes --with-default-libstdcxx-abi=new --enable-gnu-unique-object --disable-vtable-verify --enable-plugin --enable-default-pie --with-system-zlib --enable-libphobos-checking=release --with-target-system-zlib=auto --enable-objc-gc=auto --enable-multiarch --disable-werror --enable-cet --with-arch-32=i686 --with-abi=m64 --with-multilib-list=m32 m64 mx32 --enable-multilib --with-tune=generic --enable-offload-targets=nvptx-none=/build/gcc-11-0odw26/gcc-11-11.4.0/debian/tmp-nvptx/usr amdgcn-amdhsa=/build/gcc-11-0odw26/gcc-11-11.4.0/debian/tmp-gcn/usr --without-cuda-driver --enable-checking=release --build=x86_64-linux-gnu --host=x86_64-linux-gnu --target=x86_64-linux-gnu --with-build-config=bootstrap-lto-lean --enable-link-serialization=2]
  ignore line: [Thread model: posix]
  ignore line: [Supported LTO compression algorithms: zlib zstd]
  ignore line: [gcc version 11.4.0 (Ubuntu 11.4.0-1ubuntu1~22.04.3) ]
  ignore line: [Reading specs from /usr/lib/gcc/x86_64-linux-gnu/11/libgfortran.spec]
  ignore line: [rename spec lib to liborig]
  ignore line: [COLLECT_GCC_OPTIONS='-m64' '-v' '-o' 'cmTC_bcc9e' '-shared-libgcc' '-mtune=generic' '-march=x86-64' '-dumpdir' 'cmTC_bcc9e-']
  ignore line: [COMPILER_PATH=/usr/lib/gcc/x86_64-linux-gnu/11/:/usr/lib/gcc/x86_64-linux-gnu/11/:/usr/lib/gcc/x86_64-linux-gnu/:/usr/lib/gcc/x86_64-linux-gnu/11/:/usr/lib/gcc/x86_64-linux-gnu/]
  ignore line: [LIBRARY_PATH=/opt/intel/oneapi/tcm/1.4/lib/../lib/:/opt/intel/oneapi/umf/0.11/lib/../lib/:/opt/intel/oneapi/tbb/2022.2/env/../lib/intel64/gcc4.8/../lib/:/opt/intel/oneapi/mpi/2021.16/lib/../lib/:/opt/intel/oneapi/mkl/2025.2/lib/../lib/:/opt/intel/oneapi/compiler/2025.2/lib/../lib/:/usr/lib/gcc/x86_64-linux-gnu/11/:/usr/lib/gcc/x86_64-linux-gnu/11/../../../x86_64-linux-gnu/:/usr/lib/gcc/x86_64-linux-gnu/11/../../../../lib/:/lib/x86_64-linux-gnu/:/lib/../lib/:/usr/lib/x86_64-linux-gnu/:/usr/lib/../lib/:/opt/intel/oneapi/tcm/1.4/lib/:/opt/intel/oneapi/umf/0.11/lib/:/opt/intel/oneapi/tbb/2022.2/env/../lib/intel64/gcc4.8/:/opt/intel/oneapi/mpi/2021.16/lib/:/opt/intel/oneapi/mkl/2025.2/lib/:/opt/intel/oneapi/compiler/2025.2/lib/:/usr/lib/gcc/x86_64-linux-gnu/11/../../../:/lib/:/usr/lib/]
  ignore line: [COLLECT_GCC_OPTIONS='-m64' '-v' '-o' 'cmTC_bcc9e' '-shared-libgcc' '-mtune=generic' '-march=x86-64' '-dumpdir' 'cmTC_bcc9e.']
  link line: [ /usr/lib/gcc/x86_64-linux-gnu/11/collect2 -plugin /usr/lib/gcc/x86_64-linux-gnu/11/liblto_plugin.so -plugin-opt=/usr/lib/gcc/x86_64-linux-gnu/11/lto-wrapper -plugin-opt=-fresolution=/tmp/ccDNTaZQ.res -plugin-opt=-pass-through=-lgcc_s -plugin-opt=-pass-through=-lgcc -plugin-opt=-pass-through=-lquadmath -plugin-opt=-pass-through=-lm -plugin-opt=-pass-through=-lgcc_s -plugin-opt=-pass-through=-lgcc -plugin-opt=-pass-through=-lc -plugin-opt=-pass-through=-lgcc_s -plugin-opt=-pass-through=-lgcc --build-id --eh-frame-hdr -m elf_x86_64 --hash-style=gnu --as-needed -dynamic-linker /lib64/ld-linux-x86-64.so.2 -pie -z now -z relro -o cmTC_bcc9e /usr/lib/gcc/x86_64-linux-gnu/11/../../../x86_64-linux-gnu/Scrt1.o /usr/lib/gcc/x86_64-linux-gnu/11/../../../x86_64-linux-gnu/crti.o /usr/lib/gcc/x86_64-linux-gnu/11/crtbeginS.o -L/opt/intel/oneapi/tcm/1.4/lib/../lib -L/opt/intel/oneapi/umf/0.11/lib/../lib -L/opt/intel/oneapi/tbb/2022.2/env/../lib/intel64/gcc4.8/../lib -L/opt/intel/oneapi/mpi/2021.16/lib/../lib -L/opt/intel/oneapi/mkl/2025.2/lib/../lib -L/opt/intel/oneapi/compiler/2025.2/lib/../lib -L/usr/lib/gcc/x86_64-linux-gnu/11 -L/usr/lib/gcc/x86_64-linux-gnu/11/../../../x86_64-linux-gnu -L/usr/lib/gcc/x86_64-linux-gnu/11/../../../../lib -L/lib/x86_64-linux-gnu -L/lib/../lib -L/usr/lib/x86_64-linux-gnu -L/usr/lib/../lib -L/opt/intel/oneapi/tcm/1.4/lib -L/opt/intel/oneapi/umf/0.11/lib -L/opt/intel/oneapi/tbb/2022.2/env/../lib/intel64/gcc4.8 -L/opt/intel/oneapi/mpi/2021.16/lib -L/opt/intel/oneapi/mkl/2025.2/lib -L/opt/intel/oneapi/compiler/2025.2/lib -L/usr/lib/gcc/x86_64-linux-gnu/11/../../.. CMakeFiles/cmTC_bcc9e.dir/CMakeFortranCompilerABI.F90.o -lgfortran -lm -lgcc_s -lgcc -lquadmath -lm -lgcc_s -lgcc -lc -lgcc_s -lgcc /usr/lib/gcc/x86_64-linux-gnu/11/crtendS.o /usr/lib/gcc/x86_64-linux-gnu/11/../../../x86_64-linux-gnu/crtn.o]
    arg [/usr/lib/gcc/x86_64-linux-gnu/11/collect2] ==> ignore
    arg [-plugin] ==> ignore
    arg [/usr/lib/gcc/x86_64-linux-gnu/11/liblto_plugin.so] ==> ignore
    arg [-plugin-opt=/usr/lib/gcc/x86_64-linux-gnu/11/lto-wrapper] ==> ignore
    arg [-plugin-opt=-fresolution=/tmp/ccDNTaZQ.res] ==> ignore
    arg [-plugin-opt=-pass-through=-lgcc_s] ==> ignore
    arg [-plugin-opt=-pass-through=-lgcc] ==> ignore
    arg [-plugin-opt=-pass-through=-lquadmath] ==> ignore
    arg [-plugin-opt=-pass-through=-lm] ==> ignore
    arg [-plugin-opt=-pass-through=-lgcc_s] ==> ignore
    arg [-plugin-opt=-pass-through=-lgcc] ==> ignore
    arg [-plugin-opt=-pass-through=-lc] ==> ignore
    arg [-plugin-opt=-pass-through=-lgcc_s] ==> ignore
    arg [-plugin-opt=-pass-through=-lgcc] ==> ignore
    arg [--build-id] ==> ignore
    arg [--eh-frame-hdr] ==> ignore
    arg [-m] ==> ignore
    arg [elf_x86_64] ==> ignore
    arg [--hash-style=gnu] ==> ignore
    arg [--as-needed] ==> ignore
    arg [-dynamic-linker] ==> ignore
    arg [/lib64/ld-linux-x86-64.so.2] ==> ignore
    arg [-pie] ==> ignore
    arg [-znow] ==> ignore
    arg [-zrelro] ==> ignore
    arg [-o] ==> ignore
    arg [cmTC_bcc9e] ==> ignore
    arg [/usr/lib/gcc/x86_64-linux-gnu/11/../../../x86_64-linux-gnu/Scrt1.o] ==> obj [/usr/lib/gcc/x86_64-linux-gnu/11/../../../x86_64-linux-gnu/Scrt1.o]
    arg [/usr/lib/gcc/x86_64-linux-gnu/11/../../../x86_64-linux-gnu/crti.o] ==> obj [/usr/lib/gcc/x86_64-linux-gnu/11/../../../x86_64-linux-gnu/crti.o]
    arg [/usr/lib/gcc/x86_64-linux-gnu/11/crtbeginS.o] ==> obj [/usr/lib/gcc/x86_64-linux-gnu/11/crtbeginS.o]
    arg [-L/opt/intel/oneapi/tcm/1.4/lib/../lib] ==> dir [/opt/intel/oneapi/tcm/1.4/lib/../lib]
    arg [-L/opt/intel/oneapi/umf/0.11/lib/../lib] ==> dir [/opt/intel/oneapi/umf/0.11/lib/../lib]
    arg [-L/opt/intel/oneapi/tbb/2022.2/env/../lib/intel64/gcc4.8/../lib] ==> dir [/opt/intel/oneapi/tbb/2022.2/env/../lib/intel64/gcc4.8/../lib]
    arg [-L/opt/intel/oneapi/mpi/2021.16/lib/../lib] ==> dir [/opt/intel/oneapi/mpi/2021.16/lib/../lib]
    arg [-L/opt/intel/oneapi/mkl/2025.2/lib/../lib] ==> dir [/opt/intel/oneapi/mkl/2025.2/lib/../lib]
    arg [-L/opt/intel/oneapi/compiler/2025.2/lib/../lib] ==> dir [/opt/intel/oneapi/compiler/2025.2/lib/../lib]
    arg [-L/usr/lib/gcc/x86_64-linux-gnu/11] ==> dir [/usr/lib/gcc/x86_64-linux-gnu/11]
    arg [-L/usr/lib/gcc/x86_64-linux-gnu/11/../../../x86_64-linux-gnu] ==> dir [/usr/lib/gcc/x86_64-linux-gnu/11/../../../x86_64-linux-gnu]
    arg [-L/usr/lib/gcc/x86_64-linux-gnu/11/../../../../lib] ==> dir [/usr/lib/gcc/x86_64-linux-gnu/11/../../../../lib]
    arg [-L/lib/x86_64-linux-gnu] ==> dir [/lib/x86_64-linux-gnu]
    arg [-L/lib/../lib] ==> dir [/lib/../lib]
    arg [-L/usr/lib/x86_64-linux-gnu] ==> dir [/usr/lib/x86_64-linux-gnu]
    arg [-L/usr/lib/../lib] ==> dir [/usr/lib/../lib]
    arg [-L/opt/intel/oneapi/tcm/1.4/lib] ==> dir [/opt/intel/oneapi/tcm/1.4/lib]
    arg [-L/opt/intel/oneapi/umf/0.11/lib] ==> dir [/opt/intel/oneapi/umf/0.11/lib]
    arg [-L/opt/intel/oneapi/tbb/2022.2/env/../lib/intel64/gcc4.8] ==> dir [/opt/intel/oneapi/tbb/2022.2/env/../lib/intel64/gcc4.8]
    arg [-L/opt/intel/oneapi/mpi/2021.16/lib] ==> dir [/opt/intel/oneapi/mpi/2021.16/lib]
    arg [-L/opt/intel/oneapi/mkl/2025.2/lib] ==> dir [/opt/intel/oneapi/mkl/2025.2/lib]
    arg [-L/opt/intel/oneapi/compiler/2025.2/lib] ==> dir [/opt/intel/oneapi/compiler/2025.2/lib]
    arg [-L/usr/lib/gcc/x86_64-linux-gnu/11/../../..] ==> dir [/usr/lib/gcc/x86_64-linux-gnu/11/../../..]
    arg [CMakeFiles/cmTC_bcc9e.dir/CMakeFortranCompilerABI.F90.o] ==> ignore
    arg [-lgfortran] ==> lib [gfortran]
    arg [-lm] ==> lib [m]
    arg [-lgcc_s] ==> lib [gcc_s]
    arg [-lgcc] ==> lib [gcc]
    arg [-lquadmath] ==> lib [quadmath]
    arg [-lm] ==> lib [m]
    arg [-lgcc_s] ==> lib [gcc_s]
    arg [-lgcc] ==> lib [gcc]
    arg [-lc] ==> lib [c]
    arg [-lgcc_s] ==> lib [gcc_s]
    arg [-lgcc] ==> lib [gcc]
    arg [/usr/lib/gcc/x86_64-linux-gnu/11/crtendS.o] ==> obj [/usr/lib/gcc/x86_64-linux-gnu/11/crtendS.o]
    arg [/usr/lib/gcc/x86_64-linux-gnu/11/../../../x86_64-linux-gnu/crtn.o] ==> obj [/usr/lib/gcc/x86_64-linux-gnu/11/../../../x86_64-linux-gnu/crtn.o]
  collapse obj [/usr/lib/gcc/x86_64-linux-gnu/11/../../../x86_64-linux-gnu/Scrt1.o] ==> [/usr/lib/x86_64-linux-gnu/Scrt1.o]
  collapse obj [/usr/lib/gcc/x86_64-linux-gnu/11/../../../x86_64-linux-gnu/crti.o] ==> [/usr/lib/x86_64-linux-gnu/crti.o]
  collapse obj [/usr/lib/gcc/x86_64-linux-gnu/11/../../../x86_64-linux-gnu/crtn.o] ==> [/usr/lib/x86_64-linux-gnu/crtn.o]
  collapse library dir [/opt/intel/oneapi/tcm/1.4/lib/../lib] ==> [/opt/intel/oneapi/tcm/1.4/lib]
  collapse library dir [/opt/intel/oneapi/umf/0.11/lib/../lib] ==> [/opt/intel/oneapi/umf/0.11/lib]
  collapse library dir [/opt/intel/oneapi/tbb/2022.2/env/../lib/intel64/gcc4.8/../lib] ==> [/opt/intel/oneapi/tbb/2022.2/lib/intel64/lib]
  collapse library dir [/opt/intel/oneapi/mpi/2021.16/lib/../lib] ==> [/opt/intel/oneapi/mpi/2021.16/lib]
  collapse library dir [/opt/intel/oneapi/mkl/2025.2/lib/../lib] ==> [/opt/intel/oneapi/mkl/2025.2/lib]
  collapse library dir [/opt/intel/oneapi/compiler/2025.2/lib/../lib] ==> [/opt/intel/oneapi/compiler/2025.2/lib]
  collapse library dir [/usr/lib/gcc/x86_64-linux-gnu/11] ==> [/usr/lib/gcc/x86_64-linux-gnu/11]
  collapse library dir [/usr/lib/gcc/x86_64-linux-gnu/11/../../../x86_64-linux-gnu] ==> [/usr/lib/x86_64-linux-gnu]
  collapse library dir [/usr/lib/gcc/x86_64-linux-gnu/11/../../../../lib] ==> [/usr/lib]
  collapse library dir [/lib/x86_64-linux-gnu] ==> [/lib/x86_64-linux-gnu]
  collapse library dir [/lib/../lib] ==> [/lib]
  collapse library dir [/usr/lib/x86_64-linux-gnu] ==> [/usr/lib/x86_64-linux-gnu]
  collapse library dir [/usr/lib/../lib] ==> [/usr/lib]
  collapse library dir [/opt/intel/oneapi/tcm/1.4/lib] ==> [/opt/intel/oneapi/tcm/1.4/lib]
  collapse library dir [/opt/intel/oneapi/umf/0.11/lib] ==> [/opt/intel/oneapi/umf/0.11/lib]
  collapse library dir [/opt/intel/oneapi/tbb/2022.2/env/../lib/intel64/gcc4.8] ==> [/opt/intel/oneapi/tbb/2022.2/lib/intel64/gcc4.8]
  collapse library dir [/opt/intel/oneapi/mpi/2021.16/lib] ==> [/opt/intel/oneapi/mpi/2021.16/lib]
  collapse library dir [/opt/intel/oneapi/mkl/2025.2/lib] ==> [/opt/intel/oneapi/mkl/2025.2/lib]
  collapse library dir [/opt/intel/oneapi/compiler/2025.2/lib] ==> [/opt/intel/oneapi/compiler/2025.2/lib]
  collapse library dir [/usr/lib/gcc/x86_64-linux-gnu/11/../../..] ==> [/usr/lib]
  implicit libs: [gfortran;m;gcc_s;gcc;quadmath;m;gcc_s;gcc;c;gcc_s;gcc]
  implicit objs: [/usr/lib/x86_64-linux-gnu/Scrt1.o;/usr/lib/x86_64-linux-gnu/crti.o;/usr/lib/gcc/x86_64-linux-gnu/11/crtbeginS.o;/usr/lib/gcc/x86_64-linux-gnu/11/crtendS.o;/usr/lib/x86_64-linux-gnu/crtn.o]
  implicit dirs: [/opt/intel/oneapi/tcm/1.4/lib;/opt/intel/oneapi/umf/0.11/lib;/opt/intel/oneapi/tbb/2022.2/lib/intel64/lib;/opt/intel/oneapi/mpi/2021.16/lib;/opt/intel/oneapi/mkl/2025.2/lib;/opt/intel/oneapi/compiler/2025.2/lib;/usr/lib/gcc/x86_64-linux-gnu/11;/usr/lib/x86_64-linux-gnu;/usr/lib;/lib/x86_64-linux-gnu;/lib;/opt/intel/oneapi/tbb/2022.2/lib/intel64/gcc4.8]
  implicit fwks: []


Determining if the include file pthread.h exists passed with the following output:
Change Dir: /home/garaujor/OpenSees-CUDA/build-mp/Release/CMakeFiles/CMakeTmp

Run Build Command(s):/usr/bin/ninja cmTC_8ce0b && [1/2] Building C object CMakeFiles/cmTC_8ce0b.dir/CheckIncludeFile.c.o
[2/2] Linking C executable cmTC_8ce0b



Performing C SOURCE FILE Test CMAKE_HAVE_LIBC_PTHREAD succeeded with the following output:
Change Dir: /home/garaujor/OpenSees-CUDA/build-mp/Release/CMakeFiles/CMakeTmp

Run Build Command(s):/usr/bin/ninja cmTC_9711e && [1/2] Building C object CMakeFiles/cmTC_9711e.dir/src.c.o
[2/2] Linking C executable cmTC_9711e


Source file was:
#include <pthread.h>

static void* test_func(void* data)
{
  return data;
}

int main(void)
{
  pthread_t thread;
  pthread_create(&thread, NULL, test_func, NULL);
  pthread_detach(thread);
  pthread_cancel(thread);
  pthread_join(thread, NULL);
  pthread_atfork(NULL, NULL, NULL);
  pthread_exit(NULL);

  return 0;
}

Determining if the Fortran sgemm exists passed with the following output:
Change Dir: /home/garaujor/OpenSees-CUDA/build-mp/Release/CMakeFiles/CMakeTmp

Run Build Command(s):/usr/bin/ninja cmTC_fcfab && [1/4] Building Fortran preprocessed CMakeFiles/cmTC_fcfab.dir/testFortranCompiler.f-pp.f
[2/4] Generating Fortran dyndep file CMakeFiles/cmTC_fcfab.dir/Fortran.dd
[3/4] Building Fortran object CMakeFiles/cmTC_fcfab.dir/testFortranCompiler.f.o
[4/4] Linking Fortran executable cmTC_fcfab



Determining if the Fortran cheev exists passed with the following output:
Change Dir: /home/garaujor/OpenSees-CUDA/build-mp/Release/CMakeFiles/CMakeTmp

Run Build Command(s):/usr/bin/ninja cmTC_31516 && [1/4] Building Fortran preprocessed CMakeFiles/cmTC_31516.dir/testFortranCompiler.f-pp.f
[2/4] Generating Fortran dyndep file CMakeFiles/cmTC_31516.dir/Fortran.dd
[3/4] Building Fortran object CMakeFiles/cmTC_31516.dir/testFortranCompiler.f.o
[4/4] Linking Fortran executable cmTC_31516



Checking whether the CUDA compiler is NVIDIA using "" matched "nvcc: NVIDIA \(R\) Cuda compiler driver":
nvcc: NVIDIA (R) Cuda compiler driver
Copyright (c) 2005-2025 NVIDIA Corporation
Built on Tue_May_27_02:21:03_PDT_2025
Cuda compilation tools, release 12.9, V12.9.86
Build cuda_12.9.r12.9/compiler.36037853_0
Compiling the CUDA compiler identification source file "CMakeCUDACompilerId.cu" succeeded.
Compiler: /usr/local/cuda/bin/nvcc 
Build flags: 
Id flags: --keep;--keep-dir;tmp -v

The output was:
0
nvcc warning : Support for offline compilation for architectures prior to '<compute/sm/lto>_75' will be removed in a future release (Use -Wno-deprecated-gpu-targets to suppress warning).
#$ _NVVM_BRANCH_=nvvm
#$ _SPACE_= 
#$ _CUDART_=cudart
#$ _HERE_=/usr/local/cuda/bin
#$ _THERE_=/usr/local/cuda/bin
#$ _TARGET_SIZE_=
#$ _TARGET_DIR_=
#$ _TARGET_DIR_=targets/x86_64-linux
#$ TOP=/usr/local/cuda/bin/..
#$ CICC_PATH=/usr/local/cuda/bin/../nvvm/bin
#$ NVVMIR_LIBRARY_DIR=/usr/local/cuda/bin/../nvvm/libdevice
#$ LD_LIBRARY_PATH=/usr/local/cuda/bin/../lib:/opt/intel/oneapi/tcm/1.4/lib:/opt/intel/oneapi/umf/0.11/lib:/opt/intel/oneapi/tbb/2022.2/env/../lib/intel64/gcc4.8:/opt/intel/oneapi/mpi/2021.16/opt/mpi/libfabric/lib:/opt/intel/oneapi/mpi/2021.16/lib:/opt/intel/oneapi/mkl/2025.2/lib:/opt/intel/oneapi/debugger/2025.2/opt/debugger/lib:/opt/intel/oneapi/compiler/2025.2/opt/compiler/lib:/opt/intel/oneapi/compiler/2025.2/lib:/opt/intel/oneapi/mkl/2025.2/lib:/opt/intel/oneapi/mpi/2021.16/lib/release:/opt/intel/oneapi/mpi/2021.16/lib:/usr/lib/x86_64-linux-gnu/libcudss/12:/usr/local/cuda/lib64:/opt/intel/oneapi/mkl/2025.2/lib:/opt/intel/oneapi/mpi/2021.16/lib/release:/opt/intel/oneapi/mpi/2021.16/lib:/usr/lib/x86_64-linux-gnu/libcudss/12:/usr/local/cuda/lib64:/opt/intel/oneapi/mkl/2025.2/lib:/opt/intel/oneapi/mpi/2021.16/lib/release:/opt/intel/oneapi/mpi/2021.16/lib:/usr/lib/x86_64-linux-gnu/libcudss/12:/usr/local/cuda/lib64:/opt/intel/oneapi/mkl/2025.2/lib:/opt/intel/oneapi/mpi/2021.16/lib/release:/opt/intel/oneapi/mpi/2021.16/lib:/usr/lib/x86_64-linux-gnu/libcudss/12:/usr/local/cuda/lib64
#$ PATH=/usr/local/cuda/bin/../nvvm/bin:/usr/local/cuda/bin:/usr/local/cuda/bin:/opt/intel/oneapi/mpi/2021.16/bin:/opt/intel/oneapi/mkl/2025.2/bin:/opt/intel/oneapi/dev-utilities/2025.2/bin:/opt/intel/oneapi/debugger/2025.2/opt/debugger/bin:/opt/intel/oneapi/compiler/2025.2/bin:/home/garaujor/.local/bin:/usr/local/go/bin:/home/garaujor/.cursor-server/bin/31e8d61c448c7472e371505838a0fe34083dad50/node_modules/@vscode/ripgrep/bin:/home/garaujor/.cursor-server/bin/31e8d61c448c7472e371505838a0fe34083dad50/bin/remote-cli:/home/garaujor/.local/bin:/home/garaujor/miniconda3/bin:/home/garaujor/miniconda3/condabin:/usr/local/go/bin:/home/garaujor/.cursor-server/bin/31e8d61c448c7472e371505838a0fe34083dad50/bin/remote-cli:/usr/local/sbin:/usr/local/bin:/usr/sbin:/usr/bin:/sbin:/bin:/usr/games:/usr/local/games:/usr/lib/wsl/lib:/mnt/c/Program Files/Eclipse Adoptium/jdk-17.0.19.10-hotspot/bin:/mnt/c/Program Files/NVIDIA GPU Computing Toolkit/CUDA/v12.9/bin:/mnt/c/Program Files/NVIDIA GPU Computing Toolkit/CUDA/v12.9/libnvvp:/mnt/c/Users/garaujor/AppData/Local/Programs/cursor/resources/app/bin:/mnt/c/Program Files/Microsoft Visual Studio/2022/Community/Common7/IDE/CommonExtensions/Microsoft/CMake/CMake/bin:/mnt/c/Program Files/VanDyke Software/Clients:/mnt/c/Windows/system32:/mnt/c/Windows:/mnt/c/Windows/System32/Wbem:/mnt/c/Windows/System32/WindowsPowerShell/v1.0:/mnt/c/Windows/System32/OpenSSH:/mnt/c/WINDOWS/system32:/mnt/c/WINDOWS:/mnt/c/WINDOWS/System32/Wbem:/mnt/c/WINDOWS/System32/WindowsPowerShell/v1.0:/mnt/c/WINDOWS/System32/OpenSSH:/mnt/c/Program Files (x86)/NVIDIA Corporation/PhysX/Common:/mnt/c/ProgramData/chocolatey/bin:/mnt/c/Program Files/Microsoft SQL Server/150/Tools/Binn:/mnt/c/Program Files/MATLAB/R2024b/bin:/mnt/c/Program Files/dotnet:/mnt/c/Program Files/Microsoft SQL Server/120/Tools/Binn:/mnt/c/Program Files/Common Files/Autodesk Shared:/mnt/c/Program Files/Git/cmd:/mnt/c/Program Files/NVIDIA Corporation/NVIDIA app/NvDLISR:/mnt/c/Program Files/gs/gs10.04.0/bin:/mnt/c/Program Files/NVIDIA GPU Computing Toolkit/CUDA/v12.9/extras/CUPTI/lib64:/mnt/c/WINDOWS/system32:/mnt/c/WINDOWS:/mnt/c/WINDOWS/System32/Wbem:/mnt/c/WINDOWS/System32/WindowsPowerShell/v1.0:/mnt/c/WINDOWS/System32/OpenSSH:/mnt/c/Program Files (x86)/Windows Kits/10/Windows Performance Toolkit:/mnt/c/Program Files/Tcl/bin:/mnt/c/Users/garaujor/source/repos/OpenFresco/WIN64/bin:/mnt/c/Users/garaujor/source/repos/OpenSees/Win64/bin:/mnt/c/Program Files/NVIDIA Corporation/Nsight Compute 2025.2.1:/mnt/c/Program Files/GitHub CLI:/mnt/c/Program Files/PowerShell/7:/mnt/c/Users/garaujor/AppData/Local/Programs/Quarto/bin:/mnt/c/Users/garaujor/AppData/Local/Microsoft/WindowsApps:/mnt/c/Program Files/Microsoft Visual Studio/2022/Community/Common7/IDE/CommonExtensions/Microsoft/CMake/CMake/bin:/mnt/c/texlive/2022/bin/win32:/mnt/c/Users/garaujor/AppData/Local/Pandoc:/mnt/c/Program Files/NVIDIA GPU Computing Toolkit/CUDA/v12.9/bin:/mnt/c/Program Files/Microsoft Visual Studio/2022/Community/VC/Tools/MSVC/14.37.32822/bin/Hostx64/x86:/mnt/c/llvm-mingw-20230320-ucrt-x86_64/bin:/mnt/c/Users/garaujor/AppData/Local/Programs/Microsoft VS Code/bin:/mnt/c/OpenSeesTcl/OpenSees3.7.1/bin:/mnt/c/Users/garaujor/AppData/Local/Programs/oh-my-posh/bin:/mnt/c/Program Files (x86)/Dr. Memory/bin:/mnt/c/OpenFAST:/mnt/c/Program Files (x86)/Intel/oneAPI:/mnt/c/Users/garaujor/AppData/Local/anaconda3:/mnt/c/Program Files/NVIDIA GPU Computing Toolkit/CUDA/v12.9/extras/CUPTI/lib64:/mnt/c/Users/garaujor/source/repos/mumps/build:/mnt/c/Users/garaujor/AppData/Local/Programs/cursor/resources/app/bin:/mnt/c/Program Files/NVIDIA cuDSS/v0.8/bin/12:/snap/bin:/usr/local/cuda/bin:/usr/local/cuda/bin
#$ INCLUDES="-I/usr/local/cuda/bin/../targets/x86_64-linux/include"  
#$ LIBRARIES=  "-L/usr/local/cuda/bin/../targets/x86_64-linux/lib/stubs" "-L/usr/local/cuda/bin/../targets/x86_64-linux/lib"
#$ CUDAFE_FLAGS=
#$ PTXAS_FLAGS=
#$ rm tmp/a_dlink.reg.c
#$ gcc -D__CUDA_ARCH_LIST__=520 -D__NV_LEGACY_LAUNCH -E -x c++ -D__CUDACC__ -D__NVCC__  "-I/usr/local/cuda/bin/../targets/x86_64-linux/include"    -D__CUDACC_VER_MAJOR__=12 -D__CUDACC_VER_MINOR__=9 -D__CUDACC_VER_BUILD__=86 -D__CUDA_API_VER_MAJOR__=12 -D__CUDA_API_VER_MINOR__=9 -D__NVCC_DIAG_PRAGMA_SUPPORT__=1 -D__CUDACC_DEVICE_ATOMIC_BUILTINS__=1 -include "cuda_runtime.h" -m64 "CMakeCUDACompilerId.cu" -o "tmp/CMakeCUDACompilerId.cpp4.ii" 
#$ cudafe++ --c++17 --gnu_version=110400 --display_error_number --orig_src_file_name "CMakeCUDACompilerId.cu" --orig_src_path_name "/home/garaujor/OpenSees-CUDA/build-mp/Release/CMakeFiles/3.22.1/CompilerIdCUDA/CMakeCUDACompilerId.cu" --allow_managed  --m64 --parse_templates --gen_c_file_name "tmp/CMakeCUDACompilerId.cudafe1.cpp" --stub_file_name "CMakeCUDACompilerId.cudafe1.stub.c" --gen_module_id_file --module_id_file_name "tmp/CMakeCUDACompilerId.module_id" "tmp/CMakeCUDACompilerId.cpp4.ii" 
#$ gcc -D__CUDA_ARCH__=520 -D__CUDA_ARCH_LIST__=520 -D__NV_LEGACY_LAUNCH -E -x c++  -DCUDA_DOUBLE_MATH_FUNCTIONS -D__CUDACC__ -D__NVCC__  "-I/usr/local/cuda/bin/../targets/x86_64-linux/include"    -D__CUDACC_VER_MAJOR__=12 -D__CUDACC_VER_MINOR__=9 -D__CUDACC_VER_BUILD__=86 -D__CUDA_API_VER_MAJOR__=12 -D__CUDA_API_VER_MINOR__=9 -D__NVCC_DIAG_PRAGMA_SUPPORT__=1 -D__CUDACC_DEVICE_ATOMIC_BUILTINS__=1 -include "cuda_runtime.h" -m64 "CMakeCUDACompilerId.cu" -o "tmp/CMakeCUDACompilerId.cpp1.ii" 
#$ "$CICC_PATH/cicc" --c++17 --gnu_version=110400 --display_error_number --orig_src_file_name "CMakeCUDACompilerId.cu" --orig_src_path_name "/home/garaujor/OpenSees-CUDA/build-mp/Release/CMakeFiles/3.22.1/CompilerIdCUDA/CMakeCUDACompilerId.cu" --allow_managed   -arch compute_52 -m64 --no-version-ident -ftz=0 -prec_div=1 -prec_sqrt=1 -fmad=1 --include_file_name "CMakeCUDACompilerId.fatbin.c" -tused --module_id_file_name "tmp/CMakeCUDACompilerId.module_id" --gen_c_file_name "tmp/CMakeCUDACompilerId.cudafe1.c" --stub_file_name "tmp/CMakeCUDACompilerId.cudafe1.stub.c" --gen_device_file_name "tmp/CMakeCUDACompilerId.cudafe1.gpu"  "tmp/CMakeCUDACompilerId.cpp1.ii" -o "tmp/CMakeCUDACompilerId.ptx"
#$ ptxas -arch=sm_52 -m64  "tmp/CMakeCUDACompilerId.ptx"  -o "tmp/CMakeCUDACompilerId.sm_52.cubin" 
#$ fatbinary --create="tmp/CMakeCUDACompilerId.fatbin" -64 --cicc-cmdline="-ftz=0 -prec_div=1 -prec_sqrt=1 -fmad=1 " "--image3=kind=elf,sm=52,file=tmp/CMakeCUDACompilerId.sm_52.cubin" "--image3=kind=ptx,sm=52,file=tmp/CMakeCUDACompilerId.ptx" --embedded-fatbin="tmp/CMakeCUDACompilerId.fatbin.c" 
#$ gcc -D__CUDA_ARCH__=520 -D__CUDA_ARCH_LIST__=520 -D__NV_LEGACY_LAUNCH -c -x c++  -DCUDA_DOUBLE_MATH_FUNCTIONS -Wno-psabi "-I/usr/local/cuda/bin/../targets/x86_64-linux/include"   -m64 "tmp/CMakeCUDACompilerId.cudafe1.cpp" -o "tmp/CMakeCUDACompilerId.o" 
#$ nvlink -m64 --arch=sm_52 --register-link-binaries="tmp/a_dlink.reg.c"    "-L/usr/local/cuda/bin/../targets/x86_64-linux/lib/stubs" "-L/usr/local/cuda/bin/../targets/x86_64-linux/lib" -cpu-arch=X86_64 "tmp/CMakeCUDACompilerId.o"  -lcudadevrt  -o "tmp/a_dlink.sm_52.cubin" --host-ccbin "gcc"
#$ fatbinary --create="tmp/a_dlink.fatbin" -64 --cicc-cmdline="-ftz=0 -prec_div=1 -prec_sqrt=1 -fmad=1 " -link "--image3=kind=elf,sm=52,file=tmp/a_dlink.sm_52.cubin" --embedded-fatbin="tmp/a_dlink.fatbin.c" 
#$ gcc -D__CUDA_ARCH_LIST__=520 -D__NV_LEGACY_LAUNCH -c -x c++ -DFATBINFILE="\"tmp/a_dlink.fatbin.c\"" -DREGISTERLINKBINARYFILE="\"tmp/a_dlink.reg.c\""  -I. -D__NV_EXTRA_INITIALIZATION= -D__NV_EXTRA_FINALIZATION= -D__CUDA_INCLUDE_COMPILER_INTERNAL_HEADERS__  -Wno-psabi "-I/usr/local/cuda/bin/../targets/x86_64-linux/include"    -D__CUDACC_VER_MAJOR__=12 -D__CUDACC_VER_MINOR__=9 -D__CUDACC_VER_BUILD__=86 -D__CUDA_API_VER_MAJOR__=12 -D__CUDA_API_VER_MINOR__=9 -D__NVCC_DIAG_PRAGMA_SUPPORT__=1 -D__CUDACC_DEVICE_ATOMIC_BUILTINS__=1 -m64 "/usr/local/cuda/bin/crt/link.stub" -o "tmp/a_dlink.o" 
#$ g++ -D__CUDA_ARCH_LIST__=520 -D__NV_LEGACY_LAUNCH -m64 -Wl,--start-group "tmp/a_dlink.o" "tmp/CMakeCUDACompilerId.o"   "-L/usr/local/cuda/bin/../targets/x86_64-linux/lib/stubs" "-L/usr/local/cuda/bin/../targets/x86_64-linux/lib"  -lcudadevrt  -lcudart_static  -lrt -lpthread  -ldl  -Wl,--end-group -o "a.out" 


Compilation of the CUDA compiler identification source "CMakeCUDACompilerId.cu" produced "a.out"

The CUDA compiler identification is NVIDIA, found in "/home/garaujor/OpenSees-CUDA/build-mp/Release/CMakeFiles/3.22.1/CompilerIdCUDA/a.out"

Parsed CUDA nvcc implicit link information from above output:
  found 'PATH=' string: [/usr/local/cuda/bin/../nvvm/bin:/usr/local/cuda/bin:/usr/local/cuda/bin:/opt/intel/oneapi/mpi/2021.16/bin:/opt/intel/oneapi/mkl/2025.2/bin:/opt/intel/oneapi/dev-utilities/2025.2/bin:/opt/intel/oneapi/debugger/2025.2/opt/debugger/bin:/opt/intel/oneapi/compiler/2025.2/bin:/home/garaujor/.local/bin:/usr/local/go/bin:/home/garaujor/.cursor-server/bin/31e8d61c448c7472e371505838a0fe34083dad50/node_modules/@vscode/ripgrep/bin:/home/garaujor/.cursor-server/bin/31e8d61c448c7472e371505838a0fe34083dad50/bin/remote-cli:/home/garaujor/.local/bin:/home/garaujor/miniconda3/bin:/home/garaujor/miniconda3/condabin:/usr/local/go/bin:/home/garaujor/.cursor-server/bin/31e8d61c448c7472e371505838a0fe34083dad50/bin/remote-cli:/usr/local/sbin:/usr/local/bin:/usr/sbin:/usr/bin:/sbin:/bin:/usr/games:/usr/local/games:/usr/lib/wsl/lib:/mnt/c/Program Files/Eclipse Adoptium/jdk-17.0.19.10-hotspot/bin:/mnt/c/Program Files/NVIDIA GPU Computing Toolkit/CUDA/v12.9/bin:/mnt/c/Program Files/NVIDIA GPU Computing Toolkit/CUDA/v12.9/libnvvp:/mnt/c/Users/garaujor/AppData/Local/Programs/cursor/resources/app/bin:/mnt/c/Program Files/Microsoft Visual Studio/2022/Community/Common7/IDE/CommonExtensions/Microsoft/CMake/CMake/bin:/mnt/c/Program Files/VanDyke Software/Clients:/mnt/c/Windows/system32:/mnt/c/Windows:/mnt/c/Windows/System32/Wbem:/mnt/c/Windows/System32/WindowsPowerShell/v1.0:/mnt/c/Windows/System32/OpenSSH:/mnt/c/WINDOWS/system32:/mnt/c/WINDOWS:/mnt/c/WINDOWS/System32/Wbem:/mnt/c/WINDOWS/System32/WindowsPowerShell/v1.0:/mnt/c/WINDOWS/System32/OpenSSH:/mnt/c/Program Files (x86)/NVIDIA Corporation/PhysX/Common:/mnt/c/ProgramData/chocolatey/bin:/mnt/c/Program Files/Microsoft SQL Server/150/Tools/Binn:/mnt/c/Program Files/MATLAB/R2024b/bin:/mnt/c/Program Files/dotnet:/mnt/c/Program Files/Microsoft SQL Server/120/Tools/Binn:/mnt/c/Program Files/Common Files/Autodesk Shared:/mnt/c/Program Files/Git/cmd:/mnt/c/Program Files/NVIDIA Corporation/NVIDIA app/NvDLISR:/mnt/c/Program Files/gs/gs10.04.0/bin:/mnt/c/Program Files/NVIDIA GPU Computing Toolkit/CUDA/v12.9/extras/CUPTI/lib64:/mnt/c/WINDOWS/system32:/mnt/c/WINDOWS:/mnt/c/WINDOWS/System32/Wbem:/mnt/c/WINDOWS/System32/WindowsPowerShell/v1.0:/mnt/c/WINDOWS/System32/OpenSSH:/mnt/c/Program Files (x86)/Windows Kits/10/Windows Performance Toolkit:/mnt/c/Program Files/Tcl/bin:/mnt/c/Users/garaujor/source/repos/OpenFresco/WIN64/bin:/mnt/c/Users/garaujor/source/repos/OpenSees/Win64/bin:/mnt/c/Program Files/NVIDIA Corporation/Nsight Compute 2025.2.1:/mnt/c/Program Files/GitHub CLI:/mnt/c/Program Files/PowerShell/7:/mnt/c/Users/garaujor/AppData/Local/Programs/Quarto/bin:/mnt/c/Users/garaujor/AppData/Local/Microsoft/WindowsApps:/mnt/c/Program Files/Microsoft Visual Studio/2022/Community/Common7/IDE/CommonExtensions/Microsoft/CMake/CMake/bin:/mnt/c/texlive/2022/bin/win32:/mnt/c/Users/garaujor/AppData/Local/Pandoc:/mnt/c/Program Files/NVIDIA GPU Computing Toolkit/CUDA/v12.9/bin:/mnt/c/Program Files/Microsoft Visual Studio/2022/Community/VC/Tools/MSVC/14.37.32822/bin/Hostx64/x86:/mnt/c/llvm-mingw-20230320-ucrt-x86_64/bin:/mnt/c/Users/garaujor/AppData/Local/Programs/Microsoft VS Code/bin:/mnt/c/OpenSeesTcl/OpenSees3.7.1/bin:/mnt/c/Users/garaujor/AppData/Local/Programs/oh-my-posh/bin:/mnt/c/Program Files (x86)/Dr. Memory/bin:/mnt/c/OpenFAST:/mnt/c/Program Files (x86)/Intel/oneAPI:/mnt/c/Users/garaujor/AppData/Local/anaconda3:/mnt/c/Program Files/NVIDIA GPU Computing Toolkit/CUDA/v12.9/extras/CUPTI/lib64:/mnt/c/Users/garaujor/source/repos/mumps/build:/mnt/c/Users/garaujor/AppData/Local/Programs/cursor/resources/app/bin:/mnt/c/Program Files/NVIDIA cuDSS/v0.8/bin/12:/snap/bin:/usr/local/cuda/bin:/usr/local/cuda/bin]
  found 'LIBRARIES=' string: ["-L/usr/local/cuda/bin/../targets/x86_64-linux/lib/stubs" "-L/usr/local/cuda/bin/../targets/x86_64-linux/lib"]
  considering line: [nvcc warning : Support for offline compilation for architectures prior to '<compute/sm/lto>_75' will be removed in a future release (Use -Wno-deprecated-gpu-targets to suppress warning).]
  considering line: [rm tmp/a_dlink.reg.c]
  considering line: [gcc -D__CUDA_ARCH_LIST__=520 -D__NV_LEGACY_LAUNCH -E -x c++ -D__CUDACC__ -D__NVCC__  "-I/usr/local/cuda/bin/../targets/x86_64-linux/include"    -D__CUDACC_VER_MAJOR__=12 -D__CUDACC_VER_MINOR__=9 -D__CUDACC_VER_BUILD__=86 -D__CUDA_API_VER_MAJOR__=12 -D__CUDA_API_VER_MINOR__=9 -D__NVCC_DIAG_PRAGMA_SUPPORT__=1 -D__CUDACC_DEVICE_ATOMIC_BUILTINS__=1 -include "cuda_runtime.h" -m64 "CMakeCUDACompilerId.cu" -o "tmp/CMakeCUDACompilerId.cpp4.ii" ]
  considering line: [cudafe++ --c++17 --gnu_version=110400 --display_error_number --orig_src_file_name "CMakeCUDACompilerId.cu" --orig_src_path_name "/home/garaujor/OpenSees-CUDA/build-mp/Release/CMakeFiles/3.22.1/CompilerIdCUDA/CMakeCUDACompilerId.cu" --allow_managed  --m64 --parse_templates --gen_c_file_name "tmp/CMakeCUDACompilerId.cudafe1.cpp" --stub_file_name "CMakeCUDACompilerId.cudafe1.stub.c" --gen_module_id_file --module_id_file_name "tmp/CMakeCUDACompilerId.module_id" "tmp/CMakeCUDACompilerId.cpp4.ii" ]
  considering line: [gcc -D__CUDA_ARCH__=520 -D__CUDA_ARCH_LIST__=520 -D__NV_LEGACY_LAUNCH -E -x c++  -DCUDA_DOUBLE_MATH_FUNCTIONS -D__CUDACC__ -D__NVCC__  "-I/usr/local/cuda/bin/../targets/x86_64-linux/include"    -D__CUDACC_VER_MAJOR__=12 -D__CUDACC_VER_MINOR__=9 -D__CUDACC_VER_BUILD__=86 -D__CUDA_API_VER_MAJOR__=12 -D__CUDA_API_VER_MINOR__=9 -D__NVCC_DIAG_PRAGMA_SUPPORT__=1 -D__CUDACC_DEVICE_ATOMIC_BUILTINS__=1 -include "cuda_runtime.h" -m64 "CMakeCUDACompilerId.cu" -o "tmp/CMakeCUDACompilerId.cpp1.ii" ]
  considering line: ["$CICC_PATH/cicc" --c++17 --gnu_version=110400 --display_error_number --orig_src_file_name "CMakeCUDACompilerId.cu" --orig_src_path_name "/home/garaujor/OpenSees-CUDA/build-mp/Release/CMakeFiles/3.22.1/CompilerIdCUDA/CMakeCUDACompilerId.cu" --allow_managed   -arch compute_52 -m64 --no-version-ident -ftz=0 -prec_div=1 -prec_sqrt=1 -fmad=1 --include_file_name "CMakeCUDACompilerId.fatbin.c" -tused --module_id_file_name "tmp/CMakeCUDACompilerId.module_id" --gen_c_file_name "tmp/CMakeCUDACompilerId.cudafe1.c" --stub_file_name "tmp/CMakeCUDACompilerId.cudafe1.stub.c" --gen_device_file_name "tmp/CMakeCUDACompilerId.cudafe1.gpu"  "tmp/CMakeCUDACompilerId.cpp1.ii" -o "tmp/CMakeCUDACompilerId.ptx"]
  considering line: [ptxas -arch=sm_52 -m64  "tmp/CMakeCUDACompilerId.ptx"  -o "tmp/CMakeCUDACompilerId.sm_52.cubin" ]
  considering line: [fatbinary --create="tmp/CMakeCUDACompilerId.fatbin" -64 --cicc-cmdline="-ftz=0 -prec_div=1 -prec_sqrt=1 -fmad=1 " "--image3=kind=elf,sm=52,file=tmp/CMakeCUDACompilerId.sm_52.cubin" "--image3=kind=ptx,sm=52,file=tmp/CMakeCUDACompilerId.ptx" --embedded-fatbin="tmp/CMakeCUDACompilerId.fatbin.c" ]
  considering line: [gcc -D__CUDA_ARCH__=520 -D__CUDA_ARCH_LIST__=520 -D__NV_LEGACY_LAUNCH -c -x c++  -DCUDA_DOUBLE_MATH_FUNCTIONS -Wno-psabi "-I/usr/local/cuda/bin/../targets/x86_64-linux/include"   -m64 "tmp/CMakeCUDACompilerId.cudafe1.cpp" -o "tmp/CMakeCUDACompilerId.o" ]
  considering line: [nvlink -m64 --arch=sm_52 --register-link-binaries="tmp/a_dlink.reg.c"    "-L/usr/local/cuda/bin/../targets/x86_64-linux/lib/stubs" "-L/usr/local/cuda/bin/../targets/x86_64-linux/lib" -cpu-arch=X86_64 "tmp/CMakeCUDACompilerId.o"  -lcudadevrt  -o "tmp/a_dlink.sm_52.cubin" --host-ccbin "gcc"]
    ignoring nvlink line
  considering line: [fatbinary --create="tmp/a_dlink.fatbin" -64 --cicc-cmdline="-ftz=0 -prec_div=1 -prec_sqrt=1 -fmad=1 " -link "--image3=kind=elf,sm=52,file=tmp/a_dlink.sm_52.cubin" --embedded-fatbin="tmp/a_dlink.fatbin.c" ]
  considering line: [gcc -D__CUDA_ARCH_LIST__=520 -D__NV_LEGACY_LAUNCH -c -x c++ -DFATBINFILE="\"tmp/a_dlink.fatbin.c\"" -DREGISTERLINKBINARYFILE="\"tmp/a_dlink.reg.c\""  -I. -D__NV_EXTRA_INITIALIZATION= -D__NV_EXTRA_FINALIZATION= -D__CUDA_INCLUDE_COMPILER_INTERNAL_HEADERS__  -Wno-psabi "-I/usr/local/cuda/bin/../targets/x86_64-linux/include"    -D__CUDACC_VER_MAJOR__=12 -D__CUDACC_VER_MINOR__=9 -D__CUDACC_VER_BUILD__=86 -D__CUDA_API_VER_MAJOR__=12 -D__CUDA_API_VER_MINOR__=9 -D__NVCC_DIAG_PRAGMA_SUPPORT__=1 -D__CUDACC_DEVICE_ATOMIC_BUILTINS__=1 -m64 "/usr/local/cuda/bin/crt/link.stub" -o "tmp/a_dlink.o" ]
  considering line: [g++ -D__CUDA_ARCH_LIST__=520 -D__NV_LEGACY_LAUNCH -m64 -Wl,--start-group "tmp/a_dlink.o" "tmp/CMakeCUDACompilerId.o"   "-L/usr/local/cuda/bin/../targets/x86_64-linux/lib/stubs" "-L/usr/local/cuda/bin/../targets/x86_64-linux/lib"  -lcudadevrt  -lcudart_static  -lrt -lpthread  -ldl  -Wl,--end-group -o "a.out" ]
    extracted link line: [g++ -D__CUDA_ARCH_LIST__=520 -D__NV_LEGACY_LAUNCH -m64 -Wl,--start-group "tmp/a_dlink.o" "tmp/CMakeCUDACompilerId.o"   "-L/usr/local/cuda/bin/../targets/x86_64-linux/lib/stubs" "-L/usr/local/cuda/bin/../targets/x86_64-linux/lib"  -lcudadevrt  -lcudart_static  -lrt -lpthread  -ldl  -Wl,--end-group -o "a.out" ]
  considering line: []
  extracted link launcher name: [g++]
  found link launcher absolute path: [/usr/bin/g++]

  link line regex: [^( *|.*[/\])(ld|CMAKE_LINK_STARTFILE-NOTFOUND|([^/\]+-)?ld|collect2)[^/\]*( |$)]
  link line: [cuda-fake-ld g++ -D__CUDA_ARCH_LIST__=520 -D__NV_LEGACY_LAUNCH -m64 -Wl,--start-group "tmp/a_dlink.o" "tmp/CMakeCUDACompilerId.o"   "-L/usr/local/cuda/bin/../targets/x86_64-linux/lib/stubs" "-L/usr/local/cuda/bin/../targets/x86_64-linux/lib"  -lcudadevrt  -lcudart_static  -lrt -lpthread  -ldl  -Wl,--end-group -o "a.out" ]
    arg [cuda-fake-ld] ==> ignore
    arg [g++] ==> ignore
    arg [-D__CUDA_ARCH_LIST__=520] ==> ignore
    arg [-D__NV_LEGACY_LAUNCH] ==> ignore
    arg [-m64] ==> ignore
    arg [-Wl,--start-group] ==> ignore
    arg [tmp/a_dlink.o] ==> ignore
    arg [tmp/CMakeCUDACompilerId.o] ==> ignore
    arg [-L/usr/local/cuda/bin/../targets/x86_64-linux/lib/stubs] ==> dir [/usr/local/cuda/bin/../targets/x86_64-linux/lib/stubs]
    arg [-L/usr/local/cuda/bin/../targets/x86_64-linux/lib] ==> dir [/usr/local/cuda/bin/../targets/x86_64-linux/lib]
    arg [-lcudadevrt] ==> lib [cudadevrt]
    arg [-lcudart_static] ==> lib [cudart_static]
    arg [-lrt] ==> lib [rt]
    arg [-lpthread] ==> lib [pthread]
    arg [-ldl] ==> lib [dl]
    arg [-Wl,--end-group] ==> ignore
    arg [-o] ==> ignore
    arg [a.out] ==> ignore
  collapse library dir [/usr/local/cuda/bin/../targets/x86_64-linux/lib/stubs] ==> [/usr/local/cuda/targets/x86_64-linux/lib/stubs]
  collapse library dir [/usr/local/cuda/bin/../targets/x86_64-linux/lib] ==> [/usr/local/cuda/targets/x86_64-linux/lib]
  implicit libs: [cudadevrt;cudart_static;rt;pthread;dl]
  implicit objs: []
  implicit dirs: [/usr/local/cuda/targets/x86_64-linux/lib/stubs;/usr/local/cuda/targets/x86_64-linux/lib]
  implicit fwks: []


Parsed CUDA nvcc include information from above output:
  found 'PATH=' string: [/usr/local/cuda/bin/../nvvm/bin:/usr/local/cuda/bin:/usr/local/cuda/bin:/opt/intel/oneapi/mpi/2021.16/bin:/opt/intel/oneapi/mkl/2025.2/bin:/opt/intel/oneapi/dev-utilities/2025.2/bin:/opt/intel/oneapi/debugger/2025.2/opt/debugger/bin:/opt/intel/oneapi/compiler/2025.2/bin:/home/garaujor/.local/bin:/usr/local/go/bin:/home/garaujor/.cursor-server/bin/31e8d61c448c7472e371505838a0fe34083dad50/node_modules/@vscode/ripgrep/bin:/home/garaujor/.cursor-server/bin/31e8d61c448c7472e371505838a0fe34083dad50/bin/remote-cli:/home/garaujor/.local/bin:/home/garaujor/miniconda3/bin:/home/garaujor/miniconda3/condabin:/usr/local/go/bin:/home/garaujor/.cursor-server/bin/31e8d61c448c7472e371505838a0fe34083dad50/bin/remote-cli:/usr/local/sbin:/usr/local/bin:/usr/sbin:/usr/bin:/sbin:/bin:/usr/games:/usr/local/games:/usr/lib/wsl/lib:/mnt/c/Program Files/Eclipse Adoptium/jdk-17.0.19.10-hotspot/bin:/mnt/c/Program Files/NVIDIA GPU Computing Toolkit/CUDA/v12.9/bin:/mnt/c/Program Files/NVIDIA GPU Computing Toolkit/CUDA/v12.9/libnvvp:/mnt/c/Users/garaujor/AppData/Local/Programs/cursor/resources/app/bin:/mnt/c/Program Files/Microsoft Visual Studio/2022/Community/Common7/IDE/CommonExtensions/Microsoft/CMake/CMake/bin:/mnt/c/Program Files/VanDyke Software/Clients:/mnt/c/Windows/system32:/mnt/c/Windows:/mnt/c/Windows/System32/Wbem:/mnt/c/Windows/System32/WindowsPowerShell/v1.0:/mnt/c/Windows/System32/OpenSSH:/mnt/c/WINDOWS/system32:/mnt/c/WINDOWS:/mnt/c/WINDOWS/System32/Wbem:/mnt/c/WINDOWS/System32/WindowsPowerShell/v1.0:/mnt/c/WINDOWS/System32/OpenSSH:/mnt/c/Program Files (x86)/NVIDIA Corporation/PhysX/Common:/mnt/c/ProgramData/chocolatey/bin:/mnt/c/Program Files/Microsoft SQL Server/150/Tools/Binn:/mnt/c/Program Files/MATLAB/R2024b/bin:/mnt/c/Program Files/dotnet:/mnt/c/Program Files/Microsoft SQL Server/120/Tools/Binn:/mnt/c/Program Files/Common Files/Autodesk Shared:/mnt/c/Program Files/Git/cmd:/mnt/c/Program Files/NVIDIA Corporation/NVIDIA app/NvDLISR:/mnt/c/Program Files/gs/gs10.04.0/bin:/mnt/c/Program Files/NVIDIA GPU Computing Toolkit/CUDA/v12.9/extras/CUPTI/lib64:/mnt/c/WINDOWS/system32:/mnt/c/WINDOWS:/mnt/c/WINDOWS/System32/Wbem:/mnt/c/WINDOWS/System32/WindowsPowerShell/v1.0:/mnt/c/WINDOWS/System32/OpenSSH:/mnt/c/Program Files (x86)/Windows Kits/10/Windows Performance Toolkit:/mnt/c/Program Files/Tcl/bin:/mnt/c/Users/garaujor/source/repos/OpenFresco/WIN64/bin:/mnt/c/Users/garaujor/source/repos/OpenSees/Win64/bin:/mnt/c/Program Files/NVIDIA Corporation/Nsight Compute 2025.2.1:/mnt/c/Program Files/GitHub CLI:/mnt/c/Program Files/PowerShell/7:/mnt/c/Users/garaujor/AppData/Local/Programs/Quarto/bin:/mnt/c/Users/garaujor/AppData/Local/Microsoft/WindowsApps:/mnt/c/Program Files/Microsoft Visual Studio/2022/Community/Common7/IDE/CommonExtensions/Microsoft/CMake/CMake/bin:/mnt/c/texlive/2022/bin/win32:/mnt/c/Users/garaujor/AppData/Local/Pandoc:/mnt/c/Program Files/NVIDIA GPU Computing Toolkit/CUDA/v12.9/bin:/mnt/c/Program Files/Microsoft Visual Studio/2022/Community/VC/Tools/MSVC/14.37.32822/bin/Hostx64/x86:/mnt/c/llvm-mingw-20230320-ucrt-x86_64/bin:/mnt/c/Users/garaujor/AppData/Local/Programs/Microsoft VS Code/bin:/mnt/c/OpenSeesTcl/OpenSees3.7.1/bin:/mnt/c/Users/garaujor/AppData/Local/Programs/oh-my-posh/bin:/mnt/c/Program Files (x86)/Dr. Memory/bin:/mnt/c/OpenFAST:/mnt/c/Program Files (x86)/Intel/oneAPI:/mnt/c/Users/garaujor/AppData/Local/anaconda3:/mnt/c/Program Files/NVIDIA GPU Computing Toolkit/CUDA/v12.9/extras/CUPTI/lib64:/mnt/c/Users/garaujor/source/repos/mumps/build:/mnt/c/Users/garaujor/AppData/Local/Programs/cursor/resources/app/bin:/mnt/c/Program Files/NVIDIA cuDSS/v0.8/bin/12:/snap/bin:/usr/local/cuda/bin:/usr/local/cuda/bin]
  found 'LIBRARIES=' string: ["-L/usr/local/cuda/bin/../targets/x86_64-linux/lib/stubs" "-L/usr/local/cuda/bin/../targets/x86_64-linux/lib"]
  considering line: [nvcc warning : Support for offline compilation for architectures prior to '<compute/sm/lto>_75' will be removed in a future release (Use -Wno-deprecated-gpu-targets to suppress warning).]
  considering line: [rm tmp/a_dlink.reg.c]
  considering line: [gcc -D__CUDA_ARCH_LIST__=520 -D__NV_LEGACY_LAUNCH -E -x c++ -D__CUDACC__ -D__NVCC__  "-I/usr/local/cuda/bin/../targets/x86_64-linux/include"    -D__CUDACC_VER_MAJOR__=12 -D__CUDACC_VER_MINOR__=9 -D__CUDACC_VER_BUILD__=86 -D__CUDA_API_VER_MAJOR__=12 -D__CUDA_API_VER_MINOR__=9 -D__NVCC_DIAG_PRAGMA_SUPPORT__=1 -D__CUDACC_DEVICE_ATOMIC_BUILTINS__=1 -include "cuda_runtime.h" -m64 "CMakeCUDACompilerId.cu" -o "tmp/CMakeCUDACompilerId.cpp4.ii" ]
  considering line: [cudafe++ --c++17 --gnu_version=110400 --display_error_number --orig_src_file_name "CMakeCUDACompilerId.cu" --orig_src_path_name "/home/garaujor/OpenSees-CUDA/build-mp/Release/CMakeFiles/3.22.1/CompilerIdCUDA/CMakeCUDACompilerId.cu" --allow_managed  --m64 --parse_templates --gen_c_file_name "tmp/CMakeCUDACompilerId.cudafe1.cpp" --stub_file_name "CMakeCUDACompilerId.cudafe1.stub.c" --gen_module_id_file --module_id_file_name "tmp/CMakeCUDACompilerId.module_id" "tmp/CMakeCUDACompilerId.cpp4.ii" ]
  considering line: [gcc -D__CUDA_ARCH__=520 -D__CUDA_ARCH_LIST__=520 -D__NV_LEGACY_LAUNCH -E -x c++  -DCUDA_DOUBLE_MATH_FUNCTIONS -D__CUDACC__ -D__NVCC__  "-I/usr/local/cuda/bin/../targets/x86_64-linux/include"    -D__CUDACC_VER_MAJOR__=12 -D__CUDACC_VER_MINOR__=9 -D__CUDACC_VER_BUILD__=86 -D__CUDA_API_VER_MAJOR__=12 -D__CUDA_API_VER_MINOR__=9 -D__NVCC_DIAG_PRAGMA_SUPPORT__=1 -D__CUDACC_DEVICE_ATOMIC_BUILTINS__=1 -include "cuda_runtime.h" -m64 "CMakeCUDACompilerId.cu" -o "tmp/CMakeCUDACompilerId.cpp1.ii" ]
  considering line: ["$CICC_PATH/cicc" --c++17 --gnu_version=110400 --display_error_number --orig_src_file_name "CMakeCUDACompilerId.cu" --orig_src_path_name "/home/garaujor/OpenSees-CUDA/build-mp/Release/CMakeFiles/3.22.1/CompilerIdCUDA/CMakeCUDACompilerId.cu" --allow_managed   -arch compute_52 -m64 --no-version-ident -ftz=0 -prec_div=1 -prec_sqrt=1 -fmad=1 --include_file_name "CMakeCUDACompilerId.fatbin.c" -tused --module_id_file_name "tmp/CMakeCUDACompilerId.module_id" --gen_c_file_name "tmp/CMakeCUDACompilerId.cudafe1.c" --stub_file_name "tmp/CMakeCUDACompilerId.cudafe1.stub.c" --gen_device_file_name "tmp/CMakeCUDACompilerId.cudafe1.gpu"  "tmp/CMakeCUDACompilerId.cpp1.ii" -o "tmp/CMakeCUDACompilerId.ptx"]
  considering line: [ptxas -arch=sm_52 -m64  "tmp/CMakeCUDACompilerId.ptx"  -o "tmp/CMakeCUDACompilerId.sm_52.cubin" ]
  considering line: [fatbinary --create="tmp/CMakeCUDACompilerId.fatbin" -64 --cicc-cmdline="-ftz=0 -prec_div=1 -prec_sqrt=1 -fmad=1 " "--image3=kind=elf,sm=52,file=tmp/CMakeCUDACompilerId.sm_52.cubin" "--image3=kind=ptx,sm=52,file=tmp/CMakeCUDACompilerId.ptx" --embedded-fatbin="tmp/CMakeCUDACompilerId.fatbin.c" ]
  considering line: [gcc -D__CUDA_ARCH__=520 -D__CUDA_ARCH_LIST__=520 -D__NV_LEGACY_LAUNCH -c -x c++  -DCUDA_DOUBLE_MATH_FUNCTIONS -Wno-psabi "-I/usr/local/cuda/bin/../targets/x86_64-linux/include"   -m64 "tmp/CMakeCUDACompilerId.cudafe1.cpp" -o "tmp/CMakeCUDACompilerId.o" ]
  considering line: [nvlink -m64 --arch=sm_52 --register-link-binaries="tmp/a_dlink.reg.c"    "-L/usr/local/cuda/bin/../targets/x86_64-linux/lib/stubs" "-L/usr/local/cuda/bin/../targets/x86_64-linux/lib" -cpu-arch=X86_64 "tmp/CMakeCUDACompilerId.o"  -lcudadevrt  -o "tmp/a_dlink.sm_52.cubin" --host-ccbin "gcc"]
    ignoring nvlink line
  considering line: [fatbinary --create="tmp/a_dlink.fatbin" -64 --cicc-cmdline="-ftz=0 -prec_div=1 -prec_sqrt=1 -fmad=1 " -link "--image3=kind=elf,sm=52,file=tmp/a_dlink.sm_52.cubin" --embedded-fatbin="tmp/a_dlink.fatbin.c" ]
  considering line: [gcc -D__CUDA_ARCH_LIST__=520 -D__NV_LEGACY_LAUNCH -c -x c++ -DFATBINFILE="\"tmp/a_dlink.fatbin.c\"" -DREGISTERLINKBINARYFILE="\"tmp/a_dlink.reg.c\""  -I. -D__NV_EXTRA_INITIALIZATION= -D__NV_EXTRA_FINALIZATION= -D__CUDA_INCLUDE_COMPILER_INTERNAL_HEADERS__  -Wno-psabi "-I/usr/local/cuda/bin/../targets/x86_64-linux/include"    -D__CUDACC_VER_MAJOR__=12 -D__CUDACC_VER_MINOR__=9 -D__CUDACC_VER_BUILD__=86 -D__CUDA_API_VER_MAJOR__=12 -D__CUDA_API_VER_MINOR__=9 -D__NVCC_DIAG_PRAGMA_SUPPORT__=1 -D__CUDACC_DEVICE_ATOMIC_BUILTINS__=1 -m64 "/usr/local/cuda/bin/crt/link.stub" -o "tmp/a_dlink.o" ]
  considering line: [g++ -D__CUDA_ARCH_LIST__=520 -D__NV_LEGACY_LAUNCH -m64 -Wl,--start-group "tmp/a_dlink.o" "tmp/CMakeCUDACompilerId.o"   "-L/usr/local/cuda/bin/../targets/x86_64-linux/lib/stubs" "-L/usr/local/cuda/bin/../targets/x86_64-linux/lib"  -lcudadevrt  -lcudart_static  -lrt -lpthread  -ldl  -Wl,--end-group -o "a.out" ]
    extracted link line: [g++ -D__CUDA_ARCH_LIST__=520 -D__NV_LEGACY_LAUNCH -m64 -Wl,--start-group "tmp/a_dlink.o" "tmp/CMakeCUDACompilerId.o"   "-L/usr/local/cuda/bin/../targets/x86_64-linux/lib/stubs" "-L/usr/local/cuda/bin/../targets/x86_64-linux/lib"  -lcudadevrt  -lcudart_static  -lrt -lpthread  -ldl  -Wl,--end-group -o "a.out" ]
  considering line: []
  extracted link launcher name: [g++]
  found link launcher absolute path: [/usr/bin/g++]
  found 'INCLUDES=' string: ["-I/usr/local/cuda/bin/../targets/x86_64-linux/include"  ]

  link line regex: [^( *|.*[/\])(ld|CMAKE_LINK_STARTFILE-NOTFOUND|([^/\]+-)?ld|collect2)[^/\]*( |$)]
  link line: [cuda-fake-ld g++ -D__CUDA_ARCH_LIST__=520 -D__NV_LEGACY_LAUNCH -m64 -Wl,--start-group "tmp/a_dlink.o" "tmp/CMakeCUDACompilerId.o"   "-L/usr/local/cuda/bin/../targets/x86_64-linux/lib/stubs" "-L/usr/local/cuda/bin/../targets/x86_64-linux/lib"  -lcudadevrt  -lcudart_static  -lrt -lpthread  -ldl  -Wl,--end-group -o "a.out" ]
    arg [cuda-fake-ld] ==> ignore
    arg [g++] ==> ignore
    arg [-D__CUDA_ARCH_LIST__=520] ==> ignore
    arg [-D__NV_LEGACY_LAUNCH] ==> ignore
    arg [-m64] ==> ignore
    arg [-Wl,--start-group] ==> ignore
    arg [tmp/a_dlink.o] ==> ignore
    arg [tmp/CMakeCUDACompilerId.o] ==> ignore
    arg [-L/usr/local/cuda/bin/../targets/x86_64-linux/lib/stubs] ==> dir [/usr/local/cuda/bin/../targets/x86_64-linux/lib/stubs]
    arg [-L/usr/local/cuda/bin/../targets/x86_64-linux/lib] ==> dir [/usr/local/cuda/bin/../targets/x86_64-linux/lib]
    arg [-lcudadevrt] ==> lib [cudadevrt]
    arg [-lcudart_static] ==> lib [cudart_static]
    arg [-lrt] ==> lib [rt]
    arg [-lpthread] ==> lib [pthread]
    arg [-ldl] ==> lib [dl]
    arg [-Wl,--end-group] ==> ignore
    arg [-o] ==> ignore
    arg [a.out] ==> ignore
  collapse library dir [/usr/local/cuda/bin/../targets/x86_64-linux/lib/stubs] ==> [/usr/local/cuda/targets/x86_64-linux/lib/stubs]
  collapse library dir [/usr/local/cuda/bin/../targets/x86_64-linux/lib] ==> [/usr/local/cuda/targets/x86_64-linux/lib]
  implicit libs: [cudadevrt;cudart_static;rt;pthread;dl]
  implicit objs: []
  implicit dirs: [/usr/local/cuda/targets/x86_64-linux/lib/stubs;/usr/local/cuda/targets/x86_64-linux/lib]
  implicit fwks: []


Detecting CUDA compiler ABI info compiled with the following output:
Change Dir: /home/garaujor/OpenSees-CUDA/build-mp/Release/CMakeFiles/CMakeTmp

Run Build Command(s):/usr/bin/ninja cmTC_4e5fa && [1/2] Building CUDA object CMakeFiles/cmTC_4e5fa.dir/CMakeCUDACompilerABI.cu.o
nvcc warning : Support for offline compilation for architectures prior to '<compute/sm/lto>_75' will be removed in a future release (Use -Wno-deprecated-gpu-targets to suppress warning).
Using built-in specs.
COLLECT_GCC=gcc
OFFLOAD_TARGET_NAMES=nvptx-none:amdgcn-amdhsa
OFFLOAD_TARGET_DEFAULT=1
Target: x86_64-linux-gnu
Configured with: ../src/configure -v --with-pkgversion='Ubuntu 11.4.0-1ubuntu1~22.04.3' --with-bugurl=file:///usr/share/doc/gcc-11/README.Bugs --enable-languages=c,ada,c++,go,brig,d,fortran,objc,obj-c++,m2 --prefix=/usr --with-gcc-major-version-only --program-suffix=-11 --program-prefix=x86_64-linux-gnu- --enable-shared --enable-linker-build-id --libexecdir=/usr/lib --without-included-gettext --enable-threads=posix --libdir=/usr/lib --enable-nls --enable-bootstrap --enable-clocale=gnu --enable-libstdcxx-debug --enable-libstdcxx-time=yes --with-default-libstdcxx-abi=new --enable-gnu-unique-object --disable-vtable-verify --enable-plugin --enable-default-pie --with-system-zlib --enable-libphobos-checking=release --with-target-system-zlib=auto --enable-objc-gc=auto --enable-multiarch --disable-werror --enable-cet --with-arch-32=i686 --with-abi=m64 --with-multilib-list=m32,m64,mx32 --enable-multilib --with-tune=generic --enable-offload-targets=nvptx-none=/build/gcc-11-0odw26/gcc-11-11.4.0/debian/tmp-nvptx/usr,amdgcn-amdhsa=/build/gcc-11-0odw26/gcc-11-11.4.0/debian/tmp-gcn/usr --without-cuda-driver --enable-checking=release --build=x86_64-linux-gnu --host=x86_64-linux-gnu --target=x86_64-linux-gnu --with-build-config=bootstrap-lto-lean --enable-link-serialization=2
Thread model: posix
Supported LTO compression algorithms: zlib zstd
gcc version 11.4.0 (Ubuntu 11.4.0-1ubuntu1~22.04.3) 
COLLECT_GCC_OPTIONS='-std=c++17' '-D' '__CUDA_ARCH__=520' '-D' '__CUDA_ARCH_LIST__=520' '-D' '__NV_LEGACY_LAUNCH' '-E' '-D' 'CUDA_DOUBLE_MATH_FUNCTIONS' '-D' '__CUDACC__' '-D' '__NVCC__' '-fPIE' '-v' '-I' '/usr/local/cuda/bin/../targets/x86_64-linux/include' '-D' '__CUDACC_VER_MAJOR__=12' '-D' '__CUDACC_VER_MINOR__=9' '-D' '__CUDACC_VER_BUILD__=86' '-D' '__CUDA_API_VER_MAJOR__=12' '-D' '__CUDA_API_VER_MINOR__=9' '-D' '__NVCC_DIAG_PRAGMA_SUPPORT__=1' '-D' '__CUDACC_DEVICE_ATOMIC_BUILTINS__=1' '-include' 'cuda_runtime.h' '-m64' '-o' '/tmp/tmpxft_0004fb59_00000000-7_CMakeCUDACompilerABI.cpp1.ii' '-mtune=generic' '-march=x86-64' '-dumpdir' '/tmp/'
 /usr/lib/gcc/x86_64-linux-gnu/11/cc1plus -E -quiet -v -I /usr/local/cuda/bin/../targets/x86_64-linux/include -imultiarch x86_64-linux-gnu -D_GNU_SOURCE -D __CUDA_ARCH__=520 -D __CUDA_ARCH_LIST__=520 -D __NV_LEGACY_LAUNCH -D CUDA_DOUBLE_MATH_FUNCTIONS -D __CUDACC__ -D __NVCC__ -D __CUDACC_VER_MAJOR__=12 -D __CUDACC_VER_MINOR__=9 -D __CUDACC_VER_BUILD__=86 -D __CUDA_API_VER_MAJOR__=12 -D __CUDA_API_VER_MINOR__=9 -D __NVCC_DIAG_PRAGMA_SUPPORT__=1 -D __CUDACC_DEVICE_ATOMIC_BUILTINS__=1 -include cuda_runtime.h /usr/share/cmake-3.22/Modules/CMakeCUDACompilerABI.cu -o /tmp/tmpxft_0004fb59_00000000-7_CMakeCUDACompilerABI.cpp1.ii -m64 -mtune=generic -march=x86-64 -std=c++17 -fPIE -fasynchronous-unwind-tables -fstack-protector-strong -Wformat -Wformat-security -fstack-clash-protection -fcf-protection -dumpdir /tmp/ -dumpbase tmpxft_0004fb59_00000000-7_CMakeCUDACompilerABI.cpp1.cu -dumpbase-ext .cu
ignoring duplicate directory "/usr/include/x86_64-linux-gnu/c++/11"
ignoring nonexistent directory "/usr/local/include/x86_64-linux-gnu"
ignoring nonexistent directory "/usr/lib/gcc/x86_64-linux-gnu/11/include-fixed"
ignoring nonexistent directory "/usr/lib/gcc/x86_64-linux-gnu/11/../../../../x86_64-linux-gnu/include"
ignoring duplicate directory "/opt/intel/oneapi/umf/0.11/include"
  as it is a non-system directory that duplicates a system directory
ignoring duplicate directory "/opt/intel/oneapi/mkl/2025.2/include"
  as it is a non-system directory that duplicates a system directory
#include "..." search starts here:
#include <...> search starts here:
 /usr/local/cuda/bin/../targets/x86_64-linux/include
 /opt/intel/oneapi/dev-utilities/2025.2/include
 /opt/intel/oneapi/umf/0.11/include
 /opt/intel/oneapi/tbb/2022.2/env/../include
 /opt/intel/oneapi/mpi/2021.16/include
 /opt/intel/oneapi/mkl/2025.2/include
 /opt/intel/oneapi/dpl/2022.9/include
 /usr/include/c++/11
 /usr/include/x86_64-linux-gnu/c++/11
 /usr/include/c++/11/backward
 /usr/lib/gcc/x86_64-linux-gnu/11/include
 /usr/local/include
 /usr/include/x86_64-linux-gnu
 /usr/include
End of search list.
COMPILER_PATH=/usr/lib/gcc/x86_64-linux-gnu/11/:/usr/lib/gcc/x86_64-linux-gnu/11/:/usr/lib/gcc/x86_64-linux-gnu/:/usr/lib/gcc/x86_64-linux-gnu/11/:/usr/lib/gcc/x86_64-linux-gnu/
LIBRARY_PATH=/opt/intel/oneapi/tcm/1.4/lib/../lib/:/opt/intel/oneapi/umf/0.11/lib/../lib/:/opt/intel/oneapi/tbb/2022.2/env/../lib/intel64/gcc4.8/../lib/:/opt/intel/oneapi/mpi/2021.16/lib/../lib/:/opt/intel/oneapi/mkl/2025.2/lib/../lib/:/opt/intel/oneapi/compiler/2025.2/lib/../lib/:/usr/lib/gcc/x86_64-linux-gnu/11/:/usr/lib/gcc/x86_64-linux-gnu/11/../../../x86_64-linux-gnu/:/usr/lib/gcc/x86_64-linux-gnu/11/../../../../lib/:/lib/x86_64-linux-gnu/:/lib/../lib/:/usr/lib/x86_64-linux-gnu/:/usr/lib/../lib/:/opt/intel/oneapi/tcm/1.4/lib/:/opt/intel/oneapi/umf/0.11/lib/:/opt/intel/oneapi/tbb/2022.2/env/../lib/intel64/gcc4.8/:/opt/intel/oneapi/mpi/2021.16/lib/:/opt/intel/oneapi/mkl/2025.2/lib/:/opt/intel/oneapi/compiler/2025.2/lib/:/usr/lib/gcc/x86_64-linux-gnu/11/../../../:/lib/:/usr/lib/
COLLECT_GCC_OPTIONS='-std=c++17' '-D' '__CUDA_ARCH__=520' '-D' '__CUDA_ARCH_LIST__=520' '-D' '__NV_LEGACY_LAUNCH' '-E' '-D' 'CUDA_DOUBLE_MATH_FUNCTIONS' '-D' '__CUDACC__' '-D' '__NVCC__' '-fPIE' '-v' '-I' '/usr/local/cuda/bin/../targets/x86_64-linux/include' '-D' '__CUDACC_VER_MAJOR__=12' '-D' '__CUDACC_VER_MINOR__=9' '-D' '__CUDACC_VER_BUILD__=86' '-D' '__CUDA_API_VER_MAJOR__=12' '-D' '__CUDA_API_VER_MINOR__=9' '-D' '__NVCC_DIAG_PRAGMA_SUPPORT__=1' '-D' '__CUDACC_DEVICE_ATOMIC_BUILTINS__=1' '-include' 'cuda_runtime.h' '-m64' '-o' '/tmp/tmpxft_0004fb59_00000000-7_CMakeCUDACompilerABI.cpp1.ii' '-mtune=generic' '-march=x86-64' '-dumpdir' '/tmp/tmpxft_0004fb59_00000000-7_CMakeCUDACompilerABI.cpp1.'
Using built-in specs.
COLLECT_GCC=gcc
OFFLOAD_TARGET_NAMES=nvptx-none:amdgcn-amdhsa
OFFLOAD_TARGET_DEFAULT=1
Target: x86_64-linux-gnu
Configured with: ../src/configure -v --with-pkgversion='Ubuntu 11.4.0-1ubuntu1~22.04.3' --with-bugurl=file:///usr/share/doc/gcc-11/README.Bugs --enable-languages=c,ada,c++,go,brig,d,fortran,objc,obj-c++,m2 --prefix=/usr --with-gcc-major-version-only --program-suffix=-11 --program-prefix=x86_64-linux-gnu- --enable-shared --enable-linker-build-id --libexecdir=/usr/lib --without-included-gettext --enable-threads=posix --libdir=/usr/lib --enable-nls --enable-bootstrap --enable-clocale=gnu --enable-libstdcxx-debug --enable-libstdcxx-time=yes --with-default-libstdcxx-abi=new --enable-gnu-unique-object --disable-vtable-verify --enable-plugin --enable-default-pie --with-system-zlib --enable-libphobos-checking=release --with-target-system-zlib=auto --enable-objc-gc=auto --enable-multiarch --disable-werror --enable-cet --with-arch-32=i686 --with-abi=m64 --with-multilib-list=m32,m64,mx32 --enable-multilib --with-tune=generic --enable-offload-targets=nvptx-none=/build/gcc-11-0odw26/gcc-11-11.4.0/debian/tmp-nvptx/usr,amdgcn-amdhsa=/build/gcc-11-0odw26/gcc-11-11.4.0/debian/tmp-gcn/usr --without-cuda-driver --enable-checking=release --build=x86_64-linux-gnu --host=x86_64-linux-gnu --target=x86_64-linux-gnu --with-build-config=bootstrap-lto-lean --enable-link-serialization=2
Thread model: posix
Supported LTO compression algorithms: zlib zstd
gcc version 11.4.0 (Ubuntu 11.4.0-1ubuntu1~22.04.3) 
COLLECT_GCC_OPTIONS='-std=c++17' '-D' '__CUDA_ARCH_LIST__=520' '-D' '__NV_LEGACY_LAUNCH' '-E' '-D' '__CUDACC__' '-D' '__NVCC__' '-fPIE' '-v' '-I' '/usr/local/cuda/bin/../targets/x86_64-linux/include' '-D' '__CUDACC_VER_MAJOR__=12' '-D' '__CUDACC_VER_MINOR__=9' '-D' '__CUDACC_VER_BUILD__=86' '-D' '__CUDA_API_VER_MAJOR__=12' '-D' '__CUDA_API_VER_MINOR__=9' '-D' '__NVCC_DIAG_PRAGMA_SUPPORT__=1' '-D' '__CUDACC_DEVICE_ATOMIC_BUILTINS__=1' '-include' 'cuda_runtime.h' '-m64' '-o' '/tmp/tmpxft_0004fb59_00000000-5_CMakeCUDACompilerABI.cpp4.ii' '-mtune=generic' '-march=x86-64' '-dumpdir' '/tmp/'
 /usr/lib/gcc/x86_64-linux-gnu/11/cc1plus -E -quiet -v -I /usr/local/cuda/bin/../targets/x86_64-linux/include -imultiarch x86_64-linux-gnu -D_GNU_SOURCE -D __CUDA_ARCH_LIST__=520 -D __NV_LEGACY_LAUNCH -D __CUDACC__ -D __NVCC__ -D __CUDACC_VER_MAJOR__=12 -D __CUDACC_VER_MINOR__=9 -D __CUDACC_VER_BUILD__=86 -D __CUDA_API_VER_MAJOR__=12 -D __CUDA_API_VER_MINOR__=9 -D __NVCC_DIAG_PRAGMA_SUPPORT__=1 -D __CUDACC_DEVICE_ATOMIC_BUILTINS__=1 -include cuda_runtime.h /usr/share/cmake-3.22/Modules/CMakeCUDACompilerABI.cu -o /tmp/tmpxft_0004fb59_00000000-5_CMakeCUDACompilerABI.cpp4.ii -m64 -mtune=generic -march=x86-64 -std=c++17 -fPIE -fasynchronous-unwind-tables -fstack-protector-strong -Wformat -Wformat-security -fstack-clash-protection -fcf-protection -dumpdir /tmp/ -dumpbase tmpxft_0004fb59_00000000-5_CMakeCUDACompilerABI.cpp4.cu -dumpbase-ext .cu
ignoring duplicate directory "/usr/include/x86_64-linux-gnu/c++/11"
ignoring nonexistent directory "/usr/local/include/x86_64-linux-gnu"
ignoring nonexistent directory "/usr/lib/gcc/x86_64-linux-gnu/11/include-fixed"
ignoring nonexistent directory "/usr/lib/gcc/x86_64-linux-gnu/11/../../../../x86_64-linux-gnu/include"
ignoring duplicate directory "/opt/intel/oneapi/umf/0.11/include"
  as it is a non-system directory that duplicates a system directory
ignoring duplicate directory "/opt/intel/oneapi/mkl/2025.2/include"
  as it is a non-system directory that duplicates a system directory
#include "..." search starts here:
#include <...> search starts here:
 /usr/local/cuda/bin/../targets/x86_64-linux/include
 /opt/intel/oneapi/dev-utilities/2025.2/include
 /opt/intel/oneapi/umf/0.11/include
 /opt/intel/oneapi/tbb/2022.2/env/../include
 /opt/intel/oneapi/mpi/2021.16/include
 /opt/intel/oneapi/mkl/2025.2/include
 /opt/intel/oneapi/dpl/2022.9/include
 /usr/include/c++/11
 /usr/include/x86_64-linux-gnu/c++/11
 /usr/include/c++/11/backward
 /usr/lib/gcc/x86_64-linux-gnu/11/include
 /usr/local/include
 /usr/include/x86_64-linux-gnu
 /usr/include
End of search list.
COMPILER_PATH=/usr/lib/gcc/x86_64-linux-gnu/11/:/usr/lib/gcc/x86_64-linux-gnu/11/:/usr/lib/gcc/x86_64-linux-gnu/:/usr/lib/gcc/x86_64-linux-gnu/11/:/usr/lib/gcc/x86_64-linux-gnu/
LIBRARY_PATH=/opt/intel/oneapi/tcm/1.4/lib/../lib/:/opt/intel/oneapi/umf/0.11/lib/../lib/:/opt/intel/oneapi/tbb/2022.2/env/../lib/intel64/gcc4.8/../lib/:/opt/intel/oneapi/mpi/2021.16/lib/../lib/:/opt/intel/oneapi/mkl/2025.2/lib/../lib/:/opt/intel/oneapi/compiler/2025.2/lib/../lib/:/usr/lib/gcc/x86_64-linux-gnu/11/:/usr/lib/gcc/x86_64-linux-gnu/11/../../../x86_64-linux-gnu/:/usr/lib/gcc/x86_64-linux-gnu/11/../../../../lib/:/lib/x86_64-linux-gnu/:/lib/../lib/:/usr/lib/x86_64-linux-gnu/:/usr/lib/../lib/:/opt/intel/oneapi/tcm/1.4/lib/:/opt/intel/oneapi/umf/0.11/lib/:/opt/intel/oneapi/tbb/2022.2/env/../lib/intel64/gcc4.8/:/opt/intel/oneapi/mpi/2021.16/lib/:/opt/intel/oneapi/mkl/2025.2/lib/:/opt/intel/oneapi/compiler/2025.2/lib/:/usr/lib/gcc/x86_64-linux-gnu/11/../../../:/lib/:/usr/lib/
COLLECT_GCC_OPTIONS='-std=c++17' '-D' '__CUDA_ARCH_LIST__=520' '-D' '__NV_LEGACY_LAUNCH' '-E' '-D' '__CUDACC__' '-D' '__NVCC__' '-fPIE' '-v' '-I' '/usr/local/cuda/bin/../targets/x86_64-linux/include' '-D' '__CUDACC_VER_MAJOR__=12' '-D' '__CUDACC_VER_MINOR__=9' '-D' '__CUDACC_VER_BUILD__=86' '-D' '__CUDA_API_VER_MAJOR__=12' '-D' '__CUDA_API_VER_MINOR__=9' '-D' '__NVCC_DIAG_PRAGMA_SUPPORT__=1' '-D' '__CUDACC_DEVICE_ATOMIC_BUILTINS__=1' '-include' 'cuda_runtime.h' '-m64' '-o' '/tmp/tmpxft_0004fb59_00000000-5_CMakeCUDACompilerABI.cpp4.ii' '-mtune=generic' '-march=x86-64' '-dumpdir' '/tmp/tmpxft_0004fb59_00000000-5_CMakeCUDACompilerABI.cpp4.'
Using built-in specs.
COLLECT_GCC=gcc
OFFLOAD_TARGET_NAMES=nvptx-none:amdgcn-amdhsa
OFFLOAD_TARGET_DEFAULT=1
Target: x86_64-linux-gnu
Configured with: ../src/configure -v --with-pkgversion='Ubuntu 11.4.0-1ubuntu1~22.04.3' --with-bugurl=file:///usr/share/doc/gcc-11/README.Bugs --enable-languages=c,ada,c++,go,brig,d,fortran,objc,obj-c++,m2 --prefix=/usr --with-gcc-major-version-only --program-suffix=-11 --program-prefix=x86_64-linux-gnu- --enable-shared --enable-linker-build-id --libexecdir=/usr/lib --without-included-gettext --enable-threads=posix --libdir=/usr/lib --enable-nls --enable-bootstrap --enable-clocale=gnu --enable-libstdcxx-debug --enable-libstdcxx-time=yes --with-default-libstdcxx-abi=new --enable-gnu-unique-object --disable-vtable-verify --enable-plugin --enable-default-pie --with-system-zlib --enable-libphobos-checking=release --with-target-system-zlib=auto --enable-objc-gc=auto --enable-multiarch --disable-werror --enable-cet --with-arch-32=i686 --with-abi=m64 --with-multilib-list=m32,m64,mx32 --enable-multilib --with-tune=generic --enable-offload-targets=nvptx-none=/build/gcc-11-0odw26/gcc-11-11.4.0/debian/tmp-nvptx/usr,amdgcn-amdhsa=/build/gcc-11-0odw26/gcc-11-11.4.0/debian/tmp-gcn/usr --without-cuda-driver --enable-checking=release --build=x86_64-linux-gnu --host=x86_64-linux-gnu --target=x86_64-linux-gnu --with-build-config=bootstrap-lto-lean --enable-link-serialization=2
Thread model: posix
Supported LTO compression algorithms: zlib zstd
gcc version 11.4.0 (Ubuntu 11.4.0-1ubuntu1~22.04.3) 
COLLECT_GCC_OPTIONS='-std=c++17' '-D' '__CUDA_ARCH__=520' '-D' '__CUDA_ARCH_LIST__=520' '-D' '__NV_LEGACY_LAUNCH' '-c' '-D' 'CUDA_DOUBLE_MATH_FUNCTIONS' '-fPIE' '-v' '-Wno-psabi' '-I' '/usr/local/cuda/bin/../targets/x86_64-linux/include' '-m64' '-o' 'CMakeFiles/cmTC_4e5fa.dir/CMakeCUDACompilerABI.cu.o' '-mtune=generic' '-march=x86-64' '-dumpdir' 'CMakeFiles/cmTC_4e5fa.dir/'
 /usr/lib/gcc/x86_64-linux-gnu/11/cc1plus -quiet -v -I /usr/local/cuda/bin/../targets/x86_64-linux/include -imultiarch x86_64-linux-gnu -D_GNU_SOURCE -D __CUDA_ARCH__=520 -D __CUDA_ARCH_LIST__=520 -D __NV_LEGACY_LAUNCH -D CUDA_DOUBLE_MATH_FUNCTIONS /tmp/tmpxft_0004fb59_00000000-6_CMakeCUDACompilerABI.cudafe1.cpp -quiet -dumpdir CMakeFiles/cmTC_4e5fa.dir/ -dumpbase CMakeCUDACompilerABI.cu.cpp -dumpbase-ext .cpp -m64 -mtune=generic -march=x86-64 -Wno-psabi -std=c++17 -version -fPIE -fasynchronous-unwind-tables -fstack-protector-strong -Wformat -Wformat-security -fstack-clash-protection -fcf-protection -o /tmp/ccsvv1OX.s
GNU C++17 (Ubuntu 11.4.0-1ubuntu1~22.04.3) version 11.4.0 (x86_64-linux-gnu)
	compiled by GNU C version 11.4.0, GMP version 6.2.1, MPFR version 4.1.0, MPC version 1.2.1, isl version isl-0.24-GMP

GGC heuristics: --param ggc-min-expand=100 --param ggc-min-heapsize=131072
ignoring duplicate directory "/usr/include/x86_64-linux-gnu/c++/11"
ignoring nonexistent directory "/usr/local/include/x86_64-linux-gnu"
ignoring nonexistent directory "/usr/lib/gcc/x86_64-linux-gnu/11/include-fixed"
ignoring nonexistent directory "/usr/lib/gcc/x86_64-linux-gnu/11/../../../../x86_64-linux-gnu/include"
ignoring duplicate directory "/opt/intel/oneapi/umf/0.11/include"
  as it is a non-system directory that duplicates a system directory
ignoring duplicate directory "/opt/intel/oneapi/mkl/2025.2/include"
  as it is a non-system directory that duplicates a system directory
#include "..." search starts here:
#include <...> search starts here:
 /usr/local/cuda/bin/../targets/x86_64-linux/include
 /opt/intel/oneapi/dev-utilities/2025.2/include
 /opt/intel/oneapi/umf/0.11/include
 /opt/intel/oneapi/tbb/2022.2/env/../include
 /opt/intel/oneapi/mpi/2021.16/include
 /opt/intel/oneapi/mkl/2025.2/include
 /opt/intel/oneapi/dpl/2022.9/include
 /usr/include/c++/11
 /usr/include/x86_64-linux-gnu/c++/11
 /usr/include/c++/11/backward
 /usr/lib/gcc/x86_64-linux-gnu/11/include
 /usr/local/include
 /usr/include/x86_64-linux-gnu
 /usr/include
End of search list.
GNU C++17 (Ubuntu 11.4.0-1ubuntu1~22.04.3) version 11.4.0 (x86_64-linux-gnu)
	compiled by GNU C version 11.4.0, GMP version 6.2.1, MPFR version 4.1.0, MPC version 1.2.1, isl version isl-0.24-GMP

GGC heuristics: --param ggc-min-expand=100 --param ggc-min-heapsize=131072
Compiler executable checksum: ac7fa628ee459f217e6fdb88b3db0bde
COLLECT_GCC_OPTIONS='-std=c++17' '-D' '__CUDA_ARCH__=520' '-D' '__CUDA_ARCH_LIST__=520' '-D' '__NV_LEGACY_LAUNCH' '-c' '-D' 'CUDA_DOUBLE_MATH_FUNCTIONS' '-fPIE' '-v' '-Wno-psabi' '-I' '/usr/local/cuda/bin/../targets/x86_64-linux/include' '-m64' '-o' 'CMakeFiles/cmTC_4e5fa.dir/CMakeCUDACompilerABI.cu.o' '-mtune=generic' '-march=x86-64' '-dumpdir' 'CMakeFiles/cmTC_4e5fa.dir/'
 as -v -I /usr/local/cuda/bin/../targets/x86_64-linux/include --64 -o CMakeFiles/cmTC_4e5fa.dir/CMakeCUDACompilerABI.cu.o /tmp/ccsvv1OX.s
GNU assembler version 2.38 (x86_64-linux-gnu) using BFD version (GNU Binutils for Ubuntu) 2.38
COMPILER_PATH=/usr/lib/gcc/x86_64-linux-gnu/11/:/usr/lib/gcc/x86_64-linux-gnu/11/:/usr/lib/gcc/x86_64-linux-gnu/:/usr/lib/gcc/x86_64-linux-gnu/11/:/usr/lib/gcc/x86_64-linux-gnu/
LIBRARY_PATH=/opt/intel/oneapi/tcm/1.4/lib/../lib/:/opt/intel/oneapi/umf/0.11/lib/../lib/:/opt/intel/oneapi/tbb/2022.2/env/../lib/intel64/gcc4.8/../lib/:/opt/intel/oneapi/mpi/2021.16/lib/../lib/:/opt/intel/oneapi/mkl/2025.2/lib/../lib/:/opt/intel/oneapi/compiler/2025.2/lib/../lib/:/usr/lib/gcc/x86_64-linux-gnu/11/:/usr/lib/gcc/x86_64-linux-gnu/11/../../../x86_64-linux-gnu/:/usr/lib/gcc/x86_64-linux-gnu/11/../../../../lib/:/lib/x86_64-linux-gnu/:/lib/../lib/:/usr/lib/x86_64-linux-gnu/:/usr/lib/../lib/:/opt/intel/oneapi/tcm/1.4/lib/:/opt/intel/oneapi/umf/0.11/lib/:/opt/intel/oneapi/tbb/2022.2/env/../lib/intel64/gcc4.8/:/opt/intel/oneapi/mpi/2021.16/lib/:/opt/intel/oneapi/mkl/2025.2/lib/:/opt/intel/oneapi/compiler/2025.2/lib/:/usr/lib/gcc/x86_64-linux-gnu/11/../../../:/lib/:/usr/lib/
COLLECT_GCC_OPTIONS='-std=c++17' '-D' '__CUDA_ARCH__=520' '-D' '__CUDA_ARCH_LIST__=520' '-D' '__NV_LEGACY_LAUNCH' '-c' '-D' 'CUDA_DOUBLE_MATH_FUNCTIONS' '-fPIE' '-v' '-Wno-psabi' '-I' '/usr/local/cuda/bin/../targets/x86_64-linux/include' '-m64' '-o' 'CMakeFiles/cmTC_4e5fa.dir/CMakeCUDACompilerABI.cu.o' '-mtune=generic' '-march=x86-64' '-dumpdir' 'CMakeFiles/cmTC_4e5fa.dir/CMakeCUDACompilerABI.cu.'
[2/2] Linking CUDA executable cmTC_4e5fa
Using built-in specs.
COLLECT_GCC=/usr/bin/g++
COLLECT_LTO_WRAPPER=/usr/lib/gcc/x86_64-linux-gnu/11/lto-wrapper
OFFLOAD_TARGET_NAMES=nvptx-none:amdgcn-amdhsa
OFFLOAD_TARGET_DEFAULT=1
Target: x86_64-linux-gnu
Configured with: ../src/configure -v --with-pkgversion='Ubuntu 11.4.0-1ubuntu1~22.04.3' --with-bugurl=file:///usr/share/doc/gcc-11/README.Bugs --enable-languages=c,ada,c++,go,brig,d,fortran,objc,obj-c++,m2 --prefix=/usr --with-gcc-major-version-only --program-suffix=-11 --program-prefix=x86_64-linux-gnu- --enable-shared --enable-linker-build-id --libexecdir=/usr/lib --without-included-gettext --enable-threads=posix --libdir=/usr/lib --enable-nls --enable-bootstrap --enable-clocale=gnu --enable-libstdcxx-debug --enable-libstdcxx-time=yes --with-default-libstdcxx-abi=new --enable-gnu-unique-object --disable-vtable-verify --enable-plugin --enable-default-pie --with-system-zlib --enable-libphobos-checking=release --with-target-system-zlib=auto --enable-objc-gc=auto --enable-multiarch --disable-werror --enable-cet --with-arch-32=i686 --with-abi=m64 --with-multilib-list=m32,m64,mx32 --enable-multilib --with-tune=generic --enable-offload-targets=nvptx-none=/build/gcc-11-0odw26/gcc-11-11.4.0/debian/tmp-nvptx/usr,amdgcn-amdhsa=/build/gcc-11-0odw26/gcc-11-11.4.0/debian/tmp-gcn/usr --without-cuda-driver --enable-checking=release --build=x86_64-linux-gnu --host=x86_64-linux-gnu --target=x86_64-linux-gnu --with-build-config=bootstrap-lto-lean --enable-link-serialization=2
Thread model: posix
Supported LTO compression algorithms: zlib zstd
gcc version 11.4.0 (Ubuntu 11.4.0-1ubuntu1~22.04.3) 
COMPILER_PATH=/usr/lib/gcc/x86_64-linux-gnu/11/:/usr/lib/gcc/x86_64-linux-gnu/11/:/usr/lib/gcc/x86_64-linux-gnu/:/usr/lib/gcc/x86_64-linux-gnu/11/:/usr/lib/gcc/x86_64-linux-gnu/
LIBRARY_PATH=/opt/intel/oneapi/tcm/1.4/lib/../lib/:/opt/intel/oneapi/umf/0.11/lib/../lib/:/opt/intel/oneapi/tbb/2022.2/env/../lib/intel64/gcc4.8/../lib/:/opt/intel/oneapi/mpi/2021.16/lib/../lib/:/opt/intel/oneapi/mkl/2025.2/lib/../lib/:/opt/intel/oneapi/compiler/2025.2/lib/../lib/:/usr/lib/gcc/x86_64-linux-gnu/11/:/usr/lib/gcc/x86_64-linux-gnu/11/../../../x86_64-linux-gnu/:/usr/lib/gcc/x86_64-linux-gnu/11/../../../../lib/:/lib/x86_64-linux-gnu/:/lib/../lib/:/usr/lib/x86_64-linux-gnu/:/usr/lib/../lib/:/opt/intel/oneapi/tcm/1.4/lib/:/opt/intel/oneapi/umf/0.11/lib/:/opt/intel/oneapi/tbb/2022.2/env/../lib/intel64/gcc4.8/:/opt/intel/oneapi/mpi/2021.16/lib/:/opt/intel/oneapi/mkl/2025.2/lib/:/opt/intel/oneapi/compiler/2025.2/lib/:/usr/lib/gcc/x86_64-linux-gnu/11/../../../:/lib/:/usr/lib/
COLLECT_GCC_OPTIONS='-static-libgcc' '-v' '-o' 'cmTC_4e5fa' '-L/usr/local/cuda/targets/x86_64-linux/lib/stubs' '-L/usr/local/cuda/targets/x86_64-linux/lib' '-mtune=generic' '-march=x86-64' '-dumpdir' 'cmTC_4e5fa.'
 /usr/lib/gcc/x86_64-linux-gnu/11/collect2 -plugin /usr/lib/gcc/x86_64-linux-gnu/11/liblto_plugin.so -plugin-opt=/usr/lib/gcc/x86_64-linux-gnu/11/lto-wrapper -plugin-opt=-fresolution=/tmp/ccxxymFt.res -plugin-opt=-pass-through=-lgcc -plugin-opt=-pass-through=-lgcc_eh -plugin-opt=-pass-through=-lc -plugin-opt=-pass-through=-lgcc -plugin-opt=-pass-through=-lgcc_eh --build-id --eh-frame-hdr -m elf_x86_64 --hash-style=gnu --as-needed -dynamic-linker /lib64/ld-linux-x86-64.so.2 -pie -z now -z relro -o cmTC_4e5fa /usr/lib/gcc/x86_64-linux-gnu/11/../../../x86_64-linux-gnu/Scrt1.o /usr/lib/gcc/x86_64-linux-gnu/11/../../../x86_64-linux-gnu/crti.o /usr/lib/gcc/x86_64-linux-gnu/11/crtbeginS.o -L/usr/local/cuda/targets/x86_64-linux/lib/stubs -L/usr/local/cuda/targets/x86_64-linux/lib -L/opt/intel/oneapi/tcm/1.4/lib/../lib -L/opt/intel/oneapi/umf/0.11/lib/../lib -L/opt/intel/oneapi/tbb/2022.2/env/../lib/intel64/gcc4.8/../lib -L/opt/intel/oneapi/mpi/2021.16/lib/../lib -L/opt/intel/oneapi/mkl/2025.2/lib/../lib -L/opt/intel/oneapi/compiler/2025.2/lib/../lib -L/usr/lib/gcc/x86_64-linux-gnu/11 -L/usr/lib/gcc/x86_64-linux-gnu/11/../../../x86_64-linux-gnu -L/usr/lib/gcc/x86_64-linux-gnu/11/../../../../lib -L/lib/x86_64-linux-gnu -L/lib/../lib -L/usr/lib/x86_64-linux-gnu -L/usr/lib/../lib -L/opt/intel/oneapi/tcm/1.4/lib -L/opt/intel/oneapi/umf/0.11/lib -L/opt/intel/oneapi/tbb/2022.2/env/../lib/intel64/gcc4.8 -L/opt/intel/oneapi/mpi/2021.16/lib -L/opt/intel/oneapi/mkl/2025.2/lib -L/opt/intel/oneapi/compiler/2025.2/lib -L/usr/lib/gcc/x86_64-linux-gnu/11/../../.. CMakeFiles/cmTC_4e5fa.dir/CMakeCUDACompilerABI.cu.o -lcudadevrt -lcudart_static -lrt -lpthread -ldl -Bstatic -lstdc++ -Bdynamic -lm -lgcc -lgcc_eh -lc -lgcc -lgcc_eh /usr/lib/gcc/x86_64-linux-gnu/11/crtendS.o /usr/lib/gcc/x86_64-linux-gnu/11/../../../x86_64-linux-gnu/crtn.o
COLLECT_GCC_OPTIONS='-static-libgcc' '-v' '-o' 'cmTC_4e5fa' '-L/usr/local/cuda/targets/x86_64-linux/lib/stubs' '-L/usr/local/cuda/targets/x86_64-linux/lib' '-mtune=generic' '-march=x86-64' '-dumpdir' 'cmTC_4e5fa.'



Parsed CUDA implicit include dir info from above output: rv=done
  found start of include info
  found start of implicit include info
    add: [/usr/local/cuda/bin/../targets/x86_64-linux/include]
    add: [/opt/intel/oneapi/dev-utilities/2025.2/include]
    add: [/opt/intel/oneapi/umf/0.11/include]
    add: [/opt/intel/oneapi/tbb/2022.2/env/../include]
    add: [/opt/intel/oneapi/mpi/2021.16/include]
    add: [/opt/intel/oneapi/mkl/2025.2/include]
    add: [/opt/intel/oneapi/dpl/2022.9/include]
    add: [/usr/include/c++/11]
    add: [/usr/include/x86_64-linux-gnu/c++/11]
    add: [/usr/include/c++/11/backward]
    add: [/usr/lib/gcc/x86_64-linux-gnu/11/include]
    add: [/usr/local/include]
    add: [/usr/include/x86_64-linux-gnu]
    add: [/usr/include]
  end of search list found
  collapse include dir [/usr/local/cuda/bin/../targets/x86_64-linux/include] ==> [/usr/local/cuda/targets/x86_64-linux/include]
  collapse include dir [/opt/intel/oneapi/dev-utilities/2025.2/include] ==> [/opt/intel/oneapi/dev-utilities/2025.2/include]
  collapse include dir [/opt/intel/oneapi/umf/0.11/include] ==> [/opt/intel/oneapi/umf/0.11/include]
  collapse include dir [/opt/intel/oneapi/tbb/2022.2/env/../include] ==> [/opt/intel/oneapi/tbb/2022.2/include]
  collapse include dir [/opt/intel/oneapi/mpi/2021.16/include] ==> [/opt/intel/oneapi/mpi/2021.16/include]
  collapse include dir [/opt/intel/oneapi/mkl/2025.2/include] ==> [/opt/intel/oneapi/mkl/2025.2/include]
  collapse include dir [/opt/intel/oneapi/dpl/2022.9/include] ==> [/opt/intel/oneapi/dpl/2022.9/include]
  collapse include dir [/usr/include/c++/11] ==> [/usr/include/c++/11]
  collapse include dir [/usr/include/x86_64-linux-gnu/c++/11] ==> [/usr/include/x86_64-linux-gnu/c++/11]
  collapse include dir [/usr/include/c++/11/backward] ==> [/usr/include/c++/11/backward]
  collapse include dir [/usr/lib/gcc/x86_64-linux-gnu/11/include] ==> [/usr/lib/gcc/x86_64-linux-gnu/11/include]
  collapse include dir [/usr/local/include] ==> [/usr/local/include]
  collapse include dir [/usr/include/x86_64-linux-gnu] ==> [/usr/include/x86_64-linux-gnu]
  collapse include dir [/usr/include] ==> [/usr/include]
  implicit include dirs: [/usr/local/cuda/targets/x86_64-linux/include;/opt/intel/oneapi/dev-utilities/2025.2/include;/opt/intel/oneapi/umf/0.11/include;/opt/intel/oneapi/tbb/2022.2/include;/opt/intel/oneapi/mpi/2021.16/include;/opt/intel/oneapi/mkl/2025.2/include;/opt/intel/oneapi/dpl/2022.9/include;/usr/include/c++/11;/usr/include/x86_64-linux-gnu/c++/11;/usr/include/c++/11/backward;/usr/lib/gcc/x86_64-linux-gnu/11/include;/usr/local/include;/usr/include/x86_64-linux-gnu;/usr/include]


Parsed CUDA implicit link information from above output:
  link line regex: [^( *|.*[/\])(ld|CMAKE_LINK_STARTFILE-NOTFOUND|([^/\]+-)?ld|collect2)[^/\]*( |$)]
  ignore line: [Change Dir: /home/garaujor/OpenSees-CUDA/build-mp/Release/CMakeFiles/CMakeTmp]
  ignore line: []
  ignore line: [Run Build Command(s):/usr/bin/ninja cmTC_4e5fa && [1/2] Building CUDA object CMakeFiles/cmTC_4e5fa.dir/CMakeCUDACompilerABI.cu.o]
  ignore line: [nvcc warning : Support for offline compilation for architectures prior to '<compute/sm/lto>_75' will be removed in a future release (Use -Wno-deprecated-gpu-targets to suppress warning).]
  ignore line: [Using built-in specs.]
  ignore line: [COLLECT_GCC=gcc]
  ignore line: [OFFLOAD_TARGET_NAMES=nvptx-none:amdgcn-amdhsa]
  ignore line: [OFFLOAD_TARGET_DEFAULT=1]
  ignore line: [Target: x86_64-linux-gnu]
  ignore line: [Configured with: ../src/configure -v --with-pkgversion='Ubuntu 11.4.0-1ubuntu1~22.04.3' --with-bugurl=file:///usr/share/doc/gcc-11/README.Bugs --enable-languages=c ada c++ go brig d fortran objc obj-c++ m2 --prefix=/usr --with-gcc-major-version-only --program-suffix=-11 --program-prefix=x86_64-linux-gnu- --enable-shared --enable-linker-build-id --libexecdir=/usr/lib --without-included-gettext --enable-threads=posix --libdir=/usr/lib --enable-nls --enable-bootstrap --enable-clocale=gnu --enable-libstdcxx-debug --enable-libstdcxx-time=yes --with-default-libstdcxx-abi=new --enable-gnu-unique-object --disable-vtable-verify --enable-plugin --enable-default-pie --with-system-zlib --enable-libphobos-checking=release --with-target-system-zlib=auto --enable-objc-gc=auto --enable-multiarch --disable-werror --enable-cet --with-arch-32=i686 --with-abi=m64 --with-multilib-list=m32 m64 mx32 --enable-multilib --with-tune=generic --enable-offload-targets=nvptx-none=/build/gcc-11-0odw26/gcc-11-11.4.0/debian/tmp-nvptx/usr amdgcn-amdhsa=/build/gcc-11-0odw26/gcc-11-11.4.0/debian/tmp-gcn/usr --without-cuda-driver --enable-checking=release --build=x86_64-linux-gnu --host=x86_64-linux-gnu --target=x86_64-linux-gnu --with-build-config=bootstrap-lto-lean --enable-link-serialization=2]
  ignore line: [Thread model: posix]
  ignore line: [Supported LTO compression algorithms: zlib zstd]
  ignore line: [gcc version 11.4.0 (Ubuntu 11.4.0-1ubuntu1~22.04.3) ]
  ignore line: [COLLECT_GCC_OPTIONS='-std=c++17' '-D' '__CUDA_ARCH__=520' '-D' '__CUDA_ARCH_LIST__=520' '-D' '__NV_LEGACY_LAUNCH' '-E' '-D' 'CUDA_DOUBLE_MATH_FUNCTIONS' '-D' '__CUDACC__' '-D' '__NVCC__' '-fPIE' '-v' '-I' '/usr/local/cuda/bin/../targets/x86_64-linux/include' '-D' '__CUDACC_VER_MAJOR__=12' '-D' '__CUDACC_VER_MINOR__=9' '-D' '__CUDACC_VER_BUILD__=86' '-D' '__CUDA_API_VER_MAJOR__=12' '-D' '__CUDA_API_VER_MINOR__=9' '-D' '__NVCC_DIAG_PRAGMA_SUPPORT__=1' '-D' '__CUDACC_DEVICE_ATOMIC_BUILTINS__=1' '-include' 'cuda_runtime.h' '-m64' '-o' '/tmp/tmpxft_0004fb59_00000000-7_CMakeCUDACompilerABI.cpp1.ii' '-mtune=generic' '-march=x86-64' '-dumpdir' '/tmp/']
  ignore line: [ /usr/lib/gcc/x86_64-linux-gnu/11/cc1plus -E -quiet -v -I /usr/local/cuda/bin/../targets/x86_64-linux/include -imultiarch x86_64-linux-gnu -D_GNU_SOURCE -D __CUDA_ARCH__=520 -D __CUDA_ARCH_LIST__=520 -D __NV_LEGACY_LAUNCH -D CUDA_DOUBLE_MATH_FUNCTIONS -D __CUDACC__ -D __NVCC__ -D __CUDACC_VER_MAJOR__=12 -D __CUDACC_VER_MINOR__=9 -D __CUDACC_VER_BUILD__=86 -D __CUDA_API_VER_MAJOR__=12 -D __CUDA_API_VER_MINOR__=9 -D __NVCC_DIAG_PRAGMA_SUPPORT__=1 -D __CUDACC_DEVICE_ATOMIC_BUILTINS__=1 -include cuda_runtime.h /usr/share/cmake-3.22/Modules/CMakeCUDACompilerABI.cu -o /tmp/tmpxft_0004fb59_00000000-7_CMakeCUDACompilerABI.cpp1.ii -m64 -mtune=generic -march=x86-64 -std=c++17 -fPIE -fasynchronous-unwind-tables -fstack-protector-strong -Wformat -Wformat-security -fstack-clash-protection -fcf-protection -dumpdir /tmp/ -dumpbase tmpxft_0004fb59_00000000-7_CMakeCUDACompilerABI.cpp1.cu -dumpbase-ext .cu]
  ignore line: [ignoring duplicate directory "/usr/include/x86_64-linux-gnu/c++/11"]
  ignore line: [ignoring nonexistent directory "/usr/local/include/x86_64-linux-gnu"]
  ignore line: [ignoring nonexistent directory "/usr/lib/gcc/x86_64-linux-gnu/11/include-fixed"]
  ignore line: [ignoring nonexistent directory "/usr/lib/gcc/x86_64-linux-gnu/11/../../../../x86_64-linux-gnu/include"]
  ignore line: [ignoring duplicate directory "/opt/intel/oneapi/umf/0.11/include"]
  ignore line: [  as it is a non-system directory that duplicates a system directory]
  ignore line: [ignoring duplicate directory "/opt/intel/oneapi/mkl/2025.2/include"]
  ignore line: [  as it is a non-system directory that duplicates a system directory]
  ignore line: [#include "..." search starts here:]
  ignore line: [#include <...> search starts here:]
  ignore line: [ /usr/local/cuda/bin/../targets/x86_64-linux/include]
  ignore line: [ /opt/intel/oneapi/dev-utilities/2025.2/include]
  ignore line: [ /opt/intel/oneapi/umf/0.11/include]
  ignore line: [ /opt/intel/oneapi/tbb/2022.2/env/../include]
  ignore line: [ /opt/intel/oneapi/mpi/2021.16/include]
  ignore line: [ /opt/intel/oneapi/mkl/2025.2/include]
  ignore line: [ /opt/intel/oneapi/dpl/2022.9/include]
  ignore line: [ /usr/include/c++/11]
  ignore line: [ /usr/include/x86_64-linux-gnu/c++/11]
  ignore line: [ /usr/include/c++/11/backward]
  ignore line: [ /usr/lib/gcc/x86_64-linux-gnu/11/include]
  ignore line: [ /usr/local/include]
  ignore line: [ /usr/include/x86_64-linux-gnu]
  ignore line: [ /usr/include]
  ignore line: [End of search list.]
  ignore line: [COMPILER_PATH=/usr/lib/gcc/x86_64-linux-gnu/11/:/usr/lib/gcc/x86_64-linux-gnu/11/:/usr/lib/gcc/x86_64-linux-gnu/:/usr/lib/gcc/x86_64-linux-gnu/11/:/usr/lib/gcc/x86_64-linux-gnu/]
  ignore line: [LIBRARY_PATH=/opt/intel/oneapi/tcm/1.4/lib/../lib/:/opt/intel/oneapi/umf/0.11/lib/../lib/:/opt/intel/oneapi/tbb/2022.2/env/../lib/intel64/gcc4.8/../lib/:/opt/intel/oneapi/mpi/2021.16/lib/../lib/:/opt/intel/oneapi/mkl/2025.2/lib/../lib/:/opt/intel/oneapi/compiler/2025.2/lib/../lib/:/usr/lib/gcc/x86_64-linux-gnu/11/:/usr/lib/gcc/x86_64-linux-gnu/11/../../../x86_64-linux-gnu/:/usr/lib/gcc/x86_64-linux-gnu/11/../../../../lib/:/lib/x86_64-linux-gnu/:/lib/../lib/:/usr/lib/x86_64-linux-gnu/:/usr/lib/../lib/:/opt/intel/oneapi/tcm/1.4/lib/:/opt/intel/oneapi/umf/0.11/lib/:/opt/intel/oneapi/tbb/2022.2/env/../lib/intel64/gcc4.8/:/opt/intel/oneapi/mpi/2021.16/lib/:/opt/intel/oneapi/mkl/2025.2/lib/:/opt/intel/oneapi/compiler/2025.2/lib/:/usr/lib/gcc/x86_64-linux-gnu/11/../../../:/lib/:/usr/lib/]
  ignore line: [COLLECT_GCC_OPTIONS='-std=c++17' '-D' '__CUDA_ARCH__=520' '-D' '__CUDA_ARCH_LIST__=520' '-D' '__NV_LEGACY_LAUNCH' '-E' '-D' 'CUDA_DOUBLE_MATH_FUNCTIONS' '-D' '__CUDACC__' '-D' '__NVCC__' '-fPIE' '-v' '-I' '/usr/local/cuda/bin/../targets/x86_64-linux/include' '-D' '__CUDACC_VER_MAJOR__=12' '-D' '__CUDACC_VER_MINOR__=9' '-D' '__CUDACC_VER_BUILD__=86' '-D' '__CUDA_API_VER_MAJOR__=12' '-D' '__CUDA_API_VER_MINOR__=9' '-D' '__NVCC_DIAG_PRAGMA_SUPPORT__=1' '-D' '__CUDACC_DEVICE_ATOMIC_BUILTINS__=1' '-include' 'cuda_runtime.h' '-m64' '-o' '/tmp/tmpxft_0004fb59_00000000-7_CMakeCUDACompilerABI.cpp1.ii' '-mtune=generic' '-march=x86-64' '-dumpdir' '/tmp/tmpxft_0004fb59_00000000-7_CMakeCUDACompilerABI.cpp1.']
  ignore line: [Using built-in specs.]
  ignore line: [COLLECT_GCC=gcc]
  ignore line: [OFFLOAD_TARGET_NAMES=nvptx-none:amdgcn-amdhsa]
  ignore line: [OFFLOAD_TARGET_DEFAULT=1]
  ignore line: [Target: x86_64-linux-gnu]
  ignore line: [Configured with: ../src/configure -v --with-pkgversion='Ubuntu 11.4.0-1ubuntu1~22.04.3' --with-bugurl=file:///usr/share/doc/gcc-11/README.Bugs --enable-languages=c ada c++ go brig d fortran objc obj-c++ m2 --prefix=/usr --with-gcc-major-version-only --program-suffix=-11 --program-prefix=x86_64-linux-gnu- --enable-shared --enable-linker-build-id --libexecdir=/usr/lib --without-included-gettext --enable-threads=posix --libdir=/usr/lib --enable-nls --enable-bootstrap --enable-clocale=gnu --enable-libstdcxx-debug --enable-libstdcxx-time=yes --with-default-libstdcxx-abi=new --enable-gnu-unique-object --disable-vtable-verify --enable-plugin --enable-default-pie --with-system-zlib --enable-libphobos-checking=release --with-target-system-zlib=auto --enable-objc-gc=auto --enable-multiarch --disable-werror --enable-cet --with-arch-32=i686 --with-abi=m64 --with-multilib-list=m32 m64 mx32 --enable-multilib --with-tune=generic --enable-offload-targets=nvptx-none=/build/gcc-11-0odw26/gcc-11-11.4.0/debian/tmp-nvptx/usr amdgcn-amdhsa=/build/gcc-11-0odw26/gcc-11-11.4.0/debian/tmp-gcn/usr --without-cuda-driver --enable-checking=release --build=x86_64-linux-gnu --host=x86_64-linux-gnu --target=x86_64-linux-gnu --with-build-config=bootstrap-lto-lean --enable-link-serialization=2]
  ignore line: [Thread model: posix]
  ignore line: [Supported LTO compression algorithms: zlib zstd]
  ignore line: [gcc version 11.4.0 (Ubuntu 11.4.0-1ubuntu1~22.04.3) ]
  ignore line: [COLLECT_GCC_OPTIONS='-std=c++17' '-D' '__CUDA_ARCH_LIST__=520' '-D' '__NV_LEGACY_LAUNCH' '-E' '-D' '__CUDACC__' '-D' '__NVCC__' '-fPIE' '-v' '-I' '/usr/local/cuda/bin/../targets/x86_64-linux/include' '-D' '__CUDACC_VER_MAJOR__=12' '-D' '__CUDACC_VER_MINOR__=9' '-D' '__CUDACC_VER_BUILD__=86' '-D' '__CUDA_API_VER_MAJOR__=12' '-D' '__CUDA_API_VER_MINOR__=9' '-D' '__NVCC_DIAG_PRAGMA_SUPPORT__=1' '-D' '__CUDACC_DEVICE_ATOMIC_BUILTINS__=1' '-include' 'cuda_runtime.h' '-m64' '-o' '/tmp/tmpxft_0004fb59_00000000-5_CMakeCUDACompilerABI.cpp4.ii' '-mtune=generic' '-march=x86-64' '-dumpdir' '/tmp/']
  ignore line: [ /usr/lib/gcc/x86_64-linux-gnu/11/cc1plus -E -quiet -v -I /usr/local/cuda/bin/../targets/x86_64-linux/include -imultiarch x86_64-linux-gnu -D_GNU_SOURCE -D __CUDA_ARCH_LIST__=520 -D __NV_LEGACY_LAUNCH -D __CUDACC__ -D __NVCC__ -D __CUDACC_VER_MAJOR__=12 -D __CUDACC_VER_MINOR__=9 -D __CUDACC_VER_BUILD__=86 -D __CUDA_API_VER_MAJOR__=12 -D __CUDA_API_VER_MINOR__=9 -D __NVCC_DIAG_PRAGMA_SUPPORT__=1 -D __CUDACC_DEVICE_ATOMIC_BUILTINS__=1 -include cuda_runtime.h /usr/share/cmake-3.22/Modules/CMakeCUDACompilerABI.cu -o /tmp/tmpxft_0004fb59_00000000-5_CMakeCUDACompilerABI.cpp4.ii -m64 -mtune=generic -march=x86-64 -std=c++17 -fPIE -fasynchronous-unwind-tables -fstack-protector-strong -Wformat -Wformat-security -fstack-clash-protection -fcf-protection -dumpdir /tmp/ -dumpbase tmpxft_0004fb59_00000000-5_CMakeCUDACompilerABI.cpp4.cu -dumpbase-ext .cu]
  ignore line: [ignoring duplicate directory "/usr/include/x86_64-linux-gnu/c++/11"]
  ignore line: [ignoring nonexistent directory "/usr/local/include/x86_64-linux-gnu"]
  ignore line: [ignoring nonexistent directory "/usr/lib/gcc/x86_64-linux-gnu/11/include-fixed"]
  ignore line: [ignoring nonexistent directory "/usr/lib/gcc/x86_64-linux-gnu/11/../../../../x86_64-linux-gnu/include"]
  ignore line: [ignoring duplicate directory "/opt/intel/oneapi/umf/0.11/include"]
  ignore line: [  as it is a non-system directory that duplicates a system directory]
  ignore line: [ignoring duplicate directory "/opt/intel/oneapi/mkl/2025.2/include"]
  ignore line: [  as it is a non-system directory that duplicates a system directory]
  ignore line: [#include "..." search starts here:]
  ignore line: [#include <...> search starts here:]
  ignore line: [ /usr/local/cuda/bin/../targets/x86_64-linux/include]
  ignore line: [ /opt/intel/oneapi/dev-utilities/2025.2/include]
  ignore line: [ /opt/intel/oneapi/umf/0.11/include]
  ignore line: [ /opt/intel/oneapi/tbb/2022.2/env/../include]
  ignore line: [ /opt/intel/oneapi/mpi/2021.16/include]
  ignore line: [ /opt/intel/oneapi/mkl/2025.2/include]
  ignore line: [ /opt/intel/oneapi/dpl/2022.9/include]
  ignore line: [ /usr/include/c++/11]
  ignore line: [ /usr/include/x86_64-linux-gnu/c++/11]
  ignore line: [ /usr/include/c++/11/backward]
  ignore line: [ /usr/lib/gcc/x86_64-linux-gnu/11/include]
  ignore line: [ /usr/local/include]
  ignore line: [ /usr/include/x86_64-linux-gnu]
  ignore line: [ /usr/include]
  ignore line: [End of search list.]
  ignore line: [COMPILER_PATH=/usr/lib/gcc/x86_64-linux-gnu/11/:/usr/lib/gcc/x86_64-linux-gnu/11/:/usr/lib/gcc/x86_64-linux-gnu/:/usr/lib/gcc/x86_64-linux-gnu/11/:/usr/lib/gcc/x86_64-linux-gnu/]
  ignore line: [LIBRARY_PATH=/opt/intel/oneapi/tcm/1.4/lib/../lib/:/opt/intel/oneapi/umf/0.11/lib/../lib/:/opt/intel/oneapi/tbb/2022.2/env/../lib/intel64/gcc4.8/../lib/:/opt/intel/oneapi/mpi/2021.16/lib/../lib/:/opt/intel/oneapi/mkl/2025.2/lib/../lib/:/opt/intel/oneapi/compiler/2025.2/lib/../lib/:/usr/lib/gcc/x86_64-linux-gnu/11/:/usr/lib/gcc/x86_64-linux-gnu/11/../../../x86_64-linux-gnu/:/usr/lib/gcc/x86_64-linux-gnu/11/../../../../lib/:/lib/x86_64-linux-gnu/:/lib/../lib/:/usr/lib/x86_64-linux-gnu/:/usr/lib/../lib/:/opt/intel/oneapi/tcm/1.4/lib/:/opt/intel/oneapi/umf/0.11/lib/:/opt/intel/oneapi/tbb/2022.2/env/../lib/intel64/gcc4.8/:/opt/intel/oneapi/mpi/2021.16/lib/:/opt/intel/oneapi/mkl/2025.2/lib/:/opt/intel/oneapi/compiler/2025.2/lib/:/usr/lib/gcc/x86_64-linux-gnu/11/../../../:/lib/:/usr/lib/]
  ignore line: [COLLECT_GCC_OPTIONS='-std=c++17' '-D' '__CUDA_ARCH_LIST__=520' '-D' '__NV_LEGACY_LAUNCH' '-E' '-D' '__CUDACC__' '-D' '__NVCC__' '-fPIE' '-v' '-I' '/usr/local/cuda/bin/../targets/x86_64-linux/include' '-D' '__CUDACC_VER_MAJOR__=12' '-D' '__CUDACC_VER_MINOR__=9' '-D' '__CUDACC_VER_BUILD__=86' '-D' '__CUDA_API_VER_MAJOR__=12' '-D' '__CUDA_API_VER_MINOR__=9' '-D' '__NVCC_DIAG_PRAGMA_SUPPORT__=1' '-D' '__CUDACC_DEVICE_ATOMIC_BUILTINS__=1' '-include' 'cuda_runtime.h' '-m64' '-o' '/tmp/tmpxft_0004fb59_00000000-5_CMakeCUDACompilerABI.cpp4.ii' '-mtune=generic' '-march=x86-64' '-dumpdir' '/tmp/tmpxft_0004fb59_00000000-5_CMakeCUDACompilerABI.cpp4.']
  ignore line: [Using built-in specs.]
  ignore line: [COLLECT_GCC=gcc]
  ignore line: [OFFLOAD_TARGET_NAMES=nvptx-none:amdgcn-amdhsa]
  ignore line: [OFFLOAD_TARGET_DEFAULT=1]
  ignore line: [Target: x86_64-linux-gnu]
  ignore line: [Configured with: ../src/configure -v --with-pkgversion='Ubuntu 11.4.0-1ubuntu1~22.04.3' --with-bugurl=file:///usr/share/doc/gcc-11/README.Bugs --enable-languages=c ada c++ go brig d fortran objc obj-c++ m2 --prefix=/usr --with-gcc-major-version-only --program-suffix=-11 --program-prefix=x86_64-linux-gnu- --enable-shared --enable-linker-build-id --libexecdir=/usr/lib --without-included-gettext --enable-threads=posix --libdir=/usr/lib --enable-nls --enable-bootstrap --enable-clocale=gnu --enable-libstdcxx-debug --enable-libstdcxx-time=yes --with-default-libstdcxx-abi=new --enable-gnu-unique-object --disable-vtable-verify --enable-plugin --enable-default-pie --with-system-zlib --enable-libphobos-checking=release --with-target-system-zlib=auto --enable-objc-gc=auto --enable-multiarch --disable-werror --enable-cet --with-arch-32=i686 --with-abi=m64 --with-multilib-list=m32 m64 mx32 --enable-multilib --with-tune=generic --enable-offload-targets=nvptx-none=/build/gcc-11-0odw26/gcc-11-11.4.0/debian/tmp-nvptx/usr amdgcn-amdhsa=/build/gcc-11-0odw26/gcc-11-11.4.0/debian/tmp-gcn/usr --without-cuda-driver --enable-checking=release --build=x86_64-linux-gnu --host=x86_64-linux-gnu --target=x86_64-linux-gnu --with-build-config=bootstrap-lto-lean --enable-link-serialization=2]
  ignore line: [Thread model: posix]
  ignore line: [Supported LTO compression algorithms: zlib zstd]
  ignore line: [gcc version 11.4.0 (Ubuntu 11.4.0-1ubuntu1~22.04.3) ]
  ignore line: [COLLECT_GCC_OPTIONS='-std=c++17' '-D' '__CUDA_ARCH__=520' '-D' '__CUDA_ARCH_LIST__=520' '-D' '__NV_LEGACY_LAUNCH' '-c' '-D' 'CUDA_DOUBLE_MATH_FUNCTIONS' '-fPIE' '-v' '-Wno-psabi' '-I' '/usr/local/cuda/bin/../targets/x86_64-linux/include' '-m64' '-o' 'CMakeFiles/cmTC_4e5fa.dir/CMakeCUDACompilerABI.cu.o' '-mtune=generic' '-march=x86-64' '-dumpdir' 'CMakeFiles/cmTC_4e5fa.dir/']
  ignore line: [ /usr/lib/gcc/x86_64-linux-gnu/11/cc1plus -quiet -v -I /usr/local/cuda/bin/../targets/x86_64-linux/include -imultiarch x86_64-linux-gnu -D_GNU_SOURCE -D __CUDA_ARCH__=520 -D __CUDA_ARCH_LIST__=520 -D __NV_LEGACY_LAUNCH -D CUDA_DOUBLE_MATH_FUNCTIONS /tmp/tmpxft_0004fb59_00000000-6_CMakeCUDACompilerABI.cudafe1.cpp -quiet -dumpdir CMakeFiles/cmTC_4e5fa.dir/ -dumpbase CMakeCUDACompilerABI.cu.cpp -dumpbase-ext .cpp -m64 -mtune=generic -march=x86-64 -Wno-psabi -std=c++17 -version -fPIE -fasynchronous-unwind-tables -fstack-protector-strong -Wformat -Wformat-security -fstack-clash-protection -fcf-protection -o /tmp/ccsvv1OX.s]
  ignore line: [GNU C++17 (Ubuntu 11.4.0-1ubuntu1~22.04.3) version 11.4.0 (x86_64-linux-gnu)]
  ignore line: [	compiled by GNU C version 11.4.0  GMP version 6.2.1  MPFR version 4.1.0  MPC version 1.2.1  isl version isl-0.24-GMP]
  ignore line: []
  ignore line: [GGC heuristics: --param ggc-min-expand=100 --param ggc-min-heapsize=131072]
  ignore line: [ignoring duplicate directory "/usr/include/x86_64-linux-gnu/c++/11"]
  ignore line: [ignoring nonexistent directory "/usr/local/include/x86_64-linux-gnu"]
  ignore line: [ignoring nonexistent directory "/usr/lib/gcc/x86_64-linux-gnu/11/include-fixed"]
  ignore line: [ignoring nonexistent directory "/usr/lib/gcc/x86_64-linux-gnu/11/../../../../x86_64-linux-gnu/include"]
  ignore line: [ignoring duplicate directory "/opt/intel/oneapi/umf/0.11/include"]
  ignore line: [  as it is a non-system directory that duplicates a system directory]
  ignore line: [ignoring duplicate directory "/opt/intel/oneapi/mkl/2025.2/include"]
  ignore line: [  as it is a non-system directory that duplicates a system directory]
  ignore line: [#include "..." search starts here:]
  ignore line: [#include <...> search starts here:]
  ignore line: [ /usr/local/cuda/bin/../targets/x86_64-linux/include]
  ignore line: [ /opt/intel/oneapi/dev-utilities/2025.2/include]
  ignore line: [ /opt/intel/oneapi/umf/0.11/include]
  ignore line: [ /opt/intel/oneapi/tbb/2022.2/env/../include]
  ignore line: [ /opt/intel/oneapi/mpi/2021.16/include]
  ignore line: [ /opt/intel/oneapi/mkl/2025.2/include]
  ignore line: [ /opt/intel/oneapi/dpl/2022.9/include]
  ignore line: [ /usr/include/c++/11]
  ignore line: [ /usr/include/x86_64-linux-gnu/c++/11]
  ignore line: [ /usr/include/c++/11/backward]
  ignore line: [ /usr/lib/gcc/x86_64-linux-gnu/11/include]
  ignore line: [ /usr/local/include]
  ignore line: [ /usr/include/x86_64-linux-gnu]
  ignore line: [ /usr/include]
  ignore line: [End of search list.]
  ignore line: [GNU C++17 (Ubuntu 11.4.0-1ubuntu1~22.04.3) version 11.4.0 (x86_64-linux-gnu)]
  ignore line: [	compiled by GNU C version 11.4.0  GMP version 6.2.1  MPFR version 4.1.0  MPC version 1.2.1  isl version isl-0.24-GMP]
  ignore line: []
  ignore line: [GGC heuristics: --param ggc-min-expand=100 --param ggc-min-heapsize=131072]
  ignore line: [Compiler executable checksum: ac7fa628ee459f217e6fdb88b3db0bde]
  ignore line: [COLLECT_GCC_OPTIONS='-std=c++17' '-D' '__CUDA_ARCH__=520' '-D' '__CUDA_ARCH_LIST__=520' '-D' '__NV_LEGACY_LAUNCH' '-c' '-D' 'CUDA_DOUBLE_MATH_FUNCTIONS' '-fPIE' '-v' '-Wno-psabi' '-I' '/usr/local/cuda/bin/../targets/x86_64-linux/include' '-m64' '-o' 'CMakeFiles/cmTC_4e5fa.dir/CMakeCUDACompilerABI.cu.o' '-mtune=generic' '-march=x86-64' '-dumpdir' 'CMakeFiles/cmTC_4e5fa.dir/']
  ignore line: [ as -v -I /usr/local/cuda/bin/../targets/x86_64-linux/include --64 -o CMakeFiles/cmTC_4e5fa.dir/CMakeCUDACompilerABI.cu.o /tmp/ccsvv1OX.s]
  ignore line: [GNU assembler version 2.38 (x86_64-linux-gnu) using BFD version (GNU Binutils for Ubuntu) 2.38]
  ignore line: [COMPILER_PATH=/usr/lib/gcc/x86_64-linux-gnu/11/:/usr/lib/gcc/x86_64-linux-gnu/11/:/usr/lib/gcc/x86_64-linux-gnu/:/usr/lib/gcc/x86_64-linux-gnu/11/:/usr/lib/gcc/x86_64-linux-gnu/]
  ignore line: [LIBRARY_PATH=/opt/intel/oneapi/tcm/1.4/lib/../lib/:/opt/intel/oneapi/umf/0.11/lib/../lib/:/opt/intel/oneapi/tbb/2022.2/env/../lib/intel64/gcc4.8/../lib/:/opt/intel/oneapi/mpi/2021.16/lib/../lib/:/opt/intel/oneapi/mkl/2025.2/lib/../lib/:/opt/intel/oneapi/compiler/2025.2/lib/../lib/:/usr/lib/gcc/x86_64-linux-gnu/11/:/usr/lib/gcc/x86_64-linux-gnu/11/../../../x86_64-linux-gnu/:/usr/lib/gcc/x86_64-linux-gnu/11/../../../../lib/:/lib/x86_64-linux-gnu/:/lib/../lib/:/usr/lib/x86_64-linux-gnu/:/usr/lib/../lib/:/opt/intel/oneapi/tcm/1.4/lib/:/opt/intel/oneapi/umf/0.11/lib/:/opt/intel/oneapi/tbb/2022.2/env/../lib/intel64/gcc4.8/:/opt/intel/oneapi/mpi/2021.16/lib/:/opt/intel/oneapi/mkl/2025.2/lib/:/opt/intel/oneapi/compiler/2025.2/lib/:/usr/lib/gcc/x86_64-linux-gnu/11/../../../:/lib/:/usr/lib/]
  ignore line: [COLLECT_GCC_OPTIONS='-std=c++17' '-D' '__CUDA_ARCH__=520' '-D' '__CUDA_ARCH_LIST__=520' '-D' '__NV_LEGACY_LAUNCH' '-c' '-D' 'CUDA_DOUBLE_MATH_FUNCTIONS' '-fPIE' '-v' '-Wno-psabi' '-I' '/usr/local/cuda/bin/../targets/x86_64-linux/include' '-m64' '-o' 'CMakeFiles/cmTC_4e5fa.dir/CMakeCUDACompilerABI.cu.o' '-mtune=generic' '-march=x86-64' '-dumpdir' 'CMakeFiles/cmTC_4e5fa.dir/CMakeCUDACompilerABI.cu.']
  ignore line: [[2/2] Linking CUDA executable cmTC_4e5fa]
  ignore line: [Using built-in specs.]
  ignore line: [COLLECT_GCC=/usr/bin/g++]
  ignore line: [COLLECT_LTO_WRAPPER=/usr/lib/gcc/x86_64-linux-gnu/11/lto-wrapper]
  ignore line: [OFFLOAD_TARGET_NAMES=nvptx-none:amdgcn-amdhsa]
  ignore line: [OFFLOAD_TARGET_DEFAULT=1]
  ignore line: [Target: x86_64-linux-gnu]
  ignore line: [Configured with: ../src/configure -v --with-pkgversion='Ubuntu 11.4.0-1ubuntu1~22.04.3' --with-bugurl=file:///usr/share/doc/gcc-11/README.Bugs --enable-languages=c ada c++ go brig d fortran objc obj-c++ m2 --prefix=/usr --with-gcc-major-version-only --program-suffix=-11 --program-prefix=x86_64-linux-gnu- --enable-shared --enable-linker-build-id --libexecdir=/usr/lib --without-included-gettext --enable-threads=posix --libdir=/usr/lib --enable-nls --enable-bootstrap --enable-clocale=gnu --enable-libstdcxx-debug --enable-libstdcxx-time=yes --with-default-libstdcxx-abi=new --enable-gnu-unique-object --disable-vtable-verify --enable-plugin --enable-default-pie --with-system-zlib --enable-libphobos-checking=release --with-target-system-zlib=auto --enable-objc-gc=auto --enable-multiarch --disable-werror --enable-cet --with-arch-32=i686 --with-abi=m64 --with-multilib-list=m32 m64 mx32 --enable-multilib --with-tune=generic --enable-offload-targets=nvptx-none=/build/gcc-11-0odw26/gcc-11-11.4.0/debian/tmp-nvptx/usr amdgcn-amdhsa=/build/gcc-11-0odw26/gcc-11-11.4.0/debian/tmp-gcn/usr --without-cuda-driver --enable-checking=release --build=x86_64-linux-gnu --host=x86_64-linux-gnu --target=x86_64-linux-gnu --with-build-config=bootstrap-lto-lean --enable-link-serialization=2]
  ignore line: [Thread model: posix]
  ignore line: [Supported LTO compression algorithms: zlib zstd]
  ignore line: [gcc version 11.4.0 (Ubuntu 11.4.0-1ubuntu1~22.04.3) ]
  ignore line: [COMPILER_PATH=/usr/lib/gcc/x86_64-linux-gnu/11/:/usr/lib/gcc/x86_64-linux-gnu/11/:/usr/lib/gcc/x86_64-linux-gnu/:/usr/lib/gcc/x86_64-linux-gnu/11/:/usr/lib/gcc/x86_64-linux-gnu/]
  ignore line: [LIBRARY_PATH=/opt/intel/oneapi/tcm/1.4/lib/../lib/:/opt/intel/oneapi/umf/0.11/lib/../lib/:/opt/intel/oneapi/tbb/2022.2/env/../lib/intel64/gcc4.8/../lib/:/opt/intel/oneapi/mpi/2021.16/lib/../lib/:/opt/intel/oneapi/mkl/2025.2/lib/../lib/:/opt/intel/oneapi/compiler/2025.2/lib/../lib/:/usr/lib/gcc/x86_64-linux-gnu/11/:/usr/lib/gcc/x86_64-linux-gnu/11/../../../x86_64-linux-gnu/:/usr/lib/gcc/x86_64-linux-gnu/11/../../../../lib/:/lib/x86_64-linux-gnu/:/lib/../lib/:/usr/lib/x86_64-linux-gnu/:/usr/lib/../lib/:/opt/intel/oneapi/tcm/1.4/lib/:/opt/intel/oneapi/umf/0.11/lib/:/opt/intel/oneapi/tbb/2022.2/env/../lib/intel64/gcc4.8/:/opt/intel/oneapi/mpi/2021.16/lib/:/opt/intel/oneapi/mkl/2025.2/lib/:/opt/intel/oneapi/compiler/2025.2/lib/:/usr/lib/gcc/x86_64-linux-gnu/11/../../../:/lib/:/usr/lib/]
  ignore line: [COLLECT_GCC_OPTIONS='-static-libgcc' '-v' '-o' 'cmTC_4e5fa' '-L/usr/local/cuda/targets/x86_64-linux/lib/stubs' '-L/usr/local/cuda/targets/x86_64-linux/lib' '-mtune=generic' '-march=x86-64' '-dumpdir' 'cmTC_4e5fa.']
  link line: [ /usr/lib/gcc/x86_64-linux-gnu/11/collect2 -plugin /usr/lib/gcc/x86_64-linux-gnu/11/liblto_plugin.so -plugin-opt=/usr/lib/gcc/x86_64-linux-gnu/11/lto-wrapper -plugin-opt=-fresolution=/tmp/ccxxymFt.res -plugin-opt=-pass-through=-lgcc -plugin-opt=-pass-through=-lgcc_eh -plugin-opt=-pass-through=-lc -plugin-opt=-pass-through=-lgcc -plugin-opt=-pass-through=-lgcc_eh --build-id --eh-frame-hdr -m elf_x86_64 --hash-style=gnu --as-needed -dynamic-linker /lib64/ld-linux-x86-64.so.2 -pie -z now -z relro -o cmTC_4e5fa /usr/lib/gcc/x86_64-linux-gnu/11/../../../x86_64-linux-gnu/Scrt1.o /usr/lib/gcc/x86_64-linux-gnu/11/../../../x86_64-linux-gnu/crti.o /usr/lib/gcc/x86_64-linux-gnu/11/crtbeginS.o -L/usr/local/cuda/targets/x86_64-linux/lib/stubs -L/usr/local/cuda/targets/x86_64-linux/lib -L/opt/intel/oneapi/tcm/1.4/lib/../lib -L/opt/intel/oneapi/umf/0.11/lib/../lib -L/opt/intel/oneapi/tbb/2022.2/env/../lib/intel64/gcc4.8/../lib -L/opt/intel/oneapi/mpi/2021.16/lib/../lib -L/opt/intel/oneapi/mkl/2025.2/lib/../lib -L/opt/intel/oneapi/compiler/2025.2/lib/../lib -L/usr/lib/gcc/x86_64-linux-gnu/11 -L/usr/lib/gcc/x86_64-linux-gnu/11/../../../x86_64-linux-gnu -L/usr/lib/gcc/x86_64-linux-gnu/11/../../../../lib -L/lib/x86_64-linux-gnu -L/lib/../lib -L/usr/lib/x86_64-linux-gnu -L/usr/lib/../lib -L/opt/intel/oneapi/tcm/1.4/lib -L/opt/intel/oneapi/umf/0.11/lib -L/opt/intel/oneapi/tbb/2022.2/env/../lib/intel64/gcc4.8 -L/opt/intel/oneapi/mpi/2021.16/lib -L/opt/intel/oneapi/mkl/2025.2/lib -L/opt/intel/oneapi/compiler/2025.2/lib -L/usr/lib/gcc/x86_64-linux-gnu/11/../../.. CMakeFiles/cmTC_4e5fa.dir/CMakeCUDACompilerABI.cu.o -lcudadevrt -lcudart_static -lrt -lpthread -ldl -Bstatic -lstdc++ -Bdynamic -lm -lgcc -lgcc_eh -lc -lgcc -lgcc_eh /usr/lib/gcc/x86_64-linux-gnu/11/crtendS.o /usr/lib/gcc/x86_64-linux-gnu/11/../../../x86_64-linux-gnu/crtn.o]
    arg [/usr/lib/gcc/x86_64-linux-gnu/11/collect2] ==> ignore
    arg [-plugin] ==> ignore
    arg [/usr/lib/gcc/x86_64-linux-gnu/11/liblto_plugin.so] ==> ignore
    arg [-plugin-opt=/usr/lib/gcc/x86_64-linux-gnu/11/lto-wrapper] ==> ignore
    arg [-plugin-opt=-fresolution=/tmp/ccxxymFt.res] ==> ignore
    arg [-plugin-opt=-pass-through=-lgcc] ==> ignore
    arg [-plugin-opt=-pass-through=-lgcc_eh] ==> ignore
    arg [-plugin-opt=-pass-through=-lc] ==> ignore
    arg [-plugin-opt=-pass-through=-lgcc] ==> ignore
    arg [-plugin-opt=-pass-through=-lgcc_eh] ==> ignore
    arg [--build-id] ==> ignore
    arg [--eh-frame-hdr] ==> ignore
    arg [-m] ==> ignore
    arg [elf_x86_64] ==> ignore
    arg [--hash-style=gnu] ==> ignore
    arg [--as-needed] ==> ignore
    arg [-dynamic-linker] ==> ignore
    arg [/lib64/ld-linux-x86-64.so.2] ==> ignore
    arg [-pie] ==> ignore
    arg [-znow] ==> ignore
    arg [-zrelro] ==> ignore
    arg [-o] ==> ignore
    arg [cmTC_4e5fa] ==> ignore
    arg [/usr/lib/gcc/x86_64-linux-gnu/11/../../../x86_64-linux-gnu/Scrt1.o] ==> obj [/usr/lib/gcc/x86_64-linux-gnu/11/../../../x86_64-linux-gnu/Scrt1.o]
    arg [/usr/lib/gcc/x86_64-linux-gnu/11/../../../x86_64-linux-gnu/crti.o] ==> obj [/usr/lib/gcc/x86_64-linux-gnu/11/../../../x86_64-linux-gnu/crti.o]
    arg [/usr/lib/gcc/x86_64-linux-gnu/11/crtbeginS.o] ==> obj [/usr/lib/gcc/x86_64-linux-gnu/11/crtbeginS.o]
    arg [-L/usr/local/cuda/targets/x86_64-linux/lib/stubs] ==> dir [/usr/local/cuda/targets/x86_64-linux/lib/stubs]
    arg [-L/usr/local/cuda/targets/x86_64-linux/lib] ==> dir [/usr/local/cuda/targets/x86_64-linux/lib]
    arg [-L/opt/intel/oneapi/tcm/1.4/lib/../lib] ==> dir [/opt/intel/oneapi/tcm/1.4/lib/../lib]
    arg [-L/opt/intel/oneapi/umf/0.11/lib/../lib] ==> dir [/opt/intel/oneapi/umf/0.11/lib/../lib]
    arg [-L/opt/intel/oneapi/tbb/2022.2/env/../lib/intel64/gcc4.8/../lib] ==> dir [/opt/intel/oneapi/tbb/2022.2/env/../lib/intel64/gcc4.8/../lib]
    arg [-L/opt/intel/oneapi/mpi/2021.16/lib/../lib] ==> dir [/opt/intel/oneapi/mpi/2021.16/lib/../lib]
    arg [-L/opt/intel/oneapi/mkl/2025.2/lib/../lib] ==> dir [/opt/intel/oneapi/mkl/2025.2/lib/../lib]
    arg [-L/opt/intel/oneapi/compiler/2025.2/lib/../lib] ==> dir [/opt/intel/oneapi/compiler/2025.2/lib/../lib]
    arg [-L/usr/lib/gcc/x86_64-linux-gnu/11] ==> dir [/usr/lib/gcc/x86_64-linux-gnu/11]
    arg [-L/usr/lib/gcc/x86_64-linux-gnu/11/../../../x86_64-linux-gnu] ==> dir [/usr/lib/gcc/x86_64-linux-gnu/11/../../../x86_64-linux-gnu]
    arg [-L/usr/lib/gcc/x86_64-linux-gnu/11/../../../../lib] ==> dir [/usr/lib/gcc/x86_64-linux-gnu/11/../../../../lib]
    arg [-L/lib/x86_64-linux-gnu] ==> dir [/lib/x86_64-linux-gnu]
    arg [-L/lib/../lib] ==> dir [/lib/../lib]
    arg [-L/usr/lib/x86_64-linux-gnu] ==> dir [/usr/lib/x86_64-linux-gnu]
    arg [-L/usr/lib/../lib] ==> dir [/usr/lib/../lib]
    arg [-L/opt/intel/oneapi/tcm/1.4/lib] ==> dir [/opt/intel/oneapi/tcm/1.4/lib]
    arg [-L/opt/intel/oneapi/umf/0.11/lib] ==> dir [/opt/intel/oneapi/umf/0.11/lib]
    arg [-L/opt/intel/oneapi/tbb/2022.2/env/../lib/intel64/gcc4.8] ==> dir [/opt/intel/oneapi/tbb/2022.2/env/../lib/intel64/gcc4.8]
    arg [-L/opt/intel/oneapi/mpi/2021.16/lib] ==> dir [/opt/intel/oneapi/mpi/2021.16/lib]
    arg [-L/opt/intel/oneapi/mkl/2025.2/lib] ==> dir [/opt/intel/oneapi/mkl/2025.2/lib]
    arg [-L/opt/intel/oneapi/compiler/2025.2/lib] ==> dir [/opt/intel/oneapi/compiler/2025.2/lib]
    arg [-L/usr/lib/gcc/x86_64-linux-gnu/11/../../..] ==> dir [/usr/lib/gcc/x86_64-linux-gnu/11/../../..]
    arg [CMakeFiles/cmTC_4e5fa.dir/CMakeCUDACompilerABI.cu.o] ==> ignore
    arg [-lcudadevrt] ==> lib [cudadevrt]
    arg [-lcudart_static] ==> lib [cudart_static]
    arg [-lrt] ==> lib [rt]
    arg [-lpthread] ==> lib [pthread]
    arg [-ldl] ==> lib [dl]
    arg [-Bstatic] ==> search static
    arg [-lstdc++] ==> lib [SEARCH_STATIC:stdc++]
    arg [-Bdynamic] ==> search dynamic
    arg [-lm] ==> lib [m]
    arg [-lgcc] ==> lib [gcc]
    arg [-lgcc_eh] ==> lib [gcc_eh]
    arg [-lc] ==> lib [c]
    arg [-lgcc] ==> lib [gcc]
    arg [-lgcc_eh] ==> lib [gcc_eh]
    arg [/usr/lib/gcc/x86_64-linux-gnu/11/crtendS.o] ==> obj [/usr/lib/gcc/x86_64-linux-gnu/11/crtendS.o]
    arg [/usr/lib/gcc/x86_64-linux-gnu/11/../../../x86_64-linux-gnu/crtn.o] ==> obj [/usr/lib/gcc/x86_64-linux-gnu/11/../../../x86_64-linux-gnu/crtn.o]
  search lib [SEARCH_STATIC:stdc++] ==> [/usr/lib/gcc/x86_64-linux-gnu/11/libstdc++.a]
  remove lib [gcc_eh]
  remove lib [gcc_eh]
  collapse obj [/usr/lib/gcc/x86_64-linux-gnu/11/../../../x86_64-linux-gnu/Scrt1.o] ==> [/usr/lib/x86_64-linux-gnu/Scrt1.o]
  collapse obj [/usr/lib/gcc/x86_64-linux-gnu/11/../../../x86_64-linux-gnu/crti.o] ==> [/usr/lib/x86_64-linux-gnu/crti.o]
  collapse obj [/usr/lib/gcc/x86_64-linux-gnu/11/../../../x86_64-linux-gnu/crtn.o] ==> [/usr/lib/x86_64-linux-gnu/crtn.o]
  collapse library dir [/usr/local/cuda/targets/x86_64-linux/lib/stubs] ==> [/usr/local/cuda/targets/x86_64-linux/lib/stubs]
  collapse library dir [/usr/local/cuda/targets/x86_64-linux/lib] ==> [/usr/local/cuda/targets/x86_64-linux/lib]
  collapse library dir [/opt/intel/oneapi/tcm/1.4/lib/../lib] ==> [/opt/intel/oneapi/tcm/1.4/lib]
  collapse library dir [/opt/intel/oneapi/umf/0.11/lib/../lib] ==> [/opt/intel/oneapi/umf/0.11/lib]
  collapse library dir [/opt/intel/oneapi/tbb/2022.2/env/../lib/intel64/gcc4.8/../lib] ==> [/opt/intel/oneapi/tbb/2022.2/lib/intel64/lib]
  collapse library dir [/opt/intel/oneapi/mpi/2021.16/lib/../lib] ==> [/opt/intel/oneapi/mpi/2021.16/lib]
  collapse library dir [/opt/intel/oneapi/mkl/2025.2/lib/../lib] ==> [/opt/intel/oneapi/mkl/2025.2/lib]
  collapse library dir [/opt/intel/oneapi/compiler/2025.2/lib/../lib] ==> [/opt/intel/oneapi/compiler/2025.2/lib]
  collapse library dir [/usr/lib/gcc/x86_64-linux-gnu/11] ==> [/usr/lib/gcc/x86_64-linux-gnu/11]
  collapse library dir [/usr/lib/gcc/x86_64-linux-gnu/11/../../../x86_64-linux-gnu] ==> [/usr/lib/x86_64-linux-gnu]
  collapse library dir [/usr/lib/gcc/x86_64-linux-gnu/11/../../../../lib] ==> [/usr/lib]
  collapse library dir [/lib/x86_64-linux-gnu] ==> [/lib/x86_64-linux-gnu]
  collapse library dir [/lib/../lib] ==> [/lib]
  collapse library dir [/usr/lib/x86_64-linux-gnu] ==> [/usr/lib/x86_64-linux-gnu]
  collapse library dir [/usr/lib/../lib] ==> [/usr/lib]
  collapse library dir [/opt/intel/oneapi/tcm/1.4/lib] ==> [/opt/intel/oneapi/tcm/1.4/lib]
  collapse library dir [/opt/intel/oneapi/umf/0.11/lib] ==> [/opt/intel/oneapi/umf/0.11/lib]
  collapse library dir [/opt/intel/oneapi/tbb/2022.2/env/../lib/intel64/gcc4.8] ==> [/opt/intel/oneapi/tbb/2022.2/lib/intel64/gcc4.8]
  collapse library dir [/opt/intel/oneapi/mpi/2021.16/lib] ==> [/opt/intel/oneapi/mpi/2021.16/lib]
  collapse library dir [/opt/intel/oneapi/mkl/2025.2/lib] ==> [/opt/intel/oneapi/mkl/2025.2/lib]
  collapse library dir [/opt/intel/oneapi/compiler/2025.2/lib] ==> [/opt/intel/oneapi/compiler/2025.2/lib]
  collapse library dir [/usr/lib/gcc/x86_64-linux-gnu/11/../../..] ==> [/usr/lib]
  implicit libs: [cudadevrt;cudart_static;rt;pthread;dl;/usr/lib/gcc/x86_64-linux-gnu/11/libstdc++.a;m;gcc;c;gcc]
  implicit objs: [/usr/lib/x86_64-linux-gnu/Scrt1.o;/usr/lib/x86_64-linux-gnu/crti.o;/usr/lib/gcc/x86_64-linux-gnu/11/crtbeginS.o;/usr/lib/gcc/x86_64-linux-gnu/11/crtendS.o;/usr/lib/x86_64-linux-gnu/crtn.o]
  implicit dirs: [/usr/local/cuda/targets/x86_64-linux/lib/stubs;/usr/local/cuda/targets/x86_64-linux/lib;/opt/intel/oneapi/tcm/1.4/lib;/opt/intel/oneapi/umf/0.11/lib;/opt/intel/oneapi/tbb/2022.2/lib/intel64/lib;/opt/intel/oneapi/mpi/2021.16/lib;/opt/intel/oneapi/mkl/2025.2/lib;/opt/intel/oneapi/compiler/2025.2/lib;/usr/lib/gcc/x86_64-linux-gnu/11;/usr/lib/x86_64-linux-gnu;/usr/lib;/lib/x86_64-linux-gnu;/lib;/opt/intel/oneapi/tbb/2022.2/lib/intel64/gcc4.8]
  implicit fwks: []


