# time u2_x
0.005000              0.00000000000000000000
0.010000              0.00000060517893258092
0.015000              0.00000166508036584107
0.020000              0.00000317888954438747
0.025000              0.00000515221394621023
0.030000              0.00000759383141630677
0.035000              0.00001050923261549270
0.040000              0.00001390506243738487
0.045000              0.00001778495980343606
0.050000              0.00002214487362592143
0.055000              0.00002697561574979107
0.060000              0.00003226049961527406
0.065000              0.00003797592998498070
0.070000              0.00004409700786117756
0.075000              0.00005059422682893375
0.080000              0.00005743977730143162
0.085000              0.00006460452033119623
0.090000              0.00007205475328343962
0.095000              0.00007975587138256502
0.100000              0.00008767285375085071
0.105000              0.00009577157502255721
0.110000              0.00010402549141228720
0.115000              0.00011240763823161785
0.120000              0.00012089303886013754
0.125000              0.00012945989603898217
0.130000              0.00013808382966366831
0.135000              0.00014674068124760604
0.140000              0.00015539150350786887
0.145000              0.00016399272280198351
0.150000              0.00017249391835287800
0.155000              0.00018083206933642527
0.160000              0.00018897188558725445
0.165000              0.00019687870133365697
0.170000              0.00020453252381405075
0.175000              0.00021192141480103513
0.180000              0.00021904512845495681
0.185000              0.00022590755879694900
0.190000              0.00023252093219095109
0.195000              0.00023888347852883302
0.200000              0.00024497679487463280
0.205000              0.00025077492573369445
0.210000              0.00025623835707430149
0.215000              0.00026132561872257694
0.220000              0.00026594876171628738
0.225000              0.00026999970963865100
0.230000              0.00027334848292435776
0.235000              0.00027585811444395103
0.240000              0.00027737045388185363
0.245000              0.00027772159751000293
0.250000              0.00027681552882090311
0.255000              0.00027457030480655995
0.260000              0.00027107447916048717
0.265000              0.00026645278657309618
0.270000              0.00026077981057939532
0.275000              0.00025413484474865144
0.280000              0.00024649525020622228
0.285000              0.00023781775491470473
0.290000              0.00022808570702675680
0.295000              0.00021728935086721401
0.300000              0.00020548631349772626
0.305000              0.00019274965087036377
0.310000              0.00017916299686199648
0.315000              0.00016481720772802490
0.320000              0.00014974197999621618
0.325000              0.00013395808249132778
0.330000              0.00011746715835779314
0.335000              0.00010026845151893427
0.340000              0.00008241225084814008
0.345000              0.00006396147260826805
0.350000              0.00004505374672875698
0.355000              0.00002584973118941060
0.360000              0.00000654986808065150
0.365000             -0.00001263074952336461
0.370000             -0.00003165554933717993
0.375000             -0.00005052960847177342
0.380000             -0.00006933021276685810
0.385000             -0.00008815910417063777
0.390000             -0.00010701438120835490
0.395000             -0.00012587113791546559
0.400000             -0.00014457893188946520
0.405000             -0.00016295328345670182
0.410000             -0.00018081670632779927
0.415000             -0.00019799166679611304
0.420000             -0.00021437109021005339
0.425000             -0.00022988378705889696
0.430000             -0.00024448347092712009
0.435000             -0.00025814140480351404
0.440000             -0.00027081697810838861
0.445000             -0.00028247041486518691
0.450000             -0.00029307178809209695
0.455000             -0.00030258618987849447
0.460000             -0.00031102982872558994
0.465000             -0.00031842792875723429
0.470000             -0.00032512017010780727
0.475000             -0.00033152797804085493
0.480000             -0.00033819385031882743
0.485000             -0.00034572046402222217
0.490000             -0.00035462585037526984
0.495000             -0.00036542537835177158
0.500000             -0.00037856147301133900
0.505000             -0.00039446054755418902
0.510000             -0.00041356559577844282
0.515000             -0.00043631536506710957
0.520000             -0.00046291205786328247
0.525000             -0.00049349405183739237
0.530000             -0.00052788926727210975
0.535000             -0.00056582202146554387
0.540000             -0.00060711118732697915
0.545000             -0.00065156439562837510
0.550000             -0.00069862899964172787
0.555000             -0.00074763139927456232
0.560000             -0.00079790367098818687
0.565000             -0.00084874217707031348
0.570000             -0.00089963303419856818
0.575000             -0.00095010891834941113
0.580000             -0.00099978230937623519
0.585000             -0.00104831588089638250
0.590000             -0.00109523075459720329
0.595000             -0.00114013336437518951
0.600000             -0.00118238300276002416
0.605000             -0.00122140082856595617
0.610000             -0.00125665032100293647
0.615000             -0.00128766128710901869
0.620000             -0.00131410804397340221
0.625000             -0.00133568099565610347
0.630000             -0.00135238018165681961
0.635000             -0.00136416988452844543
0.640000             -0.00137119909011517403
0.645000             -0.00137353432922214329
0.650000             -0.00137127031258339077
0.655000             -0.00136439316799463056
0.660000             -0.00135312064220037402
0.665000             -0.00133765984125446772
0.670000             -0.00131880267138093240
0.675000             -0.00129746989709065706
0.680000             -0.00127470595024951807
0.685000             -0.00125159334968971865
0.690000             -0.00122862349765732277
0.695000             -0.00120618084974247067
0.700000             -0.00118412024755420401
0.705000             -0.00116220370943932640
0.710000             -0.00114004260567208385
0.715000             -0.00111715127470379035
0.720000             -0.00109288474128732354
0.725000             -0.00106665101731729913
0.730000             -0.00103749270524679184
0.735000             -0.00100456913960230939
0.740000             -0.00096701543835203717
0.745000             -0.00092407398741064595
0.750000             -0.00087506376369062553
0.755000             -0.00081931137432198311
0.760000             -0.00075657499018396801
0.765000             -0.00068666591568589087
0.770000             -0.00061018595900758001
0.775000             -0.00052792201055584386
0.780000             -0.00044115739295006503
0.785000             -0.00035139922448066817
0.790000             -0.00025962818183321383
0.795000             -0.00016680018347854306
0.800000             -0.00007355962610253000
0.805000              0.00001945636705558718
0.810000              0.00011140082813688155
0.815000              0.00020132675433688375
0.820000              0.00028815141938034116
0.825000              0.00037075078830561446
0.830000              0.00044806872706279569
0.835000              0.00051910962795226941
0.840000              0.00058324414796874047
0.845000              0.00064001813369532132
0.850000              0.00068921033353816171
0.855000              0.00073076361584559191
0.860000              0.00076474095274040098
0.865000              0.00079130347298168261
0.870000              0.00081101073895949475
0.875000              0.00082456391509779870
0.880000              0.00083285797169650429
0.885000              0.00083687880375583727
0.890000              0.00083812887801695130
0.895000              0.00083824864108851494
0.900000              0.00083911853376906283
0.905000              0.00084267520300008298
0.910000              0.00085040695275833149
0.915000              0.00086364295674915166
0.920000              0.00088294665100759095
0.925000              0.00090863070674016000
0.930000              0.00094077902106998439
0.935000              0.00097935283141240980
0.940000              0.00102449328624910733
0.945000              0.00107626569670894235
0.950000              0.00113485655230920256
0.955000              0.00120034330099718918
0.960000              0.00127219864191046141
0.965000              0.00134973399536057986
0.970000              0.00143202369573396777
0.975000              0.00151808002614914773
0.980000              0.00160717094680246173
0.985000              0.00169863117833399789
0.990000              0.00179188837939499800
0.995000              0.00188640494546136648
1.000000              0.00198118873753481061
1.005000              0.00207509982555650419
1.010000              0.00216660801064331434
1.015000              0.00225386743170432171
1.020000              0.00233508646761711874
1.025000              0.00240838971738204346
1.030000              0.00247238193087029193
1.035000              0.00252581970321758302
1.040000              0.00256758453717675960
1.045000              0.00259659748005816506
1.050000              0.00261127722056606710
1.055000              0.00260996098849514656
1.060000              0.00259115400258856654
1.065000              0.00255345123801238409
1.070000              0.00249680930211760004
1.075000              0.00242148462392006427
1.080000              0.00232876285518052607
1.085000              0.00222009364348725547
1.090000              0.00209754517230075323
1.095000              0.00196354352323936318
1.100000              0.00182079452591845823
1.105000              0.00167218326155544185
1.110000              0.00152024644903065559
1.115000              0.00136750820157912679
1.120000              0.00121539256665271112
1.125000              0.00106505430665027653
1.130000              0.00091677713449202897
1.135000              0.00077053852705467277
1.140000              0.00062589008758920221
1.145000              0.00048210820764969922
1.150000              0.00033821166050434267
1.155000              0.00019293603625650352
1.160000              0.00004467555006829345
1.165000             -0.00010845497459320036
1.170000             -0.00026798289790115360
1.175000             -0.00043546643566066018
1.180000             -0.00061160194333925873
1.185000             -0.00079685246830399402
1.190000             -0.00099119478392871419
1.195000             -0.00119432349391003305
1.200000             -0.00140585046042762543
1.205000             -0.00162509990103011756
1.210000             -0.00185136832090269324
1.215000             -0.00208365174447713419
1.220000             -0.00232067289322803036
1.225000             -0.00256084364547881464
1.230000             -0.00280195418036320977
1.235000             -0.00304151009799768710
1.240000             -0.00327661756399824340
1.245000             -0.00350426423444301794
1.250000             -0.00372119984442613504
1.255000             -0.00392424831391119996
1.260000             -0.00411039122949257481
1.265000             -0.00427692262109127634
1.270000             -0.00442175578667786204
1.275000             -0.00454329612284212151
1.280000             -0.00464071365619124227
1.285000             -0.00471343169298104724
1.290000             -0.00476210544123780062
1.295000             -0.00478777520287520381
1.300000             -0.00479240231140667678
1.305000             -0.00477828089454205174
1.310000             -0.00474758028781672482
1.315000             -0.00470215605197616456
1.320000             -0.00464398891237080558
1.325000             -0.00457473701716189837
1.330000             -0.00449651826821651900
1.335000             -0.00441132188823931560
1.340000             -0.00432110593617533213
1.345000             -0.00422765080594347809
1.350000             -0.00413212419235518130
1.355000             -0.00403501902999496998
1.360000             -0.00393641514855269485
1.365000             -0.00383563962614535655
1.370000             -0.00373155337294328983
1.375000             -0.00362275009793542333
1.380000             -0.00350784740126890756
1.385000             -0.00338558098023108902
1.390000             -0.00325507399596517864
1.395000             -0.00311562384330643866
1.400000             -0.00296686587828596344
1.405000             -0.00280862153715192913
1.410000             -0.00264128167071604530
1.415000             -0.00246537529761797639
1.420000             -0.00228238905241921839
1.425000             -0.00209405316264956506
1.430000             -0.00190251543314419783
1.435000             -0.00171025083081889433
1.440000             -0.00151917038169000905
1.445000             -0.00133129475246592942
1.450000             -0.00114788278945747229
1.455000             -0.00097007735622725772
1.460000             -0.00079867850140562550
1.465000             -0.00063430848633807581
1.470000             -0.00047704088846627779
1.475000             -0.00032664875068808750
1.480000             -0.00018237374908938343
1.485000             -0.00004316759580674400
1.490000              0.00009217336256063192
1.495000              0.00022499747414573895
1.500000              0.00035646085520928638
1.505000              0.00048769940131331707
1.510000              0.00061937557985824922
1.515000              0.00075196342641842316
1.520000              0.00088570035196759093
1.525000              0.00102061381184899653
1.530000              0.00115640686969413855
1.535000              0.00129251186539165361
1.540000              0.00142824153731604606
1.545000              0.00156268888460017350
1.550000              0.00169510304815984753
1.555000              0.00182475634366809428
1.560000              0.00195090784865328002
1.565000              0.00207284550271730596
1.570000              0.00218932532898681977
1.575000              0.00229908665565207527
1.580000              0.00240025667024163772
1.585000              0.00249087694374377231
1.590000              0.00257014659438186549
1.595000              0.00263753959573840950
1.600000              0.00269429162237630254
1.605000              0.00274225773884234506
1.610000              0.00278342827315312914
1.615000              0.00282003327275281599
1.620000              0.00285346733588004572
1.625000              0.00288497828848992104
1.630000              0.00291573222956840235
1.635000              0.00294681885198700951
1.640000              0.00297975980476115638
1.645000              0.00301605729077977303
1.650000              0.00305726363588686460
1.655000              0.00310469159604415471
1.660000              0.00315901452033318878
1.665000              0.00322052663397412106
1.670000              0.00328777077116629681
1.675000              0.00335865067224575247
1.680000              0.00342945770691670520
1.685000              0.00349604877827640109
1.690000              0.00355406980216045392
1.695000              0.00359933013816389480
1.700000              0.00362789128547437705
1.705000              0.00363607481174541133
1.710000              0.00362042525715863166
1.715000              0.00357769576380664303
1.720000              0.00350537707421751891
1.725000              0.00340146303686419960
1.730000              0.00326522023716562752
1.735000              0.00309668385039966890
1.740000              0.00289690109596745351
1.745000              0.00266754878688722167
1.750000              0.00241066143740966679
1.755000              0.00212884496822224366
1.760000              0.00182461162830181733
1.765000              0.00150076631717367204
1.770000              0.00116000777768987128
1.775000              0.00080511980318816059
1.780000              0.00043827565527894559
1.785000              0.00006146840555405425
1.790000             -0.00032432663425550987
1.795000             -0.00071851506288175316
1.800000             -0.00112108808601340030
1.805000             -0.00153239855994965210
1.810000             -0.00195238609314016373
1.815000             -0.00238104911228556853
1.820000             -0.00281751408887545400
1.825000             -0.00326064911262679549
1.830000             -0.00370825983836164247
1.835000             -0.00415782406799647310
1.840000             -0.00460623954725932622
1.845000             -0.00505019048492741894
1.850000             -0.00548635493035529945
1.855000             -0.00591165990636814340
1.860000             -0.00632369016326881934
1.865000             -0.00672030859551941018
1.870000             -0.00709916725636742726
1.875000             -0.00745769661912395760
1.880000             -0.00779210996954952245
1.885000             -0.00809862595552757712
1.890000             -0.00837254791401335387
1.895000             -0.00860986949319932776
1.900000             -0.00880659471494124602
1.905000             -0.00895923524290553018
1.910000             -0.00906461400983312078
1.915000             -0.00911979230753221307
1.920000             -0.00912233721214172379
1.925000             -0.00906970045200560307
1.930000             -0.00896071769832144580
1.935000             -0.00879467571824079503
1.940000             -0.00857280185982238138
1.945000             -0.00829698513810031742
1.950000             -0.00797156242403156655
1.955000             -0.00760105212926746182
1.960000             -0.00719247482404530413
1.965000             -0.00675259623811621905
1.970000             -0.00628873449547978202
1.975000             -0.00580824186639939798
1.980000             -0.00531683556909955547
1.985000             -0.00481975519395335446
1.990000             -0.00432039700322431417
1.995000             -0.00382154346053290277
2.000000             -0.00332429044064307469
2.005000             -0.00282953614664040306
2.010000             -0.00233708553530957101
2.015000             -0.00184646898022911379
2.020000             -0.00135716269731157011
2.025000             -0.00086849345346987452
2.030000             -0.00037995022555058466
2.035000              0.00010899217761579451
2.040000              0.00059823971025984137
2.045000              0.00108754395343166918
2.050000              0.00157591065434055703
2.055000              0.00206210204410249131
2.060000              0.00254450715808900683
2.065000              0.00302133017464477783
2.070000              0.00349056477162263757
2.075000              0.00394995981447468069
2.080000              0.00439763189234768613
2.085000              0.00483166046437524810
2.090000              0.00525052203585411447
2.095000              0.00565292395279972347
2.100000              0.00603754300075862779
2.105000              0.00640333755591618661
2.110000              0.00674992603571920782
2.115000              0.00707728086985409070
2.120000              0.00738620329719561278
2.125000              0.00767804860442653642
2.130000              0.00795470189389775768
2.135000              0.00821869093615761569
2.140000              0.00847282618066023778
2.145000              0.00872012265083506322
2.150000              0.00896382201429090156
2.155000              0.00920728260448062594
2.160000              0.00945379313455604192
2.165000              0.00970702297568061361
2.170000              0.00997027136580666551
2.175000              0.01024649532025155747
2.180000              0.01053834326984406933
2.185000              0.01084770047908232594
2.190000              0.01117561224841451262
2.195000              0.01152238138759728407
2.200000              0.01188692036727935844
2.205000              0.01226697438666966844
2.210000              0.01265953570300281002
2.215000              0.01305990171920858034
2.220000              0.01346348581168727021
2.225000              0.01386505259451648042
2.230000              0.01425953280194358110
2.235000              0.01464181318363106873
2.240000              0.01500687942989451136
2.245000              0.01534986046971368798
2.250000              0.01566560040554947769
2.255000              0.01594896878973566662
2.260000              0.01619548753533765761
2.265000              0.01640081458950009077
2.270000              0.01656204788319241145
2.275000              0.01667735853146509392
2.280000              0.01674589748616427121
2.285000              0.01676782014126550896
2.290000              0.01674455391317276887
2.295000              0.01667806195698005867
2.300000              0.01657101441194081676
2.305000              0.01642619071321389790
2.310000              0.01624624981453173800
2.315000              0.01603391117287100362
2.320000              0.01579036698325473470
2.325000              0.01551679745362958412
2.330000              0.01521259371233420893
2.335000              0.01487667152929638206
2.340000              0.01450655822239451179
2.345000              0.01409941936516268153
2.350000              0.01365091214233112721
2.355000              0.01315634276045093282
2.360000              0.01261087590261618027
2.365000              0.01200944782233002821
2.370000              0.01134874588170510686
2.375000              0.01062589209044057306
2.380000              0.00984003287932051773
2.385000              0.00899115432081432249
2.390000              0.00808082701144422974
2.395000              0.00711223745907754203
2.400000              0.00608914959849312341
2.405000              0.00501658202487376744
2.410000              0.00389972940945026081
2.415000              0.00274452776153085191
2.420000              0.00155711915790782509
2.425000              0.00034399192209006135
2.430000             -0.00088805217622681479
2.435000             -0.00213208947216700058
2.440000             -0.00338188840812031835
2.445000             -0.00463151062269290346
2.450000             -0.00587683711396352199
2.455000             -0.00711462738344890815
2.460000             -0.00834157582264887301
2.465000             -0.00955459416689384208
2.470000             -0.01074898801623482350
2.475000             -0.01191950415071149801
2.480000             -0.01306064806932997167
2.485000             -0.01416686448458751024
2.490000             -0.01523365494201845902
2.495000             -0.01625681035338449876
2.500000             -0.01723296527776664935
2.505000             -0.01815876436472311020
2.510000             -0.01903238804047274399
2.515000             -0.01985256527333384771
2.520000             -0.02061959584371449855
2.525000             -0.02133368878410965563
2.530000             -0.02199546059744461948
2.535000             -0.02260558317892205626
2.540000             -0.02316388218423922479
2.545000             -0.02366889570144741980
2.550000             -0.02411834253359318100
2.555000             -0.02450949065886822570
2.560000             -0.02483984727379412449
2.565000             -0.02510864008016174681
2.570000             -0.02531486783787804951
2.575000             -0.02546213299716222969
2.580000             -0.02555163556162857660
2.585000             -0.02558608217059687995
2.590000             -0.02556598829967496322
2.595000             -0.02549146804373543865
2.600000             -0.02536214280162006271
2.605000             -0.02517754139500738217
2.610000             -0.02493703847345762198
2.615000             -0.02464054967523459164
2.620000             -0.02428899370226658000
2.625000             -0.02388431069355822361
2.630000             -0.02342907525818173006
2.635000             -0.02292672399134854794
2.640000             -0.02238027217412575515
2.645000             -0.02179201486365555523
2.650000             -0.02116344626759300573
2.655000             -0.02049442966897919993
2.660000             -0.01978435137533843605
2.665000             -0.01903098664204191937
2.670000             -0.01823313365316432330
2.675000             -0.01738948193010298598
2.680000             -0.01649822533292475898
2.685000             -0.01555659816017443582
2.690000             -0.01456336693352709884
2.695000             -0.01351577817202425161
2.700000             -0.01241414449728810501
2.705000             -0.01125869642118127074
2.710000             -0.01005359549613797816
2.715000             -0.00880330044519812664
2.720000             -0.00751559423330319144
2.725000             -0.00619790130756041335
2.730000             -0.00485990887070880499
2.735000             -0.00351137216482271105
2.740000             -0.00216139328078802841
2.745000             -0.00081837886770958336
2.750000              0.00051031433731630520
2.755000              0.00181797011252644771
2.760000              0.00309858044860474805
2.765000              0.00434662478266793079
2.770000              0.00555764639316419506
2.775000              0.00672778254660706069
2.780000              0.00785554730249254062
2.785000              0.00894035034015581986
2.790000              0.00998533804822329847
2.795000              0.01099486104946542989
2.800000              0.01197469536117438602
2.805000              0.01293133541350880746
2.810000              0.01386972222445666605
2.815000              0.01479435215971864823
2.820000              0.01570613368009688218
2.825000              0.01660458834308437687
2.830000              0.01748589552213509341
2.835000              0.01834455839609238151
2.840000              0.01917538195189540107
2.845000              0.01997170343390750752
2.850000              0.02072750403295079216
2.855000              0.02143581230672621588
2.860000              0.02208913707103189392
2.865000              0.02268075633540954719
2.870000              0.02320464764738771821
2.875000              0.02365614807228266780
2.880000              0.02403193312951368635
2.885000              0.02433013961605066250
2.890000              0.02454899137386193017
2.895000              0.02468733744497720803
2.900000              0.02474296146848899494
2.905000              0.02471410757894257001
2.910000              0.02459852137035949127
2.915000              0.02439464544131101850
2.920000              0.02410162328667852724
2.925000              0.02371902004602383096
2.930000              0.02324845250485629844
2.935000              0.02269303089946848873
2.940000              0.02205645626781562244
2.945000              0.02134336813087688023
2.950000              0.02055982521193335313
2.955000              0.01971251516393626030
2.960000              0.01880787017519265983
2.965000              0.01785270068266347002
2.970000              0.01685185639598612770
2.975000              0.01580963914655459865
2.980000              0.01472967481996920354
2.985000              0.01361584397897327818
2.990000              0.01247016745042932133
2.995000              0.01129582418512945462
3.000000              0.01009376560541508545
3.005000              0.00886523740933821414
3.010000              0.00761079001277651865
3.015000              0.00633115381357037162
3.020000              0.00502601241721128012
3.025000              0.00369529633893609473
3.030000              0.00233873494854480984
3.035000              0.00095657332879926717
3.040000             -0.00044961718843508733
3.045000             -0.00187766803299394382
3.050000             -0.00332365422382951839
3.055000             -0.00478313169498705872
3.060000             -0.00625059052817502139
3.065000             -0.00772026610668855896
3.070000             -0.00918655634489588813
3.075000             -0.01064401835894908561
3.080000             -0.01208714014434071442
3.085000             -0.01351062560122387804
3.090000             -0.01490864328753085423
3.095000             -0.01627525396821644446
3.100000             -0.01760458756168876288
3.105000             -0.01889066722929573158
3.110000             -0.02012802628843299649
3.115000             -0.02131066555562454931
3.120000             -0.02243334566719018888
3.125000             -0.02349093623771417172
3.130000             -0.02447845974386111609
3.135000             -0.02539138590011760094
3.140000             -0.02622541039581375438
3.145000             -0.02697623946239736253
3.150000             -0.02764107970620878832
3.155000             -0.02821734666636823916
3.160000             -0.02870489969123127261
3.165000             -0.02910429445495676601
3.170000             -0.02941773610104636907
3.175000             -0.02964913680802140281
3.180000             -0.02980203614213181029
3.185000             -0.02988313303884444078
3.190000             -0.02989650784366303798
3.195000             -0.02984776608509703139
3.200000             -0.02974205138688392619
3.205000             -0.02958591089618292647
3.210000             -0.02938471189148104262
3.215000             -0.02914577924953885499
3.220000             -0.02887376843224887663
3.225000             -0.02857447248725246067
3.230000             -0.02825006491321578952
3.235000             -0.02790324977412357230
3.240000             -0.02753361581194373187
3.245000             -0.02714006344703573034
3.250000             -0.02671924087071180648
3.255000             -0.02626677704515711920
3.260000             -0.02577769059741552918
3.265000             -0.02524505060374984677
3.270000             -0.02466215729933262171
3.275000             -0.02402193945480571649
3.280000             -0.02331674693464221709
3.285000             -0.02254014725710139916
3.290000             -0.02168554709884901871
3.295000             -0.02074938970601179419
3.300000             -0.01972920384624680945
3.305000             -0.01862566084689414730
3.310000             -0.01744254128856527822
3.315000             -0.01618585634318694955
3.320000             -0.01486084229228518822
3.325000             -0.01347454966182974959
3.330000             -0.01203159300367484009
3.335000             -0.01053641328042059788
3.340000             -0.00899193044158888045
3.345000             -0.00740134677587598027
3.350000             -0.00576818122519996354
3.355000             -0.00409677049095946710
3.360000             -0.00239178109866668154
3.365000             -0.00065782945436512795
3.370000              0.00110020199551286147
3.375000              0.00287779788169131336
3.380000              0.00466996135977682577
3.385000              0.00647218511909978568
3.390000              0.00827942357680146006
3.395000              0.01008672409596593489
3.400000              0.01188897708146199536
3.405000              0.01368086026580009329
3.410000              0.01545679723853511309
3.415000              0.01721057913305268014
3.420000              0.01893641544605255758
3.425000              0.02062698982114022708
3.430000              0.02227557154733991046
3.435000              0.02387456086079838349
3.440000              0.02541766957383419928
3.445000              0.02689830985515889727
3.450000              0.02831184509098252922
3.455000              0.02965377167482087517
3.460000              0.03092140028032257584
3.465000              0.03211235651655040824
3.470000              0.03322530530920959901
3.475000              0.03426018861708332586
3.480000              0.03521636325146863811
3.485000              0.03609539753955488123
3.490000              0.03689666321922767389
3.495000              0.03762073057343713611
3.500000              0.03826836587263091061
3.505000              0.03884045006039126696
3.510000              0.03933980485851462650
3.515000              0.03976654316320972493
3.520000              0.04012394038454079881
3.525000              0.04041331912029851731
3.530000              0.04063627421377564303
3.535000              0.04079256842840266184
3.540000              0.04088303687549189186
3.545000              0.04090569627226754018
3.550000              0.04085974468702797263
3.555000              0.04074090120675234739
3.560000              0.04054566894468242949
3.565000              0.04026882345656443429
3.570000              0.03990623412965137867
3.575000              0.03945190933846572795
3.580000              0.03890014972870110138
3.585000              0.03824526260988488080
3.590000              0.03748164027690101263
3.595000              0.03660586023169015712
3.600000              0.03561519053992660833
3.605000              0.03450841118335221114
3.610000              0.03328752991418888058
3.615000              0.03195448545605442114
3.620000              0.03051386767364329053
3.625000              0.02897055423663537702
3.630000              0.02733395423376005703
3.635000              0.02561015027942375663
3.640000              0.02380757545721374352
3.645000              0.02193329351455436046
3.650000              0.01999494553465846342
3.655000              0.01799888725781998225
3.660000              0.01595028003914202019
3.665000              0.01385360995890130842
3.670000              0.01171147854321137605
3.675000              0.00952529722333853371
3.680000              0.00729500829256126988
3.685000              0.00501996222747002566
3.690000              0.00269869430839427080
3.695000              0.00032951522669353960
3.700000             -0.00208956088671243293
3.705000             -0.00456054738175907300
3.710000             -0.00708418826761119703
3.715000             -0.00966054506144317822
3.720000             -0.01228791003919696770
3.725000             -0.01496346636313364807
3.730000             -0.01768298992211742027
3.735000             -0.02044160299407064493
3.740000             -0.02323182128686724149
3.745000             -0.02604628027945003754
3.750000             -0.02887405064304685715
3.755000             -0.03170435157262951192
3.760000             -0.03451986772285646488
3.765000             -0.03730168776221640808
3.770000             -0.04002500252575096756
3.775000             -0.04266367772527405317
3.780000             -0.04519053775018674196
3.785000             -0.04758194635441116704
3.790000             -0.04981604514643459686
3.795000             -0.05187389575729508401
3.800000             -0.05374232078497384602
3.805000             -0.05540838155078780386
3.810000             -0.05686247803161811887
3.815000             -0.05809739428511172254
3.820000             -0.05910819201721435184
3.825000             -0.05989181843680956019
3.830000             -0.06044491296657813345
3.835000             -0.06076917259494558909
3.840000             -0.06086483355093821879
3.845000             -0.06073351982645516789
3.850000             -0.06038065645836659251
3.855000             -0.05981089547076332696
3.860000             -0.05903436656064140614
3.865000             -0.05806394683470517126
3.870000             -0.05691655977228294444
3.875000             -0.05561001747790709354
3.880000             -0.05416103785646995267
3.885000             -0.05258668959034581286
3.890000             -0.05089744021933666207
3.895000             -0.04910567577318269983
3.900000             -0.04721775809842020111
3.905000             -0.04524163569170795707
3.910000             -0.04318000738154242207
3.915000             -0.04103510784022777053
3.920000             -0.03880476584409597168
3.925000             -0.03648498493232011503
3.930000             -0.03407046885815133430
3.935000             -0.03155526773883852998
3.940000             -0.02893426303925405313
3.945000             -0.02620088374105866008
3.950000             -0.02335080486604227540
3.955000             -0.02037775795825511743
3.960000             -0.01728082174959015213
3.965000             -0.01405712907289513071
3.970000             -0.01070914953890713880
3.975000             -0.00723957013431193730
3.980000             -0.00365479188902721394
3.985000              0.00003693190215147568
3.990000              0.00382075744958956754
3.995000              0.00767922535978645890
4.000000              0.01158106877096994926
4.005000              0.01549081476608344873
4.010000              0.01936578867932291573
4.015000              0.02316038620123802780
4.020000              0.02683069414634057376
4.025000              0.03033257809413937925
4.030000              0.03363125466511591305
4.035000              0.03669478252425363574
4.040000              0.03950325705725255682
4.045000              0.04204277058588605509
4.050000              0.04430608678051226046
4.055000              0.04628859586211992588
4.060000              0.04799628497397395027
4.065000              0.04943854221517980652
4.070000              0.05063377253253697335
4.075000              0.05160689577055554284
4.080000              0.05238578958746147041
4.085000              0.05300223704879718223
4.090000              0.05348894853447196812
4.095000              0.05387935014864046052
4.100000              0.05419917818555954059
4.105000              0.05447216796236535596
4.110000              0.05471084122287417362
4.115000              0.05492454748353698540
4.120000              0.05511474881649296165
4.125000              0.05527869311950176640
4.130000              0.05540511053373934486
4.135000              0.05547887388250184737
4.140000              0.05547912524746501095
4.145000              0.05538058348627884764
4.150000              0.05515890399441548964
4.155000              0.05478434487699569699
4.160000              0.05423028248518615285
4.165000              0.05346888353624099782
4.170000              0.05248201252937391426
4.175000              0.05125448715915926351
4.180000              0.04978839497999072716
4.185000              0.04809266222014250969
4.190000              0.04618899441953782520
4.195000              0.04410536002848860354
4.200000              0.04187468685003743751
4.205000              0.03953106405556151143
4.210000              0.03711187863985037499
4.215000              0.03465429606386085520
4.220000              0.03219628411282079994
4.225000              0.02977373141336876403
4.230000              0.02742248691665527885
4.235000              0.02517618381332096048
4.240000              0.02306438618794568601
4.245000              0.02111171795357839540
4.250000              0.01933501489562925238
4.255000              0.01774483038334467855
4.260000              0.01633914978952543534
4.265000              0.01510892942318999184
4.270000              0.01402656551300018178
4.275000              0.01305670094903059464
4.280000              0.01215329864674182143
4.285000              0.01126567530715384333
4.290000              0.01035059093996108445
4.295000              0.00936676123098169854
4.300000              0.00828262191846041058
4.305000              0.00707147709309425155
4.310000              0.00571690536954732285
4.315000              0.00420856356478233745
4.320000              0.00254509920352691916
4.325000              0.00073179558019334783
4.330000             -0.00121794362153775657
4.335000             -0.00328516860954509516
4.340000             -0.00544829537378624645
4.345000             -0.00768288873900642433
4.350000             -0.00996642244425239091
4.355000             -0.01227662272809496719
4.360000             -0.01459256279271387187
4.365000             -0.01689587205639564438
4.370000             -0.01916891621325612916
4.375000             -0.02139854779094085835
4.380000             -0.02357543683112007724
4.385000             -0.02569447035638296531
4.390000             -0.02775614326340068369
4.395000             -0.02976536743934955417
4.400000             -0.03173083193424998394
4.405000             -0.03366364066168808789
4.410000             -0.03557609530975839457
4.415000             -0.03748024934644345052
4.420000             -0.03938690281426011908
4.425000             -0.04130340603705416613
4.430000             -0.04323449775800747991
4.435000             -0.04517845064319107179
4.440000             -0.04712921656651118674
4.445000             -0.04907527724292626292
4.450000             -0.05100026861663203848
4.455000             -0.05288235901765735159
4.460000             -0.05470098493878099155
4.465000             -0.05643461135440093479
4.470000             -0.05806309373521183204
4.475000             -0.05956705888991410680
4.480000             -0.06093327097565260503
4.485000             -0.06214798084748901497
4.490000             -0.06320411022910325805
4.495000             -0.06409884623653076818
4.500000             -0.06483284518009305164
4.505000             -0.06541636285973427556
4.510000             -0.06586192835064902384
4.515000             -0.06618855145313602695
4.520000             -0.06641744502471304268
4.525000             -0.06657405372623445561
4.530000             -0.06667856551684804567
4.535000             -0.06675355624019138623
4.540000             -0.06681517360285729734
4.545000             -0.06687811649199908171
4.550000             -0.06695477513102079947
4.555000             -0.06705067972659148334
4.560000             -0.06717281516082426740
4.565000             -0.06732030385984730247
4.570000             -0.06749127387998210548
4.575000             -0.06767898601489628907
4.580000             -0.06787351994767876207
4.585000             -0.06806340603153065993
4.590000             -0.06823468896789665339
4.595000             -0.06836895727915739962
4.600000             -0.06845270520475588150
4.605000             -0.06847237325189409196
4.610000             -0.06841518713361119386
4.615000             -0.06827237998393387297
4.620000             -0.06803669527705542841
4.625000             -0.06770618293849570146
4.630000             -0.06728138733429039897
4.635000             -0.06676395587850721125
4.640000             -0.06615958263411393647
4.645000             -0.06547635266883912453
4.650000             -0.06472139443561664152
4.655000             -0.06390338515463198088
4.660000             -0.06303062104284591627
4.665000             -0.06210676871098392421
4.670000             -0.06113657178317338098
4.675000             -0.06011860020132187704
4.680000             -0.05905226219810395111
4.685000             -0.05793186128211975927
4.690000             -0.05674815324375151460
4.695000             -0.05548866969593206633
4.700000             -0.05413867543066543109
4.705000             -0.05268328507378879089
4.710000             -0.05110686673510540790
4.715000             -0.04939772070366027501
4.720000             -0.04754516601201331377
4.725000             -0.04554152346801609852
4.730000             -0.04337683763576596213
4.735000             -0.04104527049919980131
4.740000             -0.03854232630457763570
4.745000             -0.03586900560924183301
4.750000             -0.03302633241098588968
4.755000             -0.03002018008165117588
4.760000             -0.02685749688823251685
4.765000             -0.02354697410206850819
4.770000             -0.02009943997970848814
4.775000             -0.01652508411957913023
4.780000             -0.01283536412833210551
4.785000             -0.00903972520302661481
4.790000             -0.00514572856399790005
4.795000             -0.00115748851404474506
4.800000              0.00292514292177444490
4.805000              0.00710594546724952879
4.810000              0.01139149225422682321
4.815000              0.01579097865205479276
4.820000              0.02031710811608238021
4.825000              0.02498399935874324324
4.830000              0.02980633506876195424
4.835000              0.03479807158589131449
4.840000              0.03997347292083015119
4.845000              0.04534396490211269753
4.850000              0.05091591516611632812
4.855000              0.05669638960583293225
4.860000              0.06269026284922558923
4.865000              0.06889790336547213512
4.870000              0.07531852544259848292
4.875000              0.08194656987853164709
4.880000              0.08877184705864840653
4.885000              0.09578069420467182071
4.890000              0.10296063704571099817
4.895000              0.11030144600093549911
4.900000              0.11779481519213327867
4.905000              0.12543217441619897157
4.910000              0.13322788370576046924
4.915000              0.14119539389993610023
4.920000              0.14933670733255280383
4.925000              0.15766115999597415942
4.930000              0.16618615620534077371
4.935000              0.17491285931824715472
4.940000              0.18384493584557135004
4.945000              0.19297719154171913414
4.950000              0.20228637829079551547
4.955000              0.21173903707611335667
4.960000              0.22125428417305062490
4.965000              0.23073347869493945894
4.970000              0.24008233763710032371
4.975000              0.24920367807606486066
4.980000              0.25803020560446615628
4.985000              0.26650159190523170505
4.990000              0.27456726763051547691
4.995000              0.28217783575272925578
5.000000              0.28928716017319938691
5.005000              0.29585280147573289611
5.010000              0.30184305976919789671
5.015000              0.30721623195288838559
5.020000              0.31195824948008565869
5.025000              0.31603896724444685562
5.030000              0.31944275837234603621
5.035000              0.32215106642723356778
5.040000              0.32415119280487791897
5.045000              0.32544113079765651930
5.050000              0.32602921969279546888
5.055000              0.32592220398501259293
5.060000              0.32514547940012883398
5.065000              0.32376150076007831347
5.070000              0.32177882853397915541
5.075000              0.31928235855857639569
5.080000              0.31632855261685821624
5.085000              0.31300148664672822196
5.090000              0.30938084124267639652
5.095000              0.30555588636090547094
5.100000              0.30160020886680877217
5.105000              0.29758607616942001073
5.110000              0.29357748455118692910
5.115000              0.28964689510276858675
5.120000              0.28577949032187460743
5.125000              0.28202726037872200004
5.130000              0.27838039149821963703
5.135000              0.27484994044162741611
5.140000              0.27141053306334972373
5.145000              0.26804811913890358444
5.150000              0.26473442904038907431
5.155000              0.26144609721103034827
5.160000              0.25814104165101531274
5.165000              0.25477924810749053020
5.170000              0.25131546714904656747
5.175000              0.24770861020000445318
5.180000              0.24393252142502852564
5.185000              0.23997157293980544979
5.190000              0.23582778207957572070
5.195000              0.23150730600559563110
5.200000              0.22702465774119795494
5.205000              0.22239238492896645782
5.210000              0.21762818553697579893
5.215000              0.21274811137294596941
5.220000              0.20777059580976889319
5.225000              0.20271126141776429908
5.230000              0.19758488003018509493
5.235000              0.19240194141640268310
5.240000              0.18718095677283996814
5.245000              0.18192813990161746385
5.250000              0.17666354844462589524
5.255000              0.17139456035797284716
5.260000              0.16613542386130406014
5.265000              0.16089814514394562561
5.270000              0.15570233760680812773
5.275000              0.15056351328475608975
5.280000              0.14550635805091788333
5.285000              0.14055316696219066763
5.290000              0.13573576660815642181
5.295000              0.13108167492227582041
5.300000              0.12662341308559338371
5.305000              0.12239764796620722365
5.310000              0.11842988968414301654
5.315000              0.11475264438865694083
5.320000              0.11139485149618823245
5.325000              0.10838692220711142189
5.330000              0.10575633794962233103
5.335000              0.10352897195285913623
5.340000              0.10172323196414147228
5.345000              0.10035857058562759614
5.350000              0.09944611083629756321
5.355000              0.09899717456222230372
5.360000              0.09901573953347241053
5.365000              0.09950645994361981272
5.370000              0.10045559870265778624
5.375000              0.10184385103976920095
5.380000              0.10366455658999443323
5.385000              0.10587626561600119168
5.390000              0.10845757108026221616
5.395000              0.11136712155064044938
5.400000              0.11456926626750232878
5.405000              0.11802826168731175849
5.410000              0.12170855166986629947
5.415000              0.12557962739416270170
5.420000              0.12961568101301887412
5.425000              0.13379578346409040646
5.430000              0.13810253241929687507
5.435000              0.14253212365326481392
5.440000              0.14708466014550014567
5.445000              0.15176536391982178853
5.450000              0.15658386091171472287
5.455000              0.16154496350598293586
5.460000              0.16665612236429167003
5.465000              0.17191965590840499467
5.470000              0.17732775265523520458
5.475000              0.18286893877574741940
5.480000              0.18851977307354395030
5.485000              0.19424724256100106556
5.490000              0.20002005652533438873
5.495000              0.20580064374474735245
5.500000              0.21155882333610392942
5.505000              0.21725230690335378680
5.510000              0.22284846159963200840
5.515000              0.22830465863824966899
5.520000              0.23359127222008685409
5.525000              0.23867897495605064351
5.530000              0.24354057595050962459
5.535000              0.24815664382278976308
5.540000              0.25250724261660950631
5.545000              0.25658096623244058820
5.550000              0.26037141945950381672
5.555000              0.26387658894005111554
5.560000              0.26710458840677708814
5.565000              0.27006620839933648259
5.570000              0.27277287200696759273
5.575000              0.27524120745651814435
5.580000              0.27750591713083955225
5.585000              0.27958105045240722042
5.590000              0.28149783248439824712
5.595000              0.28327596909557850591
5.600000              0.28493908910212673025
5.605000              0.28649511550939488203
5.610000              0.28796367625103463928
5.615000              0.28935815510425194619
5.620000              0.29068112389855399469
5.625000              0.29193803914156257751
5.630000              0.29313166378282629054
5.635000              0.29425764389562175660
5.640000              0.29530326178703031337
5.645000              0.29626638008039757333
5.650000              0.29712431888918250378
5.655000              0.29786666354713675631
5.660000              0.29847227940477155661
5.665000              0.29891771335420591615
5.670000              0.29918299937517828235
5.675000              0.29924485724577049028
5.680000              0.29908220020438169851
5.685000              0.29868031339486905695
5.690000              0.29802521587397839964
5.695000              0.29711471962060947982
5.700000              0.29594424859653556403
5.705000              0.29450592236149680803
5.710000              0.29280467062500586950
5.715000              0.29084734519701843647
5.720000              0.28865300595048670740
5.725000              0.28622896817000575975
5.730000              0.28358817025009053214
5.735000              0.28075041469808609262
5.740000              0.27772728255941336872
5.745000              0.27452835624015103910
5.750000              0.27116920068653671549
5.755000              0.26765115482539936220
5.760000              0.26398565310249078042
5.765000              0.26017069578563828403
5.770000              0.25620915181641612524
5.775000              0.25209270565850977475
5.780000              0.24783183383803722433
5.785000              0.24340490710660211970
5.790000              0.23882897461575622322
5.795000              0.23410198389623618209
5.800000              0.22924117509288208239
5.805000              0.22425111139142667183
5.810000              0.21915935155728905048
5.815000              0.21398864357296512595
5.820000              0.20876071335703405563
5.825000              0.20350131424571046845
5.830000              0.19823667868546071547
5.835000              0.19299879834731403783
5.840000              0.18780994280871735058
5.845000              0.18269877606527759606
5.850000              0.17767712416599565350
5.855000              0.17276386410306454611
5.860000              0.16796877877131535794
5.865000              0.16329706821505476921
5.870000              0.15875301939273939178
5.875000              0.15434123359492815664
5.880000              0.15005993853953578099
5.885000              0.14591760214314736244
5.890000              0.14189887075878751532
5.895000              0.13801349159192854987
5.900000              0.13425958750987243562
5.905000              0.13063549179912306575
5.910000              0.12713938207662384139
5.915000              0.12376937729118381304
5.920000              0.12052847822781606602
5.925000              0.11740906559226210737
5.930000              0.11441446157710039033
5.935000              0.11154170589493821175
5.940000              0.10879372387732311189
5.945000              0.10617239832312157233
5.950000              0.10368532276390141078
5.955000              0.10133571097775725955
5.960000              0.09913313633986127471
5.965000              0.09708408706421066403
5.970000              0.09519473726575904127
5.975000              0.09347254486149189634
5.980000              0.09191993707829332338
5.985000              0.09053956617367750481
5.990000              0.08933068766055284049
5.995000              0.08829282568030938361
6.000000              0.08742560516251227098
6.005000              0.08672715771498999693
6.010000              0.08619736428504674863
6.015000              0.08583873906996179748
6.020000              0.08565137952079594774
6.025000              0.08562956403097923830
6.030000              0.08577932703703350370
6.035000              0.08608530069071397561
6.040000              0.08654821272146863420
6.045000              0.08715501090753327573
6.050000              0.08789987483917453825
6.055000              0.08877767626938065648
6.060000              0.08978349075519592715
6.065000              0.09091721144113081021
6.070000              0.09217954540447660661
6.075000              0.09357626752865459696
6.080000              0.09510699245525448819
6.085000              0.09678293260821251021
6.090000              0.09861007728735726729
6.095000              0.10060111401642243822
6.100000              0.10276609417413468117
6.105000              0.10511542057535598615
6.110000              0.10765690117476600651
6.115000              0.11039981242301059872
6.120000              0.11334423483840198876
6.125000              0.11649661983790067510
6.130000              0.11985157401544307976
6.135000              0.12340425270319653472
6.140000              0.12714475333371871857
6.145000              0.13106087272732783178
6.150000              0.13513639824620513052
6.155000              0.13935046417560562060
6.160000              0.14367862625674637789
6.165000              0.14809344138073965436
6.170000              0.15256627049917251271
6.175000              0.15706705779208179896
6.180000              0.16156997055155064569
6.185000              0.16604832888074241848
6.190000              0.17048551952580989766
6.195000              0.17486156877210826122
6.200000              0.17916668433735175037
6.205000              0.18338985382659650503
6.210000              0.18752872734523573506
6.215000              0.19158132730716712078
6.220000              0.19556067983685354594
6.225000              0.19946745396050577503
6.230000              0.20331238611428811836
6.235000              0.20710714305286306858
6.240000              0.21085834126460287208
6.245000              0.21457624479213766033
6.250000              0.21825851958403524877
6.255000              0.22191950706637439406
6.260000              0.22555387074267138625
6.265000              0.22916663267060813358
6.270000              0.23274795728280894824
6.275000              0.23629547635546807594
6.280000              0.23979995670129405916
6.285000              0.24325425720801976959
6.290000              0.24663771061524192296
6.295000              0.24994222663766038628
6.300000              0.25315702935294820408
6.305000              0.25625981257493496424
6.310000              0.25923307187850996858
6.315000              0.26206612522559558087
6.320000              0.26473528795981721151
6.325000              0.26722251590774098728
6.330000              0.26951324945531845989
6.335000              0.27158393519505663605
6.340000              0.27342099828052462973
6.345000              0.27501388879555899170
6.350000              0.27635082537779759315
6.355000              0.27742191233168439490
6.360000              0.27822106595212664493
6.365000              0.27873825151672815270
6.370000              0.27897241513929338375
6.375000              0.27891326123366771972
6.380000              0.27855453121845552555
6.385000              0.27788971181344718220
6.390000              0.27691176975490761070
6.395000              0.27561329604696266360
6.400000              0.27398815369965978661
6.405000              0.27203385076651370733
6.410000              0.26974168072154314224
6.415000              0.26711064704417269988
6.420000              0.26414184267816198659
6.425000              0.26083457614638028144
6.430000              0.25719966965929885738
6.435000              0.25323647141594318732
6.440000              0.24896179313776170550
6.445000              0.24438512264236009197
6.450000              0.23952605394672124572
6.455000              0.23439979530049384615
6.460000              0.22902438066659139282
6.465000              0.22341478881262336054
6.470000              0.21759350339691940768
6.475000              0.21157293653076755802
6.480000              0.20536979876306704629
6.485000              0.19900009877512461753
6.490000              0.19247678323084455032
6.495000              0.18581693556442874238
6.500000              0.17903372464274083797
6.505000              0.17214052783360991872
6.510000              0.16514388099950721989
6.515000              0.15804764102794796599
6.520000              0.15085534365057648443
6.525000              0.14356890753205464595
6.530000              0.13619262194955744638
6.535000              0.12871215150326581478
6.540000              0.12114672204843196512
6.545000              0.11348966054383861912
6.550000              0.10576337972512767083
6.555000              0.09798252238033690331
6.560000              0.09016279415564640298
6.565000              0.08232856290660767185
6.570000              0.07449775370018352216
6.575000              0.06670146293971505880
6.580000              0.05895082495517393883
6.585000              0.05126426874535019301
6.590000              0.04365594760775635963
6.595000              0.03616544969685173833
6.600000              0.02880491273228277457
6.605000              0.02159437097840609041
6.610000              0.01455720645363186259
6.615000              0.00771571585531941051
6.620000              0.00109661859001721623
6.625000             -0.00527474010585452738
6.630000             -0.01137429065769600921
6.635000             -0.01717782150106215294
6.640000             -0.02266060244309948263
6.645000             -0.02779964512926534972
6.650000             -0.03257322185406684445
6.655000             -0.03696030826693617877
6.660000             -0.04094457516087773863
6.665000             -0.04451142590574910796
6.670000             -0.04764962266775505523
6.675000             -0.05034719477975283658
6.680000             -0.05259744807312727310
6.685000             -0.05439583659491774303
6.690000             -0.05574625026094544300
6.695000             -0.05665998419628979349
6.700000             -0.05713343192347025701
6.705000             -0.05719212978988848922
6.710000             -0.05684257699716825651
6.715000             -0.05611277054814547277
6.720000             -0.05502288964012181510
6.725000             -0.05359664728662027339
6.730000             -0.05186134929308662544
6.735000             -0.04984368402821831578
6.740000             -0.04756187064298043887
6.745000             -0.04503906097141105458
6.750000             -0.04228955634479185377
6.755000             -0.03932357498232948168
6.760000             -0.03615331004718369545
6.765000             -0.03278387944977471935
6.770000             -0.02922286958775937790
6.775000             -0.02547549572682564559
6.780000             -0.02154577780257801306
6.785000             -0.01743897139339042890
6.790000             -0.01315691567396713550
6.795000             -0.00870414354696038249
6.800000             -0.00408563336880081712
6.805000              0.00068990458141813149
6.810000              0.00560979060389292950
6.815000              0.01065741548878215705
6.820000              0.01581382342919749467
6.825000              0.02105665607729206162
6.830000              0.02636334526832595504
6.835000              0.03170941897952037070
6.840000              0.03707268921673846640
6.845000              0.04243179609234355720
6.850000              0.04777275171798577719
6.855000              0.05308616607760194284
6.860000              0.05836743454018047950
6.865000              0.06361720526268742348
6.870000              0.06883915598435930150
6.875000              0.07403933140408804070
6.880000              0.07923288926131716314
6.885000              0.08442972079746069447
6.890000              0.08964380073059839693
6.895000              0.09488812680928387921
6.900000              0.10017159374336735700
6.905000              0.10550099319114189522
6.910000              0.11087517718979017500
6.915000              0.11628990231927104071
6.920000              0.12173423173677662412
6.925000              0.12719339191392026178
6.930000              0.13265697568833026421
6.935000              0.13810909487743472379
6.940000              0.14353375813683938444
6.945000              0.14891896298926843301
6.950000              0.15424557266220859097
6.955000              0.15949836294137065273
6.960000              0.16466060233038135041
6.965000              0.16971767357144557087
6.970000              0.17465397629514869959
6.975000              0.17945054581920211190
6.980000              0.18408362670598385491
6.985000              0.18854833928737416149
6.990000              0.19281916289126443953
6.995000              0.19688300263052482819
7.000000              0.20073127487754466314
7.005000              0.20435708209439468197
7.010000              0.20776306207319283903
7.015000              0.21094293460765672910
7.020000              0.21390536170695545470
7.025000              0.21664942302146780739
7.030000              0.21918480231627998633
7.035000              0.22151561797639571227
7.040000              0.22365675451420077846
7.045000              0.22561603188230675010
7.050000              0.22740934863612799477
7.055000              0.22903948038184376856
7.060000              0.23052497892770396071
7.065000              0.23187158105447142065
7.070000              0.23308481111996470769
7.075000              0.23416570843096926047
7.080000              0.23511513914298662331
7.085000              0.23593159090033025138
7.090000              0.23661100433633674989
7.095000              0.23714415240113809191
7.100000              0.23751912153850704423
7.105000              0.23772402927452349064
7.110000              0.23774643568208084221
7.115000              0.23757128458154200268
7.120000              0.23718473160703054670
7.125000              0.23657227339153613643
7.130000              0.23571929765307894633
7.135000              0.23460609470980200997
7.140000              0.23321950940433380794
7.145000              0.23154324314687541042
7.150000              0.22956994345465894791
7.155000              0.22729139418144361784
7.160000              0.22470320182318315183
7.165000              0.22181221962451522223
7.170000              0.21861748240814701805
7.175000              0.21513430852487999689
7.180000              0.21135953336736801322
7.185000              0.20731073792982107618
7.190000              0.20299581228711610636
7.195000              0.19842721185955269902
7.200000              0.19361402868948676681
7.205000              0.18857261428657498548
7.210000              0.18331275013088171866
7.215000              0.17784509728100769688
7.220000              0.17217559585223660146
7.225000              0.16631008294463092700
7.230000              0.16025222328583152431
7.235000              0.15400812572029098924
7.240000              0.14757946138728478269
7.245000              0.14096871395928287085
7.250000              0.13417982660060301381
7.255000              0.12721345167607259197
7.260000              0.12006395063013332314
7.265000              0.11273105466012502129
7.270000              0.10521354580106856424
7.275000              0.09750772271629233601
7.280000              0.08961428888301656293
7.285000              0.08153293441922607188
7.290000              0.07326949827753254096
7.295000              0.06483368826203451951
7.300000              0.05623339421030247587
7.305000              0.04748795432239497072
7.310000              0.03860712722392528606
7.315000              0.02960864591837482351
7.320000              0.02050161385533549180
7.325000              0.01129938262944614816
7.330000              0.00201469874346818772
7.335000             -0.00735637068451529264
7.340000             -0.01680920324584238984
7.345000             -0.02633530118920508062
7.350000             -0.03592141068605109872
7.355000             -0.04555975875357443777
7.360000             -0.05524259237312913184
7.365000             -0.06495868406431568043
7.370000             -0.07469811370064054212
7.375000             -0.08444718252009728032
7.380000             -0.09419016711131437958
7.385000             -0.10391521707437166577
7.390000             -0.11360465401558508813
7.395000             -0.12324843519723746588
7.400000             -0.13282703613721419389
7.405000             -0.14232473004620496693
7.410000             -0.15172678055644051032
7.415000             -0.16101938470791662961
7.420000             -0.17018073207899039878
7.425000             -0.17919760058625400223
7.430000             -0.18805115321104989845
7.435000             -0.19673305213267477942
7.440000             -0.20521944514113243940
7.445000             -0.21349720603795849239
7.450000             -0.22154441821149692404
7.455000             -0.22934733542514973426
7.460000             -0.23688545830288917915
7.465000             -0.24414398729861228055
7.470000             -0.25111218534097418109
7.475000             -0.25777966841816579713
7.480000             -0.26414068543436891590
7.485000             -0.27018907190049912259
7.490000             -0.27591516990737080528
7.495000             -0.28131693339609126214
7.500000             -0.28639195955724583431
7.505000             -0.29113954431208460827
7.510000             -0.29556422974227436473
7.515000             -0.29966126460593350833
7.520000             -0.30343649574589010021
7.525000             -0.30688982655240770736
7.530000             -0.31002078864741350328
7.535000             -0.31283382903822259946
7.540000             -0.31532370020741212757
7.545000             -0.31749708158512507383
7.550000             -0.31934428384204532891
7.555000             -0.32086393949084263122
7.560000             -0.32205222714285747232
7.565000             -0.32290668286131296583
7.570000             -0.32342149787269008909
7.575000             -0.32358228668946664719
7.580000             -0.32340573532780991783
7.585000             -0.32287813999819880983
7.590000             -0.32201263795216422681
7.595000             -0.32080625273008334108
7.600000             -0.31926641022139734538
7.605000             -0.31739868679051547184
7.610000             -0.31522163055092233819
7.615000             -0.31274688104777448316
7.620000             -0.30999793581954215860
7.625000             -0.30699091929362487541
7.630000             -0.30376095138967063036
7.635000             -0.30034574242847184022
7.640000             -0.29677826367717535794
7.645000             -0.29310314499543471678
7.650000             -0.28935241602794992133
7.655000             -0.28555849836872487790
7.660000             -0.28174998268821316305
7.665000             -0.27794384734832772166
7.670000             -0.27415736482860758594
7.675000             -0.27040513185112302619
7.680000             -0.26669758619392736065
7.685000             -0.26303907148461275201
7.690000             -0.25943760584718933426
7.695000             -0.25589951518616987913
7.700000             -0.25242941823553388669
7.705000             -0.24903405686694102261
7.710000             -0.24571642029510831762
7.715000             -0.24248446162808431903
7.720000             -0.23933500682947131399
7.725000             -0.23628606415160405274
7.730000             -0.23333398476391903342
7.735000             -0.23049031798149305361
7.740000             -0.22775394995963202383
7.745000             -0.22513619686122957053
7.750000             -0.22263778817038143432
7.755000             -0.22026521200410700829
7.760000             -0.21801732042233643027
7.765000             -0.21590043298785407955
7.770000             -0.21390940674911265718
7.775000             -0.21204977813336023384
7.780000             -0.21031078270460368262
7.785000             -0.20868497634235413929
7.790000             -0.20716801233452114550
7.795000             -0.20574681463095589873
7.800000             -0.20441407000009956252
7.805000             -0.20315857386394109430
7.810000             -0.20196993666387766386
7.815000             -0.20083696916306964519
7.820000             -0.19975217586738991393
7.825000             -0.19870205211055128047
7.830000             -0.19767957134205865755
7.835000             -0.19667724643778611293
7.840000             -0.19569082844769616902
7.845000             -0.19471630144591497991
7.850000             -0.19375059976142719464
7.855000             -0.19279199865351012710
7.860000             -0.19183507073534733500
7.865000             -0.19088048791169798246
7.870000             -0.18992753946029003465
7.875000             -0.18897606013672912928
7.880000             -0.18802712441513066977
7.885000             -0.18708263904754154905
7.890000             -0.18614539571256527584
7.895000             -0.18521586866294925677
7.900000             -0.18429607381804169464
7.905000             -0.18338418994819144503
7.910000             -0.18248015499429276476
7.915000             -0.18158204623568272029
7.920000             -0.18068728738116432431
7.925000             -0.17979419066649099390
7.930000             -0.17889972354129407561
7.935000             -0.17799981470811371276
7.940000             -0.17708888123006225057
7.945000             -0.17616395747498325708
7.950000             -0.17521879294531614302
7.955000             -0.17424936656454786954
7.960000             -0.17324893968617549600
7.965000             -0.17221468907447817775
7.970000             -0.17114431511360797544
7.975000             -0.17002931665465581546
7.980000             -0.16887317680762650718
7.985000             -0.16767137011581118022
7.990000             -0.16643766418356426007
7.995000             -0.16518437088760343223
8.000000             -0.16392951768584862471
8.005000             -0.16269155295973700137
8.010000             -0.16149243753471964613
8.015000             -0.16035188612592762847
8.020000             -0.15928856649637657128
8.025000             -0.15832457251568132772
8.030000             -0.15747873877523219099
8.035000             -0.15677268011190362285
8.040000             -0.15622557383832919031
8.045000             -0.15585545822209140310
8.050000             -0.15567285694271545959
8.055000             -0.15568958647590458444
8.060000             -0.15591187858183608306
8.065000             -0.15634283754663924615
8.070000             -0.15698485069894840827
8.075000             -0.15784024617314132422
8.080000             -0.15890647862845269644
8.085000             -0.16018149807919263017
8.090000             -0.16166327435980021310
8.095000             -0.16334594637465182920
8.100000             -0.16522533507151013210
8.105000             -0.16729314328747710294
8.110000             -0.16954282294058575786
8.115000             -0.17196703026709761475
8.120000             -0.17455538513975363268
8.125000             -0.17730209208035474511
8.130000             -0.18019369075702551530
8.135000             -0.18322058000827864954
8.140000             -0.18637360848973918981
8.145000             -0.18964602670550775865
8.150000             -0.19303011896258243096
8.155000             -0.19652267223137204200
8.160000             -0.20011931165294283286
8.165000             -0.20381702326492970312
8.170000             -0.20761124507519468363
8.175000             -0.21149084442400051254
8.180000             -0.21544581858110253836
8.185000             -0.21946025971703286839
8.190000             -0.22351587009968218456
8.195000             -0.22759125644383379483
8.200000             -0.23165628410277747107
8.205000             -0.23568343864910443197
8.210000             -0.23963958145225733309
8.215000             -0.24349223870914729617
8.220000             -0.24720970421142199336
8.225000             -0.25075889521559208140
8.230000             -0.25411272154055586370
8.235000             -0.25724163005396921688
8.240000             -0.26012484615028991231
8.245000             -0.26274750893075310421
8.250000             -0.26508867982413314435
8.255000             -0.26714262857606474455
8.260000             -0.26889232239548382930
8.265000             -0.27033198567041749616
8.270000             -0.27146189580537399832
8.275000             -0.27227502042002221794
8.280000             -0.27277713279180831885
8.285000             -0.27297061419755103140
8.290000             -0.27286470244515176331
8.295000             -0.27247024873287456481
8.300000             -0.27180072072776895187
8.305000             -0.27087075813918576328
8.310000             -0.26969401284181143685
8.315000             -0.26828335365810845881
8.320000             -0.26666213108801389842
8.325000             -0.26483197038258554645
8.330000             -0.26281284075597233230
8.335000             -0.26060982088521328359
8.340000             -0.25823423869664419161
8.345000             -0.25568927415966796746
8.350000             -0.25297837858882105122
8.355000             -0.25009902206425849158
8.360000             -0.24705067912057596113
8.365000             -0.24382886054029812017
8.370000             -0.24043390124728020174
8.375000             -0.23686171947946985106
8.380000             -0.23311700155214273855
8.385000             -0.22919795792180280847
8.390000             -0.22512021753922970002
8.395000             -0.22088005235890256772
8.400000             -0.21649948867469726022
8.405000             -0.21198869738395031970
8.410000             -0.20736674790291362291
8.415000             -0.20265391770335308697
8.420000             -0.19787524488018587432
8.425000             -0.19306341896141299141
8.430000             -0.18824622205488564242
8.435000             -0.18345852107669713416
8.440000             -0.17872868289889845550
8.445000             -0.17408593779304229465
8.450000             -0.16955553848657772820
8.455000             -0.16515600186892417933
8.460000             -0.16090387695879876384
8.465000             -0.15681435456115191962
8.470000             -0.15289417813789074607
8.475000             -0.14914785256965557014
8.480000             -0.14557624695469240095
8.485000             -0.14218153735391536596
8.490000             -0.13896189647292575553
8.495000             -0.13591607489793286478
8.500000             -0.13304240149735963028
8.505000             -0.13034108617796524854
8.510000             -0.12781352442614427045
8.515000             -0.12545872862497600697
8.520000             -0.12327767182861180950
8.525000             -0.12127592097011621886
8.530000             -0.11945546856934206870
8.535000             -0.11782498649905159827
8.540000             -0.11639094702346147736
8.545000             -0.11515996721313717654
8.550000             -0.11414065528075791056
8.555000             -0.11334411758445379903
8.560000             -0.11278104007667442976
8.565000             -0.11246343020285125280
8.570000             -0.11240170324707243754
8.575000             -0.11260679920932102627
8.580000             -0.11308819332766845145
8.585000             -0.11385169826027520534
8.590000             -0.11489882577049778667
8.595000             -0.11622887294363815069
8.600000             -0.11783745934513389919
8.605000             -0.11971064221331877142
8.610000             -0.12184139371745132674
8.615000             -0.12420999354592786312
8.620000             -0.12680391358032375160
8.625000             -0.12960591891083020344
8.630000             -0.13260094311240577802
8.635000             -0.13577429730225196169
8.640000             -0.13911350579684170214
8.645000             -0.14260592930461005179
8.650000             -0.14624367642168586978
8.655000             -0.15001729824410511838
8.660000             -0.15392137878464565159
8.665000             -0.15795008854616818250
8.670000             -0.16209711792277234355
8.675000             -0.16635204754694860041
8.680000             -0.17070300311493549761
8.685000             -0.17513403847320044293
8.690000             -0.17962588014462974040
8.695000             -0.18415838084643851302
8.700000             -0.18870953153802538793
8.705000             -0.19325532745579945826
8.710000             -0.19776855412886990004
8.715000             -0.20222326387650488289
8.720000             -0.20658833092395020858
8.725000             -0.21083569888090680777
8.730000             -0.21493644108657844471
8.735000             -0.21886313699875487027
8.740000             -0.22259121673090706550
8.745000             -0.22609407978587717225
8.750000             -0.22935486063654814126
8.755000             -0.23234967649309540283
8.760000             -0.23507126932823321774
8.765000             -0.23750471256240918150
8.770000             -0.23964390298407603486
8.775000             -0.24148568754127927583
8.780000             -0.24302766087626734293
8.785000             -0.24427267450695380746
8.790000             -0.24523473208298848802
8.795000             -0.24592930661645107104
8.800000             -0.24637941926810183468
8.805000             -0.24661187242337870296
8.810000             -0.24665062099827619879
8.815000             -0.24652199647709210906
8.820000             -0.24624155563557797999
8.825000             -0.24582978213084433206
8.830000             -0.24529848931340447749
8.835000             -0.24466533468899231973
8.840000             -0.24393762212757430508
8.845000             -0.24312586829586313453
8.850000             -0.24223714125328621449
8.855000             -0.24127737890021386247
8.860000             -0.24025156741303529961
8.865000             -0.23915935719192321640
8.870000             -0.23800049476007220650
8.875000             -0.23677787695571272941
8.880000             -0.23548136903848093660
8.885000             -0.23411317759605410060
8.890000             -0.23266889826736814051
8.895000             -0.23115546155364419256
8.900000             -0.22956803240327389171
8.905000             -0.22790716084847303935
8.910000             -0.22617553641360471639
8.915000             -0.22437783641208242091
8.920000             -0.22251551049063719723
8.925000             -0.22059492580632419911
8.930000             -0.21862156649712058409
8.935000             -0.21660250302904179853
8.940000             -0.21454888046147435610
8.945000             -0.21246779653018449396
8.950000             -0.21038201413013937757
8.955000             -0.20829143880281025814
8.960000             -0.20621359815881021293
8.965000             -0.20415738681869635696
8.970000             -0.20213648065041414648
8.975000             -0.20015289044396739060
8.980000             -0.19822165217354256739
8.985000             -0.19633936514923139294
8.990000             -0.19451220954518746997
8.995000             -0.19273262498061274894
9.000000             -0.19100078442214460384
9.005000             -0.18931008481152830636
9.010000             -0.18765629782173343099
9.015000             -0.18603080708000216403
9.020000             -0.18443229040337019708
9.025000             -0.18285053833054451533
9.030000             -0.18128116643416702924
9.035000             -0.17972047554766670818
9.040000             -0.17816494885704745044
9.045000             -0.17661343251500147278
9.050000             -0.17506648638294716736
9.055000             -0.17352613060148702750
9.060000             -0.17199621495321176790
9.065000             -0.17048120058034377244
9.070000             -0.16898651037725909152
9.075000             -0.16751705066951694256
9.080000             -0.16607930814144128417
9.085000             -0.16467682654820747779
9.090000             -0.16331491944793927185
9.095000             -0.16199820880225404562
9.100000             -0.16073376430981523022
9.105000             -0.15952308049416968894
9.110000             -0.15837436954529307553
9.115000             -0.15728813915666089995
9.120000             -0.15627510720246212683
9.125000             -0.15533615837762043688
9.130000             -0.15446867025087296366
9.135000             -0.15369569488280407366
9.140000             -0.15301790854675934028
9.145000             -0.15244672537324080452
9.150000             -0.15199043592383001955
9.155000             -0.15165908239092124044
9.160000             -0.15146260542926567871
9.165000             -0.15140881993589019872
9.170000             -0.15150639832796933271
9.175000             -0.15176130326337847198
9.180000             -0.15217709695586262297
9.185000             -0.15275712244335198919
9.190000             -0.15350365150524925006
9.195000             -0.15441657313164328102
9.200000             -0.15549324299196057297
9.205000             -0.15673476986235843067
9.210000             -0.15813137754126987966
9.215000             -0.15968342976503702157
9.220000             -0.16137384532379772661
9.225000             -0.16320136740773974471
9.230000             -0.16513876647312450419
9.235000             -0.16718145819540408681
9.240000             -0.16930521874096757240
9.245000             -0.17149250344687202996
9.250000             -0.17372071785651985176
9.255000             -0.17597011505551218846
9.260000             -0.17822204358327134455
9.265000             -0.18046114459609444158
9.270000             -0.18266653266911000997
9.275000             -0.18482722369733756151
9.280000             -0.18692204379729521202
9.285000             -0.18895303826390075219
9.290000             -0.19090570418366631378
9.295000             -0.19278823110446038913
9.300000             -0.19458853127832878571
9.305000             -0.19631509917169895352
9.310000             -0.19796853634048658388
9.315000             -0.19956205140575355994
9.320000             -0.20110357149574786817
9.325000             -0.20259940876518156561
9.330000             -0.20405717953814025978
9.335000             -0.20548627163790156303
9.340000             -0.20689205074946695473
9.345000             -0.20828148067322732606
9.350000             -0.20965758666272935051
9.355000             -0.21102289047584046888
9.360000             -0.21237630523421149875
9.365000             -0.21371563980307500819
9.370000             -0.21503784891207683438
9.375000             -0.21633651596288672181
9.380000             -0.21761200379919154457
9.385000             -0.21885557521928164504
9.390000             -0.22006195883041851369
9.395000             -0.22122254669843960384
9.400000             -0.22233808695267748279
9.405000             -0.22340233282963317674
9.410000             -0.22440505607897764939
9.415000             -0.22534091497955346939
9.420000             -0.22621278269419711759
9.425000             -0.22700921240298185810
9.430000             -0.22773510408240787983
9.435000             -0.22838901172354295066
9.440000             -0.22897074178632118024
9.445000             -0.22948273647071371073
9.450000             -0.22992634518475901784
9.455000             -0.23030543596500430148
9.460000             -0.23061301496261935040
9.465000             -0.23086904517379625013
9.470000             -0.23107454041311839554
9.475000             -0.23123378781031120321
9.480000             -0.23134217942718576788
9.485000             -0.23141324775505084377
9.490000             -0.23144408636402910573
9.495000             -0.23143860257986448303
9.500000             -0.23139954060578235562
9.505000             -0.23132706324975582657
9.510000             -0.23122423598880378903
9.515000             -0.23109195496603837650
9.520000             -0.23093310851940490602
9.525000             -0.23074236842746265186
9.530000             -0.23052746516090658058
9.535000             -0.23028432513830751627
9.540000             -0.23002233893588044933
9.545000             -0.22973472229938643463
9.550000             -0.22942358228749304416
9.555000             -0.22908937562518041919
9.560000             -0.22872884773437068828
9.565000             -0.22834204397728186109
9.570000             -0.22792322706446768721
9.575000             -0.22746818734312881927
9.580000             -0.22697071947616812015
9.585000             -0.22642421164821571744
9.590000             -0.22582482890615337978
9.595000             -0.22516431068973385976
9.600000             -0.22443914915784848874
9.605000             -0.22364328959666668339
9.610000             -0.22277497490000622293
9.615000             -0.22183391278872341412
9.620000             -0.22081718925770441042
9.625000             -0.21972699003653808902
9.630000             -0.21856094738109252407
9.635000             -0.21732757465786659012
9.640000             -0.21603417203568739402
9.645000             -0.21468604758529696852
9.650000             -0.21329239124342830314
9.655000             -0.21186379207586766849
9.660000             -0.21040886409794531953
9.665000             -0.20893684095926140509
9.670000             -0.20745742091433760912
9.675000             -0.20598107508415977596
9.680000             -0.20452292092545484858
9.685000             -0.20308967870379984744
9.690000             -0.20169132385597970947
9.695000             -0.20032775006848740906
9.700000             -0.19900418147857709683
9.705000             -0.19772403534042740092
9.710000             -0.19648548371717083905
9.715000             -0.19529153063975085436
9.720000             -0.19413353553630460779
9.725000             -0.19300706138812764867
9.730000             -0.19190155916703249828
9.735000             -0.19081148602119091251
9.740000             -0.18972787446803721090
9.745000             -0.18864302969606125404
9.750000             -0.18754979292973572580
9.755000             -0.18643935644283246567
9.760000             -0.18530740586617699961
9.765000             -0.18414564174173508881
9.770000             -0.18295380212454723234
9.775000             -0.18173100786213591817
9.780000             -0.18047796347132094574
9.785000             -0.17919851553867882643
9.790000             -0.17789767055037628007
9.795000             -0.17657860503459535395
9.800000             -0.17525054938208942112
9.805000             -0.17392050952061136049
9.810000             -0.17259303378491275272
9.815000             -0.17128025761861201404
9.820000             -0.16998693976893353152
9.825000             -0.16872122011897466853
9.830000             -0.16749057034557085499
9.835000             -0.16630434503447305561
9.840000             -0.16516044246424724240
9.845000             -0.16406966554953653081
9.850000             -0.16303089245682658714
9.855000             -0.16204962435574024604
9.860000             -0.16112099861225592790
9.865000             -0.16024528093894854774
9.870000             -0.15942125068257337328
9.875000             -0.15863943308528216658
9.880000             -0.15790214035354122046
9.885000             -0.15719957468940878864
9.890000             -0.15653363114227014652
9.895000             -0.15589220014340507414
9.900000             -0.15527918768368903502
9.905000             -0.15468982271307288312
9.910000             -0.15412503850289274721
9.915000             -0.15358320727911561887
9.920000             -0.15306291978020075684
9.925000             -0.15256873139203089296
9.930000             -0.15209831144450436380
9.935000             -0.15166262449739589813
9.940000             -0.15125172046534238190
9.945000             -0.15087332531532265945
9.950000             -0.15052593828087285077
9.955000             -0.15021028745735831578
9.960000             -0.14993052285492167175
9.965000             -0.14968367231661472427
9.970000             -0.14947494091901608604
9.975000             -0.14930211077921212715
9.980000             -0.14916665897819531006
9.985000             -0.14906986754839054998
9.990000             -0.14901735960693604510
9.995000             -0.14901054440663269451
10.000000             -0.14905367809271169444
10.005000             -0.14915225024998288172
10.010000             -0.14932242549652038899
10.015000             -0.14956730451971708695
10.020000             -0.14989527105285441189
10.025000             -0.15031531506333298265
10.030000             -0.15082877964251395486
10.035000             -0.15144956594239977754
10.040000             -0.15217815323365216362
10.045000             -0.15301762414608369167
10.050000             -0.15397125082341470148
10.055000             -0.15503628470684713281
10.060000             -0.15621662216668583123
10.065000             -0.15750626091649663763
10.070000             -0.15890734945955692359
10.075000             -0.16041298518697830189
10.080000             -0.16202178736298147865
10.085000             -0.16372510128437076093
10.090000             -0.16551986567053411648
10.095000             -0.16739703417080406544
10.100000             -0.16935377902234130532
10.105000             -0.17138165507050900915
10.110000             -0.17347350150535240099
10.115000             -0.17562165445617611281
10.120000             -0.17782135136250987184
10.125000             -0.18006780335623603917
10.130000             -0.18235354398538045073
10.135000             -0.18467705592294025863
10.140000             -0.18703765973157662761
10.145000             -0.18943316768795953609
10.150000             -0.19186367353562622240
10.155000             -0.19432641025756045017
10.160000             -0.19682252690535212425
10.165000             -0.19934225003430058876
10.170000             -0.20188901507856552020
10.175000             -0.20445274434860083446
10.180000             -0.20702541397555349056
10.185000             -0.20959572556861214010
10.190000             -0.21215342678623202999
10.195000             -0.21468357814165633934
10.200000             -0.21717521904565575963
10.205000             -0.21960954188312181712
10.210000             -0.22197735390048850546
10.215000             -0.22426334873189751606
10.220000             -0.22645571779908388321
10.225000             -0.22854216679448732807
10.230000             -0.23050967725818724552
10.235000             -0.23234631037837663592
10.240000             -0.23404147296095961783
10.245000             -0.23558048807091166998
10.250000             -0.23696034743440516634
10.255000             -0.23815962681441416038
10.260000             -0.23918287086476686110
10.265000             -0.24001391657423967740
10.270000             -0.24065313850492009440
10.275000             -0.24109422454350193377
10.280000             -0.24133513587278326851
10.285000             -0.24137480227538937738
10.290000             -0.24121170263931304700
10.295000             -0.24084734254374606799
10.300000             -0.24028053820143474573
10.305000             -0.23951302747845409913
10.310000             -0.23854456168545906669
10.315000             -0.23737450194232367906
10.320000             -0.23600328908454909493
10.325000             -0.23443251794154287837
10.330000             -0.23266159529722518773
10.335000             -0.23069403074975683432
10.340000             -0.22853130822000525257
10.345000             -0.22617487283082696181
10.350000             -0.22363292560424269384
10.355000             -0.22090933552531694106
10.360000             -0.21801915160207963051
10.365000             -0.21496882547205062308
10.370000             -0.21177169877961352085
10.375000             -0.20844357708083247060
10.380000             -0.20499124557617304232
10.385000             -0.20143849866407301241
10.390000             -0.19779427758939940873
10.395000             -0.19407890310777239917
10.400000             -0.19030774287784565924
10.405000             -0.18649725872164302221
10.410000             -0.18266075167522832778
10.415000             -0.17881509734883482832
10.420000             -0.17497158755510983097
10.425000             -0.17114435235283256831
10.430000             -0.16734063120589576235
10.435000             -0.16357220600293570500
10.440000             -0.15984843463440995270
10.445000             -0.15617605162947570396
10.450000             -0.15256347213452273182
10.455000             -0.14901857259415893231
10.460000             -0.14554934323861032364
10.465000             -0.14216176936648824980
10.470000             -0.13886071949401834758
10.475000             -0.13565427534738638826
10.480000             -0.13254792900849129977
10.485000             -0.12954835307574438796
10.490000             -0.12666245221990166114
10.495000             -0.12389764570056813198
10.500000             -0.12126505945980460555
10.505000             -0.11877651285841619999
10.510000             -0.11644604841040370746
10.515000             -0.11428671010190669111
10.520000             -0.11231569865772621231
10.525000             -0.11054440944013405046
10.530000             -0.10898548995975615439
10.535000             -0.10764745785675113032
10.540000             -0.10654240383170725248
10.545000             -0.10566944763781301042
10.550000             -0.10503601209925096660
10.555000             -0.10465039418838358032
10.560000             -0.10450953739236568119
10.565000             -0.10461947944242179498
10.570000             -0.10497781237017980716
10.575000             -0.10558249485087523034
10.580000             -0.10643331387594309745
10.585000             -0.10751560934677682757
10.590000             -0.10882752972177599238
10.595000             -0.11036485293635411864
10.600000             -0.11211425328719007433
10.605000             -0.11406762556224493699
10.610000             -0.11621150044243042099
10.615000             -0.11853188049574697738
10.620000             -0.12101678278620374429
10.625000             -0.12364578773793734323
10.630000             -0.12640757269488694936
10.635000             -0.12928475835472030830
10.640000             -0.13226344663156813786
10.645000             -0.13533052695579314562
10.650000             -0.13847107327391594556
10.655000             -0.14167232668144483232
10.660000             -0.14491643945963625373
10.665000             -0.14819557337993843893
10.670000             -0.15148565855730034002
10.675000             -0.15478193888481445173
10.680000             -0.15806361498169121949
10.685000             -0.16132526089143675585
10.690000             -0.16454520072711451006
10.695000             -0.16772089136964429823
10.700000             -0.17083786603326531206
10.705000             -0.17388234644327829614
10.710000             -0.17684932466022504349
10.715000             -0.17972617306897264999
10.720000             -0.18250581928433495804
10.725000             -0.18518684891111097945
10.730000             -0.18776554260821648468
10.735000             -0.19024009196330424198
10.740000             -0.19261104376021540019
10.745000             -0.19488210167910294257
10.750000             -0.19705527344598550155
10.755000             -0.19913518260211637845
10.760000             -0.20112630646219839536
10.765000             -0.20302708606377575795
10.770000             -0.20484341337709158215
10.775000             -0.20657570120586643547
10.780000             -0.20822248694748937692
10.785000             -0.20978532418444734153
10.790000             -0.21125730144693008472
10.795000             -0.21264368647436088233
10.800000             -0.21393512114130511237
10.805000             -0.21512637976103654580
10.810000             -0.21621563097686904986
10.815000             -0.21719467496924554917
10.820000             -0.21806056774437335144
10.825000             -0.21880568167928124423
10.830000             -0.21942330677131779981
10.835000             -0.21990507238735698681
10.840000             -0.22024970801661822306
10.845000             -0.22044856212049898647
10.850000             -0.22050294845695486701
10.855000             -0.22041279276750724847
10.860000             -0.22018029636053809694
10.865000             -0.21980441738774245120
10.870000             -0.21929149621248081314
10.875000             -0.21864981275198672184
10.880000             -0.21788931351932364078
10.885000             -0.21701948078552013577
10.890000             -0.21605241589758908405
10.895000             -0.21499848367810880934
10.900000             -0.21387227362549302012
10.905000             -0.21266997721055463932
10.910000             -0.21141495833305903873
10.915000             -0.21010056461240950165
10.920000             -0.20873580060155863536
10.925000             -0.20732366955771255879
10.930000             -0.20586617547401897532
10.935000             -0.20436614076794176742
10.940000             -0.20282310443485884743
10.945000             -0.20123648950839220784
10.950000             -0.19960430712067211978
10.955000             -0.19792355696070115800
10.960000             -0.19619052734722713938
10.965000             -0.19440399344744835330
10.970000             -0.19255736903303477536
10.975000             -0.19065554945346477322
10.980000             -0.18869550351886044126
10.985000             -0.18667845059054630208
10.990000             -0.18460669470168145079
10.995000             -0.18248309071641907742
11.000000             -0.18031446749451487954
11.005000             -0.17810635844444880349
11.010000             -0.17586725541644440685
11.015000             -0.17360912470097081273
11.020000             -0.17134441545887019176
11.025000             -0.16908307483216394873
11.030000             -0.16684901446731462138
11.035000             -0.16465056656426624304
11.040000             -0.16250860144191278667
11.045000             -0.16043366301318454092
11.050000             -0.15844244373550395166
11.055000             -0.15654482618556472828
11.060000             -0.15474810377351377877
11.065000             -0.15305839236512852608
11.070000             -0.15148400833137234955
11.075000             -0.15002482713741682741
11.080000             -0.14868731838340223939
11.085000             -0.14747181934947251047
11.090000             -0.14637997801982502444
11.095000             -0.14541145260713306264
11.100000             -0.14456492189671518722
11.105000             -0.14383803688122429043
11.110000             -0.14322741999196689222
11.115000             -0.14272761210783194152
11.120000             -0.14233930608211384228
11.125000             -0.14205680999240888340
11.130000             -0.14187892155279302475
11.135000             -0.14180224890036755014
11.140000             -0.14182494654610033891
11.145000             -0.14194735444332617913
11.150000             -0.14216830176728134649
11.155000             -0.14248891875588601263
11.160000             -0.14290771464999713070
11.165000             -0.14342341561878502176
11.170000             -0.14403452959599979954
11.175000             -0.14474185906475656171
11.180000             -0.14554442227006497701
11.185000             -0.14644116602863399557
11.190000             -0.14743050641645782939
11.195000             -0.14851263918119847474
11.200000             -0.14967839141765226785
11.205000             -0.15093563955477501404
11.210000             -0.15227016669396375992
11.215000             -0.15368530024773385811
11.220000             -0.15517388498340647929
11.225000             -0.15673345663698412533
11.230000             -0.15835655530987671757
11.235000             -0.16003852005252786062
11.240000             -0.16177434494162779011
11.245000             -0.16355911474559020613
11.250000             -0.16538892083747616657
11.255000             -0.16725519247582990023
11.260000             -0.16915437919897460817
11.265000             -0.17108204718655828369
11.270000             -0.17302955403452210947
11.275000             -0.17499533692603885804
11.280000             -0.17697268434512231083
11.285000             -0.17895797672939481315
11.290000             -0.18094552186001675032
11.295000             -0.18293204483727104614
11.300000             -0.18491215492511456353
11.305000             -0.18687878010328251577
11.310000             -0.18882409920561082917
11.315000             -0.19074634532933251729
11.320000             -0.19263414239212148238
11.325000             -0.19448285651827340592
11.330000             -0.19628259838543388183
11.335000             -0.19803068310446986233
11.340000             -0.19972074528942498906
11.345000             -0.20134573647562589715
11.350000             -0.20290254020018216874
11.355000             -0.20438626685511371295
11.360000             -0.20578976640989105062
11.365000             -0.20711038605721179828
11.370000             -0.20834333809037244856
11.375000             -0.20948334349567354629
11.380000             -0.21052599886496475845
11.385000             -0.21146912115734498028
11.390000             -0.21230491153039104946
11.395000             -0.21303226843092720744
11.400000             -0.21365307618091444741
11.405000             -0.21416094261663923271
11.410000             -0.21455650422408745204
11.415000             -0.21483589484880902254
11.420000             -0.21500317915653693879
11.425000             -0.21505454183121300304
11.430000             -0.21499071449343726270
11.435000             -0.21481383747319646171
11.440000             -0.21452025932511906148
11.445000             -0.21411558796947793848
11.450000             -0.21359805497436301636
11.455000             -0.21297346632525943066
11.460000             -0.21223850436373095651
11.465000             -0.21140411775461101507
11.470000             -0.21046266860427650935
11.475000             -0.20942354151841816035
11.480000             -0.20828103069385683899
11.485000             -0.20705087077046274713
11.490000             -0.20571724360123605502
11.495000             -0.20429675475617070646
11.500000             -0.20278419491337784653
11.505000             -0.20118057061639554872
11.510000             -0.19949301631705046445
11.515000             -0.19771813447863045843
11.520000             -0.19585769954668061366
11.525000             -0.19391416799498040202
11.530000             -0.19189436400003817562
11.535000             -0.18980092510796131577
11.540000             -0.18763682775837003947
11.545000             -0.18541126898696144720
11.550000             -0.18312847399848969365
11.555000             -0.18079607990429424902
11.560000             -0.17842053265512930471
11.565000             -0.17600826716932144178
11.570000             -0.17356627954217740406
11.575000             -0.17110325162094541795
11.580000             -0.16862631178582149216
11.585000             -0.16613920137590607040
11.590000             -0.16365236957024575926
11.595000             -0.16117027323752966539
11.600000             -0.15870424122968651570
11.605000             -0.15625917156578419953
11.610000             -0.15384435957906156256
11.615000             -0.15146479543588908800
11.620000             -0.14912713074495115295
11.625000             -0.14683888391076066471
11.630000             -0.14460453989354885018
11.635000             -0.14243957532230655527
11.640000             -0.14034629874834361751
11.645000             -0.13833764248383051410
11.650000             -0.13642241934991358732
11.655000             -0.13460946904595011420
11.660000             -0.13290800072294572942
11.665000             -0.13132681240064125738
11.670000             -0.12987568987126504871
11.675000             -0.12856519677832140003
11.680000             -0.12740101233346734499
11.685000             -0.12639050497930021111
11.690000             -0.12553935207765576365
11.695000             -0.12485198664078846209
11.700000             -0.12433467688975917420
11.705000             -0.12398569010456755857
11.710000             -0.12380877017327307499
11.715000             -0.12380094062803190247
11.720000             -0.12396481615557972122
11.725000             -0.12429377347195204317
11.730000             -0.12478515190105542165
11.735000             -0.12543303481131068411
11.740000             -0.12623557839264135105
11.745000             -0.12718431642172017826
11.750000             -0.12827296561355350235
11.755000             -0.12949612102906105093
11.760000             -0.13084335369519159431
11.765000             -0.13231358337824264404
11.770000             -0.13389228871050101732
11.775000             -0.13557857980084950245
11.780000             -0.13736093117385511642
11.785000             -0.13924095645008552347
11.790000             -0.14121146089543468172
11.795000             -0.14327528625169874688
11.800000             -0.14542135835583261394
11.805000             -0.14765330974560836319
11.810000             -0.14997046624505122603
11.815000             -0.15237306526930105566
11.820000             -0.15485708872409151282
11.825000             -0.15742203098553109175
11.830000             -0.16006186956451906589
11.835000             -0.16277587173141552790
11.840000             -0.16555469042630366339
11.845000             -0.16839471681146062076
11.850000             -0.17128650117797855623
11.855000             -0.17422189476467286884
11.860000             -0.17719216165547208020
11.865000             -0.18018798698970348027
11.870000             -0.18319966143651855717
11.875000             -0.18621110462729045798
11.880000             -0.18921974170615868394
11.885000             -0.19221210567367227884
11.890000             -0.19517800039211852248
11.895000             -0.19810724715848290756
11.900000             -0.20098743636466059881
11.905000             -0.20381483032180430781
11.910000             -0.20657281794807649811
11.915000             -0.20925901547514369483
11.920000             -0.21185940538898825891
11.925000             -0.21437143782958723026
11.930000             -0.21678120674519310573
11.935000             -0.21909320330403173060
11.940000             -0.22129483595277904540
11.945000             -0.22338104876878300820
11.950000             -0.22534887204726966603
11.955000             -0.22719401156005950004
11.960000             -0.22891552044508120534
11.965000             -0.23051160461839859117
11.970000             -0.23198101589133190981
11.975000             -0.23332329998466780352
11.980000             -0.23453353907959867408
11.985000             -0.23561232746401744587
11.990000             -0.23655388199322757714
11.995000             -0.23735254789965001820
12.000000             -0.23800522805750384814
12.005000             -0.23851038065302548885
12.010000             -0.23885943193086375813
12.015000             -0.23905463816403157984
12.020000             -0.23909070279483413124
12.025000             -0.23896675292975458338
12.030000             -0.23868306707578579307
12.035000             -0.23824364444768680871
12.040000             -0.23763925788210402135
12.045000             -0.23688112735080613103
12.050000             -0.23596627887334789553
12.055000             -0.23489942856174017560
12.060000             -0.23368242836234301429
12.065000             -0.23232367793724073568
12.070000             -0.23082012160242412757
12.075000             -0.22918045645598356108
12.080000             -0.22740418115750532513
12.085000             -0.22549843035080180398
12.090000             -0.22345778821409822967
12.095000             -0.22129615200437408040
12.100000             -0.21900837586278470992
12.105000             -0.21659717690505281285
12.110000             -0.21406540901857673553
12.115000             -0.21141924888486027245
12.120000             -0.20866362880064018293
12.125000             -0.20580426745260851917
12.130000             -0.20285117993761897504
12.135000             -0.19981365696046535230
12.140000             -0.19669544760615170764
12.145000             -0.19350834583194587157
12.150000             -0.19026724892598981254
12.155000             -0.18698070561224441888
12.160000             -0.18366367266369773570
12.165000             -0.18032745390319568357
12.170000             -0.17698243628443810493
12.175000             -0.17364592199610917600
12.180000             -0.17032242427471808166
12.185000             -0.16702620241183194216
12.190000             -0.16376606828477133226
12.195000             -0.16055117001394170195
12.200000             -0.15739307878062880341
12.205000             -0.15430012647339319543
12.210000             -0.15127772032686309656
12.215000             -0.14833212669155915187
12.220000             -0.14546790639843443227
12.225000             -0.14268976959321152953
12.230000             -0.14000059915519205700
12.235000             -0.13740578652041174346
12.240000             -0.13490569014523839941
12.245000             -0.13250395172938642108
12.250000             -0.13020080963599198198
12.255000             -0.12799775956897058160
12.260000             -0.12589705624355324032
12.265000             -0.12390048086957987372
12.270000             -0.12201144164957529459
12.275000             -0.12023312656788466557
12.280000             -0.11857155139414476963
12.285000             -0.11703013208235205078
12.290000             -0.11561416196552905256
12.295000             -0.11432816744664822672
12.300000             -0.11317822648913110350
12.305000             -0.11216801602093411094
12.310000             -0.11130157107895084778
12.315000             -0.11058447194068023178
12.320000             -0.11001769590691527767
12.325000             -0.10960340950172765828
12.330000             -0.10934116494139155262
12.335000             -0.10922960597963153606
12.340000             -0.10926989171074037721
12.345000             -0.10945722746155384097
12.350000             -0.10978803138635376269
12.355000             -0.11025314317322902624
12.360000             -0.11085375835399267908
12.365000             -0.11158081658491039723
12.370000             -0.11243350752395676884
12.375000             -0.11340589394918630661
12.380000             -0.11449266397209013901
12.385000             -0.11569289450009112574
12.390000             -0.11700139242752155555
12.395000             -0.11841686439351267746
12.400000             -0.11993881408379840348
12.405000             -0.12156525419326753845
12.410000             -0.12329707561928184012
12.415000             -0.12513505986605386044
12.420000             -0.12707654014975358625
12.425000             -0.12912254327656355612
12.430000             -0.13127013803450313101
12.435000             -0.13352063349464615705
12.440000             -0.13586950661323313194
12.445000             -0.13831488833869648447
12.450000             -0.14084539491793102162
12.455000             -0.14346159063671101719
12.460000             -0.14615466712949362615
12.465000             -0.14891773259644033867
12.470000             -0.15174076928193497293
12.475000             -0.15461244780676666744
12.480000             -0.15752402293982967207
12.485000             -0.16046310640073305209
12.490000             -0.16342088212536381997
12.495000             -0.16638748829259517037
12.500000             -0.16935320861446070961
12.505000             -0.17230884556839398680
12.510000             -0.17524429015949183341
12.515000             -0.17815223918030256844
12.520000             -0.18102284673400492743
12.525000             -0.18385717448119526241
12.530000             -0.18663946569222608640
12.535000             -0.18936707323750778809
12.540000             -0.19203341646407739995
12.545000             -0.19463353726422880086
12.550000             -0.19716469982703449526
12.555000             -0.19961809006311984072
12.560000             -0.20199256511159568994
12.565000             -0.20428319772157541023
12.570000             -0.20648701303374700222
12.575000             -0.20860082733132520594
12.580000             -0.21061515821381462943
12.585000             -0.21254032458502838954
12.590000             -0.21435873494435614406
12.595000             -0.21607784896601694991
12.600000             -0.21769737990447107778
12.605000             -0.21921504654420898017
12.610000             -0.22062873741599359212
12.615000             -0.22193734003052509318
12.620000             -0.22313926833461189547
12.625000             -0.22423158965133160869
12.630000             -0.22521258898677781746
12.635000             -0.22608202564105078780
12.640000             -0.22683682635393659366
12.645000             -0.22747884500101128724
12.650000             -0.22800461596516671814
12.655000             -0.22841394165473896671
12.660000             -0.22870495337285542958
12.665000             -0.22887774734397553500
12.670000             -0.22893038354443151494
12.675000             -0.22886215095482995152
12.680000             -0.22867418971469369304
12.685000             -0.22836455940644423412
12.690000             -0.22793449218479783225
12.695000             -0.22738460289736908693
12.700000             -0.22671701707835462125
12.705000             -0.22592758052828085247
12.710000             -0.22502295254990070661
12.715000             -0.22400185346276943466
12.720000             -0.22286333735459326610
12.725000             -0.22162237446055285672
12.730000             -0.22026987432785374854
12.735000             -0.21881708334818725237
12.740000             -0.21725267693374553102
12.745000             -0.21559209530960829482
12.750000             -0.21383500698417412522
12.755000             -0.21198532737994893460
12.760000             -0.21004647016155714168
12.765000             -0.20802467284815986948
12.770000             -0.20592317832213427597
12.775000             -0.20375049436645306655
12.780000             -0.20150982610590406630
12.785000             -0.19921119060031969306
12.790000             -0.19686069762612259937
12.795000             -0.19446515926538840424
12.800000             -0.19203596637056719043
12.805000             -0.18957973565861938048
12.810000             -0.18710476795417585461
12.815000             -0.18462156549992617127
12.820000             -0.18213984760489432269
12.825000             -0.17966760845644935696
12.830000             -0.17721456856914041822
12.835000             -0.17478857913391609991
12.840000             -0.17239942146211828522
12.845000             -0.17005379796274414095
12.850000             -0.16776136060296301111
12.855000             -0.16552830750651179037
12.860000             -0.16336220905819226479
12.865000             -0.16127053934841961702
12.870000             -0.15925677372251520469
12.875000             -0.15733001060015835981
12.880000             -0.15549119994191029637
12.885000             -0.15374721730757778815
12.890000             -0.15209883124660969478
12.895000             -0.15055147794690057483
12.900000             -0.14910592388569560152
12.905000             -0.14776378857508826181
12.910000             -0.14652829811976986196
12.915000             -0.14540379017331994671
12.920000             -0.14438673705630000743
12.925000             -0.14348210000462383040
12.930000             -0.14268561618089237175
12.935000             -0.14200538630495307402
12.940000             -0.14143762737859555401
12.945000             -0.14098946296725287097
12.950000             -0.14065810217921800862
12.955000             -0.14045064021449576996
12.960000             -0.14036835651987589202
12.965000             -0.14041591062795275024
12.970000             -0.14059672384330912376
12.975000             -0.14091405455276811987
12.980000             -0.14137109686234214379
12.985000             -0.14196972361465787227
12.990000             -0.14271046311677626495
12.995000             -0.14359489074123119035
13.000000             -0.14462027460729193207
13.005000             -0.14578304346449461049
13.010000             -0.14708200514656069591
13.015000             -0.14851041735728193194
13.020000             -0.15006196570597327145
13.025000             -0.15172849390486939369
13.030000             -0.15350103118470787011
13.035000             -0.15536874659195643034
13.040000             -0.15732291657422706188
13.045000             -0.15934937486508884974
13.050000             -0.16143860386574235277
13.055000             -0.16357694132807595877
13.060000             -0.16575251619966430150
13.065000             -0.16795425287689430549
13.070000             -0.17016750388720860987
13.075000             -0.17238060557147438789
13.080000             -0.17458509868109942098
13.085000             -0.17677000826799604827
13.090000             -0.17891832939976215489
13.095000             -0.18103215035549757861
13.100000             -0.18310025503231483479
13.105000             -0.18511644965322007761
13.110000             -0.18707291261728101195
13.115000             -0.18896606311380276244
13.120000             -0.19079270757592289853
13.125000             -0.19255057287154409007
13.130000             -0.19423378225611165337
13.135000             -0.19584271805799496891
13.140000             -0.19737281180292812199
13.145000             -0.19882723433048454798
13.150000             -0.20020014838893568365
13.155000             -0.20148724522438812845
13.160000             -0.20269022374921799590
13.165000             -0.20380400749151578177
13.170000             -0.20483359000964385110
13.175000             -0.20577267593868292517
13.180000             -0.20662327098121502367
13.185000             -0.20738103041719974096
13.190000             -0.20804411506321529579
13.195000             -0.20860848398625514433
13.200000             -0.20907872124836085481
13.205000             -0.20945496353261827682
13.210000             -0.20973618465694182644
13.215000             -0.20992657108731532789
13.220000             -0.21002529558913107799
13.225000             -0.21003455019612024546
13.230000             -0.20995673951455701145
13.235000             -0.20979777749361894212
13.240000             -0.20955384473694627090
13.245000             -0.20923298203507650905
13.250000             -0.20882933585089935580
13.255000             -0.20834934322816672791
13.260000             -0.20779260951976225025
13.265000             -0.20716524095552152351
13.270000             -0.20646725062442983223
13.275000             -0.20570061724350349741
13.280000             -0.20486824891909907742
13.285000             -0.20397551829133944712
13.290000             -0.20302277782853991872
13.295000             -0.20201372268558728806
13.300000             -0.20095156548243689465
13.305000             -0.19983902588240110010
13.310000             -0.19868020451608051080
13.315000             -0.19747888409449762537
13.320000             -0.19623985834594337430
13.325000             -0.19496641096712005736
13.330000             -0.19366431708055537042
13.335000             -0.19233769700856231943
13.340000             -0.19098751811140965429
13.345000             -0.18962154631991545717
13.350000             -0.18823505356232461683
13.355000             -0.18683523493668555138
13.360000             -0.18542188389174971141
13.365000             -0.18399443594070635788
13.370000             -0.18255514242315809548
13.375000             -0.18109469196519542566
13.380000             -0.17962027377381489801
13.385000             -0.17812738449905970994
13.390000             -0.17661695939099089636
13.395000             -0.17508744679806750866
13.400000             -0.17354296501505564465
13.405000             -0.17197910619050837955
13.410000             -0.17040439629821221845
13.415000             -0.16882028595237111301
13.420000             -0.16723182573052175481
13.425000             -0.16564543425402972199
13.430000             -0.16406900374196300985
13.435000             -0.16251005519483729955
13.440000             -0.16097874669782591406
13.445000             -0.15948353749188654005
13.450000             -0.15803305647441900916
13.455000             -0.15663579808103483826
13.460000             -0.15529716080159744473
13.465000             -0.15402799066082759061
13.470000             -0.15282851417724882537
13.475000             -0.15171223556999247073
13.480000             -0.15067737051503046763
13.485000             -0.14972246117707452284
13.490000             -0.14884678430690562179
13.495000             -0.14805409304633446177
13.500000             -0.14733803430222650044
13.505000             -0.14670004454827481610
13.510000             -0.14613226739165377510
13.515000             -0.14563080902095831837
13.520000             -0.14520189311319586789
13.525000             -0.14482783104323687651
13.530000             -0.14451163475926184776
13.535000             -0.14424811367107873150
13.540000             -0.14403486727402994849
13.545000             -0.14386991442400201557
13.550000             -0.14375153449517302784
13.555000             -0.14368101997305873785
13.560000             -0.14365963168343587331
13.565000             -0.14368791854227044857
13.570000             -0.14376663394611124969
13.575000             -0.14389774117445061630
13.580000             -0.14408516890089445583
13.585000             -0.14433173652794784037
13.590000             -0.14463695710258395177
13.595000             -0.14500437638158414355
13.600000             -0.14543684594617584116
13.605000             -0.14593441441919940971
13.610000             -0.14649099163122358824
13.615000             -0.14711072520504300809
13.620000             -0.14779408816070979671
13.625000             -0.14854290742432621486
13.630000             -0.14935142946068860614
13.635000             -0.15021902421900112934
13.640000             -0.15114517207047975522
13.645000             -0.15212380736258049319
13.650000             -0.15315743776518708774
13.655000             -0.15424011621435623764
13.660000             -0.15537157712466531656
13.665000             -0.15655039089378444683
13.670000             -0.15777411991255066437
13.675000             -0.15903803206660410696
13.680000             -0.16034854938785475520
13.685000             -0.16169626594079813953
13.690000             -0.16308614937992119143
13.695000             -0.16451770212298139073
13.700000             -0.16598527543144717122
13.705000             -0.16749701771003822071
13.710000             -0.16904797656346623458
13.715000             -0.17063710469328224884
13.720000             -0.17226247511187217643
13.725000             -0.17392105967026882940
13.730000             -0.17560817218394586536
13.735000             -0.17732107145631548217
13.740000             -0.17905385341771318242
13.745000             -0.18080213057845595515
13.750000             -0.18255961958844774129
13.755000             -0.18431336319358099241
13.760000             -0.18606352122474875688
13.765000             -0.18779224436986816094
13.770000             -0.18949922347569064796
13.775000             -0.19117042482124668723
13.780000             -0.19280829724270553971
13.785000             -0.19440353072461771800
13.790000             -0.19595183668005566879
13.795000             -0.19744710358673409067
13.800000             -0.19888589421032812354
13.805000             -0.20026710925956775489
13.810000             -0.20158857294006157779
13.815000             -0.20284639719090055698
13.820000             -0.20404356602098683293
13.825000             -0.20517902764594092568
13.830000             -0.20625189444293576257
13.835000             -0.20726030427943012424
13.840000             -0.20819808377252613241
13.845000             -0.20906965067533331282
13.850000             -0.20987083535013481561
13.855000             -0.21059753892196542147
13.860000             -0.21124921634873508602
13.865000             -0.21182081489902859772
13.870000             -0.21230931582955675507
13.875000             -0.21271074878073056857
13.880000             -0.21302348773382961955
13.885000             -0.21324405892416922748
13.890000             -0.21336915748069215648
13.895000             -0.21339707948725317177
13.900000             -0.21332497395975436039
13.905000             -0.21315275576467632157
13.910000             -0.21287873110819510725
13.915000             -0.21250512977846161555
13.920000             -0.21202804582335349481
13.925000             -0.21145443880827263783
13.930000             -0.21077966987809598765
13.935000             -0.21001774502338271811
13.940000             -0.20916064235567552454
13.945000             -0.20822563513364536480
13.950000             -0.20721011564867555799
13.955000             -0.20612197398319551112
13.960000             -0.20496330838736520619
13.965000             -0.20374008523606684795
13.970000             -0.20245472063037231458
13.975000             -0.20110890405980474949
13.980000             -0.19971512801665566861
13.985000             -0.19826032561984363589
13.990000             -0.19675590399426504118
13.995000             -0.19520537971941109845
14.000000             -0.19361633302932720890
14.005000             -0.19198000569860917963
14.010000             -0.19030338794461360008
14.015000             -0.18858810575343393223
14.020000             -0.18683827816700099289
14.025000             -0.18505882918082286470
14.030000             -0.18325273514041540146
14.035000             -0.18142433279325134721
14.040000             -0.17958290165890442025
14.045000             -0.17772829174982046618
14.050000             -0.17587180557628437350
14.055000             -0.17401768214900900644
14.060000             -0.17216937134416279709
14.065000             -0.17033691108901757860
14.070000             -0.16852560342494857237
14.075000             -0.16674606479110612445
14.080000             -0.16499930236041573939
14.085000             -0.16329094354933787470
14.090000             -0.16162684386179587692
14.095000             -0.16001134086104568111
14.100000             -0.15844944008178959982
14.105000             -0.15694649107464334059
14.110000             -0.15550460438137703179
14.115000             -0.15412751823563980436
14.120000             -0.15281785611947751313
14.125000             -0.15158127817736552490
14.130000             -0.15041256208138367723
14.135000             -0.14932324299572366511
14.140000             -0.14830270615932505951
14.145000             -0.14736315058347174145
14.150000             -0.14650105539014515732
14.155000             -0.14572091883561488768
14.160000             -0.14502398492188209311
14.165000             -0.14441096158592070520
14.170000             -0.14388971978608058877
14.175000             -0.14345698042947407913
14.180000             -0.14311935774851278214
14.185000             -0.14287431465689079402
14.190000             -0.14272545871447275823
14.195000             -0.14267337946093422429
14.200000             -0.14271928077771492416
14.205000             -0.14286062206050917367
14.210000             -0.14310214393086795326
14.215000             -0.14344023866311855775
14.220000             -0.14387213860338943228
14.225000             -0.14439406594844506060
14.230000             -0.14501836503728299244
14.235000             -0.14573437126112287476
14.240000             -0.14654140989547217999
14.245000             -0.14744003188095358703
14.250000             -0.14842813946019642324
14.255000             -0.14950878672978040740
14.260000             -0.15067827352550661191
14.265000             -0.15193859769591980258
14.270000             -0.15328920059928383135
14.275000             -0.15472535318195776433
14.280000             -0.15625096366993898589
14.285000             -0.15786226149412418973
14.290000             -0.15956196579831069537
14.295000             -0.16134330454207809757
14.300000             -0.16320721802462312411
14.305000             -0.16514417730930402994
14.310000             -0.16715289099004701501
14.315000             -0.16921785266779634793
14.320000             -0.17133520704708732341
14.325000             -0.17349321597708827758
14.330000             -0.17568187321184958183
14.335000             -0.17789185601521348423
14.340000             -0.18011516306727973213
14.345000             -0.18233844695470230457
14.350000             -0.18455619673770851108
14.355000             -0.18675831374957910236
14.360000             -0.18893832794323142665
14.365000             -0.19108475350778228452
14.370000             -0.19319555152733111636
14.375000             -0.19526583030253766293
14.380000             -0.19728614647321279785
14.385000             -0.19924944047293413618
14.390000             -0.20115282030754980114
14.395000             -0.20298784145828865921
14.400000             -0.20475160822434179675
14.405000             -0.20643980019334701170
14.410000             -0.20804904733289381058
14.415000             -0.20957670086350488337
14.420000             -0.21102044738782885225
14.425000             -0.21237867042726465971
14.430000             -0.21364910455091976060
14.435000             -0.21483109976181338774
14.440000             -0.21592487492219011869
14.445000             -0.21692973507344381900
14.450000             -0.21784132249996604469
14.455000             -0.21866439426365344434
14.460000             -0.21939439947259964381
14.465000             -0.22003015027389938307
14.470000             -0.22057220303939240047
14.475000             -0.22101918604770834365
14.480000             -0.22136938796853811162
14.485000             -0.22162394839398122381
14.490000             -0.22177928920330905460
14.495000             -0.22183620509378815244
14.500000             -0.22179510615660047446
14.505000             -0.22165418170048709068
14.510000             -0.22141605267356739839
14.515000             -0.22108357165978892445
14.520000             -0.22065619862852156596
14.525000             -0.22013734104844862038
14.530000             -0.21952993593448863474
14.535000             -0.21883419088636110739
14.540000             -0.21805545037180323886
14.545000             -0.21719685417562750729
14.550000             -0.21626118968829585731
14.555000             -0.21525077375894050014
14.560000             -0.21416877234137604580
14.565000             -0.21301463276639417965
14.570000             -0.21179017387157042518
14.575000             -0.21049667838292437927
14.580000             -0.20913622215768498669
14.585000             -0.20770784383198209744
14.590000             -0.20621328187675033727
14.595000             -0.20465228980861432939
14.600000             -0.20302624644475369964
14.605000             -0.20133587462826774139
14.610000             -0.19958261617400974153
14.615000             -0.19776840304665468939
14.620000             -0.19589634540203809676
14.625000             -0.19396763782456780123
14.630000             -0.19198891381813504298
14.635000             -0.18996175194518397089
14.640000             -0.18789024033947998582
14.645000             -0.18577912019644515773
14.650000             -0.18363415501322527534
14.655000             -0.18146250264243016237
14.660000             -0.17926518995769699649
14.665000             -0.17705494661514165067
14.670000             -0.17483006012032928367
14.675000             -0.17260762697704454260
14.680000             -0.17038555679898326201
14.685000             -0.16818437845127734431
14.690000             -0.16599202598784096319
14.695000             -0.16382080799605305832
14.700000             -0.16167495601207693134
14.705000             -0.15955880625710192056
14.710000             -0.15747767572818030524
14.715000             -0.15544183387828200416
14.720000             -0.15344978364252173653
14.725000             -0.15150525811269757726
14.730000             -0.14961549681004629453
14.735000             -0.14777939280833418678
14.740000             -0.14600230446959797104
14.745000             -0.14428220283216536268
14.750000             -0.14263119995389283989
14.755000             -0.14104544124332721311
14.760000             -0.13952881291066221436
14.765000             -0.13808333246133225325
14.770000             -0.13670956814733015161
14.775000             -0.13540992627130518655
14.780000             -0.13418550530757397676
14.785000             -0.13303801564951003855
14.790000             -0.13196751708157108962
14.795000             -0.13097587625366469144
14.800000             -0.13006183392967202161
14.805000             -0.12922733467881364344
14.810000             -0.12847146608645471089
14.815000             -0.12779564926458134022
14.820000             -0.12720052980785576113
14.825000             -0.12668631964179180582
14.830000             -0.12625570972346983334
14.835000             -0.12590959569927895334
14.840000             -0.12565403991147730545
14.845000             -0.12549235177300829824
14.850000             -0.12542989278751495719
14.855000             -0.12547411720510159849
14.860000             -0.12562731301179208554
14.865000             -0.12589818382200623770
14.870000             -0.12629061620722475956
14.875000             -0.12680853202133215984
14.880000             -0.12745460425048338315
14.885000             -0.12823133328327518399
14.890000             -0.12913805526469318563
14.895000             -0.13017718657323021358
14.900000             -0.13134500148773486927
14.905000             -0.13264301554103422043
14.910000             -0.13406118592415641744
14.915000             -0.13559735083542986955
14.920000             -0.13724704168457887987
14.925000             -0.13900262239900920691
14.930000             -0.14085782117498787946
14.935000             -0.14280152539571008830
14.940000             -0.14482718043527109675
14.945000             -0.14692207103842871985
14.950000             -0.14908240268245523397
14.955000             -0.15129428193370211830
14.960000             -0.15355161072613426887
14.965000             -0.15584515969196371943
14.970000             -0.15816627909801211915
14.975000             -0.16050925836930932111
14.980000             -0.16286655367743813061
14.985000             -0.16523418613413387579
14.990000             -0.16760738758342183519
14.995000             -0.16998004032703209476
15.000000             -0.17234899183269497547
15.005000             -0.17470986226698057009
15.010000             -0.17705946333488403743
15.015000             -0.17939441675738573845
15.020000             -0.18171063249940058726
15.025000             -0.18400522571960864493
15.030000             -0.18627912176687858037
15.035000             -0.18852400541228553355
15.040000             -0.19073969055897682656
15.045000             -0.19291422519089784782
15.050000             -0.19504973152255641877
15.055000             -0.19713765355786708189
15.060000             -0.19917511792835632112
15.065000             -0.20115412841141172562
15.070000             -0.20307361625252418058
15.075000             -0.20492719645778612048
15.080000             -0.20671139840189051151
15.085000             -0.20841889307531275000
15.090000             -0.21005584674251789878
15.095000             -0.21160978563854154766
15.100000             -0.21308346211543582882
15.105000             -0.21446881448039489815
15.110000             -0.21576648940485021466
15.115000             -0.21697341334279607317
15.120000             -0.21808598955882355086
15.125000             -0.21910461323629787378
15.130000             -0.22002902522364048421
15.135000             -0.22085209786302528734
15.140000             -0.22158141633109729174
15.145000             -0.22221343949265001672
15.150000             -0.22274541342299258861
15.155000             -0.22317705697183809477
15.160000             -0.22350293236396692742
15.165000             -0.22372562410815308165
15.170000             -0.22383471928586606836
15.175000             -0.22383333899389984412
15.180000             -0.22371432712230673867
15.185000             -0.22347906526975208630
15.190000             -0.22312520213280140347
15.195000             -0.22265313315257448390
15.200000             -0.22206105007410820162
15.205000             -0.22135134233584677355
15.210000             -0.22052555931195244598
15.215000             -0.21958581892567458071
15.220000             -0.21853633193210866836
15.225000             -0.21738155301041892087
15.230000             -0.21612556063240337401
15.235000             -0.21477651017933582778
15.240000             -0.21333767446377555066
15.245000             -0.21181613908551893966
15.250000             -0.21021885433382089814
15.255000             -0.20855261617342132907
15.260000             -0.20682334879869340716
15.265000             -0.20503811056392676204
15.270000             -0.20320314930641053541
15.275000             -0.20132358417876039525
15.280000             -0.19940408740396700638
15.285000             -0.19745071179243520176
15.290000             -0.19546617982042407968
15.295000             -0.19345775938617920664
15.300000             -0.19142549028069932859
15.305000             -0.18937713325334576409
15.310000             -0.18731121706930775606
15.315000             -0.18523576792649576461
15.320000             -0.18315674763466532893
15.325000             -0.18107848830808975782
15.330000             -0.17900414981693479888
15.335000             -0.17693920907672916476
15.340000             -0.17489453909131186249
15.345000             -0.17287472441819448643
15.350000             -0.17088784662317846319
15.355000             -0.16894222857415144845
15.360000             -0.16704460618538585770
15.365000             -0.16520297813138834497
15.370000             -0.16342528821982579834
15.375000             -0.16171780819238004701
15.380000             -0.16008637022311830722
15.385000             -0.15853856590472720223
15.390000             -0.15708349606515437102
15.395000             -0.15572139747827756784
15.400000             -0.15445906239054393860
15.405000             -0.15329703000764696719
15.410000             -0.15223807614812370770
15.415000             -0.15127766048262367149
15.420000             -0.15042768561171745989
15.425000             -0.14967316392331900254
15.430000             -0.14902005220089442616
15.435000             -0.14846318296481100796
15.440000             -0.14800121173719316126
15.445000             -0.14763018042874334612
15.450000             -0.14734720451295216237
15.455000             -0.14714395641070707188
15.460000             -0.14702108982223219269
15.465000             -0.14697502306409579442
15.470000             -0.14701334499651949606
15.475000             -0.14712265216396180900
15.480000             -0.14730933350912739366
15.485000             -0.14756934396033200008
15.490000             -0.14790411753085558333
15.495000             -0.14831650850007468967
15.500000             -0.14880540605068542925
15.505000             -0.14937596507999931217
15.510000             -0.15002703629110233918
15.515000             -0.15076036542353341008
15.520000             -0.15157691554643251686
15.525000             -0.15247481392635653386
15.530000             -0.15345529153160239466
15.535000             -0.15451662955529679722
15.540000             -0.15565624958506213416
15.545000             -0.15687353160465697388
15.550000             -0.15816378468349986952
15.555000             -0.15952934998840970215
15.560000             -0.16095660366012212728
15.565000             -0.16244534692077025606
15.570000             -0.16399094745837619613
15.575000             -0.16558801583840007665
15.580000             -0.16723148707008761438
15.585000             -0.16891034829865539391
15.590000             -0.17062709367375783476
15.595000             -0.17237057080771536755
15.600000             -0.17414148331606071896
15.605000             -0.17592561199713510622
15.610000             -0.17772882237788029114
15.615000             -0.17953534973738974334
15.620000             -0.18134520597650102824
15.625000             -0.18315080945013334501
15.630000             -0.18494662354240065660
15.635000             -0.18672628244404337883
15.640000             -0.18848435429799137442
15.645000             -0.19021470472104992644
15.650000             -0.19191237528280633007
15.655000             -0.19357205825450690684
15.660000             -0.19518735557763625121
15.665000             -0.19675238357946550627
15.670000             -0.19826323959249103623
15.675000             -0.19971552670757303227
15.680000             -0.20110545260727533123
15.685000             -0.20242366944571893450
15.690000             -0.20366921140465646389
15.695000             -0.20483816216176700675
15.700000             -0.20593019797160444506
15.705000             -0.20694451629699567308
15.710000             -0.20787818341652855580
15.715000             -0.20872885316273412371
15.720000             -0.20949681887819832093
15.725000             -0.21018135770145932040
15.730000             -0.21077993619656468227
15.735000             -0.21129212491590870782
15.740000             -0.21171616195708986563
15.745000             -0.21205832684386413667
15.750000             -0.21230788116443924385
15.755000             -0.21246990339398572067
15.760000             -0.21254361597815432661
15.765000             -0.21252577895951474396
15.770000             -0.21241802747025967379
15.775000             -0.21221925505884758900
15.780000             -0.21193318224825408169
15.785000             -0.21155946830752903054
15.790000             -0.21109699653241781325
15.795000             -0.21054452525303332666
15.800000             -0.20990937300481116168
15.805000             -0.20918487327601878456
15.810000             -0.20837659990307580427
15.815000             -0.20748527980275674465
15.820000             -0.20651828045048498117
15.825000             -0.20547625591410040302
15.830000             -0.20436343893540406813
15.835000             -0.20318376555486611368
15.840000             -0.20194099656236658147
15.845000             -0.20063787103500668740
15.850000             -0.19927917250617016576
15.855000             -0.19786659558900554501
15.860000             -0.19640799361389649214
15.865000             -0.19489913196578440013
15.870000             -0.19334489871944879336
15.875000             -0.19174834784415309419
15.880000             -0.19010793128969830090
15.885000             -0.18842381939867980378
15.890000             -0.18670056767510373463
15.895000             -0.18494052003675456874
15.900000             -0.18314747336639172759
15.905000             -0.18132134444133399254
15.910000             -0.17946493117573883436
15.915000             -0.17758559411195037891
15.920000             -0.17568545626807319238
15.925000             -0.17377773240952321121
15.930000             -0.17186704240880509853
15.935000             -0.16996265315519670791
15.940000             -0.16807217628371670659
15.945000             -0.16620537141526370295
15.950000             -0.16437004056496978821
15.955000             -0.16257847131794858631
15.960000             -0.16083182523746958337
15.965000             -0.15914188821746283464
15.970000             -0.15751567042849762279
15.975000             -0.15596298895281596186
15.980000             -0.15448960743266465512
15.985000             -0.15310332318091732229
15.990000             -0.15180674607777019935
15.995000             -0.15060516325123862735
16.000000             -0.14950400991106144177
16.005000             -0.14850641075326626028
16.010000             -0.14761311910561569771
16.015000             -0.14682334467286500823
16.020000             -0.14613827540056964494
16.025000             -0.14555591683081875454
16.030000             -0.14507485174360895686
16.035000             -0.14469675269109294469
16.040000             -0.14441321444790305994
16.045000             -0.14423108807096823858
16.050000             -0.14413967510654498994
16.055000             -0.14414000921405822897
16.060000             -0.14422842457633736069
16.065000             -0.14440291779409483719
16.070000             -0.14466275874414802338
16.075000             -0.14500668357209625658
16.080000             -0.14542893101929385558
16.085000             -0.14593592963335852430
16.090000             -0.14652124566206500833
16.095000             -0.14718811571723081078
16.100000             -0.14792787722249303717
16.105000             -0.14874440091086729709
16.110000             -0.14963237202544202309
16.115000             -0.15058961938695694660
16.120000             -0.15161192635776643556
16.125000             -0.15270095157625118709
16.130000             -0.15384716758021879657
16.135000             -0.15505412710337862503
16.140000             -0.15630649364433693571
16.145000             -0.15760732986994016591
16.150000             -0.15894338742375838103
16.155000             -0.16031163498910863674
16.160000             -0.16170787987273851916
16.165000             -0.16312313926113969353
16.170000             -0.16455495461695801573
16.175000             -0.16599511045301357237
16.180000             -0.16744138047262788205
16.185000             -0.16888682256197579123
16.190000             -0.17032884993652150363
16.195000             -0.17176189183908557867
16.200000             -0.17318309157242325891
16.205000             -0.17459116946880631760
16.210000             -0.17597662427102664373
16.215000             -0.17734124563159048282
16.220000             -0.17867743950934972252
16.225000             -0.17998800899458558544
16.230000             -0.18126660810371891808
16.235000             -0.18251305550864738159
16.240000             -0.18372243688568024034
16.245000             -0.18489891693028484565
16.250000             -0.18603622985922182997
16.255000             -0.18713685654575534789
16.260000             -0.18819790017898743728
16.265000             -0.18922033069376742453
16.270000             -0.19020653946904078624
16.275000             -0.19115118686771312428
16.280000             -0.19205737074320036739
16.285000             -0.19293068416024169998
16.290000             -0.19376836321151047482
16.295000             -0.19457124809112277819
16.300000             -0.19534186286302834823
16.305000             -0.19607983750823695934
16.310000             -0.19678598695210117175
16.315000             -0.19746118337193158121
16.320000             -0.19810378562180230855
16.325000             -0.19871249226111867281
16.330000             -0.19928868923299206117
16.335000             -0.19983142406165971261
16.340000             -0.20033465329878460959
16.345000             -0.20079762340816600941
16.350000             -0.20121888001127224976
16.355000             -0.20158658090366601834
16.360000             -0.20190514478482032845
16.365000             -0.20216201213165449491
16.370000             -0.20236658157986250894
16.375000             -0.20250729798525099468
16.380000             -0.20258581834097769137
16.385000             -0.20259936815470716565
16.390000             -0.20254671771785695555
16.395000             -0.20242568884398451368
16.400000             -0.20224210399200459598
16.405000             -0.20199575626341792489
16.410000             -0.20169024831040721635
16.415000             -0.20132953481239188043
16.420000             -0.20091950924714743754
16.425000             -0.20046523899822996095
16.430000             -0.19997264891032498491
16.435000             -0.19944511934750930315
16.440000             -0.19888758128047415163
16.445000             -0.19830738087373153689
16.450000             -0.19770266216364715262
16.455000             -0.19708439398698701650
16.460000             -0.19645078441474472797
16.465000             -0.19580530152251243714
16.470000             -0.19514689705256280106
16.475000             -0.19447688098883475494
16.480000             -0.19379465760395350737
16.485000             -0.19309813928312355436
16.490000             -0.19239277397552875803
16.495000             -0.19167074385678573023
16.500000             -0.19093286717642024564
16.505000             -0.19017532505390152830
16.510000             -0.18939642599183098559
16.515000             -0.18859718504048508803
16.520000             -0.18777585529583901147
16.525000             -0.18693345207474776348
16.530000             -0.18607027405333051440
16.535000             -0.18518517734784745166
16.540000             -0.18428433630982682390
16.545000             -0.18337267665550033291
16.550000             -0.18245500576090686873
16.555000             -0.18153638087069035034
16.560000             -0.18062145306122240340
16.565000             -0.17971872637655386673
16.570000             -0.17883171956867408015
16.575000             -0.17796579548752847200
16.580000             -0.17712700437822598287
16.585000             -0.17631805201702632768
16.590000             -0.17554697520956316636
16.595000             -0.17480918481360413486
16.600000             -0.17411433460775874171
16.605000             -0.17345997904999882477
16.610000             -0.17284710483697424133
16.615000             -0.17227580365988648392
16.620000             -0.17174502641008421167
16.625000             -0.17125230195114687914
16.630000             -0.17079591781446157306
16.635000             -0.17037123465376194376
16.640000             -0.16997772069223326952
16.645000             -0.16960524023864409493
16.650000             -0.16925898158391969317
16.655000             -0.16892496884449653693
16.660000             -0.16861235211973504833
16.665000             -0.16831126588425912582
16.670000             -0.16802322892881077498
16.675000             -0.16774459429576402125
16.680000             -0.16747964113176916356
16.685000             -0.16722027160227792564
16.690000             -0.16697509934065229986
16.695000             -0.16673884990682810714
16.700000             -0.16651492429233546999
16.705000             -0.16630125433796302814
16.710000             -0.16610053183166226254
16.715000             -0.16590807564190909740
16.720000             -0.16573225802498028902
16.725000             -0.16557178841331823826
16.730000             -0.16542746825743046002
16.735000             -0.16530119342834811991
16.740000             -0.16519550110279007660
16.745000             -0.16511104175567359320
16.750000             -0.16504787738637832772
16.755000             -0.16500898205784389483
16.760000             -0.16499448975889477453
16.765000             -0.16500829591833671151
16.770000             -0.16505052828623789640
16.775000             -0.16512351044108122822
16.780000             -0.16522874997073550007
16.785000             -0.16536409710227847891
16.790000             -0.16553289883669608518
16.795000             -0.16573164079426733197
16.800000             -0.16595884536001428988
16.805000             -0.16621269818242978555
16.810000             -0.16648940282240615174
16.815000             -0.16678936856148207646
16.820000             -0.16710637830332400466
16.825000             -0.16743506920946205074
16.830000             -0.16777420230495046494
16.835000             -0.16811630740277677676
16.840000             -0.16846070535754234521
16.845000             -0.16879308944062523801
16.850000             -0.16912517065242929637
16.855000             -0.16944662997150813921
16.860000             -0.16976293093499114639
16.865000             -0.17006200028151666204
16.870000             -0.17035432669467440170
16.875000             -0.17063410353063082625
16.880000             -0.17090013651810143092
16.885000             -0.17115611801113728152
16.890000             -0.17139907464970943751
16.895000             -0.17164072767398144692
16.900000             -0.17187512792212175650
16.905000             -0.17210801721574883749
16.910000             -0.17233690169181778429
16.915000             -0.17256824895597899783
16.920000             -0.17279791974991270953
16.925000             -0.17303272931907548449
16.930000             -0.17326855581079711466
16.935000             -0.17350661525319321932
16.940000             -0.17374865448603832307
16.945000             -0.17398986269773616953
16.950000             -0.17422785211100921821
16.955000             -0.17446153517427950841
16.960000             -0.17469267047962042105
16.965000             -0.17491444773965289516
16.970000             -0.17512807299655494542
16.975000             -0.17532505745049914436
16.980000             -0.17551117383585004839
16.985000             -0.17568468766861095043
16.990000             -0.17584916165157749024
16.995000             -0.17599829575519285174
17.000000             -0.17613772020697654463
17.005000             -0.17626667602622295150
17.010000             -0.17638741910459665441
17.015000             -0.17650431561550666837
17.020000             -0.17661747127201329888
17.025000             -0.17673398016942737376
17.030000             -0.17685478384228683901
17.035000             -0.17698279016203274927
17.040000             -0.17711785397836427025
17.045000             -0.17726699503649337442
17.050000             -0.17742633319898284960
17.055000             -0.17760339734035665571
17.060000             -0.17779121636651834537
17.065000             -0.17799862980019356962
17.070000             -0.17821687051991569328
17.075000             -0.17844666267706416063
17.080000             -0.17868456151633788087
17.085000             -0.17893103627678696999
17.090000             -0.17917854244377434680
17.095000             -0.17942623337869303968
17.100000             -0.17966779795395623753
17.105000             -0.17990023907799343461
17.110000             -0.18012126733317998517
17.115000             -0.18032868221517597829
17.120000             -0.18052087258649898716
17.125000             -0.18069694575850064888
17.130000             -0.18085520836964574798
17.135000             -0.18099699401624816386
17.140000             -0.18112549994372109663
17.145000             -0.18123213619481098879
17.150000             -0.18132650100881608779
17.155000             -0.18140282350724301619
17.160000             -0.18146902280416135622
17.165000             -0.18152220727118226207
17.170000             -0.18156591783972567122
17.175000             -0.18159796258334617858
17.180000             -0.18161913384695307916
17.185000             -0.18163401621385286133
17.190000             -0.18164034347604060549
17.195000             -0.18164019207499534914
17.200000             -0.18163183766879270609
17.205000             -0.18161625543809062355
17.210000             -0.18159242720755744416
17.215000             -0.18156128606792659719
17.220000             -0.18151990636236708943
17.225000             -0.18147294167562219580
17.230000             -0.18141656559520180636
17.235000             -0.18135195456462266383
17.240000             -0.18128078849069279022
17.245000             -0.18120383673306722505
17.250000             -0.18112237057936833584
17.255000             -0.18104124777646615763
17.260000             -0.18096188102060323244
17.265000             -0.18087652518168689797
17.270000             -0.18079093185328437565
17.275000             -0.18071728611134171838
17.280000             -0.18063410954697292632
17.285000             -0.18055169961694109149
17.290000             -0.18046827808966633966
17.295000             -0.18038380194160213987
17.300000             -0.18030042450232169893
17.305000             -0.18021573215103359189
17.310000             -0.18013346716758391053
17.315000             -0.18005187303768199758
17.320000             -0.17997154592829606168
17.325000             -0.17989453496688567746
17.330000             -0.17981856285287878272
17.335000             -0.17974575106257814627
17.340000             -0.17967833999957555369
17.345000             -0.17961651094491645764
17.350000             -0.17956181516846816959
17.355000             -0.17951452134243439662
17.360000             -0.17947665518461300427
17.365000             -0.17944877978734205537
17.370000             -0.17943043686785820068
17.375000             -0.17942270038781907293
17.380000             -0.17942590943740885367
17.385000             -0.17943897048660120697
17.390000             -0.17946218429272420281
17.395000             -0.17949058456099831194
17.400000             -0.17951914048975251004
17.405000             -0.17955248499017312236
17.410000             -0.17959014666393988136
17.415000             -0.17962151565004652598
17.420000             -0.17964979233731040442
17.425000             -0.17966956445625070771
17.430000             -0.17968020954389465893
17.435000             -0.17967299479896767234
17.440000             -0.17964675319773862339
17.445000             -0.17959841154636640992
17.450000             -0.17952617974535353684
17.455000             -0.17942745034825943740
17.460000             -0.17930144832365926821
17.465000             -0.17914932272845363048
17.470000             -0.17896706732447326127
17.475000             -0.17875717168950311375
17.480000             -0.17851785571791647933
17.485000             -0.17825522060385809442
17.490000             -0.17797412124926856314
17.495000             -0.17767448349763567683
17.500000             -0.17736245717968154856
17.505000             -0.17703523491697026326
17.510000             -0.17669398300705074778
17.515000             -0.17633623159998856877
17.520000             -0.17597328265589481933
17.525000             -0.17560314222834655373
17.530000             -0.17522818020943578543
17.535000             -0.17484904998527697750
17.540000             -0.17446469843387404919
17.545000             -0.17407941241931676468
17.550000             -0.17368925853399402870
17.555000             -0.17329438032804037051
17.560000             -0.17289320336864444361
17.565000             -0.17248538570726396069
17.570000             -0.17207201829708476670
17.575000             -0.17165187868124723303
17.580000             -0.17122539611850559615
17.585000             -0.17079412255173853641
17.590000             -0.17036185254587507543
17.595000             -0.16992958397449253738
17.600000             -0.16950082814798017594
17.605000             -0.16907964169272632349
17.610000             -0.16867000136528442766
17.615000             -0.16826854497773202635
17.620000             -0.16789299810444976990
17.625000             -0.16754053772919424992
17.630000             -0.16721962523788530541
17.635000             -0.16693284706816019503
17.640000             -0.16668791734983925967
17.645000             -0.16648228399056930193
17.650000             -0.16632314123469635336
17.655000             -0.16620818867132053365
17.660000             -0.16613917114061296787
17.665000             -0.16611479183913513413
17.670000             -0.16613894823260003109
17.675000             -0.16621100109156577984
17.680000             -0.16631821924982964633
17.685000             -0.16647080282707887866
17.690000             -0.16665804662674771341
17.695000             -0.16688377899873735322
17.700000             -0.16714295860116770709
17.705000             -0.16743874784959489332
17.710000             -0.16776813564948503399
17.715000             -0.16813299925125213541
17.720000             -0.16852695309530496548
17.725000             -0.16895494881582795443
17.730000             -0.16941461156495166152
17.735000             -0.16990382163838352314
17.740000             -0.17043028286494507628
17.745000             -0.17098261036095921406
17.750000             -0.17156653018988807236
17.755000             -0.17217778871891678549
17.760000             -0.17281597966078399153
17.765000             -0.17348236409076600584
17.770000             -0.17417389503266378359
17.775000             -0.17489504538573508174
17.780000             -0.17562809589510328112
17.785000             -0.17638729016188148258
17.790000             -0.17716060528900634541
17.795000             -0.17795221925081655678
17.800000             -0.17875427959239401088
17.805000             -0.17956509127763631284
17.810000             -0.18038306162656492226
17.815000             -0.18120052156818086675
17.820000             -0.18202119266986974133
17.825000             -0.18284113150462541486
17.830000             -0.18365557442342639316
17.835000             -0.18446481464528494132
17.840000             -0.18526418591380761081
17.845000             -0.18605549856509615014
17.850000             -0.18682907945343565914
17.855000             -0.18759467003070498525
17.860000             -0.18833983492122208236
17.865000             -0.18907048124048100868
17.870000             -0.18977938150505102577
17.875000             -0.19046799596927263543
17.880000             -0.19112568593401232930
17.885000             -0.19175679193379358001
17.890000             -0.19235843211848580037
17.895000             -0.19293058743394503329
17.900000             -0.19346007763401973367
17.905000             -0.19394971830103108212
17.910000             -0.19439763814119320751
17.915000             -0.19479988105062770454
17.920000             -0.19515582693961977534
17.925000             -0.19546230648226309290
17.930000             -0.19572152503268716583
17.935000             -0.19592987009278686750
17.940000             -0.19609033118767721371
17.945000             -0.19619994053514330790
17.950000             -0.19626429780133922143
17.955000             -0.19628189880697238801
17.960000             -0.19625634196272059850
17.965000             -0.19618979383780643655
17.970000             -0.19608391948288267370
17.975000             -0.19593989904113925937
17.980000             -0.19576267415252074366
17.985000             -0.19554950575643162414
17.990000             -0.19530545813035044000
17.995000             -0.19502810335766723737
18.000000             -0.19472211141620926478
18.005000             -0.19438635193674558277
18.010000             -0.19402122918909492366
18.015000             -0.19362543225817563375
18.020000             -0.19319884658549998924
18.025000             -0.19273919971920946970
18.030000             -0.19224765695820217326
18.035000             -0.19172139478025068682
18.040000             -0.19115912313770141995
18.045000             -0.19056039384697867622
18.050000             -0.18992296857930243692
18.055000             -0.18924997656566461268
18.060000             -0.18853779663084510587
18.065000             -0.18778971321124887650
18.070000             -0.18700755704746527264
18.075000             -0.18619210939829169971
18.080000             -0.18534785869162481720
18.085000             -0.18447726815710654980
18.090000             -0.18358018653617030891
18.095000             -0.18266405003863955825
18.100000             -0.18172983754675500756
18.105000             -0.18078147558902352143
18.110000             -0.17982288420546391206
18.115000             -0.17885061650145236967
18.120000             -0.17787344675162228280
18.125000             -0.17688795631361184379
18.130000             -0.17589859389491271924
18.135000             -0.17490416306393774537
18.140000             -0.17390741133555720488
18.145000             -0.17290855766843818420
18.150000             -0.17190757561970593237
18.155000             -0.17090629987573907611
18.160000             -0.16990454252114425837
18.165000             -0.16890339314471580767
18.170000             -0.16790495925566240043
18.175000             -0.16690938382086700775
18.180000             -0.16592079737990034216
18.185000             -0.16494331296029471345
18.190000             -0.16397450520872211555
18.195000             -0.16302466243790353362
18.200000             -0.16208543372404193850
18.205000             -0.16117456047664840968
18.210000             -0.16029254875980084027
18.215000             -0.15944585678974990128
18.220000             -0.15864039244448635557
18.225000             -0.15787378247475386539
18.230000             -0.15715782952020115881
18.235000             -0.15649310409840805347
18.240000             -0.15588990884049330754
18.245000             -0.15534174686043517033
18.250000             -0.15485324024556959555
18.255000             -0.15441926756785029351
18.260000             -0.15404001886401982868
18.265000             -0.15371885071168936432
18.270000             -0.15345771419263490309
18.275000             -0.15325119821417626520
18.280000             -0.15310135685481710000
18.285000             -0.15300720085017277539
18.290000             -0.15296876609254297930
18.295000             -0.15298583463486709055
18.300000             -0.15306030672268725046
18.305000             -0.15319283924150253751
18.310000             -0.15338600762189552595
18.315000             -0.15364006155823506372
18.320000             -0.15395893355076856190
18.325000             -0.15434386387289356080
18.330000             -0.15480152214472298056
18.335000             -0.15533072885314747058
18.340000             -0.15593334981297574116
18.345000             -0.15661060576024291024
18.350000             -0.15736517895012694379
18.355000             -0.15819411058049687169
18.360000             -0.15909762597802998285
18.365000             -0.16007412729300354859
18.370000             -0.16112068304820123532
18.375000             -0.16223374382551425388
18.380000             -0.16340912710267185837
18.385000             -0.16464168368017095823
18.390000             -0.16592853998937751037
18.395000             -0.16725802316383830970
18.400000             -0.16862551605349337946
18.405000             -0.17002221993141861112
18.410000             -0.17144145453983380967
18.415000             -0.17287684394538507804
18.420000             -0.17432145811712948524
18.425000             -0.17577101009920437225
18.430000             -0.17721797434424910178
18.435000             -0.17865909372842175840
18.440000             -0.18008871300894105372
18.445000             -0.18150434061125902963
18.450000             -0.18290453307194073918
18.455000             -0.18428180217486089809
18.460000             -0.18564031851125539774
18.465000             -0.18697681690344064576
18.470000             -0.18828967630547646661
18.475000             -0.18957706643115554423
18.480000             -0.19083805393459113420
18.485000             -0.19207153005699717507
18.490000             -0.19327238374129743215
18.495000             -0.19444711720902513319
18.500000             -0.19557803415648761236
18.505000             -0.19666878557453887355
18.510000             -0.19771062469337508105
18.515000             -0.19870291632557146588
18.520000             -0.19963518223831061560
18.525000             -0.20050790276773972076
18.530000             -0.20131296552120522825
18.535000             -0.20205243351187843204
18.540000             -0.20271955131801502881
18.545000             -0.20331725553475660240
18.550000             -0.20383973492315082821
18.555000             -0.20428979544905465082
18.560000             -0.20466224595411200426
18.565000             -0.20496391004753281018
18.570000             -0.20518910968669193395
18.575000             -0.20534167117061016827
18.580000             -0.20542132779852600999
18.585000             -0.20542955261552220403
18.590000             -0.20536808077211191059
18.595000             -0.20523829669101859019
18.600000             -0.20503915491963395357
18.605000             -0.20477132168448566873
18.610000             -0.20443531063385533830
18.615000             -0.20403313478951543014
18.620000             -0.20356319424488691916
18.625000             -0.20302638983288770480
18.630000             -0.20242156211539810706
18.635000             -0.20175019625728368711
18.640000             -0.20101226081135570301
18.645000             -0.20021214677986939878
18.650000             -0.19934894731335364715
18.655000             -0.19842623803613759770
18.660000             -0.19744360497064888937
18.665000             -0.19640673370369435280
18.670000             -0.19531677398795302403
18.675000             -0.19418075851051030956
18.680000             -0.19300253130528446932
18.685000             -0.19178758393889838718
18.690000             -0.19053944577536782723
18.695000             -0.18926307937180056329
18.700000             -0.18796352178665576282
18.705000             -0.18664418338031693589
18.710000             -0.18531042545012774148
18.715000             -0.18396597418037113902
18.720000             -0.18261357157865687473
18.725000             -0.18125717430588350609
18.730000             -0.17989846103478895900
18.735000             -0.17854056975319038125
18.740000             -0.17718498470533564082
18.745000             -0.17583311602182361000
18.750000             -0.17448672851844326814
18.755000             -0.17314576744520709939
18.760000             -0.17181410134437427595
18.765000             -0.17048521443835434885
18.770000             -0.16916499313906430135
18.775000             -0.16785300754458770678
18.780000             -0.16655230366448695034
18.785000             -0.16526259875751006523
18.790000             -0.16398753399747750814
18.795000             -0.16273686335588943841
18.800000             -0.16150457998407546922
18.805000             -0.16029736634587291033
18.810000             -0.15911577835855167384
18.815000             -0.15796931252050128158
18.820000             -0.15685559162931636545
18.825000             -0.15578545875080640482
18.830000             -0.15475688796538455971
18.835000             -0.15377694187135662607
18.840000             -0.15284995436516629619
18.845000             -0.15197895279794723655
18.850000             -0.15117466815514474243
18.855000             -0.15042298334109882596
18.860000             -0.14973286023348603146
18.865000             -0.14909944592292911913
18.870000             -0.14852572797091478929
18.875000             -0.14801267320909861080
18.880000             -0.14755693568589794973
18.885000             -0.14716395472276319611
18.890000             -0.14683488611101438992
18.895000             -0.14657029706994245677
18.900000             -0.14637129432938716933
18.905000             -0.14624010976119125593
18.910000             -0.14617837819335197103
18.915000             -0.14618842445472648994
18.920000             -0.14627042845205939781
18.925000             -0.14642790400603211687
18.930000             -0.14665993410015754073
18.935000             -0.14696682779314115819
18.940000             -0.14734946146078722884
18.945000             -0.14780467282358378256
18.950000             -0.14833229744445675102
18.955000             -0.14893169709016965130
18.960000             -0.14959745944706795417
18.965000             -0.15032658079535918261
18.970000             -0.15111659984421388359
18.975000             -0.15196535327947638394
18.980000             -0.15286193327139663278
18.985000             -0.15381152236881487361
18.990000             -0.15479592134259764769
18.995000             -0.15581834597539162557
19.000000             -0.15687114650432817942
19.005000             -0.15795324557776033170
19.010000             -0.15905759048274520362
19.015000             -0.16018605188078013923
19.020000             -0.16133416568207109565
19.025000             -0.16250357014104796494
19.030000             -0.16368980735662957970
19.035000             -0.16489422979727996754
19.040000             -0.16611670582780521666
19.045000             -0.16735981008288863814
19.050000             -0.16862404369425243456
19.055000             -0.16990842355371846284
19.060000             -0.17121344083799716618
19.065000             -0.17253675640118878998
19.070000             -0.17387751254536934487
19.075000             -0.17523388727061164905
19.080000             -0.17660323604875741155
19.085000             -0.17798554232411711862
19.090000             -0.17937120130847880595
19.095000             -0.18076202868756521824
19.100000             -0.18214742364535235764
19.105000             -0.18352384497092821825
19.110000             -0.18488721587444156835
19.115000             -0.18622690953221934795
19.120000             -0.18754299672121685361
19.125000             -0.18882738447527944170
19.130000             -0.19007771351858110398
19.135000             -0.19128896758707139569
19.140000             -0.19245822116303859528
19.145000             -0.19358565726310281163
19.150000             -0.19466443798565535861
19.155000             -0.19569519118275083280
19.160000             -0.19667804876802549852
19.165000             -0.19760766949636315859
19.170000             -0.19848672380435497531
19.175000             -0.19931116984234631406
19.180000             -0.20008136855720107250
19.185000             -0.20079438808868851907
19.190000             -0.20145332662566886595
19.195000             -0.20205574806775400409
19.200000             -0.20260418009390798733
19.205000             -0.20308991964746625492
19.210000             -0.20351946542749266289
19.215000             -0.20388888704733793000
19.220000             -0.20419718516367271754
19.225000             -0.20443985479587811760
19.230000             -0.20461808079529780757
19.235000             -0.20472947373220373724
19.240000             -0.20477161221629844312
19.245000             -0.20474246914562962973
19.250000             -0.20464129409809247995
19.255000             -0.20446640487240974604
19.260000             -0.20421849117954618547
19.265000             -0.20389711613676761437
19.270000             -0.20350378551002537564
19.275000             -0.20303783898306049238
19.280000             -0.20250410946688415792
19.285000             -0.20190415663031283100
19.290000             -0.20124244813101552221
19.295000             -0.20052090252742332810
19.300000             -0.19974435943410212557
19.305000             -0.19891203632992968120
19.310000             -0.19803169972965514734
19.315000             -0.19710330222317942739
19.320000             -0.19613579243781645300
19.325000             -0.19512760546394938843
19.330000             -0.19408546789603647875
19.335000             -0.19300572854430775305
19.340000             -0.19189531719906821605
19.345000             -0.19075225545982735231
19.350000             -0.18957737383696091071
19.355000             -0.18837329397178764756
19.360000             -0.18714186745031821668
19.365000             -0.18588500355269768627
19.370000             -0.18460502635249567693
19.375000             -0.18330550572496703832
19.380000             -0.18198604138840074329
19.385000             -0.18065612866179375784
19.390000             -0.17931682088483297255
19.395000             -0.17797313088045402241
19.400000             -0.17663058658148239610
19.405000             -0.17529508476156471786
19.410000             -0.17396991494390590116
19.415000             -0.17266016734510861164
19.420000             -0.17137190680941896681
19.425000             -0.17010817026439312150
19.430000             -0.16887438764686021897
19.435000             -0.16767393969918489849
19.440000             -0.16650869092372100333
19.445000             -0.16537966536889264768
19.450000             -0.16429583725905230751
19.455000             -0.16325032883939522010
19.460000             -0.16225297695511675666
19.465000             -0.16129545772648215540
19.470000             -0.16039145495465970126
19.475000             -0.15952310463201185842
19.480000             -0.15870336313878419254
19.485000             -0.15792682683435421698
19.490000             -0.15719713383315800370
19.495000             -0.15651447648238439592
19.500000             -0.15588033694318259581
19.505000             -0.15529848344988336772
19.510000             -0.15477055655459187600
19.515000             -0.15429965008123580628
19.520000             -0.15388884242935021995
19.525000             -0.15354059378266438074
19.530000             -0.15325793542857812923
19.535000             -0.15304316385297769831
19.540000             -0.15289961775270646815
19.545000             -0.15282759511969862265
19.550000             -0.15282574440348448142
19.555000             -0.15289984034152406811
19.560000             -0.15304478106258620485
19.565000             -0.15326071700907445416
19.570000             -0.15353991862725940853
19.575000             -0.15389346623255983904
19.580000             -0.15430812103618923858
19.585000             -0.15478399910718843024
19.590000             -0.15531320670625595182
19.595000             -0.15589824688663048158
19.600000             -0.15653376159562010228
19.605000             -0.15721695122124507149
19.610000             -0.15794592757211919909
19.615000             -0.15871824779976437259
19.620000             -0.15953270654823425989
19.625000             -0.16038788634724063242
19.630000             -0.16128133547614290078
19.635000             -0.16221985328076463095
19.640000             -0.16319266169956611612
19.645000             -0.16420479835907464405
19.650000             -0.16525522893179733774
19.655000             -0.16634253395731127267
19.660000             -0.16745997595306708061
19.665000             -0.16861302021284038655
19.670000             -0.16979756440952750718
19.675000             -0.17101141935697330987
19.680000             -0.17225087690263785056
19.685000             -0.17350921757455170513
19.690000             -0.17478254483613131498
19.695000             -0.17606713275530788687
19.700000             -0.17735752309538047045
19.705000             -0.17864874123070234591
19.710000             -0.17993516781165469487
19.715000             -0.18121201547357301820
19.720000             -0.18247702720183828218
19.725000             -0.18372330809196821266
19.730000             -0.18494602163952961194
19.735000             -0.18614090407628502977
19.740000             -0.18731304671001919315
19.745000             -0.18844867746985630164
19.750000             -0.18955932526718949349
19.755000             -0.19062362711535479898
19.760000             -0.19165520847283257222
19.765000             -0.19264780015006904845
19.770000             -0.19360805072820380657
19.775000             -0.19453061893212261757
19.780000             -0.19541655372312707883
19.785000             -0.19626438018111974637
19.790000             -0.19707171491644145944
19.795000             -0.19783942269547319381
19.800000             -0.19856349184794069851
19.805000             -0.19924124694996622753
19.810000             -0.19987206098741788773
19.815000             -0.20044875006165949194
19.820000             -0.20097575595535838167
19.825000             -0.20144246065845691773
19.830000             -0.20185514683597780006
19.835000             -0.20220312326912934231
19.840000             -0.20248853159113611166
19.845000             -0.20270377442991141526
19.850000             -0.20285216690127763628
19.855000             -0.20293134293794584666
19.860000             -0.20294085688426685699
19.865000             -0.20287556148038937698
19.870000             -0.20274390558373880933
19.875000             -0.20254884932414166099
19.880000             -0.20229612173738567571
19.885000             -0.20198463451972412108
19.890000             -0.20161755994394836566
19.895000             -0.20119729408215025757
19.900000             -0.20072508741347308558
19.905000             -0.20020429317745827569
19.910000             -0.19963670169583003222
19.915000             -0.19902554125512358918
19.920000             -0.19836695061499867720
19.925000             -0.19766400397397798638
19.930000             -0.19691582471183596836
19.935000             -0.19612450711279114102
19.940000             -0.19528738661104283469
19.945000             -0.19440514524818097719
19.950000             -0.19348051922672754310
19.955000             -0.19251366489292667805
19.960000             -0.19150704153344338954
19.965000             -0.19046282056766347668
19.970000             -0.18938325941498801441
19.975000             -0.18827006020907161021
19.980000             -0.18712448669275408286
19.985000             -0.18595089059654590358
19.990000             -0.18475911608924977525
19.995000             -0.18355183614062869912
20.000000             -0.18233112534443973729
20.005000             -0.18110783478069897301
20.010000             -0.17988016726317818117
20.015000             -0.17865540546879615791
20.020000             -0.17743385481414272742
20.025000             -0.17622525522614740368
20.030000             -0.17502578529514958849
20.035000             -0.17384226845258093919
20.040000             -0.17267151186769119642
20.045000             -0.17151752121417021546
20.050000             -0.17038250500958099232
20.055000             -0.16926384600944846537
20.060000             -0.16817201398736925100
20.065000             -0.16709653489416162464
20.070000             -0.16604549484446659569
20.075000             -0.16501630809299219771
20.080000             -0.16401536946743097700
20.085000             -0.16304443562824313951
20.090000             -0.16210597821276992447
20.095000             -0.16120371809720643319
20.100000             -0.16034046382799121977
20.105000             -0.15951914587632665121
20.110000             -0.15874293452185950226
20.115000             -0.15801566465048555443
20.120000             -0.15734144207837227891
20.125000             -0.15672115416587042991
20.130000             -0.15615724619507448390
20.135000             -0.15565200530402328871
20.140000             -0.15521059402688905382
20.145000             -0.15483081387198247003
20.150000             -0.15451627849564003592
20.155000             -0.15426114809723642796
20.160000             -0.15406809992578696100
20.165000             -0.15393422458910471784
20.170000             -0.15386104684133244946
20.175000             -0.15384129700764218041
20.180000             -0.15388157649647962733
20.185000             -0.15397699318280899661
20.190000             -0.15412715125522832849
20.195000             -0.15433066109802345833
20.200000             -0.15458702756881254059
20.205000             -0.15489420913554985404
20.210000             -0.15525369608811237510
20.215000             -0.15566020401279262453
20.220000             -0.15612117431074179486
20.225000             -0.15663325249329199118
20.230000             -0.15719569316413772864
20.235000             -0.15781023707987223981
20.240000             -0.15847430012183838510
20.245000             -0.15918741907271069524
20.250000             -0.15995161851731690139
20.255000             -0.16075822717844889809
20.260000             -0.16161111809811282147
20.265000             -0.16250172908082832768
20.270000             -0.16343254107549451404
20.275000             -0.16439643211128338041
20.280000             -0.16539445845562253390
20.285000             -0.16642190911270762776
20.290000             -0.16747486438743464099
20.295000             -0.16854984985472537540
20.300000             -0.16964360836289282819
20.305000             -0.17075402478041692977
20.310000             -0.17187402295443796052
20.315000             -0.17300458827415440832
20.320000             -0.17414146648016520791
20.325000             -0.17528219121567761851
20.330000             -0.17642416051857684467
20.335000             -0.17756514232028910993
20.340000             -0.17870320468595429775
20.345000             -0.17983666338660334039
20.350000             -0.18096343254413488344
20.355000             -0.18208204932494898021
20.360000             -0.18318961411756123914
20.365000             -0.18428382896220335541
20.370000             -0.18536509405641210524
20.375000             -0.18642874519492091956
20.380000             -0.18747288682899662660
20.385000             -0.18849192818357113355
20.390000             -0.18948351946013855529
20.395000             -0.19044369066149985370
20.400000             -0.19137069886926613704
20.405000             -0.19226127246814697647
20.410000             -0.19311200792602234433
20.415000             -0.19392112114723517036
20.420000             -0.19468628814416949480
20.425000             -0.19540173340866379137
20.430000             -0.19606875097286968757
20.435000             -0.19668202137408385966
20.440000             -0.19724603868903098358
20.445000             -0.19775534454747767388
20.450000             -0.19821638410975406241
20.455000             -0.19862342355028461682
20.460000             -0.19897716456333566781
20.465000             -0.19927440892297842989
20.470000             -0.19951668836193159340
20.475000             -0.19970126163170423550
20.480000             -0.19983456829164622515
20.485000             -0.19991252992043237469
20.490000             -0.19993746463162964666
20.495000             -0.19991007766158092052
20.500000             -0.19982695193909297271
20.505000             -0.19969393664003928790
20.510000             -0.19950319683619732736
20.515000             -0.19926167741963371483
20.520000             -0.19896573612501261552
20.525000             -0.19861857757900641674
20.530000             -0.19821860576341665539
20.535000             -0.19776751360415831260
20.540000             -0.19726548061222357044
20.545000             -0.19671220447290183042
20.550000             -0.19610978491864566875
20.555000             -0.19545921476058933375
20.560000             -0.19476077492295931770
20.565000             -0.19401729244090890059
20.570000             -0.19323071379028222694
20.575000             -0.19240133306254114665
20.580000             -0.19153792358296886644
20.585000             -0.19063437657938320235
20.590000             -0.18970082001426508134
20.595000             -0.18873903821084173082
20.600000             -0.18775567051547811803
20.605000             -0.18675082839436732418
20.610000             -0.18572955750218364535
20.615000             -0.18469056783699847046
20.620000             -0.18364055994609587708
20.625000             -0.18257718200499156724
20.630000             -0.18151011920911111486
20.635000             -0.18043525502640669900
20.640000             -0.17936335211286236202
20.645000             -0.17828783387163463225
20.650000             -0.17721354199637112670
20.655000             -0.17614178488402443268
20.660000             -0.17507414318031955247
20.665000             -0.17401240940114129363
20.670000             -0.17295873006824527551
20.675000             -0.17191530296256249399
20.680000             -0.17088472298010143335
20.685000             -0.16986943047210448232
20.690000             -0.16887248760948700421
20.695000             -0.16789698097640703978
20.700000             -0.16694536020034753121
20.705000             -0.16602126604990949388
20.710000             -0.16513147196067115563
20.715000             -0.16427225023747199506
20.720000             -0.16345284464364825960
20.725000             -0.16266915248828384133
20.730000             -0.16192718775052641900
20.735000             -0.16122760137122466029
20.740000             -0.16057127198478743368
20.745000             -0.15996629324994673937
20.750000             -0.15940206583408705887
20.755000             -0.15889276214575892565
20.760000             -0.15842905616003663538
20.765000             -0.15801439037554709799
20.770000             -0.15764945811109229434
20.775000             -0.15733426426982310975
20.780000             -0.15706871796419810683
20.785000             -0.15685249748800925151
20.790000             -0.15668624039949707871
20.795000             -0.15656939169365943765
20.800000             -0.15650324495550485548
20.805000             -0.15648766141607808877
20.810000             -0.15652259084253186683
20.815000             -0.15660747002863062427
20.820000             -0.15674564650454431147
20.825000             -0.15693423407053161411
20.830000             -0.15717462920913294333
20.835000             -0.15746529847517759526
20.840000             -0.15780738517757603168
20.845000             -0.15820049167005031943
20.850000             -0.15864397696506410407
20.855000             -0.15913667110575932528
20.860000             -0.15967736391910600235
20.865000             -0.16026451113352579991
20.870000             -0.16089625074684663075
20.875000             -0.16157161507073350415
20.880000             -0.16228664338543746792
20.885000             -0.16303859399988901435
20.890000             -0.16382433184845862639
20.895000             -0.16464092323127721418
20.900000             -0.16548539708759524292
20.905000             -0.16636056178121164106
20.910000             -0.16725470856393354069
20.915000             -0.16817126553175029691
20.920000             -0.16910472198368400876
20.925000             -0.17005398581101827116
20.930000             -0.17101446782657728218
20.935000             -0.17199145555480702119
20.940000             -0.17297622480620217233
20.945000             -0.17397034865082788846
20.950000             -0.17497207465947228755
20.955000             -0.17598627612681894128
20.960000             -0.17700178334549609982
20.965000             -0.17802324379695463885
20.970000             -0.17904311969597391796
20.975000             -0.18006055398984258109
20.980000             -0.18107227454957511292
20.985000             -0.18207439975660286158
20.990000             -0.18306466047978120493
20.995000             -0.18404004358259570817
21.000000             -0.18499454426315536937
21.005000             -0.18593012682622056531
21.010000             -0.18684096556572760139
21.015000             -0.18772432060425572886
21.020000             -0.18857650403823603136
21.025000             -0.18939712180277823439
21.030000             -0.19018165224704977612
21.035000             -0.19093269082231878464
21.040000             -0.19164684401585299622
21.045000             -0.19232584977066030651
21.050000             -0.19296373311329165223
21.055000             -0.19356241023891843089
21.060000             -0.19412169361630307596
21.065000             -0.19463816736760886084
21.070000             -0.19511420793550737773
21.075000             -0.19554704626125049560
21.080000             -0.19594060464827331436
21.085000             -0.19628492204326894455
21.090000             -0.19658897721387202928
21.095000             -0.19684476560916117083
21.100000             -0.19705560706337504895
21.105000             -0.19721851654251401631
21.110000             -0.19733300322571101226
21.115000             -0.19739831632471036005
21.120000             -0.19741337469773564961
21.125000             -0.19737876866745884818
21.130000             -0.19729299811400075049
21.135000             -0.19715635728410546568
21.140000             -0.19696858880233264477
21.145000             -0.19673146790072143508
21.150000             -0.19644384452653609885
21.155000             -0.19610853618798723685
21.160000             -0.19572573714579966087
21.165000             -0.19529559721328965116
21.170000             -0.19482157456649756844
21.175000             -0.19430453685978082978
21.180000             -0.19374682382686655990
21.185000             -0.19315228872686926453
21.190000             -0.19252218679484264796
21.195000             -0.19186062554000207769
21.200000             -0.19116713681543601178
21.205000             -0.19044759305278030626
21.210000             -0.18970239845285913338
21.215000             -0.18893731347643674678
21.220000             -0.18814717828843721681
21.225000             -0.18733716248443074703
21.230000             -0.18650479194372721059
21.235000             -0.18565473218232836361
21.240000             -0.18478574206679471148
21.245000             -0.18389850066823792973
21.250000             -0.18299446395244395314
21.255000             -0.18207554506991366350
21.260000             -0.18113862338511907413
21.265000             -0.18018668714724744850
21.270000             -0.17922820828788149639
21.275000             -0.17826458022607766241
21.280000             -0.17729453426620098155
21.285000             -0.17632389086774924447
21.290000             -0.17535664345216353532
21.295000             -0.17439517327877815389
21.300000             -0.17344416943672882891
21.305000             -0.17251011938877222618
21.310000             -0.17159229505634879254
21.315000             -0.17069911106536403422
21.320000             -0.16982918035424854342
21.325000             -0.16898347767616231363
21.330000             -0.16816401385416696046
21.335000             -0.16737364433266907482
21.340000             -0.16661523521335669384
21.345000             -0.16588874486866420077
21.350000             -0.16519445332113488756
21.355000             -0.16453219840980948252
21.360000             -0.16390239447916843396
21.365000             -0.16330577889231032152
21.370000             -0.16274333900150919630
21.375000             -0.16221433602889645531
21.380000             -0.16171882229760348171
21.385000             -0.16125822434211900536
21.390000             -0.16083305561281102669
21.395000             -0.16044170757824996465
21.400000             -0.16009119562701976114
21.405000             -0.15977912634664262481
21.410000             -0.15951186863966468343
21.415000             -0.15928470615362880225
21.420000             -0.15911445894923612054
21.425000             -0.15898030754568601153
21.430000             -0.15889869812777557279
21.435000             -0.15886942673433201989
21.440000             -0.15889890110652934996
21.445000             -0.15897888321455941329
21.450000             -0.15911029252694036673
21.455000             -0.15929192556083274224
21.460000             -0.15952246011338239162
21.465000             -0.15979999489302876281
21.470000             -0.16012161450100251270
21.475000             -0.16048396639804013430
21.480000             -0.16088697694606848843
21.485000             -0.16132784772331598688
21.490000             -0.16180537522381094329
21.495000             -0.16231643040175089410
21.500000             -0.16285919058708178686
21.505000             -0.16343169954529335186
21.510000             -0.16403356908203658993
21.515000             -0.16466068569039515879
21.520000             -0.16531666828743246667
21.525000             -0.16599889196905301403
21.530000             -0.16670649119567979013
21.535000             -0.16743956989746805464
21.540000             -0.16819417234893163648
21.545000             -0.16897293657278336654
21.550000             -0.16977647204990534147
21.555000             -0.17060338762818791358
21.560000             -0.17145160461182021305
21.565000             -0.17231867755310528723
21.570000             -0.17320147833113419544
21.575000             -0.17410057840892828596
21.580000             -0.17500492175279472318
21.585000             -0.17591878258889756537
21.590000             -0.17683468657584752726
21.595000             -0.17774789724762021792
21.600000             -0.17865759165601233227
21.605000             -0.17955370862506903062
21.610000             -0.18044175146363222728
21.615000             -0.18131027275132768906
21.620000             -0.18216720760623264508
21.625000             -0.18299728128036393815
21.630000             -0.18381054928880127819
21.635000             -0.18460444217660282318
21.640000             -0.18537663340042556670
21.645000             -0.18612929352352802770
21.650000             -0.18686052098710503877
21.655000             -0.18757092341634559740
21.660000             -0.18825244672330682105
21.665000             -0.18890873563137003388
21.670000             -0.18953732590403757352
21.675000             -0.19014208313738117928
21.680000             -0.19070943796365485978
21.685000             -0.19124890706056196787
21.690000             -0.19175124378998617547
21.695000             -0.19222260843357968918
21.700000             -0.19265412383430879917
21.705000             -0.19305010451295739893
21.710000             -0.19340912370793336694
21.715000             -0.19372579819393442868
21.720000             -0.19400533332312580592
21.725000             -0.19423908004583068099
21.730000             -0.19442851505251135258
21.735000             -0.19457275804266471741
21.740000             -0.19467150059830629072
21.745000             -0.19472428340429387417
21.750000             -0.19473012582460552666
21.755000             -0.19468990966717727997
21.760000             -0.19460424493659680967
21.765000             -0.19447585972894163020
21.770000             -0.19430531372474224572
21.775000             -0.19409492112881052139
21.780000             -0.19383757024167797001
21.785000             -0.19354482793154650921
21.790000             -0.19321202367835596525
21.795000             -0.19284581446745513444
21.800000             -0.19244702568304380974
21.805000             -0.19201425364553420527
21.810000             -0.19155098132924344712
21.815000             -0.19105136532872024624
21.820000             -0.19052431288373392060
21.825000             -0.18996853257970974793
21.830000             -0.18938262748498593813
21.835000             -0.18876733326805675284
21.840000             -0.18812591104000964126
21.845000             -0.18745493479723765451
21.850000             -0.18675941628034475883
21.855000             -0.18603861889003214802
21.860000             -0.18529494973132376590
21.865000             -0.18452833471314741831
21.870000             -0.18374387175282227980
21.875000             -0.18294294407284383830
21.880000             -0.18212700900935197001
21.885000             -0.18130077690268681101
21.890000             -0.18046491373258274904
21.895000             -0.17962469679753112484
21.900000             -0.17878308536087464398
21.905000             -0.17794040819745715609
21.910000             -0.17710215897985392974
21.915000             -0.17626718872834629126
21.920000             -0.17543959673080550266
21.925000             -0.17461864656609735191
21.930000             -0.17381253568190632719
21.935000             -0.17301640862807909915
21.940000             -0.17223409205966780378
21.945000             -0.17146675952471873705
21.950000             -0.17071559083261722556
21.955000             -0.16998148158046699763
21.960000             -0.16926567393049432586
21.965000             -0.16856755429606079533
21.970000             -0.16788843740821979278
21.975000             -0.16722547945506338607
21.980000             -0.16659066195229996210
21.985000             -0.16597346632212625628
21.990000             -0.16539098461915452409
21.995000             -0.16483273491644861997
22.000000             -0.16431109942161897797
22.005000             -0.16381616028713666400
22.010000             -0.16335704044263887891
22.015000             -0.16293632527887114136
22.020000             -0.16255453086270973961
22.025000             -0.16221288934571326257
22.030000             -0.16191213277341079402
22.035000             -0.16165436487861034598
22.040000             -0.16143965932964227106
22.045000             -0.16126692954326551921
22.050000             -0.16113643496967786084
22.055000             -0.16104952422426152547
22.060000             -0.16100420946095705954
22.065000             -0.16100020222497848921
22.070000             -0.16103667688638315103
22.075000             -0.16111522833424513079
22.080000             -0.16123050184440132493
22.085000             -0.16138510934893557369
22.090000             -0.16157583025480171113
22.095000             -0.16180351999960371212
22.100000             -0.16206607624026431180
22.105000             -0.16236617617226592469
22.110000             -0.16269946947609956189
22.115000             -0.16306696845574666921
22.120000             -0.16346732506280975405
22.125000             -0.16390217124392567061
22.130000             -0.16437325772915475919
22.135000             -0.16487409200389366304
22.140000             -0.16540927396409191297
22.145000             -0.16598158468100138174
22.150000             -0.16658562465042614509
22.155000             -0.16721755654906142463
22.160000             -0.16788125282188215426
22.165000             -0.16856694886587778037
22.170000             -0.16928165129841840630
22.175000             -0.17001219920137911057
22.180000             -0.17075963647936046041
22.185000             -0.17152291919409756726
22.190000             -0.17229606725551210866
22.195000             -0.17307996484381871216
22.200000             -0.17387257119472876443
22.205000             -0.17466950988756280161
22.210000             -0.17547074579712437781
22.215000             -0.17627408507016811834
22.220000             -0.17707744757563667615
22.225000             -0.17787815494190206689
22.230000             -0.17867984080501417288
22.235000             -0.17947566511038290371
22.240000             -0.18026802937065808385
22.245000             -0.18105129332069816450
22.250000             -0.18182975860394626211
22.255000             -0.18259426474428952503
22.260000             -0.18334845788899450936
22.265000             -0.18408830822827107476
22.270000             -0.18481177694987283022
22.275000             -0.18551594461543996495
22.280000             -0.18619999199107689636
22.285000             -0.18686294740508152534
22.290000             -0.18750098650376970100
22.295000             -0.18811334989559608255
22.300000             -0.18869428111296421280
22.305000             -0.18924596820989128543
22.310000             -0.18976253870283277259
22.315000             -0.19024718205302248997
22.320000             -0.19069643279981335349
22.325000             -0.19110434533797826528
22.330000             -0.19147686962280727196
22.335000             -0.19180273485000698397
22.340000             -0.19209768089520715129
22.345000             -0.19234935245142142923
22.350000             -0.19256645897585267235
22.355000             -0.19274500073275116496
22.360000             -0.19288723456961687219
22.365000             -0.19299224731835190605
22.370000             -0.19306362762212919693
22.375000             -0.19309834272785539322
22.380000             -0.19309919926405602619
22.385000             -0.19306282892725493139
22.390000             -0.19299022439281091068
22.395000             -0.19288117971954826801
22.400000             -0.19272993841617858113
22.405000             -0.19254762016195664520
22.410000             -0.19232456752528226396
22.415000             -0.19206431502369569753
22.420000             -0.19176624389821431138
22.425000             -0.19143091923498042894
22.430000             -0.19105774402260519707
22.435000             -0.19064931906596202515
22.440000             -0.19020615480695821087
22.445000             -0.18972857837124951219
22.450000             -0.18922026957035753547
22.455000             -0.18868163498075141149
22.460000             -0.18811351844413295997
22.465000             -0.18752117592801376134
22.470000             -0.18690239547875314718
22.475000             -0.18626310236831400413
22.480000             -0.18560535683557305431
22.485000             -0.18493354525153191115
22.490000             -0.18424659403483339970
22.495000             -0.18354681661390007119
22.500000             -0.18283798068370432643
22.505000             -0.18211981566679505407
22.510000             -0.18139413872369916647
22.515000             -0.18066365682314178276
22.520000             -0.17992779642644679550
22.525000             -0.17918893407145269903
22.530000             -0.17844746831282401467
22.535000             -0.17770414356134695000
22.540000             -0.17696089656724389716
22.545000             -0.17621749009451512236
22.550000             -0.17547528918035829038
22.555000             -0.17473724966105855239
22.560000             -0.17400332681529603884
22.565000             -0.17327712640870038263
22.570000             -0.17255916931379036705
22.575000             -0.17185394377215387762
22.580000             -0.17115989329984407363
22.585000             -0.17048473924783771882
22.590000             -0.16982692730823067961
22.595000             -0.16919293713514796385
22.600000             -0.16858179137570811212
22.605000             -0.16799633240668102041
22.610000             -0.16744075671010061335
22.615000             -0.16691368457512748003
22.620000             -0.16641777676245247952
22.625000             -0.16595387676813788680
22.630000             -0.16552190173880981794
22.635000             -0.16512213505516076806
22.640000             -0.16475617614734627825
22.645000             -0.16442197493229940286
22.650000             -0.16412024282540704778
22.655000             -0.16385217019102729652
22.660000             -0.16361733887364876550
22.665000             -0.16341519008269048130
22.670000             -0.16324234938215023694
22.675000             -0.16310321600530058861
22.680000             -0.16299642608918277209
22.685000             -0.16292489208269012035
22.690000             -0.16288729149918493300
22.695000             -0.16288349153742320841
22.700000             -0.16291615952650287391
22.705000             -0.16297931207086777117
22.710000             -0.16307878717310839156
22.715000             -0.16321579954597453810
22.720000             -0.16339185447938245344
22.725000             -0.16360548634324620365
22.730000             -0.16385576335748425203
22.735000             -0.16414383575633945123
22.740000             -0.16446739681151148482
22.745000             -0.16482579253326776203
22.750000             -0.16522052963376029910
22.755000             -0.16564565133565520294
22.760000             -0.16610068143632006343
22.765000             -0.16657845257620282342
22.770000             -0.16708711681983279274
22.775000             -0.16761736219744732823
22.780000             -0.16816952651270888897
22.785000             -0.16873954142092267849
22.790000             -0.16932831307761819772
22.795000             -0.16993314749163018762
22.800000             -0.17055316527518596392
22.805000             -0.17118579986363272050
22.810000             -0.17183184073043741846
22.815000             -0.17248604999778113789
22.820000             -0.17315127271945623955
22.825000             -0.17382536248401794787
22.830000             -0.17451011716140821250
22.835000             -0.17520276751148780581
22.840000             -0.17590227181270834400
22.845000             -0.17661187706239508954
22.850000             -0.17732435391377346368
22.855000             -0.17803955417302913533
22.860000             -0.17875576222330977205
22.865000             -0.17946821312694707928
22.870000             -0.18018093441224450335
22.875000             -0.18088317008000839858
22.880000             -0.18157937287525965919
22.885000             -0.18225878915960103122
22.890000             -0.18292473110290094485
22.895000             -0.18357332128947678740
22.900000             -0.18420228304231264782
22.905000             -0.18481203040347685129
22.910000             -0.18539774765144553803
22.915000             -0.18596194397084889194
22.920000             -0.18649890960832024578
22.925000             -0.18701248951197818604
22.930000             -0.18750014929478234227
22.935000             -0.18796108291030544368
22.940000             -0.18839603655227998846
22.945000             -0.18880410466301536521
22.950000             -0.18918674287316927796
22.955000             -0.18953741482996058765
22.960000             -0.18986216115567794427
22.965000             -0.19015655040545165200
22.970000             -0.19042328192802632225
22.975000             -0.19065293538988961619
22.980000             -0.19085468515935433143
22.985000             -0.19102146105434500423
22.990000             -0.19115736738790709004
22.995000             -0.19125805880616622567
23.000000             -0.19132579251309300705
23.005000             -0.19135561627782521343
23.010000             -0.19135140236838193983
23.015000             -0.19130864587448073721
23.020000             -0.19123166657877380126
23.025000             -0.19111638932951582892
23.030000             -0.19096640597143937912
23.035000             -0.19077861217106301117
23.040000             -0.19055715663643410518
23.045000             -0.19030064450721603797
23.050000             -0.19001432930909631369
23.055000             -0.18969391002505325838
23.060000             -0.18934468549621533140
23.065000             -0.18896615054341084350
23.070000             -0.18856094854665253480
23.075000             -0.18813070917625857037
23.080000             -0.18767626155341304850
23.085000             -0.18720109028027695497
23.090000             -0.18670425720188213448
23.095000             -0.18619055898826775142
23.100000             -0.18565562202765914512
23.105000             -0.18510963768052585143
23.110000             -0.18454804057179430288
23.115000             -0.18397037461509888057
23.120000             -0.18337719500878846279
23.125000             -0.18277126103052060424
23.130000             -0.18215159866338123673
23.135000             -0.18151982428375981748
23.140000             -0.18087651964649242853
23.145000             -0.18022392085547048191
23.150000             -0.17956421558542545736
23.155000             -0.17889720920111545910
23.160000             -0.17822683855401300068
23.165000             -0.17755355738839712076
23.170000             -0.17687973770996229250
23.175000             -0.17620974102727712807
23.180000             -0.17554481799706797562
23.185000             -0.17488571576018790976
23.190000             -0.17423666786102010029
23.195000             -0.17359835080056229550
23.200000             -0.17297283233656057799
23.205000             -0.17236060602083344562
23.210000             -0.17176335040555648637
23.215000             -0.17118333047388714641
23.220000             -0.17062070771255008483
23.225000             -0.17007645762173323467
23.230000             -0.16955167516059718724
23.235000             -0.16904547886933046774
23.240000             -0.16856296346654853213
23.245000             -0.16810135082987626154
23.250000             -0.16766533388094145840
23.255000             -0.16725175143410875300
23.260000             -0.16686200386777255700
23.265000             -0.16649830416924221721
23.270000             -0.16615956369641646240
23.275000             -0.16584907799224479774
23.280000             -0.16556762559149429404
23.285000             -0.16531668709455876742
23.290000             -0.16509947866834626118
23.295000             -0.16491187460041287216
23.300000             -0.16475824140615519253
23.305000             -0.16463455298648158043
23.310000             -0.16454905812064063442
23.315000             -0.16449790266666214356
23.320000             -0.16448354488523850292
23.325000             -0.16449885919033926940
23.330000             -0.16455045993745509580
23.335000             -0.16463479721451546034
23.340000             -0.16475266279743719378
23.345000             -0.16490048727438794129
23.350000             -0.16508130436875553815
23.355000             -0.16529127821806419152
23.360000             -0.16552848968310115985
23.365000             -0.16579498833153533122
23.370000             -0.16608780227831171361
23.375000             -0.16640773682988874160
23.380000             -0.16675207693309090917
23.385000             -0.16712338226739328895
23.390000             -0.16751954959898135433
23.395000             -0.16794032288208038395
23.400000             -0.16838158045452958356
23.405000             -0.16884568212734052395
23.410000             -0.16932503650273203477
23.415000             -0.16982582030418671981
23.420000             -0.17034450691569327785
23.425000             -0.17088683659010092675
23.430000             -0.17144176969353452922
23.435000             -0.17201401443890862453
23.440000             -0.17259775485966113995
23.445000             -0.17319048472907946912
23.450000             -0.17378675577332833302
23.455000             -0.17439801988341369077
23.460000             -0.17501199456019431167
23.465000             -0.17563915298911472740
23.470000             -0.17626451235125584205
23.475000             -0.17689402695141215327
23.480000             -0.17752271260659072127
23.485000             -0.17815230794732178632
23.490000             -0.17877889784351680413
23.495000             -0.17940056701419312968
23.500000             -0.18001592504182067911
23.505000             -0.18062679484154267606
23.510000             -0.18122729985478808201
23.515000             -0.18181500651660748025
23.520000             -0.18238799614222650503
23.525000             -0.18294524996199629241
23.530000             -0.18348843814420318088
23.535000             -0.18401895682797247966
23.540000             -0.18452848335132684965
23.545000             -0.18502243836464496440
23.550000             -0.18549473173382696745
23.555000             -0.18594691106175034734
23.560000             -0.18637615193894965793
23.565000             -0.18678112031549007344
23.570000             -0.18716520040160039562
23.575000             -0.18752471213794663640
23.580000             -0.18786089677516820684
23.585000             -0.18816914431599973678
23.590000             -0.18845171710809258125
23.595000             -0.18870193404025439876
23.600000             -0.18892550690909298838
23.605000             -0.18911995332492087529
23.610000             -0.18928507710843217593
23.615000             -0.18942042647854190340
23.620000             -0.18952913457718439938
23.625000             -0.18960495048497039150
23.630000             -0.18965082119075177269
23.635000             -0.18966291841463794876
23.640000             -0.18964398910359428485
23.645000             -0.18958819942328902775
23.650000             -0.18950869797825989349
23.655000             -0.18939651076841035326
23.660000             -0.18925636691401476197
23.665000             -0.18909008757016132485
23.670000             -0.18889416755399077164
23.675000             -0.18867388118071243275
23.680000             -0.18842573943688367688
23.685000             -0.18815141734616619429
23.690000             -0.18784979023731449010
23.695000             -0.18752674385624770736
23.700000             -0.18717411862794672284
23.705000             -0.18680107870859080643
23.710000             -0.18639741408585105975
23.715000             -0.18597540635900178252
23.720000             -0.18553005304858707913
23.725000             -0.18506422418961301912
23.730000             -0.18458022514178157314
23.735000             -0.18407513773080383390
23.740000             -0.18355682823531715986
23.745000             -0.18302223999298039558
23.750000             -0.18247737537535882457
23.755000             -0.18191851187992022498
23.760000             -0.18135166643446640200
23.765000             -0.18077706591799561076
23.770000             -0.18019594330733143539
23.775000             -0.17961128771021456219
23.780000             -0.17902454391561481439
23.785000             -0.17843643661407659895
23.790000             -0.17784858664961802899
23.795000             -0.17726219250701261143
23.800000             -0.17667822982140596322
23.805000             -0.17609678100494435826
23.810000             -0.17552015373370016826
23.815000             -0.17494853408736993350
23.820000             -0.17438371756901982490
23.825000             -0.17382639654403400642
23.830000             -0.17327906000197410008
23.835000             -0.17274209527137962539
23.840000             -0.17221826115403118806
23.845000             -0.17170641509884340681
23.850000             -0.17120975126556312040
23.855000             -0.17072863502589852303
23.860000             -0.17026497473385585057
23.865000             -0.16981994737818054131
23.870000             -0.16939469741258664226
23.875000             -0.16899034697508635849
23.880000             -0.16860638950874598518
23.885000             -0.16824898388134604255
23.890000             -0.16791662266168316808
23.895000             -0.16761020563924378113
23.900000             -0.16733264319605883896
23.905000             -0.16707900900019326262
23.910000             -0.16685272503891557250
23.915000             -0.16665214030051864191
23.920000             -0.16648082714306164376
23.925000             -0.16633586729341007238
23.930000             -0.16621840294408146699
23.935000             -0.16612963538714653478
23.940000             -0.16606859020525047144
23.945000             -0.16603516986828811830
23.950000             -0.16602874460981581484
23.955000             -0.16604989305252462750
23.960000             -0.16609814486514254406
23.965000             -0.16617407437477793586
23.970000             -0.16627761317969891319
23.975000             -0.16640913040162758074
23.980000             -0.16656710609480313012
23.985000             -0.16675400790609201662
23.990000             -0.16696671260379122859
23.995000             -0.16720562933492202906
24.000000             -0.16747068172090717741
24.005000             -0.16776113966225811303
24.010000             -0.16807721502168798677
24.015000             -0.16841714951416986157
24.020000             -0.16877996434667877357
24.025000             -0.16916525914077798487
24.030000             -0.16957145877384224852
24.035000             -0.16999936923446948289
24.040000             -0.17044676945186293393
24.045000             -0.17091108930880632988
24.050000             -0.17139439947585785595
24.055000             -0.17189262001192293083
24.060000             -0.17240545973052912032
24.065000             -0.17292962971003625339
24.070000             -0.17346393017810629589
24.075000             -0.17400666093541919399
24.080000             -0.17455663879067179201
24.085000             -0.17511104791166975936
24.090000             -0.17566719442803754858
24.095000             -0.17622797032992390531
24.100000             -0.17678687870555478967
24.105000             -0.17735155451216894074
24.110000             -0.17791626462375098594
24.115000             -0.17847697133400450276
24.120000             -0.17903583831429678574
24.125000             -0.17959039766085735379
24.130000             -0.18014256603840084203
24.135000             -0.18068831896584222618
24.140000             -0.18122689139596057095
24.145000             -0.18175745628593381609
24.150000             -0.18227583225775156883
24.155000             -0.18278509509015983259
24.160000             -0.18328438448636674707
24.165000             -0.18377158961113021496
24.170000             -0.18424263123985831769
24.175000             -0.18469720233619354999
24.180000             -0.18513312376542198634
24.185000             -0.18554892791830843168
24.190000             -0.18594200022683754492
24.195000             -0.18631232616321255491
24.200000             -0.18665810271621216532
24.205000             -0.18697846990858471572
24.210000             -0.18727114311761244858
24.215000             -0.18753695684118948384
24.220000             -0.18777503555489874487
24.225000             -0.18798584309469790199
24.230000             -0.18816832965739235806
24.235000             -0.18832268886747793868
24.240000             -0.18844882086071595984
24.245000             -0.18854868218519232892
24.250000             -0.18862151828780818197
24.255000             -0.18866861075645027790
24.260000             -0.18868704182579712492
24.265000             -0.18868027329855172058
24.270000             -0.18864222886238030119
24.275000             -0.18857865307669244292
24.280000             -0.18848431261694562067
24.285000             -0.18836641730919756466
24.290000             -0.18822115350619592067
24.295000             -0.18805362993630386770
24.300000             -0.18786169843707936633
24.305000             -0.18764851248272126916
24.310000             -0.18741035190989727144
24.315000             -0.18714903370064681076
24.320000             -0.18686311418605172641
24.325000             -0.18655516111154124559
24.330000             -0.18622077991632324245
24.335000             -0.18586325407526854692
24.340000             -0.18548407287013934930
24.345000             -0.18508146952499676674
24.350000             -0.18465915637533911187
24.355000             -0.18420927445969556557
24.360000             -0.18374795311282721144
24.365000             -0.18326812754698287855
24.370000             -0.18277391987481403368
24.375000             -0.18226689502010134936
24.380000             -0.18174723434312570203
24.385000             -0.18121973738756161354
24.390000             -0.18068512843552911318
24.395000             -0.18014605275384532046
24.400000             -0.17960453948787358236
24.405000             -0.17905823164096726363
24.410000             -0.17851345130128315475
24.415000             -0.17796876577402062636
24.420000             -0.17742577631894818069
24.425000             -0.17688618233071426444
24.430000             -0.17635022979853245961
24.435000             -0.17582063887489696175
24.440000             -0.17529499707747353554
24.445000             -0.17477645485551024374
24.450000             -0.17426428263934107266
24.455000             -0.17375906331466497989
24.460000             -0.17326274900263757828
24.465000             -0.17277604025469214810
24.470000             -0.17229474085925650106
24.475000             -0.17182852293078648698
24.480000             -0.17137389345959325171
24.485000             -0.17093624487556546843
24.490000             -0.17051510759618393465
24.495000             -0.17011321712483817858
24.500000             -0.16973167323239857218
24.505000             -0.16937090898807105610
24.510000             -0.16903339374286982522
24.515000             -0.16871879413059120978
24.520000             -0.16842548173813184920
24.525000             -0.16815783572354106590
24.530000             -0.16791573827889341719
24.535000             -0.16769984756359607170
24.540000             -0.16750999777671690683
24.545000             -0.16734323945735779526
24.550000             -0.16720294490307466284
24.555000             -0.16708592815634049078
24.560000             -0.16699546050089231208
24.565000             -0.16692994813034514601
24.570000             -0.16688967799846984863
24.575000             -0.16687459677412264103
24.580000             -0.16688476893509773813
24.585000             -0.16691942937335602082
24.590000             -0.16697989106941035775
24.595000             -0.16706494996074808257
24.600000             -0.16717756510025028049
24.605000             -0.16730918097665065103
24.610000             -0.16747100620548210914
24.615000             -0.16766291925253659634
24.620000             -0.16788442881140139273
24.625000             -0.16812380643576935180
24.630000             -0.16838608453506226370
24.635000             -0.16866721693427369488
24.640000             -0.16897715808057306441
24.645000             -0.16930825180058539647
24.650000             -0.16966043966788904584
24.655000             -0.17003289074484576049
24.660000             -0.17042377826560317633
24.665000             -0.17083357299692883413
24.670000             -0.17125832785303604644
24.675000             -0.17169989336391794366
24.680000             -0.17215469040089284580
24.685000             -0.17262094778782668958
24.690000             -0.17309747031812933171
24.695000             -0.17358100338691140330
24.700000             -0.17407459980036665836
24.705000             -0.17457296845271177976
24.710000             -0.17507545515216810239
24.715000             -0.17558586453004151884
24.720000             -0.17609612157191215087
24.725000             -0.17661458505644586636
24.730000             -0.17712207964825246731
24.735000             -0.17763638158029845804
24.740000             -0.17814990123977073044
24.745000             -0.17866675345820279275
24.750000             -0.17918263890859345566
24.755000             -0.17969507073797461039
24.760000             -0.18020433661369011924
24.765000             -0.18070734185498940616
24.770000             -0.18120480362692195642
24.775000             -0.18169385814833777237
24.780000             -0.18217519501433701579
24.785000             -0.18264245419367480805
24.790000             -0.18309837778828541577
24.795000             -0.18354085138567480251
24.800000             -0.18396226683963803894
24.805000             -0.18436982376061433753
24.810000             -0.18475754098176705442
24.815000             -0.18512192501481189444
24.820000             -0.18546358069285626136
24.825000             -0.18578435538289059248
24.830000             -0.18608246044933807184
24.835000             -0.18635738600529816456
24.840000             -0.18661127708827918159
24.845000             -0.18684202766219554226
24.850000             -0.18705165332817508261
24.855000             -0.18723782743502931369
24.860000             -0.18739706003155576219
24.865000             -0.18753919370245031306
24.870000             -0.18764692350724432313
24.875000             -0.18774117145996374600
24.880000             -0.18780068088878681953
24.885000             -0.18783634621737541059
24.890000             -0.18784974661102762927
24.895000             -0.18783951984366001331
24.900000             -0.18780232033201293973
24.905000             -0.18773999786040673765
24.910000             -0.18765308365879510011
24.915000             -0.18753437651471713266
24.920000             -0.18739357059273134554
24.925000             -0.18722605186592500282
24.930000             -0.18703491751046499858
24.935000             -0.18681827860733210556
24.940000             -0.18657752097206500852
24.945000             -0.18631521927787056403
24.950000             -0.18602865581779157167
24.955000             -0.18571830907875280792
24.960000             -0.18538635723539864664
24.965000             -0.18503333689423118180
24.970000             -0.18466033195469408468
24.975000             -0.18426973405471525069
24.980000             -0.18386424847961416185
24.985000             -0.18344273656282811258
24.990000             -0.18300852331267233875
