# time u2_x
0.005000              0.00000000000000000000
0.010000              0.00000065985243739705
0.015000              0.00000175657136387408
0.020000              0.00000331041611676393
0.025000              0.00000532436093700631
0.030000              0.00000780562502502794
0.035000              0.00001076163583110095
0.040000              0.00001419757113144339
0.045000              0.00001811609020910871
0.050000              0.00002251333748092038
0.055000              0.00002737984231879986
0.060000              0.00003269851516785598
0.065000              0.00003844551297120424
0.070000              0.00004459566482523995
0.075000              0.00005111983052281850
0.080000              0.00005799030220604960
0.085000              0.00006517817017612721
0.090000              0.00007265036438007947
0.095000              0.00008037249177607603
0.100000              0.00008831006572702095
0.105000              0.00009642968629057669
0.110000              0.00010470217795815571
0.115000              0.00011310225713207930
0.120000              0.00012160467443458794
0.125000              0.00013018715240060671
0.130000              0.00013882488014615267
0.135000              0.00014749415303115510
0.140000              0.00015615600958115156
0.145000              0.00016476623073545567
0.150000              0.00017327017071997548
0.155000              0.00018160684705037430
0.160000              0.00018973903757101276
0.165000              0.00019763499797304215
0.170000              0.00020527526667526920
0.175000              0.00021264474016807966
0.180000              0.00021974618033302975
0.185000              0.00022658923605386089
0.190000              0.00023317920286648722
0.195000              0.00023952174241610805
0.200000              0.00024559793016969139
0.205000              0.00025138084216223854
0.210000              0.00025683292104282206
0.215000              0.00026191212414691101
0.220000              0.00026652978077411105
0.225000              0.00027058004168996444
0.230000              0.00027393388481438227
0.235000              0.00027644985038863490
0.240000              0.00027797089112858699
0.245000              0.00027833094212467528
0.250000              0.00027743069079965994
0.255000              0.00027519357956128039
0.260000              0.00027169412351517910
0.265000              0.00026707103600456605
0.270000              0.00026140028086504131
0.275000              0.00025475425856941457
0.280000              0.00024711498014161993
0.285000              0.00023843242234669292
0.290000              0.00022869148873886348
0.295000              0.00021788373962894190
0.300000              0.00020606202933943279
0.305000              0.00019330519724971017
0.310000              0.00017969548195545840
0.315000              0.00016532354470224646
0.320000              0.00015022468049724440
0.325000              0.00013441492707730535
0.330000              0.00011790095607231522
0.335000              0.00010067930592586951
0.340000              0.00008279956313442378
0.345000              0.00006432702327442682
0.350000              0.00004539706739907163
0.355000              0.00002617504787468423
0.360000              0.00000685878109717995
0.365000             -0.00001233273340886836
0.370000             -0.00003135672465974974
0.375000             -0.00005022948450440857
0.380000             -0.00006902322333976971
0.385000             -0.00008784655454930260
0.390000             -0.00010670116021253113
0.395000             -0.00012555876791455205
0.400000             -0.00014427706409152647
0.405000             -0.00016266324102585697
0.410000             -0.00018054433146138605
0.415000             -0.00019774115338306878
0.420000             -0.00021415007834647360
0.425000             -0.00022969398547872681
0.430000             -0.00024432689429573285
0.435000             -0.00025802221957183283
0.440000             -0.00027073849602282472
0.445000             -0.00028243562873834886
0.450000             -0.00029307852719333825
0.455000             -0.00030263706756336920
0.460000             -0.00031112186239661758
0.465000             -0.00031856333921582937
0.470000             -0.00032528362038568943
0.475000             -0.00033172386808286153
0.480000             -0.00033841786165817166
0.485000             -0.00034597131462993261
0.490000             -0.00035490403522158245
0.495000             -0.00036572684584398998
0.500000             -0.00037888641086507215
0.505000             -0.00039480293753883935
0.510000             -0.00041391852301162949
0.515000             -0.00043667106503758173
0.520000             -0.00046327805194922651
0.525000             -0.00049386148737913060
0.530000             -0.00052826644131279111
0.535000             -0.00056619104026850160
0.540000             -0.00060745947345162467
0.545000             -0.00065188508102590706
0.550000             -0.00069893112680064113
0.555000             -0.00074791044328274218
0.560000             -0.00079816113055063143
0.565000             -0.00084898068443108531
0.570000             -0.00089985366725688412
0.575000             -0.00095032545773930676
0.580000             -0.00100000989413264992
0.585000             -0.00104857653348846506
0.590000             -0.00109557776753618861
0.595000             -0.00114055897045141266
0.600000             -0.00118292752010213807
0.605000             -0.00122206118243913995
0.610000             -0.00125743232684478426
0.615000             -0.00128856052157344330
0.620000             -0.00131509523708530978
0.625000             -0.00133675887056115415
0.630000             -0.00135348202918737629
0.635000             -0.00136529592039136521
0.640000             -0.00137228887420640338
0.645000             -0.00137459366588021893
0.650000             -0.00137226370672020111
0.655000             -0.00136532580172886312
0.660000             -0.00135397331662816668
0.665000             -0.00133844523690886054
0.670000             -0.00131950708431374125
0.675000             -0.00129812968189490217
0.680000             -0.00127534066258062212
0.685000             -0.00125224757402893176
0.690000             -0.00122936537143718467
0.695000             -0.00120701528943843468
0.700000             -0.00118511735081737370
0.705000             -0.00116339342188402075
0.710000             -0.00114144423469892103
0.715000             -0.00111876956738151279
0.720000             -0.00109475506874766792
0.725000             -0.00106870712299764192
0.730000             -0.00103976463246775448
0.735000             -0.00100696963523689924
0.740000             -0.00096952353034279954
0.745000             -0.00092665238380689331
0.750000             -0.00087766600575149469
0.755000             -0.00082191275384866475
0.760000             -0.00075911258936181276
0.765000             -0.00068914941958678525
0.770000             -0.00061256074242745030
0.775000             -0.00053020309250477742
0.780000             -0.00044333933563134954
0.785000             -0.00035351166810623102
0.790000             -0.00026172558905478041
0.795000             -0.00016889862564078336
0.800000             -0.00007571188703810651
0.805000              0.00001724534387575813
0.810000              0.00010911518665617831
0.815000              0.00019896829384224410
0.820000              0.00028573217385802744
0.825000              0.00036829036268050245
0.830000              0.00044559454470647752
0.835000              0.00051665578218726502
0.840000              0.00058083650915082203
0.845000              0.00063769827637940322
0.850000              0.00068700911706848060
0.855000              0.00072871423828194224
0.860000              0.00076286152652070148
0.865000              0.00078961613523893164
0.870000              0.00080950257180838843
0.875000              0.00082322243829701996
0.880000              0.00083165449958474329
0.885000              0.00083578145341125978
0.890000              0.00083707724997906271
0.895000              0.00083720270582151744
0.900000              0.00083802371837244727
0.905000              0.00084150165052782511
0.910000              0.00084913850857988528
0.915000              0.00086225697574247504
0.920000              0.00088147061825211972
0.925000              0.00090704699719952792
0.930000              0.00093911458717557054
0.935000              0.00097762966514900731
0.940000              0.00102272343116947221
0.945000              0.00107452983491272279
0.950000              0.00113317359448541566
0.955000              0.00119877475740285408
0.960000              0.00127082534961793850
0.965000              0.00134859075028809488
0.970000              0.00143116594325642032
0.975000              0.00151753787402176816
0.980000              0.00160695108258992071
0.985000              0.00169873626938237552
0.990000              0.00179228604149806662
0.995000              0.00188705512780363736
1.000000              0.00198205589304063963
1.005000              0.00207615898373722345
1.010000              0.00216777175870878566
1.015000              0.00225508557054732942
1.020000              0.00233629963094328895
1.025000              0.00240954405136149146
1.030000              0.00247344078564871138
1.035000              0.00252676306758996706
1.040000              0.00256838765280590752
1.045000              0.00259726568493991693
1.050000              0.00261186297568209366
1.055000              0.00261049216586043981
1.060000              0.00259169306816754014
1.065000              0.00255407448484758085
1.070000              0.00249750420906782967
1.075000              0.00242238523435092928
1.080000              0.00232983769717003087
1.085000              0.00222145558364080778
1.090000              0.00209926389635134870
1.095000              0.00196564377744680614
1.100000              0.00182325370376371478
1.105000              0.00167500936255988758
1.110000              0.00152342668657123198
1.115000              0.00137096805323315527
1.120000              0.00121908979652317969
1.125000              0.00106883585327869637
1.130000              0.00092055320888662551
1.135000              0.00077414609920285261
1.140000              0.00062921446271766530
1.145000              0.00048502129033239417
1.150000              0.00034061680810988182
1.155000              0.00019477354521569868
1.160000              0.00004592988244937902
1.165000             -0.00010775386113187866
1.170000             -0.00026778365477356106
1.175000             -0.00043563598658284810
1.180000             -0.00061202452956740303
1.185000             -0.00079731880792273879
1.190000             -0.00099151886274647153
1.195000             -0.00119428108815423538
1.200000             -0.00140523199871750611
1.205000             -0.00162374964496589543
1.210000             -0.00184914892269194119
1.215000             -0.00208051829117722855
1.220000             -0.00231662184820690493
1.225000             -0.00255595307041439667
1.230000             -0.00279638489536407136
1.235000             -0.00303546747996364438
1.240000             -0.00327037623807241353
1.245000             -0.00349811538462415023
1.250000             -0.00371548317654954875
1.255000             -0.00391926808856427489
1.260000             -0.00410645554701181449
1.265000             -0.00427424509249626442
1.270000             -0.00442050443600924998
1.275000             -0.00454355086695323873
1.280000             -0.00464238925972186318
1.285000             -0.00471651506558275983
1.290000             -0.00476637645853819278
1.295000             -0.00479297424664540395
1.300000             -0.00479818626808352529
1.305000             -0.00478437683303728836
1.310000             -0.00475361648314712604
1.315000             -0.00470795196793322157
1.320000             -0.00464926834787576012
1.325000             -0.00457929829408992156
1.330000             -0.00450016126276590270
1.335000             -0.00441398047697078109
1.340000             -0.00432277391335799711
1.345000             -0.00422843371319604582
1.350000             -0.00413212340499300845
1.355000             -0.00403464554751130702
1.360000             -0.00393591644337320471
1.365000             -0.00383541217841799941
1.370000             -0.00373199495292493881
1.375000             -0.00362420792472507424
1.380000             -0.00351067213188542256
1.385000             -0.00339001285359698300
1.390000             -0.00326126588968446429
1.395000             -0.00312370217013969173
1.400000             -0.00297683389715112066
1.405000             -0.00282040998603499482
1.410000             -0.00265464462764624081
1.415000             -0.00248005941076126328
1.420000             -0.00229797619711695445
1.425000             -0.00211014269595080585
1.430000             -0.00191870486317423047
1.435000             -0.00172608090134080067
1.440000             -0.00153433424245748317
1.445000             -0.00134543766031224054
1.450000             -0.00116082468249505523
1.455000             -0.00098163533165442746
1.460000             -0.00080880922611351839
1.465000             -0.00064304254419531959
1.470000             -0.00048453047985632015
1.475000             -0.00033312276145594147
1.480000             -0.00018815357412713493
1.485000             -0.00004859773400617908
1.490000              0.00008670967085194896
1.495000              0.00021911704375441267
1.500000              0.00034981634622335969
1.505000              0.00047997493422448611
1.510000              0.00061035039109566807
1.515000              0.00074147622565278132
1.520000              0.00087370200978603653
1.525000              0.00100715103310989500
1.530000              0.00114164218319857741
1.535000              0.00127671470727168780
1.540000              0.00141174828046284544
1.545000              0.00154590476974424585
1.550000              0.00167849139290563365
1.555000              0.00180877605915848736
1.560000              0.00193600764832480119
1.565000              0.00205944143976961218
1.570000              0.00217780586238402714
1.575000              0.00228970844958651786
1.580000              0.00239320870676340862
1.585000              0.00248623020349899703
1.590000              0.00256775904987968998
1.595000              0.00263724927687111754
1.600000              0.00269574962300945641
1.605000              0.00274512502256603948
1.610000              0.00278728818193055457
1.615000              0.00282444802818594687
1.620000              0.00285803238217521719
1.625000              0.00288926243212880981
1.630000              0.00291939103156020879
1.635000              0.00294957729355474615
1.640000              0.00298141023978483856
1.645000              0.00301652075438578427
1.650000              0.00305652132175678265
1.655000              0.00310291608208804410
1.660000              0.00315649433848831477
1.665000              0.00321764580844669142
1.670000              0.00328501801243243682
1.675000              0.00335642408288559357
1.680000              0.00342828737917492618
1.685000              0.00349624993619039506
1.690000              0.00355607421779040832
1.695000              0.00360336920843976841
1.700000              0.00363416867223186188
1.705000              0.00364468831004915658
1.710000              0.00363133218714982052
1.715000              0.00359073401540361452
1.720000              0.00352028391643886916
1.725000              0.00341785815558236488
1.730000              0.00328268704183939724
1.735000              0.00311478809853572760
1.740000              0.00291513945064924857
1.745000              0.00268541935453131585
1.750000              0.00242777212063870727
1.755000              0.00214478591843939937
1.760000              0.00183913974165168283
1.765000              0.00151368113625383592
1.770000              0.00117125772002708026
1.775000              0.00081470838680785000
1.780000              0.00044637413369396121
1.785000              0.00006829629671724837
1.790000             -0.00031839690093782085
1.795000             -0.00071314064464043936
1.800000             -0.00111585286349321147
1.805000             -0.00152691675679095360
1.810000             -0.00194630214053109242
1.815000             -0.00237403247830911962
1.820000             -0.00280929853430504162
1.825000             -0.00325099590328021409
1.830000             -0.00369708463416433585
1.835000             -0.00414500676055159709
1.840000             -0.00459185696260288115
1.845000             -0.00503430389397625452
1.850000             -0.00546935524282842270
1.855000             -0.00589385669608437791
1.860000             -0.00630549713276005140
1.865000             -0.00670210818274656183
1.870000             -0.00708131945987553954
1.875000             -0.00744068423013983897
1.880000             -0.00777652022079193539
1.885000             -0.00808472489001948146
1.890000             -0.00836089759526393445
1.895000             -0.00860056251282249190
1.900000             -0.00879976094429454035
1.905000             -0.00895490928323042744
1.910000             -0.00906267301780933413
1.915000             -0.00912011973241898255
1.920000             -0.00912449267029262663
1.925000             -0.00907338018065094107
1.930000             -0.00896547555318633060
1.935000             -0.00880008674514658196
1.940000             -0.00857839957582819633
1.945000             -0.00830250830218549028
1.950000             -0.00797649367491276400
1.955000             -0.00760541116401659747
1.960000             -0.00719582279979764927
1.965000             -0.00675507478637478020
1.970000             -0.00629050053927628777
1.975000             -0.00580958640900397852
1.980000             -0.00531818715123222492
1.985000             -0.00482152602738591344
1.990000             -0.00432313220243424768
1.995000             -0.00382565876914685386
2.000000             -0.00333044593107481883
2.005000             -0.00283802764543369425
2.010000             -0.00234828493312204010
2.015000             -0.00186056492293990624
2.020000             -0.00137424998048498608
2.025000             -0.00088854831657130581
2.030000             -0.00040283079032965411
2.035000              0.00008351388931277391
2.040000              0.00057053299644254860
2.045000              0.00105799981897618635
2.050000              0.00154502971638476884
2.055000              0.00203031598299881948
2.060000              0.00251231775567845430
2.065000              0.00298917493458682095
2.070000              0.00345883521748207657
2.075000              0.00391899004895598490
2.080000              0.00436763786417071215
2.085000              0.00480277875704231746
2.090000              0.00522280625058713782
2.095000              0.00562629226808666286
2.100000              0.00601190915801771107
2.105000              0.00637851792864176613
2.110000              0.00672564311877999876
2.115000              0.00705326229470778707
2.120000              0.00736214166479485978
2.125000              0.00765363318772339842
2.130000              0.00792972910391848661
2.135000              0.00819296020628935799
2.140000              0.00844614557599482341
2.145000              0.00869243408309737509
2.150000              0.00893510267056109482
2.155000              0.00917755635117186233
2.160000              0.00942331864496918394
2.165000              0.00967589826192580445
2.170000              0.00993866573934847237
2.175000              0.01021477980744353933
2.180000              0.01050673608054853228
2.185000              0.01081654296004470536
2.190000              0.01114523222301670898
2.195000              0.01149317232366877349
2.200000              0.01185913427201987745
2.205000              0.01224099394083979012
2.210000              0.01263528004942488306
2.215000              0.01303772648034765350
2.220000              0.01344346119214835135
2.225000              0.01384719942648978200
2.230000              0.01424381988615869982
2.235000              0.01462825293632033508
2.240000              0.01499541902475428311
2.245000              0.01534040275000229936
2.250000              0.01565801806864248677
2.255000              0.01594319388675271773
2.260000              0.01619127640144744223
2.265000              0.01639795377481512509
2.270000              0.01656042304153673358
2.275000              0.01667665217418295640
2.280000              0.01674599174001065519
2.285000              0.01676858012095281195
2.290000              0.01674583046036545037
2.295000              0.01667986097732635647
2.300000              0.01657327718364470792
2.305000              0.01642903600569926501
2.310000              0.01624980065720012246
2.315000              0.01603817241639530697
2.320000              0.01579565590031326017
2.325000              0.01552326556371022570
2.330000              0.01522053341327011915
2.335000              0.01488623647158507715
2.340000              0.01451803183185237933
2.345000              0.01411289712996303958
2.350000              0.01366660570911966410
2.355000              0.01317426902000281945
2.360000              0.01263100890723440305
2.365000              0.01203179505398563678
2.370000              0.01137317086441984836
2.375000              0.01065232109624044028
2.380000              0.00986824355083806143
2.385000              0.00902095640147672871
2.390000              0.00811221727816358734
2.395000              0.00714493609745067444
2.400000              0.00612308068505506512
2.405000              0.00505156561319654220
2.410000              0.00393568187428614946
2.415000              0.00278131135323258800
2.420000              0.00159460751364222972
2.425000              0.00038208096434937686
2.430000             -0.00084949575553041224
2.435000             -0.00209318580244086897
2.440000             -0.00334271205907186271
2.445000             -0.00459215390471213406
2.450000             -0.00583733544214339733
2.455000             -0.00707507613292402381
2.460000             -0.00830197813631414379
2.465000             -0.00951510203662392536
2.470000             -0.01070959464939844237
2.475000             -0.01188022373897353913
2.480000             -0.01302145047508009544
2.485000             -0.01412761616200686535
2.490000             -0.01519422710120751051
2.495000             -0.01621715864181623099
2.500000             -0.01719290644796057574
2.505000             -0.01811815935709284661
2.510000             -0.01899120783081833033
2.515000             -0.01981082258297977086
2.520000             -0.02057720361910219536
2.525000             -0.02129108874860786288
2.530000             -0.02195292037298680540
2.535000             -0.02256314197477977956
2.540000             -0.02312135867425590269
2.545000             -0.02362693571310251969
2.550000             -0.02407730795148175021
2.555000             -0.02446927741965101988
2.560000             -0.02480075595398142582
2.565000             -0.02507010232616919965
2.570000             -0.02527820660063131997
2.575000             -0.02542724414896871052
2.580000             -0.02551906691870510155
2.585000             -0.02555593968574486341
2.590000             -0.02553842979607791677
2.595000             -0.02546669252092755714
2.600000             -0.02534029894295155780
2.605000             -0.02515850301370213885
2.610000             -0.02492090441014740282
2.615000             -0.02462706452897810497
2.620000             -0.02427807185368255696
2.625000             -0.02387544430688463143
2.630000             -0.02342217704655374239
2.635000             -0.02292181819612595581
2.640000             -0.02237730191738294613
2.645000             -0.02179142849914866842
2.650000             -0.02116520665268040169
2.655000             -0.02049896150571535458
2.660000             -0.01979162442823968401
2.665000             -0.01904150745963640451
2.670000             -0.01824716808815435645
2.675000             -0.01740721665011454519
2.680000             -0.01651967274040550687
2.685000             -0.01558248697398959513
2.690000             -0.01459344161608407131
2.695000             -0.01355036111000056630
2.700000             -0.01245303555605565236
2.705000             -0.01130210452244492965
2.710000             -0.01010114308652765476
2.715000             -0.00885513825929142885
2.720000             -0.00757113109565148504
2.725000             -0.00625737954802104909
2.730000             -0.00492302637969350716
2.735000             -0.00357791907657857219
2.740000             -0.00223085712905484899
2.745000             -0.00089043882878944659
2.750000              0.00043604077114815711
2.755000              0.00174189402865631898
2.760000              0.00302106349683710666
2.765000              0.00426802608299291404
2.770000              0.00547822480199596385
2.775000              0.00664779414938182489
2.780000              0.00777504379512595351
2.785000              0.00885949052333565717
2.790000              0.00990394819184473550
2.795000              0.01091298483240904851
2.800000              0.01189218605632082378
2.805000              0.01284813220415295318
2.810000              0.01378568705627642929
2.815000              0.01470938122211483227
2.820000              0.01562020464034740916
2.825000              0.01651763697163965983
2.830000              0.01739807625939652352
2.835000              0.01825612952906064540
2.840000              0.01908634942702396725
2.845000              0.01988248328127681375
2.850000              0.02063830857563636254
2.855000              0.02134712398973475853
2.860000              0.02200202143792222634
2.865000              0.02259574552619050825
2.870000              0.02312268557704802788
2.875000              0.02357782112301142971
2.880000              0.02395803835446453506
2.885000              0.02426138709682675379
2.890000              0.02448589908329767972
2.895000              0.02463036136477233726
2.900000              0.02469243686735167129
2.905000              0.02467005949731854858
2.910000              0.02456081024559927245
2.915000              0.02436261014555761786
2.920000              0.02407454706576284131
2.925000              0.02369645319802091143
2.930000              0.02322994206919637081
2.935000              0.02267749740433187833
2.940000              0.02204318863959209979
2.945000              0.02133173940323684556
2.950000              0.02054937273991549324
2.955000              0.01970278231866774699
2.960000              0.01879885852571147944
2.965000              0.01784442622552157368
2.970000              0.01684474939814984903
2.975000              0.01580429940694113092
2.980000              0.01472711537234619450
2.985000              0.01361679753569499524
2.990000              0.01247609826778318075
2.995000              0.01130740866472718098
3.000000              0.01011209049824759315
3.005000              0.00889120739579863165
3.010000              0.00764517150764473102
3.015000              0.00637431178784047918
3.020000              0.00507814676505774932
3.025000              0.00375609827486452158
3.030000              0.00240778946128910199
3.035000              0.00103305099300825265
3.040000             -0.00036676503331032798
3.045000             -0.00178962114477836109
3.050000             -0.00323179511386416547
3.055000             -0.00468878490736159871
3.060000             -0.00615510266346504329
3.065000             -0.00762478777666845877
3.070000             -0.00909203966661661749
3.075000             -0.01055113497397546646
3.080000             -0.01199632766102561379
3.085000             -0.01342203173245206348
3.090000             -0.01482208693108983191
3.095000             -0.01619027887642616320
3.100000             -0.01752049376218820648
3.105000             -0.01880670937319924366
3.110000             -0.02004309221837094826
3.115000             -0.02122391985836391548
3.120000             -0.02234391895710534023
3.125000             -0.02339799268114782158
3.130000             -0.02438153645766061306
3.135000             -0.02529014881023643191
3.140000             -0.02611978852155444689
3.145000             -0.02686660075645245713
3.150000             -0.02752789491415892631
3.155000             -0.02810151776959602873
3.160000             -0.02858729702896057115
3.165000             -0.02898607053935168751
3.170000             -0.02930043031547338930
3.175000             -0.02953408823599183372
3.180000             -0.02969135414380966523
3.185000             -0.02977728802919171747
3.190000             -0.02979657747807850504
3.195000             -0.02975417641107443514
3.200000             -0.02965545145885316314
3.205000             -0.02950612754037748586
3.210000             -0.02931203197968370450
3.215000             -0.02907915353437220962
3.220000             -0.02881254634214805085
3.225000             -0.02851687140101795415
3.230000             -0.02819518238562489926
3.235000             -0.02784964659829589073
3.240000             -0.02748037376191367342
3.245000             -0.02708623774555702496
3.250000             -0.02666445448964347917
3.255000             -0.02621107112751464366
3.260000             -0.02572077977190210737
3.265000             -0.02518730980709756387
3.270000             -0.02460413856511052197
3.275000             -0.02396437742673470164
3.280000             -0.02326124739088271734
3.285000             -0.02248805216534192908
3.290000             -0.02163902516621118641
3.295000             -0.02070905130001721856
3.300000             -0.01969651796919430833
3.305000             -0.01860168407089394377
3.310000             -0.01742817687672035265
3.315000             -0.01618180923441297006
3.320000             -0.01486814024781795730
3.325000             -0.01349357631915077890
3.330000             -0.01206225505933698067
3.335000             -0.01057787623539997550
3.340000             -0.00904341475214922967
3.345000             -0.00746141311989729789
3.350000             -0.00583562766505144048
3.355000             -0.00416990178125149682
3.360000             -0.00246898885638217143
3.365000             -0.00073763443554234441
3.370000              0.00101905356459512653
3.375000              0.00279620202828269196
3.380000              0.00458857476724758555
3.385000              0.00639111029161854721
3.390000              0.00819844200924717097
3.395000              0.01000519136221165832
3.400000              0.01180596022866510844
3.405000              0.01359519552914699447
3.410000              0.01536719657899718317
3.415000              0.01711587372367643842
3.420000              0.01883498057389637603
3.425000              0.02051776480541031913
3.430000              0.02215761557037948526
3.435000              0.02374756066703376592
3.440000              0.02528158651200378484
3.445000              0.02675382936719915977
3.450000              0.02815986956499437130
3.455000              0.02949598065911769249
3.460000              0.03075943432776659728
3.465000              0.03194839005381044927
3.470000              0.03306168263360419884
3.475000              0.03409910704109139767
3.480000              0.03506035868964299529
3.485000              0.03594584141465614890
3.490000              0.03675527964112785401
3.495000              0.03748870787232209262
3.500000              0.03814649481106013873
3.505000              0.03872938529184556666
3.510000              0.03923850829512111338
3.515000              0.03967517059397159679
3.520000              0.04004104919147829372
3.525000              0.04033774791515441771
3.530000              0.04056660906879621525
3.535000              0.04072850089094162684
3.540000              0.04082321565601925578
3.545000              0.04084967808124818911
3.550000              0.04080580164155887812
3.555000              0.04068867646586733083
3.560000              0.04049473680931017089
3.565000              0.04021993652312549905
3.570000              0.03985962800355651731
3.575000              0.03940901125565589302
3.580000              0.03886251564517977097
3.585000              0.03821461705204682452
3.590000              0.03746030102576283077
3.595000              0.03659522549788388202
3.600000              0.03561677439557765779
3.605000              0.03452362316045185647
3.610000              0.03331648317090481898
3.615000              0.03199754414348299214
3.620000              0.03057092999596991781
3.625000              0.02904209578734361433
3.630000              0.02741761565793787714
3.635000              0.02570486436093611868
3.640000              0.02391127973301916676
3.645000              0.02204438908425550639
3.650000              0.02011127807319988692
3.655000              0.01811862079317893767
3.660000              0.01607187578855358290
3.665000              0.01397562284751883641
3.670000              0.01183279858469213873
3.675000              0.00964521824916282980
3.680000              0.00741346468920448757
3.685000              0.00513720727522125158
3.690000              0.00281554844790856329
3.695000              0.00044714928051446201
3.700000             -0.00196974034022252917
3.705000             -0.00443695615884040061
3.710000             -0.00695528264463936112
3.715000             -0.00952481112015620031
3.720000             -0.01214412782187410632
3.725000             -0.01481068107382824649
3.730000             -0.01752081721088524432
3.735000             -0.02026980304638064528
3.740000             -0.02305131068142213246
3.745000             -0.02585787676593842219
3.750000             -0.02867973026785238314
3.755000             -0.03150584988046698648
3.760000             -0.03431960163032093947
3.765000             -0.03710199551994828454
3.770000             -0.03982852117781741919
3.775000             -0.04247216710324625000
3.780000             -0.04500705798784203349
3.785000             -0.04740736021792577026
3.790000             -0.04965137678016611628
3.795000             -0.05171943768859484092
3.800000             -0.05359709520420620488
3.805000             -0.05527146194992281492
3.810000             -0.05673285543143054277
3.815000             -0.05797387228078032528
3.820000             -0.05898932020204089577
3.825000             -0.05977632284560387144
3.830000             -0.06033327048033441248
3.835000             -0.06066012733636375748
3.840000             -0.06075803162164700871
3.845000             -0.06062922079527879871
3.850000             -0.06028031909451261189
3.855000             -0.05971551611704853380
3.860000             -0.05894456371291405955
3.865000             -0.05798097084618211716
3.870000             -0.05684196107698209072
3.875000             -0.05554645940606689480
3.880000             -0.05411058649564058631
3.885000             -0.05255077702818987395
3.890000             -0.05087927281690270837
3.895000             -0.04910659711606571443
3.900000             -0.04724034430345515345
3.905000             -0.04528665446625845109
3.910000             -0.04324872140294672151
3.915000             -0.04112797421772781958
3.920000             -0.03892199667532087598
3.925000             -0.03662626188437191621
3.930000             -0.03423551489299397899
3.935000             -0.03174345961863082877
3.940000             -0.02914413797156184538
3.945000             -0.02643141449373323168
3.950000             -0.02360021224930795858
3.955000             -0.02064597282443203854
3.960000             -0.01756641105657732668
3.965000             -0.01436061804258474163
3.970000             -0.01103018604189010161
3.975000             -0.00757854867902681573
3.980000             -0.00401213508415464853
3.985000             -0.00033956813670408490
3.990000              0.00342452660736121406
3.995000              0.00726218013798226019
4.000000              0.01114307417314574535
4.005000              0.01503099891573606538
4.010000              0.01888406358501589985
4.015000              0.02265651154244390647
4.020000              0.02630486112452022629
4.025000              0.02978559219127629998
4.030000              0.03306393159222906220
4.035000              0.03610890416942054426
4.040000              0.03890006438210990430
4.045000              0.04142456281465817930
4.050000              0.04367463440170203659
4.055000              0.04564599306824395492
4.060000              0.04734396806132310648
4.065000              0.04877858946862431710
4.070000              0.04996846458336655361
4.075000              0.05093775315095697143
4.080000              0.05171474561289084171
4.085000              0.05233076945702649224
4.090000              0.05281727003368329870
4.095000              0.05320780646691738308
4.100000              0.05352728838676009543
4.105000              0.05379798795350804186
4.110000              0.05403382873338068160
4.115000              0.05424317687303170654
4.120000              0.05442815610757840289
4.125000              0.05458584311618389084
4.130000              0.05470623852954682731
4.135000              0.05477416640466684083
4.140000              0.05476958235459007673
4.145000              0.05466842197084305355
4.150000              0.05444529982702644988
4.155000              0.05407314520729080559
4.160000              0.05352489582679680752
4.165000              0.05277364711709378597
4.170000              0.05180089199761848257
4.175000              0.05059219936942061652
4.180000              0.04914819962087624283
4.185000              0.04747850497526209801
4.190000              0.04560318378172867337
4.195000              0.04355039093482224871
4.200000              0.04135042511524829323
4.205000              0.03903816827214377089
4.210000              0.03664866733324311648
4.215000              0.03421886269005706277
4.220000              0.03178494483371672313
4.225000              0.02938292033674761577
4.230000              0.02704803573361924673
4.235000              0.02481375478096956716
4.240000              0.02270976803958965271
4.245000              0.02076178971228941073
4.250000              0.01898739540397190867
4.255000              0.01739782435170078231
4.260000              0.01599271314722829421
4.265000              0.01476382427654903198
4.270000              0.01368562666513301225
4.275000              0.01272293957055834444
4.280000              0.01183127473168902981
4.285000              0.01095998632863378133
4.290000              0.01006601126496247701
4.295000              0.00910843613366400622
4.300000              0.00805481899689997408
4.305000              0.00687830373380751269
4.310000              0.00556073232024707851
4.315000              0.00409101815765287435
4.320000              0.00246598670231539191
4.325000              0.00068957705862820128
4.330000             -0.00122672470991345376
4.335000             -0.00326507161798049277
4.340000             -0.00540517203191970882
4.345000             -0.00762355594352193914
4.350000             -0.00989800944630752841
4.355000             -0.01220661353703519393
4.360000             -0.01452802851459686004
4.365000             -0.01684293977693170075
4.370000             -0.01913307799280881960
4.375000             -0.02138340904279473209
4.380000             -0.02358275772781150484
4.385000             -0.02572450724926790208
4.390000             -0.02780713831802327299
4.395000             -0.02983385102468270531
4.400000             -0.03181172329674940291
4.405000             -0.03375106832711838312
4.410000             -0.03566335669215139198
4.415000             -0.03756068945462386066
4.420000             -0.03945390668897221648
4.425000             -0.04135188773641690352
4.430000             -0.04325967558641331812
4.435000             -0.04517816432831284895
4.440000             -0.04710242508387901123
4.445000             -0.04902250115427105037
4.450000             -0.05092405679051347639
4.455000             -0.05278798010005598257
4.460000             -0.05459413475957460710
4.465000             -0.05632201072422509530
4.470000             -0.05795269232873927895
4.475000             -0.05946802236494283522
4.480000             -0.06085196609862011941
4.485000             -0.06209244864971169564
4.490000             -0.06318075084550343890
4.495000             -0.06411200864451432890
4.500000             -0.06488633723972606071
4.505000             -0.06550890406237898367
4.510000             -0.06599150059219190123
4.515000             -0.06635124821929344607
4.520000             -0.06660846787953736414
4.525000             -0.06678540985056474755
4.530000             -0.06690255617003937338
4.535000             -0.06698054776511944142
4.540000             -0.06703700726494787876
4.545000             -0.06708694476239618343
4.550000             -0.06714327461100624839
4.555000             -0.06721484238341543516
4.560000             -0.06730840635424271967
4.565000             -0.06742661442225461599
4.570000             -0.06756970287260882779
4.575000             -0.06773415304606965337
4.580000             -0.06791241280074633568
4.585000             -0.06809370617555549066
4.590000             -0.06826425803293900696
4.595000             -0.06840884339209186982
4.600000             -0.06851176790365541558
4.605000             -0.06855878292818552711
4.610000             -0.06853612110456257234
4.615000             -0.06843307581883641133
4.620000             -0.06824044301992421291
4.625000             -0.06795236457082537429
4.630000             -0.06756546834748838881
4.635000             -0.06708207176609463918
4.640000             -0.06650504998127775014
4.645000             -0.06583896810729276960
4.650000             -0.06509086991630741448
4.655000             -0.06426884873272903365
4.660000             -0.06338031246917229244
4.665000             -0.06243072898555195038
4.670000             -0.06142514798365525386
4.675000             -0.06036616941464292840
4.680000             -0.05925473870575616309
4.685000             -0.05808845415987367450
4.690000             -0.05686095960568445656
4.695000             -0.05556235134509998619
4.700000             -0.05418043510231049936
4.705000             -0.05270085748078494337
4.710000             -0.05111130090687666938
4.715000             -0.04940045071245902780
4.720000             -0.04755709843636003742
4.725000             -0.04557198301133656010
4.730000             -0.04343432973447773626
4.735000             -0.04113539448783254393
4.740000             -0.03866852251516855049
4.745000             -0.03603030542285814986
4.750000             -0.03321989987539138850
4.755000             -0.03023957763563438553
4.760000             -0.02709422782383535608
4.765000             -0.02379088429774694341
4.770000             -0.02033868373121376291
4.775000             -0.01674747793479898147
4.780000             -0.01302883451947203439
4.785000             -0.00919377526914023219
4.790000             -0.00525155921168548364
4.795000             -0.00120895183080785415
4.800000              0.00293110204762658984
4.805000              0.00716926303322695715
4.810000              0.01150882068754545060
4.815000              0.01595590881728654875
4.820000              0.02052048365635724889
4.825000              0.02521472691319743761
4.830000              0.03005198820951512917
4.835000              0.03504584933671555519
4.840000              0.04021000116856437295
4.845000              0.04555568269418497351
4.850000              0.05109314287599656113
4.855000              0.05683096685242206708
4.860000              0.06277746467723961665
4.865000              0.06893626734873055384
4.870000              0.07530946422460023382
4.875000              0.08189517249379088537
4.880000              0.08868584056490701195
4.885000              0.09567071552649820954
4.890000              0.10283560728812837781
4.895000              0.11017099926603764193
4.900000              0.11766865525868709652
4.905000              0.12531396735405320175
4.910000              0.13311622890048172008
4.915000              0.14108908236511066847
4.920000              0.14924855704302844583
4.925000              0.15759787121397822451
4.930000              0.16613076113805774758
4.935000              0.17486888189755767087
4.940000              0.18381291667209492813
4.945000              0.19295660916440668387
4.950000              0.20226862017086252865
4.955000              0.21171705481244668112
4.960000              0.22121516966165297169
4.965000              0.23067230200933014350
4.970000              0.23999520980440419704
4.975000              0.24908734657077341579
4.980000              0.25787861383450888519
4.985000              0.26630951741010522316
4.990000              0.27432938526624117692
4.995000              0.28189411972635536330
5.000000              0.28896095995554793578
5.005000              0.29549137735028124796
5.010000              0.30145035059625729934
5.015000              0.30680712045862640336
5.020000              0.31153438226653773491
5.025000              0.31560927663973381563
5.030000              0.31901581742454115931
5.035000              0.32173785240108482286
5.040000              0.32376167538833799942
5.045000              0.32508138605127601117
5.050000              0.32570374408022317869
5.055000              0.32564878713242839670
5.060000              0.32493025122064989052
5.065000              0.32357677859322336866
5.070000              0.32164982566870414793
5.075000              0.31919572856166916752
5.080000              0.31628128708368929978
5.085000              0.31298138838385253235
5.090000              0.30938126687428363359
5.095000              0.30556032852533582256
5.100000              0.30159842202734088445
5.105000              0.29757150117448610827
5.110000              0.29354620119078239648
5.115000              0.28957915424822988637
5.120000              0.28570446492871942601
5.125000              0.28194311309846842306
5.130000              0.27830370451349994987
5.135000              0.27478550284435032669
5.140000              0.27137708914743496891
5.145000              0.26806150076775164814
5.150000              0.26481386809674301031
5.155000              0.26160692227876158888
5.160000              0.25840002616610985298
5.165000              0.25514962844499894379
5.170000              0.25180811435968186718
5.175000              0.24832805896212839514
5.180000              0.24468076127394719488
5.185000              0.24084634351325942547
5.190000              0.23682088809500248527
5.195000              0.23260952015712008101
5.200000              0.22822248409192918972
5.205000              0.22367194816536573043
5.210000              0.21897704852875832238
5.215000              0.21415224421091724749
5.220000              0.20921834184950380275
5.225000              0.20419334549698248127
5.230000              0.19909500666146223713
5.235000              0.19394003711775570364
5.240000              0.18874201704123011458
5.245000              0.18351908509809197745
5.250000              0.17828590754465342694
5.255000              0.17305438363350753028
5.260000              0.16784146200770755364
5.265000              0.16266290256951693172
5.270000              0.15753487424223258651
5.275000              0.15247755525945669297
5.280000              0.14751260173151636845
5.285000              0.14266227082121948899
5.290000              0.13795288528634774838
5.295000              0.13341255267081050806
5.300000              0.12906928995558752948
5.305000              0.12495513368689029066
5.310000              0.12109702119239180995
5.315000              0.11752480516748245454
5.320000              0.11426551789014592619
5.325000              0.11134554005055645465
5.330000              0.10878881206896413858
5.335000              0.10661993895217912465
5.340000              0.10485953273330329838
5.345000              0.10352436127040065550
5.350000              0.10262617857474240490
5.355000              0.10217560807853530436
5.360000              0.10217963245628196300
5.365000              0.10264141184677808005
5.370000              0.10355650314389559796
5.375000              0.10491791395408765764
5.380000              0.10669156469222379480
5.385000              0.10887589193175765956
5.390000              0.11143346236701047458
5.395000              0.11433459533704780353
5.400000              0.11753966986328236166
5.405000              0.12101881719212076449
5.410000              0.12473456295974795494
5.415000              0.12865589632815438437
5.420000              0.13275212807006345206
5.425000              0.13699958613296844834
5.430000              0.14137883753373620133
5.435000              0.14587762918497138021
5.440000              0.15049104016041925380
5.445000              0.15522097762561953838
5.450000              0.16006981219590862842
5.455000              0.16504243362299611531
5.460000              0.17014219069890787472
5.465000              0.17537147401111702338
5.470000              0.18072456526131797094
5.475000              0.18619017362186640607
5.480000              0.19174801122838316947
5.485000              0.19737005957258857425
5.490000              0.20302832173577903263
5.495000              0.20869171542919823237
5.500000              0.21433116521181599934
5.505000              0.21991203079854207414
5.510000              0.22540186220464028533
5.515000              0.23076760176542376879
5.520000              0.23597746360247517927
5.525000              0.24100414125529096010
5.530000              0.24582082702570490218
5.535000              0.25040551733354998731
5.540000              0.25474060647711604943
5.545000              0.25880493921347325070
5.550000              0.26259359185715214213
5.555000              0.26610046905407563900
5.560000              0.26932492771601995729
5.565000              0.27227391343428491988
5.570000              0.27496165201356487229
5.575000              0.27740522166878700538
5.580000              0.27962501285857810363
5.585000              0.28164083789325977669
5.590000              0.28348003302374091827
5.595000              0.28516470856064407569
5.600000              0.28671459597957354992
5.605000              0.28814879777260038463
5.610000              0.28948666970218106531
5.615000              0.29074292901078252482
5.620000              0.29192836328346005725
5.625000              0.29305070266715460559
5.630000              0.29411108674858027490
5.635000              0.29510678366140263851
5.640000              0.29603494962791676581
5.645000              0.29688250374258384756
5.650000              0.29763889151768374575
5.655000              0.29828736951989942572
5.660000              0.29881037578836344704
5.665000              0.29918590343985590474
5.670000              0.29939215220206466528
5.675000              0.29940706441051928577
5.680000              0.29921179936889957807
5.685000              0.29878606333553703323
5.690000              0.29811429605962619371
5.695000              0.29718384634900446573
5.700000              0.29599182435246118583
5.705000              0.29452925055935647025
5.710000              0.29279642541119721422
5.715000              0.29079946002028178587
5.720000              0.28854893149820698417
5.725000              0.28605561792458089609
5.730000              0.28333301186007198158
5.735000              0.28039575596587507089
5.740000              0.27725869763250604594
5.745000              0.27393535079172159907
5.750000              0.27043934450811579762
5.755000              0.26678324081940696377
5.760000              0.26297580445591950404
5.765000              0.25902320541513546015
5.770000              0.25492812352305660450
5.775000              0.25069113308985152555
5.780000              0.24631433258911764050
5.785000              0.24180016107188997965
5.790000              0.23715363702773176180
5.795000              0.23238176043721942010
5.800000              0.22749372894730904293
5.805000              0.22250125695513855995
5.810000              0.21741861907675341659
5.815000              0.21226289392348310359
5.820000              0.20705360596160912734
5.825000              0.20181277657481752619
5.830000              0.19656524936124389336
5.835000              0.19133467725176087071
5.840000              0.18614317414170314380
5.845000              0.18101252782195073610
5.850000              0.17596081625883749910
5.855000              0.17100314402305988315
5.860000              0.16615177018733714998
5.865000              0.16141334903415846536
5.870000              0.15679399159441195777
5.875000              0.15229846929066798156
5.880000              0.14793248347686874244
5.885000              0.14370181661476696955
5.890000              0.13961047419842034789
5.895000              0.13566129399118076471
5.900000              0.13185624008958746201
5.905000              0.12819629780155053500
5.910000              0.12468093591588470803
5.915000              0.12130853280706589692
5.920000              0.11807624879434210075
5.925000              0.11498182235242007665
5.930000              0.11202065635446839531
5.935000              0.10918842926684203809
5.940000              0.10648442313723019415
5.945000              0.10390817366905581720
5.950000              0.10146208669539433234
5.955000              0.09914791350034364570
5.960000              0.09697153908284575352
5.965000              0.09493757725863270769
5.970000              0.09305185560176326698
5.975000              0.09131921206704596283
5.980000              0.08974408367916782148
5.985000              0.08832863711022859166
5.990000              0.08707576297662887599
5.995000              0.08598494777356610608
6.000000              0.08505639709277773575
6.005000              0.08429059366587295099
6.010000              0.08369180205290374652
6.015000              0.08326590724728395732
6.020000              0.08301473053788327450
6.025000              0.08294054920167724665
6.030000              0.08304319325800144092
6.035000              0.08331665366212098744
6.040000              0.08375835987710524011
6.045000              0.08435998205828144914
6.050000              0.08511466156863081722
6.055000              0.08601404518309171965
6.060000              0.08705326415218062053
6.065000              0.08822719077424701073
6.070000              0.08953299746066097076
6.075000              0.09096910527802473667
6.080000              0.09253708013807367128
6.085000              0.09424012279144995674
6.090000              0.09608484261327931986
6.095000              0.09807991499331211727
6.100000              0.10023433421056632264
6.105000              0.10255762881073206272
6.110000              0.10505867029726684292
6.115000              0.10774579801912088917
6.120000              0.11062545164442148804
6.125000              0.11370238072706823074
6.130000              0.11697764424182743870
6.135000              0.12044945667576212323
6.140000              0.12411232952508526040
6.145000              0.12795760952633286611
6.150000              0.13197155435791746436
6.155000              0.13613688862694661719
6.160000              0.14043062470310777035
6.165000              0.14482629185386208803
6.170000              0.14929473253524475074
6.175000              0.15380492099172216047
6.180000              0.15832813766053677185
6.185000              0.16283655793089713004
6.190000              0.16730708004650038379
6.195000              0.17171950307918554257
6.200000              0.17605839084454080745
6.205000              0.18031193141523932377
6.210000              0.18447281474677496016
6.215000              0.18854018840749262043
6.220000              0.19251729533245787174
6.225000              0.19640985270513594552
6.230000              0.20022783151879683383
6.235000              0.20398136044104608899
6.240000              0.20768261673969737324
6.245000              0.21134058864136356926
6.250000              0.21496476937067515722
6.255000              0.21856344630736548873
6.260000              0.22214198831872400408
6.265000              0.22570349128401831496
6.270000              0.22924647922672256040
6.275000              0.23276693983549082145
6.280000              0.23625700907812666185
6.285000              0.23970584140391926198
6.290000              0.24310025270578811130
6.295000              0.24642516682339282719
6.300000              0.24966306788207295875
6.305000              0.25279679145276456875
6.310000              0.25580822095835792362
6.315000              0.25867597216959731243
6.320000              0.26137928501351981314
6.325000              0.26389859859564235300
6.330000              0.26621381415138894999
6.335000              0.26830595387452249589
6.340000              0.27015843186420307465
6.345000              0.27175725687374396866
6.350000              0.27309147794908417151
6.355000              0.27415223603306815292
6.360000              0.27493300889771005169
6.365000              0.27542756424963388273
6.370000              0.27563118774902567454
6.375000              0.27554065461223625766
6.380000              0.27514995725569080243
6.385000              0.27445722534721656016
6.390000              0.27345713685735878462
6.395000              0.27214511990831885546
6.400000              0.27051649569416996721
6.405000              0.26856734951613558948
6.410000              0.26629438147894057831
6.415000              0.26369482115818737578
6.420000              0.26076787202382262221
6.425000              0.25751415259470217256
6.430000              0.25393663061268256786
6.435000              0.25003997805020694578
6.440000              0.24583200596107904201
6.445000              0.24132288388613035157
6.450000              0.23652530389375839293
6.455000              0.23145419178713688702
6.460000              0.22612467164871488667
6.465000              0.22055314275022971926
6.470000              0.21475537532086882986
6.475000              0.20874758228081660705
6.480000              0.20254596512900613359
6.485000              0.19616689325946323752
6.490000              0.18962738421412059231
6.495000              0.18294450891745975274
6.500000              0.17613565777360848386
6.505000              0.16921788132118001369
6.510000              0.16220033121617014049
6.515000              0.15509264390606974926
6.520000              0.14789831783541484977
6.525000              0.14062012068749266125
6.530000              0.13326072044322406773
6.535000              0.12581848281778371113
6.540000              0.11829727321537997220
6.545000              0.11070151576038100849
6.550000              0.10303917988259804484
6.555000              0.09532459394518399964
6.560000              0.08757539997483325400
6.565000              0.07980748767317129289
6.570000              0.07204609079893634083
6.575000              0.06430242997186028098
6.580000              0.05662308321207287082
6.585000              0.04900005666799272380
6.590000              0.04146540336679608446
6.595000              0.03402041239923770527
6.600000              0.02670206630228564443
6.605000              0.01953722111254000554
6.610000              0.01253863955565654408
6.615000              0.00572525870660291723
6.620000             -0.00087539205077799217
6.625000             -0.00723465932385868038
6.630000             -0.01332840302316736641
6.635000             -0.01913225600682541550
6.640000             -0.02462012409061149071
6.645000             -0.02976671538656103233
6.650000             -0.03455213173341512706
6.655000             -0.03895464653292932816
6.660000             -0.04295545970829005300
6.665000             -0.04653746040703337500
6.670000             -0.04968751686379201116
6.675000             -0.05239393056305168689
6.680000             -0.05464893374790822517
6.685000             -0.05644791191680358089
6.690000             -0.05779040727171554787
6.695000             -0.05868290786710281259
6.700000             -0.05914043908864101418
6.705000             -0.05916930319981773129
6.710000             -0.05879273135175838716
6.715000             -0.05802982559882859104
6.720000             -0.05691112980302286822
6.725000             -0.05546214557599411787
6.730000             -0.05371176780153939095
6.735000             -0.05168657000135394586
6.740000             -0.04941241930536650201
6.745000             -0.04690975909220292811
6.750000             -0.04419511671251113993
6.755000             -0.04128037396855468999
6.760000             -0.03817491922923171160
6.765000             -0.03488476474343530503
6.770000             -0.03141415451481761878
6.775000             -0.02776616299652183428
6.780000             -0.02394227507599664545
6.785000             -0.01994436049670089001
6.790000             -0.01577211768520323659
6.795000             -0.01142645521621176233
6.800000             -0.00691045617841629187
6.805000             -0.00223026821725077692
6.810000              0.00260287798433948663
6.815000              0.00757358589477836238
6.820000              0.01266257658697620379
6.825000              0.01784741366576695146
6.830000              0.02310361003614197495
6.835000              0.02840545693185485970
6.840000              0.03372803955280167382
6.845000              0.03904765960901846605
6.850000              0.04434702128257102249
6.855000              0.04961249652671774479
6.860000              0.05483772378413372117
6.865000              0.06002061314960596000
6.870000              0.06516320596351446448
6.875000              0.07027315837987539726
6.880000              0.07536169421931222800
6.885000              0.08044347758495770662
6.890000              0.08553309784542466321
6.895000              0.09064653053841624508
6.900000              0.09579536600639931843
6.905000              0.10098781885721294649
6.910000              0.10622598498245020004
6.915000              0.11150820549614122446
6.920000              0.11682650367746469366
6.925000              0.12216705600768541784
6.930000              0.12751642900859019858
6.935000              0.13286314171375476767
6.940000              0.13819032882362841663
6.945000              0.14348167840724332378
6.950000              0.14872243302403723164
6.955000              0.15389171561498479757
6.960000              0.15897510556399019332
6.965000              0.16395412166386602593
6.970000              0.16881340293067359504
6.975000              0.17353551159526761638
6.980000              0.17810275693730440172
6.985000              0.18249396287667124517
6.990000              0.18669282406856921308
6.995000              0.19068422933587358958
7.000000              0.19446092839235232241
7.005000              0.19801599284630638786
7.010000              0.20134658576893946225
7.015000              0.20445236480864054096
7.020000              0.20733467988708892404
7.025000              0.20999697824474863883
7.030000              0.21244532636291610372
7.035000              0.21468776977215942026
7.040000              0.21673500641660009558
7.045000              0.21859982956608986493
7.050000              0.22029464150198693750
7.055000              0.22183243015624959371
7.060000              0.22322296744591993423
7.065000              0.22447525103784840561
7.070000              0.22559735956879811702
7.075000              0.22659073609690133511
7.080000              0.22745673123550941286
7.085000              0.22819557643944576864
7.090000              0.22880214889898858877
7.095000              0.22926769485293035933
7.100000              0.22958097385611167529
7.105000              0.22972902199619979480
7.110000              0.22969885756905958352
7.115000              0.22947624116419765294
7.120000              0.22904561624482694393
7.125000              0.22839089028066436593
7.130000              0.22749446946539569891
7.135000              0.22634118758338625521
7.140000              0.22491510863799915598
7.145000              0.22320191306955475263
7.150000              0.22119056696199226875
7.155000              0.21887195972372011643
7.160000              0.21624838385021480369
7.165000              0.21331623400010607527
7.170000              0.21008090117590250134
7.175000              0.20654847054449423926
7.180000              0.20272892460385544267
7.185000              0.19863143352153542209
7.190000              0.19426800658276754952
7.195000              0.18965049406462552994
7.200000              0.18479264181775661990
7.205000              0.17970740729688647330
7.210000              0.17440719551392805386
7.215000              0.16890269811214023155
7.220000              0.16320283153038361856
7.225000              0.15731420291709694026
7.230000              0.15124186880845719161
7.235000              0.14498896978876718578
7.240000              0.13855843470853521082
7.245000              0.13195248649350782566
7.250000              0.12517413971551091811
7.255000              0.11822276951031315817
7.260000              0.11109633885502707973
7.265000              0.10379055512273956119
7.270000              0.09630244421289546608
7.275000              0.08862939501230546191
7.280000              0.08076897815650745105
7.285000              0.07272168908500732665
7.290000              0.06449177104755224321
7.295000              0.05608685718254810548
7.300000              0.04751802463941189741
7.305000              0.03880038774295895693
7.310000              0.02994556667223652671
7.315000              0.02097594472332523982
7.320000              0.01189215149651924597
7.325000              0.00271826802003621209
7.330000             -0.00653827428129596065
7.335000             -0.01587472415200619560
7.340000             -0.02529228849040236066
7.345000             -0.03478060939417722264
7.350000             -0.04433107565223967650
7.355000             -0.05392514972890739139
7.360000             -0.06356125375246449161
7.365000             -0.07322998308636305409
7.370000             -0.08291669370409519846
7.375000             -0.09260988584106417953
7.380000             -0.10229617776983823685
7.385000             -0.11196476331883847832
7.390000             -0.12159848778359000354
7.395000             -0.13118511498231699708
7.400000             -0.14070606358087245358
7.405000             -0.15014936704059830830
7.410000             -0.15949549787853053995
7.415000             -0.16873028437489864806
7.420000             -0.17783668209263658877
7.425000             -0.18679977056454993845
7.430000             -0.19560476095788981166
7.435000             -0.20423846757979777222
7.440000             -0.21268290838312980950
7.445000             -0.22091969494612007097
7.450000             -0.22892919743235826124
7.455000             -0.23669028538194483713
7.460000             -0.24418679702903836604
7.465000             -0.25140555042893264481
7.470000             -0.25833507892405571660
7.475000             -0.26496482560201778389
7.480000             -0.27128662034909239997
7.485000             -0.27729272913608421502
7.490000             -0.28297598522035549706
7.495000             -0.28833171693156717241
7.500000             -0.29335784129821557142
7.505000             -0.29805413366870664449
7.510000             -0.30242161207138756884
7.515000             -0.30646211062595923869
7.520000             -0.31017776455707479766
7.525000             -0.31357066211483086704
7.530000             -0.31664241617198413126
7.535000             -0.31939437703957229697
7.540000             -0.32182631751246659757
7.545000             -0.32393732772368816208
7.550000             -0.32572480514711976696
7.555000             -0.32718516050610518819
7.560000             -0.32831475568195928050
7.565000             -0.32911309354333612154
7.570000             -0.32957664295314215153
7.575000             -0.32970218653180455304
7.580000             -0.32949061298909665396
7.585000             -0.32894086520784499017
7.590000             -0.32805134511495398497
7.595000             -0.32683239311137951555
7.600000             -0.32528668889888728843
7.605000             -0.32341764737727912715
7.610000             -0.32123723102939100160
7.615000             -0.31875893479232464411
7.620000             -0.31600042467505001786
7.625000             -0.31298144245725662005
7.630000             -0.30973249477886749537
7.635000             -0.30628774293870808521
7.640000             -0.30268367252196842765
7.645000             -0.29895849418871722758
7.650000             -0.29514757655844797712
7.655000             -0.29128520198088997395
7.660000             -0.28739871331602673266
7.665000             -0.28351229254837756466
7.670000             -0.27964518512122266136
7.675000             -0.27581351087419908596
7.680000             -0.27203048500077220417
7.685000             -0.26830701795593875358
7.690000             -0.26465244999401826842
7.695000             -0.26107456160814196400
7.700000             -0.25757989471352021882
7.705000             -0.25417390433287900819
7.710000             -0.25086065293859777237
7.715000             -0.24764334957375952473
7.720000             -0.24452463861543624613
7.725000             -0.24150684739397779155
7.730000             -0.23859237627791970993
7.735000             -0.23578379058663617718
7.740000             -0.23308418470214883889
7.745000             -0.23049713338597932477
7.750000             -0.22802522823978496613
7.755000             -0.22567028822329693316
7.760000             -0.22343417720633718115
7.765000             -0.22131801512979568103
7.770000             -0.21932046863218221389
7.775000             -0.21744069813458072327
7.780000             -0.21567574972155134638
7.785000             -0.21402113509658368673
7.790000             -0.21247121547501496286
7.795000             -0.21102006008966814332
7.800000             -0.20966133750907117728
7.805000             -0.20838795345457891695
7.810000             -0.20719164612172735751
7.815000             -0.20606323829139469583
7.820000             -0.20499404336945523109
7.825000             -0.20397505535285775924
7.830000             -0.20299796319660187716
7.835000             -0.20205466692160034547
7.840000             -0.20113778273306581745
7.845000             -0.20024032950533457442
7.850000             -0.19935599131648845672
7.855000             -0.19847908709660033733
7.860000             -0.19760482056712580512
7.865000             -0.19672928736077491263
7.870000             -0.19584966921717317234
7.875000             -0.19496418711904858756
7.880000             -0.19407240145673287923
7.885000             -0.19317495654640773339
7.890000             -0.19227332100104210788
7.895000             -0.19136957704836615735
7.900000             -0.19046565895389924727
7.905000             -0.18956347096028050569
7.910000             -0.18866462502753111874
7.915000             -0.18777028813564000664
7.920000             -0.18688130682027412344
7.925000             -0.18599784916522427158
7.930000             -0.18511931009094634293
7.935000             -0.18424419188049051543
7.940000             -0.18336979661560312560
7.945000             -0.18249245014945753018
7.950000             -0.18160734254423260836
7.955000             -0.18070889007286664030
7.960000             -0.17979088826700881376
7.965000             -0.17884681806249241864
7.970000             -0.17787014396150666040
7.975000             -0.17685451590949485823
7.980000             -0.17579643251853666053
7.985000             -0.17469399605037547185
7.990000             -0.17355387138134664715
7.995000             -0.17238682575834538002
8.000000             -0.17120896223702192218
8.005000             -0.17003999085323828755
8.010000             -0.16889934435474024399
8.015000             -0.16780766584028558586
8.020000             -0.16678528947048223974
8.025000             -0.16585268594267710274
8.030000             -0.16503184334744727679
8.035000             -0.16434600326163090189
8.040000             -0.16381522779367757581
8.045000             -0.16345978858116608223
8.050000             -0.16329442344404404563
8.055000             -0.16333224012819932969
8.060000             -0.16358188364309009244
8.065000             -0.16404763313116410561
8.070000             -0.16473358315640393434
8.075000             -0.16564007905046215785
8.080000             -0.16676613794311465067
8.085000             -0.16810827000768482908
8.090000             -0.16966106686966589412
8.095000             -0.17141764513694640604
8.100000             -0.17336953230916182789
8.105000             -0.17550746889804702544
8.110000             -0.17782125602952356114
8.115000             -0.18030075829607639104
8.120000             -0.18293455987406884167
8.125000             -0.18571144808010123239
8.130000             -0.18862036773333898387
8.135000             -0.19165093796998494691
8.140000             -0.19479496921091821182
8.145000             -0.19804552168302297366
8.150000             -0.20139851591414437149
8.155000             -0.20485116515195186948
8.160000             -0.20840263317389301490
8.165000             -0.21205271450063856165
8.170000             -0.21579816957781364217
8.175000             -0.21963411722705353246
8.180000             -0.22354976110643914877
8.185000             -0.22753088682235969586
8.190000             -0.23155923541761061490
8.195000             -0.23561343938673967591
8.200000             -0.23966567277594302832
8.205000             -0.24368441714229838180
8.210000             -0.24763685478979644006
8.215000             -0.25148861896387086912
8.220000             -0.25520554754335872394
8.225000             -0.25875350470892066745
8.230000             -0.26210118802929355253
8.235000             -0.26522010892179126440
8.240000             -0.26808794279547543127
8.245000             -0.27068416250061372308
8.250000             -0.27299321515332258814
8.255000             -0.27500329792428340747
8.260000             -0.27670433824283480195
8.265000             -0.27809018100283106056
8.270000             -0.27915832614422725344
8.275000             -0.27990878943780711507
8.280000             -0.28034545008483846562
8.285000             -0.28047450547602809090
8.290000             -0.28030635767616535192
8.295000             -0.27985391809542886632
8.300000             -0.27913022832095835124
8.305000             -0.27815071720135292610
8.310000             -0.27693141480239241714
8.315000             -0.27548803620755146770
8.320000             -0.27383469645898883549
8.325000             -0.27198485600930694117
8.330000             -0.26994943448663566432
8.335000             -0.26773777771755896682
8.340000             -0.26535514914564978239
8.345000             -0.26280483796726961110
8.350000             -0.26008726998522896379
8.355000             -0.25720133398066868935
8.360000             -0.25414379775255230287
8.365000             -0.25091050162951306080
8.370000             -0.24749864777063204646
8.375000             -0.24390610879130983357
8.380000             -0.24013453021635211559
8.385000             -0.23618765559123386377
8.390000             -0.23207270132787929939
8.395000             -0.22779927350732381841
8.400000             -0.22338087447224874715
8.405000             -0.21883356665655337436
8.410000             -0.21417705212790683067
8.415000             -0.20943339539893671142
8.420000             -0.20463021359776303876
8.425000             -0.19979795020706295205
8.430000             -0.19496812147437750373
8.435000             -0.19017328509263850544
8.440000             -0.18544308796455938326
8.445000             -0.18080600522310755207
8.450000             -0.17628614214670226823
8.455000             -0.17190126241016831510
8.460000             -0.16766782029232418783
8.465000             -0.16359641939101984831
8.470000             -0.15969526546912718445
8.475000             -0.15596746257027849225
8.480000             -0.15241164991094094394
8.485000             -0.14902897080472685132
8.490000             -0.14581625904184317144
8.495000             -0.14277411865069780661
8.500000             -0.13989875830538153756
8.505000             -0.13719118432143151409
8.510000             -0.13465330551673082571
8.515000             -0.13228827432419723586
8.520000             -0.13009745646337592118
8.525000             -0.12808597884006323042
8.530000             -0.12625824617914371828
8.535000             -0.12462154148714961466
8.540000             -0.12318275430272314364
8.545000             -0.12195042250301561804
8.550000             -0.12093420244604753677
8.555000             -0.12014295490771410846
8.560000             -0.11958830925256709599
8.565000             -0.11928135874374562464
8.570000             -0.11923343998757704454
8.575000             -0.11945520262662630284
8.580000             -0.11995426946295978388
8.585000             -0.12073484496812529609
8.590000             -0.12180145460680369407
8.595000             -0.12314819803071540283
8.600000             -0.12477019538170756874
8.605000             -0.12665578591569298661
8.610000             -0.12879246616315592755
8.615000             -0.13116406000282487820
8.620000             -0.13375605111728755547
8.625000             -0.13655234841732644124
8.630000             -0.13953839400664005965
8.635000             -0.14269997344206022949
8.640000             -0.14602528057012337248
8.645000             -0.14950371356364988706
8.650000             -0.15312667566434468025
8.655000             -0.15688722616679606769
8.660000             -0.16077944297788476780
8.665000             -0.16479851192869923726
8.670000             -0.16893751327720690769
8.675000             -0.17318907306207920183
8.680000             -0.17753968245057782926
8.685000             -0.18197298084830124121
8.690000             -0.18647013251134578193
8.695000             -0.19100985376648568770
8.700000             -0.19556979122406495386
8.705000             -0.20012562248017895516
8.710000             -0.20465045528196659785
8.715000             -0.20911512472989177147
8.720000             -0.21349053474935184016
8.725000             -0.21774660684731522720
8.730000             -0.22185327497943377328
8.735000             -0.22578397244486389517
8.740000             -0.22951243277103297591
8.745000             -0.23301475384199890617
8.750000             -0.23627097091784129979
8.755000             -0.23926397563698875715
8.760000             -0.24198112621256437360
8.765000             -0.24441077921078385726
8.770000             -0.24654672949581188379
8.775000             -0.24838501888758443559
8.780000             -0.24992605054054253810
8.785000             -0.25117270989845391638
8.790000             -0.25213655613008395528
8.795000             -0.25283356761470188179
8.800000             -0.25328608656286183409
8.805000             -0.25352019239908596404
8.810000             -0.25355960346679323747
8.815000             -0.25342762099775184570
8.820000             -0.25314370565954324999
8.825000             -0.25272518312823805120
8.830000             -0.25218665567922493587
8.835000             -0.25154112870861733420
8.840000             -0.25080088134322009452
8.845000             -0.24997649391985571343
8.850000             -0.24907628584837063213
8.855000             -0.24810681106577342492
8.860000             -0.24707193425988785429
8.865000             -0.24597365619767672107
8.870000             -0.24481155128378084829
8.875000             -0.24358394429461752151
8.880000             -0.24228834978373339770
8.885000             -0.24092214468809750039
8.890000             -0.23948346954582244717
8.895000             -0.23797151955912632104
8.900000             -0.23638612038477255228
8.905000             -0.23472847524773454708
8.910000             -0.23299986495674557263
8.915000             -0.23120267818881165556
8.920000             -0.22934006576370588593
8.925000             -0.22741612881739950436
8.930000             -0.22543689859086013527
8.935000             -0.22340933873053034353
8.940000             -0.22134343358464503293
8.945000             -0.21925013309515892224
8.950000             -0.21714199800660435868
8.955000             -0.21503180966016482989
8.960000             -0.21293223116892695534
8.965000             -0.21085525916390721046
8.970000             -0.20881167472321432443
8.975000             -0.20681108152129204503
8.980000             -0.20485955331885233321
8.985000             -0.20296123269051474791
8.990000             -0.20111656449917961198
8.995000             -0.19932407999535697862
9.000000             -0.19758002496638743528
9.005000             -0.19587951191104974180
9.010000             -0.19421612922902140030
9.015000             -0.19258298109534924270
9.020000             -0.19097346522877031716
9.025000             -0.18938138965958975501
9.030000             -0.18780166468083778208
9.035000             -0.18623008369904275883
9.040000             -0.18466376372106754755
9.045000             -0.18310075916646070815
9.050000             -0.18154183970854465002
9.055000             -0.17998905868770923022
9.060000             -0.17844645458614905031
9.065000             -0.17691899392152091175
9.070000             -0.17541226097163989395
9.075000             -0.17393203443627211491
9.080000             -0.17248433733025103631
9.085000             -0.17107499963067143711
9.090000             -0.16970939221643030481
9.095000             -0.16839235351389444939
9.100000             -0.16712813806015011653
9.105000             -0.16592042217595884268
9.110000             -0.16477314318041150210
9.115000             -0.16369009888790483909
9.120000             -0.16267658258989611819
9.125000             -0.16173847389024553767
9.130000             -0.16088309143485135522
9.135000             -0.16011862820119793227
9.140000             -0.15945321439741791392
9.145000             -0.15889540824331169211
9.150000             -0.15845409406337934710
9.155000             -0.15813855639035051537
9.160000             -0.15795741120088385712
9.165000             -0.15791915285687044279
9.170000             -0.15803091475414748901
9.175000             -0.15829911163361651272
9.180000             -0.15872867809624471858
9.185000             -0.15932342828179699157
9.190000             -0.16008584188935631731
9.195000             -0.16101708802135064613
9.200000             -0.16211626332488421331
9.205000             -0.16338078610545278546
9.210000             -0.16480581941490948794
9.215000             -0.16638475107781158790
9.220000             -0.16810831911900397939
9.225000             -0.16996547398336814272
9.230000             -0.17194099010985164355
9.235000             -0.17401748204444530965
9.240000             -0.17617575483409123049
9.245000             -0.17839544506758489573
9.250000             -0.18065683151285497066
9.255000             -0.18294038617805244429
9.260000             -0.18522719839934270736
9.265000             -0.18749902101562621048
9.270000             -0.18973872172139577552
9.275000             -0.19193017683508001303
9.280000             -0.19406166984943651332
9.285000             -0.19612378497483048956
9.290000             -0.19811094054984074164
9.295000             -0.20001989614459431133
9.300000             -0.20185022793493354043
9.305000             -0.20360335154629946586
9.310000             -0.20528437380829395176
9.315000             -0.20690029952345170838
9.320000             -0.20845927459618790456
9.325000             -0.20997028204985526689
9.330000             -0.21144134332944891641
9.335000             -0.21288014596918916621
9.340000             -0.21429390054092778417
9.345000             -0.21568930074540293429
9.350000             -0.21707018313145470811
9.355000             -0.21843892433257977581
9.360000             -0.21979520605203037298
9.365000             -0.22113710268675770831
9.370000             -0.22246157845911387896
9.375000             -0.22376464113266342215
9.380000             -0.22504157291756821113
9.385000             -0.22628714859401291570
9.390000             -0.22749565208514463399
9.395000             -0.22866120156923186446
9.400000             -0.22977754441967118693
9.405000             -0.23083850456927185180
9.410000             -0.23183840892798765476
9.415000             -0.23277210506442472249
9.420000             -0.23363553842835918517
9.425000             -0.23442550520496496791
9.430000             -0.23514039046206672290
9.435000             -0.23577963535926055316
9.440000             -0.23634389879905384757
9.445000             -0.23683470748530716099
9.450000             -0.23725449396398795576
9.455000             -0.23760627532509356885
9.460000             -0.23789410003468061672
9.465000             -0.23812247394903857112
9.470000             -0.23829597387700632294
9.475000             -0.23841917914928983935
9.480000             -0.23849671634186320190
9.485000             -0.23853307235218865201
9.490000             -0.23853199585251758097
9.495000             -0.23849679902383047470
9.500000             -0.23842988742905199540
9.505000             -0.23833315540410823785
9.510000             -0.23820812342669162032
9.515000             -0.23805606328327483245
9.520000             -0.23787784756812987985
9.525000             -0.23767423736039333670
9.530000             -0.23744556516158457637
9.535000             -0.23719212560954650026
9.540000             -0.23691390066367282174
9.545000             -0.23661090595649086898
9.550000             -0.23628246863072582817
9.555000             -0.23592779258590093616
9.560000             -0.23554484510979165068
9.565000             -0.23513115132125880780
9.570000             -0.23468298764386563704
9.575000             -0.23419601290702604657
9.580000             -0.23366521710505722131
9.585000             -0.23308507445044440720
9.590000             -0.23245033585945373833
9.595000             -0.23175559622004140992
9.600000             -0.23099700343028742311
9.605000             -0.23017116722348981983
9.610000             -0.22927651264548906673
9.615000             -0.22831229088350385448
9.620000             -0.22727866577551331106
9.625000             -0.22617650818848702987
9.630000             -0.22500831426591405560
9.635000             -0.22377762662051292608
9.640000             -0.22248947100700083856
9.645000             -0.22115000906902251843
9.650000             -0.21976622950585894545
9.655000             -0.21834600979909676854
9.660000             -0.21689841633588696768
9.665000             -0.21543337670422774144
9.670000             -0.21396104548384003996
9.675000             -0.21249192233024671861
9.680000             -0.21103529374444365829
9.685000             -0.20959994173559073904
9.690000             -0.20819337670693807696
9.695000             -0.20682220495373551672
9.700000             -0.20549135778168967081
9.705000             -0.20420451535245909280
9.710000             -0.20296257992059271724
9.715000             -0.20176468760722282569
9.720000             -0.20060695986574370031
9.725000             -0.19948360039269130706
9.730000             -0.19838773821262351005
9.735000             -0.19731142290166203690
9.740000             -0.19624663204527148519
9.745000             -0.19518506265953688983
9.750000             -0.19411822725816246793
9.755000             -0.19303772450923584181
9.760000             -0.19193624805144501866
9.765000             -0.19080730148064420360
9.770000             -0.18964719496772705631
9.775000             -0.18845395078100299346
9.780000             -0.18722803414145172685
9.785000             -0.18597169382679409888
9.790000             -0.18468867207244818451
9.795000             -0.18338402489036606524
9.800000             -0.18206435886643027033
9.805000             -0.18073729038300823113
9.810000             -0.17941141130763704759
9.815000             -0.17809580768271313089
9.820000             -0.17679930798895818200
9.825000             -0.17553044658339428397
9.830000             -0.17429742963713426573
9.835000             -0.17310782342731809158
9.840000             -0.17196785892316507338
9.845000             -0.17088265218226783571
9.850000             -0.16985497248255829184
9.855000             -0.16888605754322358332
9.860000             -0.16797501382876095510
9.865000             -0.16711954450289659424
9.870000             -0.16631610837062960062
9.875000             -0.16556031848478330870
9.880000             -0.16484718924652316807
9.885000             -0.16417145683815032031
9.890000             -0.16352795749462537001
9.895000             -0.16291178481102294717
9.900000             -0.16231913120493501879
9.905000             -0.16174700658883142679
9.910000             -0.16119407512112066128
9.915000             -0.16066013272294357717
9.920000             -0.16014575935548458485
9.925000             -0.15965230234763380657
9.930000             -0.15918150496102964619
9.935000             -0.15873546321194106912
9.940000             -0.15831673760519207605
9.945000             -0.15792798177473701959
9.950000             -0.15757158665657486352
9.955000             -0.15724956111998905639
9.960000             -0.15696369222272887889
9.965000             -0.15671521734848187224
9.970000             -0.15650541257478103874
9.975000             -0.15633506672514901892
9.980000             -0.15620518548255271640
9.985000             -0.15611645286909064945
9.990000             -0.15607150020509225063
9.995000             -0.15607362579533534674
10.000000             -0.15612842735576834552
10.005000             -0.15624271077111651085
10.010000             -0.15642292171717908644
10.015000             -0.15667598968954293825
10.020000             -0.15700886249961162888
10.025000             -0.15742892813745212877
10.030000             -0.15794263742767186698
10.035000             -0.15855639790263018063
10.040000             -0.15927431631452290683
10.045000             -0.16009960759012573095
10.050000             -0.16103455578721137531
10.055000             -0.16208059284446871273
10.060000             -0.16323816200626964368
10.065000             -0.16450664968197634130
10.070000             -0.16588443298981686569
10.075000             -0.16736867734445023959
10.080000             -0.16895596539960910931
10.085000             -0.17064183444089842112
10.090000             -0.17242116340714208622
10.095000             -0.17428797430878964492
10.100000             -0.17623575395994142689
10.105000             -0.17825747603380023842
10.110000             -0.18034569723960650056
10.115000             -0.18249285063996584233
10.120000             -0.18469174435357457731
10.125000             -0.18693565649525170635
10.130000             -0.18921953227831386779
10.135000             -0.19153951733628754583
10.140000             -0.19389288052735273449
10.145000             -0.19627804241670124274
10.150000             -0.19869341246467508988
10.155000             -0.20113795119348401585
10.160000             -0.20360979506799964378
10.165000             -0.20610692311201367355
10.170000             -0.20862529118742892398
10.175000             -0.21115979788189778721
10.180000             -0.21370248484231985087
10.185000             -0.21624357670945129617
10.190000             -0.21877196518595695696
10.195000             -0.22127501560926071678
10.200000             -0.22374008971455222605
10.205000             -0.22615369250763306397
10.210000             -0.22850337926513591968
10.215000             -0.23077667535388912690
10.220000             -0.23296112170878474634
10.225000             -0.23504440381236407775
10.230000             -0.23701356286076272206
10.235000             -0.23885591043533996314
10.240000             -0.24055873409909953042
10.245000             -0.24211007774711670870
10.250000             -0.24349837589449677133
10.255000             -0.24471316190464811879
10.260000             -0.24574516964044706979
10.265000             -0.24658651645019857845
10.270000             -0.24723105594150074360
10.275000             -0.24767406953042914175
10.280000             -0.24791273253353851569
10.285000             -0.24794543699700730133
10.290000             -0.24777222657454159305
10.295000             -0.24739396315855025077
10.300000             -0.24681211491700391636
10.305000             -0.24602831339083167106
10.310000             -0.24504423884388407129
10.315000             -0.24386132424771256311
10.320000             -0.24248134581411928679
10.325000             -0.24090594078707422421
10.330000             -0.23913706120952579748
10.335000             -0.23717674691665713294
10.340000             -0.23502773213798411334
10.345000             -0.23269329069187144610
10.350000             -0.23017841369528271867
10.355000             -0.22748935841227127530
10.360000             -0.22463406698192905919
10.365000             -0.22162205958963251962
10.370000             -0.21846411427675446748
10.375000             -0.21517250214516170370
10.380000             -0.21176012908863897644
10.385000             -0.20824098433040807987
10.390000             -0.20462966356421985470
10.395000             -0.20094146295447740114
10.400000             -0.19719199511556528837
10.405000             -0.19339705810412627374
10.410000             -0.18957189218543893383
10.415000             -0.18573119004771143636
10.420000             -0.18188902038916482384
10.425000             -0.17805852194964158497
10.430000             -0.17425210859755380088
10.435000             -0.17048110930504062344
10.440000             -0.16675610152305969658
10.445000             -0.16308665535707875249
10.450000             -0.15948181771842737109
10.455000             -0.15594996624060439294
10.460000             -0.15249951207589176883
10.465000             -0.14913699476052408310
10.470000             -0.14586732982643391132
10.475000             -0.14269737765349177483
10.480000             -0.13963097147025349543
10.485000             -0.13667364273057625024
10.490000             -0.13383021983571119495
10.495000             -0.13110657058042415879
10.500000             -0.12851163197290230156
10.505000             -0.12605585070910216294
10.510000             -0.12375183101113017281
10.515000             -0.12161332802108994200
10.520000             -0.11965458775794343693
10.525000             -0.11788977599642283534
10.530000             -0.11633181041041537607
10.535000             -0.11499244342449363443
10.540000             -0.11388394752664875165
10.545000             -0.11301183540003596761
10.550000             -0.11238009436112914030
10.555000             -0.11199054393364490934
10.560000             -0.11185261680816516172
10.565000             -0.11196917554558719066
10.570000             -0.11233402790850358088
10.575000             -0.11294582323754927267
10.580000             -0.11380534581279211359
10.585000             -0.11490092871117911499
10.590000             -0.11623188265252289153
10.595000             -0.11778675064721406962
10.600000             -0.11955667708131074989
10.605000             -0.12152822629015236355
10.610000             -0.12368927072695232172
10.615000             -0.12602408784724383750
10.620000             -0.12851733678594329247
10.625000             -0.13115243522695904654
10.630000             -0.13391412777982994453
10.635000             -0.13678670161335615418
10.640000             -0.13975553953478145330
10.645000             -0.14280626679612198893
10.650000             -0.14592495161375765300
10.655000             -0.14909760943083646967
10.660000             -0.15231051678665594173
10.665000             -0.15554982377920020808
10.670000             -0.15880283186044988342
10.675000             -0.16205693049907984871
10.680000             -0.16530037107169612276
10.685000             -0.16852152012873911069
10.690000             -0.17170916243162939741
10.695000             -0.17485213163045887352
10.700000             -0.17793976525466564942
10.705000             -0.18096163612171908830
10.710000             -0.18390816409385010721
10.715000             -0.18677035049677120915
10.720000             -0.18954074481238553096
10.725000             -0.19221297646804372250
10.730000             -0.19478280110657361646
10.735000             -0.19724748049976828512
10.740000             -0.19960677295260068065
10.745000             -0.20186219186397982850
10.750000             -0.20401615539389719722
10.755000             -0.20607221321113675105
10.760000             -0.20803313437206649716
10.765000             -0.20990190139271819314
10.770000             -0.21168061130421292337
10.775000             -0.21337119451141714488
10.780000             -0.21497459194312229513
10.785000             -0.21649084572982638108
10.790000             -0.21791949835694993109
10.795000             -0.21925961734131571568
10.800000             -0.22050871625670825926
10.805000             -0.22166356948156842877
10.810000             -0.22271994011707063610
10.815000             -0.22367276428342439121
10.820000             -0.22451596924255273757
10.825000             -0.22524309516510021556
10.830000             -0.22584756305250427988
10.835000             -0.22632262019258891916
10.840000             -0.22666240025898298782
10.845000             -0.22686176020770582040
10.850000             -0.22691725857073913319
10.855000             -0.22682687682965321785
10.860000             -0.22659053909315718389
10.865000             -0.22621089186032819485
10.870000             -0.22569349372994004788
10.875000             -0.22504468980231293052
10.880000             -0.22427320644783368953
10.885000             -0.22338996620931572679
10.890000             -0.22240585787090141889
10.895000             -0.22133186550239081214
10.900000             -0.22017780983471826883
10.905000             -0.21895309392154291284
10.910000             -0.21766626404870695333
10.915000             -0.21632477896195051459
10.920000             -0.21493508656419352265
10.925000             -0.21350249637905885369
10.930000             -0.21203074525116580307
10.935000             -0.21052219308447706059
10.940000             -0.20897739733578615806
10.945000             -0.20739568884611522814
10.950000             -0.20577481183105425511
10.955000             -0.20411166978949954465
10.960000             -0.20240252797632213300
10.965000             -0.20064355579736367630
10.970000             -0.19883129609765853862
10.975000             -0.19696294823254470452
10.980000             -0.19503684394368245303
10.985000             -0.19305250541046345414
10.990000             -0.19101125859387352302
10.995000             -0.18891591695119450134
11.000000             -0.18677156103272316012
11.005000             -0.18458480423964415684
11.010000             -0.18236460559762845968
11.015000             -0.18012123463148749236
11.020000             -0.17786789135280794971
11.025000             -0.17561899850288228975
11.030000             -0.17339160846589615761
11.035000             -0.17120369007665936500
11.040000             -0.16907232013300271811
11.045000             -0.16701401532779805437
11.050000             -0.16504200623223791444
11.055000             -0.16316768200884196327
11.060000             -0.16139958575730872781
11.065000             -0.15974432590095286044
11.070000             -0.15820700308600174622
11.075000             -0.15679139939780784019
11.080000             -0.15549967921982579822
11.085000             -0.15433297296016160183
11.090000             -0.15329080408341605457
11.095000             -0.15237188641598400918
11.100000             -0.15157372519461820293
11.105000             -0.15089331692090582338
11.110000             -0.15032647242445773550
11.115000             -0.14986859686668438374
11.120000             -0.14951521062087647085
11.125000             -0.14926188469262272052
11.130000             -0.14910571018649323993
11.135000             -0.14904437733544198541
11.140000             -0.14907745675455552625
11.145000             -0.14920529308733099239
11.150000             -0.14942882797525108840
11.155000             -0.14974925267833749665
11.160000             -0.15016747049801107416
11.165000             -0.15068410399994372484
11.170000             -0.15129969961164738135
11.175000             -0.15201444505780228877
11.180000             -0.15282811671922263974
11.185000             -0.15374001396778710915
11.190000             -0.15474859130086457415
11.195000             -0.15585169382971836294
11.200000             -0.15704627680058652617
11.205000             -0.15832871420646574268
11.210000             -0.15969426154942276130
11.215000             -0.16113759224181881113
11.220000             -0.16265284491071504980
11.225000             -0.16423385206997687114
11.230000             -0.16587454154325406708
11.235000             -0.16756887567724976229
11.240000             -0.16931109327720930691
11.245000             -0.17109562801044819746
11.250000             -0.17291701324359112779
11.255000             -0.17476992814569661250
11.260000             -0.17664943367308605371
11.265000             -0.17855078733274684644
11.270000             -0.18047002683089077846
11.275000             -0.18240350667085539205
11.280000             -0.18434781300028221795
11.285000             -0.18629964287255376676
11.290000             -0.18825532960261515125
11.295000             -0.19021102297357175837
11.300000             -0.19216184822506973684
11.305000             -0.19410242232834498677
11.310000             -0.19602659594699900492
11.315000             -0.19792774203976595815
11.320000             -0.19979880298891367074
11.325000             -0.20163241735439271785
11.330000             -0.20342142262954571175
11.335000             -0.20515869183653673291
11.340000             -0.20683750276762730147
11.345000             -0.20845140133355577472
11.350000             -0.20999421123203154682
11.355000             -0.21146009559691333890
11.360000             -0.21284359940503477793
11.365000             -0.21413969891644696331
11.370000             -0.21534378876373047595
11.375000             -0.21645173584281993118
11.380000             -0.21745980145360521707
11.385000             -0.21836469269569327989
11.390000             -0.21916358305977870491
11.395000             -0.21985406248112782102
11.400000             -0.22043458516648706258
11.405000             -0.22090411069465482052
11.410000             -0.22126216327095990510
11.415000             -0.22150864312081239293
11.420000             -0.22164355530336898870
11.425000             -0.22166705280847992521
11.430000             -0.22157948914151676112
11.435000             -0.22138134395098593710
11.440000             -0.22107324159883962045
11.445000             -0.22065593148232379161
11.450000             -0.22013055184982893708
11.455000             -0.21949849754813741121
11.460000             -0.21876131943788959533
11.465000             -0.21792081581291664061
11.470000             -0.21697865791971898686
11.475000             -0.21593668605921423342
11.480000             -0.21479672323479312435
11.485000             -0.21356078925453425565
11.490000             -0.21223074630600355373
11.495000             -0.21080858995773693598
11.500000             -0.20929601631373048742
11.505000             -0.20769474418076400157
11.510000             -0.20600663710154568098
11.515000             -0.20423366969487405376
11.520000             -0.20237854983188757751
11.525000             -0.20044430190330259078
11.530000             -0.19843492579017663058
11.535000             -0.19635486657270451172
11.540000             -0.19420912023910469335
11.545000             -0.19200300860582231177
11.550000             -0.18974236050669071596
11.555000             -0.18743330306207897640
11.560000             -0.18508222563707932284
11.565000             -0.18269574062867924291
11.570000             -0.18028057795994106849
11.575000             -0.17784363009357900820
11.580000             -0.17539170521367938860
11.585000             -0.17293167770212614087
11.590000             -0.17047025100005855358
11.595000             -0.16801411176549246873
11.600000             -0.16557009398894506624
11.605000             -0.16314507311511114440
11.610000             -0.16074630955890720219
11.615000             -0.15838116793379375391
11.620000             -0.15605754689475831443
11.625000             -0.15378348724660664826
11.630000             -0.15156778294988673683
11.635000             -0.14941944262718931391
11.640000             -0.14734782509408261841
11.645000             -0.14536236629504836748
11.650000             -0.14347245284890611239
11.655000             -0.14168736258513650594
11.660000             -0.14001625064527228881
11.665000             -0.13846808668095311745
11.670000             -0.13705115964657510474
11.675000             -0.13577333606003841315
11.680000             -0.13464140443720715168
11.685000             -0.13366149910708832738
11.690000             -0.13283853143199833569
11.695000             -0.13217661400938240934
11.700000             -0.13167866290329027779
11.705000             -0.13134673744498193138
11.710000             -0.13118155414843196693
11.715000             -0.13118288109790768314
11.720000             -0.13134925972502611846
11.725000             -0.13167829750096371466
11.730000             -0.13216683644173027323
11.735000             -0.13281098012350137094
11.740000             -0.13360632944083991602
11.745000             -0.13454793921845442650
11.750000             -0.13563000473426867210
11.755000             -0.13684614649774276551
11.760000             -0.13818958888428736764
11.765000             -0.13965320223422750257
11.770000             -0.14123033190587713781
11.775000             -0.14291440316821252265
11.780000             -0.14469980953395522594
11.785000             -0.14658135996143020763
11.790000             -0.14855516462302004177
11.795000             -0.15061797928772946431
11.800000             -0.15276737016224928301
11.805000             -0.15500141793556337921
11.810000             -0.15731807865543723235
11.815000             -0.15971539914006044336
11.820000             -0.16219068661135002674
11.825000             -0.16474093274348830529
11.830000             -0.16736243631735936432
11.835000             -0.17005102087013188039
11.840000             -0.17280171439800356969
11.845000             -0.17560893662510587698
11.850000             -0.17846610191649939225
11.855000             -0.18136588610338194583
11.860000             -0.18430028793852282210
11.865000             -0.18726068732786624316
11.870000             -0.19023795900109319312
11.875000             -0.19322253174370743189
11.880000             -0.19620428021012562003
11.885000             -0.19917276452857216040
11.890000             -0.20211739438191983487
11.895000             -0.20502755900686969737
11.900000             -0.20789296419242239700
11.905000             -0.21070363765181163163
11.910000             -0.21344991338971164296
11.915000             -0.21612258398348296873
11.920000             -0.21871284326622486560
11.925000             -0.22121241557488871554
11.930000             -0.22361330514296237637
11.935000             -0.22590797472251514244
11.940000             -0.22808932939905904314
11.945000             -0.23015070287538536009
11.950000             -0.23209078947943742599
11.955000             -0.23390692770507529041
11.960000             -0.23559748839450583846
11.965000             -0.23716122656867730245
11.970000             -0.23859784587811974643
11.975000             -0.23990986940426028973
11.980000             -0.24109586445401717802
11.985000             -0.24215225087232938872
11.990000             -0.24307613378452705422
11.995000             -0.24386442375983158337
12.000000             -0.24451291311061593148
12.005000             -0.24501687038881617142
12.010000             -0.24537185685062387619
12.015000             -0.24557373789537290110
12.020000             -0.24561921771033587425
12.025000             -0.24550584872020347893
12.030000             -0.24523228686993067682
12.035000             -0.24479725721525733007
12.040000             -0.24420181825650033591
12.045000             -0.24344690550886405322
12.050000             -0.24253361257560257513
12.055000             -0.24146445846668609936
12.060000             -0.24024237716455906777
12.065000             -0.23887044555409900348
12.070000             -0.23735225874179982641
12.075000             -0.23569186517610662968
12.080000             -0.23389357063929902547
12.085000             -0.23196155627726905424
12.090000             -0.22989986093401310052
12.095000             -0.22771230780911821956
12.100000             -0.22540314719880599759
12.105000             -0.22297659122005103471
12.110000             -0.22043702236343509782
12.115000             -0.21778894965878684009
12.120000             -0.21503770592449938936
12.125000             -0.21218918869595390642
12.130000             -0.20925014271028677393
12.135000             -0.20622814656735824479
12.140000             -0.20313156491641787271
12.145000             -0.19996968676146534283
12.150000             -0.19675214383399253215
12.155000             -0.19348929237781672952
12.160000             -0.19019197232019260935
12.165000             -0.18687159277037690419
12.170000             -0.18353999180636756949
12.175000             -0.18020930709490748378
12.180000             -0.17689162316569351230
12.185000             -0.17359886229621296350
12.190000             -0.17034214543048045720
12.195000             -0.16713186856221762255
12.200000             -0.16397763841752124869
12.205000             -0.16088812197700219642
12.210000             -0.15787133561543043037
12.215000             -0.15493438765920278244
12.220000             -0.15208344644970814286
12.225000             -0.14932379991537872432
12.230000             -0.14665996937046452131
12.235000             -0.14409545760389910751
12.240000             -0.14163163442728010644
12.245000             -0.13926987742096155753
12.250000             -0.13701171310230744749
12.255000             -0.13485655205513108479
12.260000             -0.13280505544155338238
12.265000             -0.13085822197978702608
12.270000             -0.12901762258070950673
12.275000             -0.12728517584756882108
12.280000             -0.12566434070557072622
12.285000             -0.12415909232053927436
12.290000             -0.12277407234632110866
12.295000             -0.12151440792193214657
12.300000             -0.12038545124267219233
12.305000             -0.11939251718499088728
12.310000             -0.11854019783649802355
12.315000             -0.11783260314720346573
12.320000             -0.11727340245736182778
12.325000             -0.11686540685782191573
12.330000             -0.11661040832964775227
12.335000             -0.11650900185856323532
12.340000             -0.11656055019837723019
12.345000             -0.11676326995323935143
12.350000             -0.11711327875109338315
12.355000             -0.11760626100975270225
12.360000             -0.11823756941276328258
12.365000             -0.11900140221187623102
12.370000             -0.11989196459752486656
12.375000             -0.12090380803714184665
12.380000             -0.12203178591835681099
12.385000             -0.12327105701528565107
12.390000             -0.12461747237591555559
12.395000             -0.12606771363766208771
12.400000             -0.12761933922508442163
12.405000             -0.12927062877253078788
12.410000             -0.13102046728769711770
12.415000             -0.13286821282499441943
12.420000             -0.13481372397110097383
12.425000             -0.13685693717353039633
12.430000             -0.13899785093486249909
12.435000             -0.14123609726860167357
12.440000             -0.14357038741949984528
12.445000             -0.14599846478925859738
12.450000             -0.14851678619553076999
12.455000             -0.15112056618388830520
12.460000             -0.15380381646454130418
12.465000             -0.15655939806275154247
12.470000             -0.15937870317256824793
12.475000             -0.16225211570930153648
12.480000             -0.16516917798618827029
12.485000             -0.16811893908918451590
12.490000             -0.17109027497564588405
12.495000             -0.17407216714277529146
12.500000             -0.17705355679794793078
12.505000             -0.18002382551032139468
12.510000             -0.18297273411785217045
12.515000             -0.18589074279793360578
12.520000             -0.18876878618840683965
12.525000             -0.19159850610271250693
12.530000             -0.19437269043147922809
12.535000             -0.19708491686333162729
12.540000             -0.19972996256507324908
12.545000             -0.20230324588996251300
12.550000             -0.20480096743777451151
12.555000             -0.20721961723594539695
12.560000             -0.20955646022761162395
12.565000             -0.21180887732103773069
12.570000             -0.21397487524305203177
12.575000             -0.21605249720040703432
12.580000             -0.21804045686884321320
12.585000             -0.21993810122881293778
12.590000             -0.22174415942875691510
12.595000             -0.22345670324635064086
12.600000             -0.22507451679547135770
12.605000             -0.22659546528608864868
12.610000             -0.22801649214628677553
12.615000             -0.22933431167693063557
12.620000             -0.23054525341746062717
12.625000             -0.23164620904517135846
12.630000             -0.23263399856410696409
12.635000             -0.23350572374023689792
12.640000             -0.23425893362878111303
12.645000             -0.23489189443363969745
12.650000             -0.23540334125179546154
12.655000             -0.23579246382301780049
12.660000             -0.23605880074602231256
12.665000             -0.23620214770236308555
12.670000             -0.23622292422172760928
12.675000             -0.23612253934425225799
12.680000             -0.23590253813388298298
12.685000             -0.23556348067473323327
12.690000             -0.23510674381285176504
12.695000             -0.23453429327651226233
12.700000             -0.23384774062704510866
12.705000             -0.23304828148625084117
12.710000             -0.23213716743171175505
12.715000             -0.23111583053261644527
12.720000             -0.22998576182141919344
12.725000             -0.22874845010304456494
12.730000             -0.22740552473289440960
12.735000             -0.22595888879509584690
12.740000             -0.22441054146167863093
12.745000             -0.22276273930791701261
12.750000             -0.22101784731789969607
12.755000             -0.21917857498786685877
12.760000             -0.21724832778130490074
12.765000             -0.21523105047086235619
12.770000             -0.21313177835418373185
12.775000             -0.21095625637258702545
12.780000             -0.20871143277676659777
12.785000             -0.20640497989514627886
12.790000             -0.20404538739734950914
12.795000             -0.20164166000557362524
12.800000             -0.19920357088770221377
12.805000             -0.19674126799391572495
12.810000             -0.19426479983330408041
12.815000             -0.19178417805892838954
12.820000             -0.18930902553182224479
12.825000             -0.18684867968747423395
12.830000             -0.18441203665712510573
12.835000             -0.18200761488283556666
12.840000             -0.17964367446874357492
12.845000             -0.17732815834887952211
12.850000             -0.17506819402183096401
12.855000             -0.17287042881354675039
12.860000             -0.17074046872789389040
12.865000             -0.16868334163930026603
12.870000             -0.16670366983316617371
12.875000             -0.16480573289838573725
12.880000             -0.16299339853678229684
12.885000             -0.16127026222392726318
12.890000             -0.15963951780447657725
12.895000             -0.15810410206789016208
12.900000             -0.15666658024330540333
12.905000             -0.15532925381662154862
12.910000             -0.15409458393925171138
12.915000             -0.15296493664948337954
12.920000             -0.15194267763400334803
12.925000             -0.15103003422486652174
12.930000             -0.15022971682408425842
12.935000             -0.14954444828811874757
12.940000             -0.14897733598959209123
12.945000             -0.14853149832797046814
12.950000             -0.14820994915552654358
12.955000             -0.14801553472484860197
12.960000             -0.14795133737552598752
12.965000             -0.14802036329375156676
12.970000             -0.14822538772128493467
12.975000             -0.14856897083914569202
12.980000             -0.14905243952346791669
12.985000             -0.14967649275080316396
12.990000             -0.15044058443016936066
12.995000             -0.15134341311782020800
13.000000             -0.15238249038708143179
13.005000             -0.15355454116113831375
13.010000             -0.15485515587839734919
13.015000             -0.15627913288075115372
13.020000             -0.15782018610270973080
13.025000             -0.15947125120590097125
13.030000             -0.16122414004225524287
13.035000             -0.16306989134477056780
13.040000             -0.16499885414881249046
13.045000             -0.16700080625351140795
13.050000             -0.16906556823828730596
13.055000             -0.17118277632105330377
13.060000             -0.17334138738822868486
13.065000             -0.17553007143895008046
13.070000             -0.17773686181587816657
13.075000             -0.17994954923528280744
13.080000             -0.18215672261223453399
13.085000             -0.18434732164244654884
13.090000             -0.18651131424117828317
13.095000             -0.18863929157997147423
13.100000             -0.19072272530707723437
13.105000             -0.19275373439862245051
13.110000             -0.19472560000453487117
13.115000             -0.19663235190636618732
13.120000             -0.19846910588310465173
13.125000             -0.20023170033025275427
13.130000             -0.20191688091588688714
13.135000             -0.20352200841028025846
13.140000             -0.20504513188921696942
13.145000             -0.20648477132058562500
13.150000             -0.20783974028919724453
13.155000             -0.20910911063986628577
13.160000             -0.21029203400953336289
13.165000             -0.21138776967574193777
13.170000             -0.21239616472593564334
13.175000             -0.21331732955585788747
13.180000             -0.21415122094265662267
13.185000             -0.21489784343251627785
13.190000             -0.21555676014273994490
13.195000             -0.21612744328951483119
13.200000             -0.21660940860227859139
13.205000             -0.21700225387547439349
13.210000             -0.21730562055553329093
13.215000             -0.21751930120884940822
13.220000             -0.21764329469396162531
13.225000             -0.21767784184308186513
13.230000             -0.21762375292252184034
13.235000             -0.21748224139524244269
13.240000             -0.21725482864168499386
13.245000             -0.21694337257190460244
13.250000             -0.21654953652864494806
13.255000             -0.21607508826404292490
13.260000             -0.21552223831741590399
13.265000             -0.21489344706587831801
13.270000             -0.21419166257648347695
13.275000             -0.21342011080854875194
13.280000             -0.21258206568446319507
13.285000             -0.21168090145745085962
13.290000             -0.21072038942604245926
13.295000             -0.20970447747362694346
13.300000             -0.20863728813833784526
13.305000             -0.20752306325009467480
13.310000             -0.20636578671330202406
13.315000             -0.20516939448938995016
13.320000             -0.20393785394205035666
13.325000             -0.20267515928099910649
13.330000             -0.20138497848191416750
13.335000             -0.20007089838720659714
13.340000             -0.19873536028037233625
13.345000             -0.19738038060310816868
13.350000             -0.19600686764930277950
13.355000             -0.19461520683985075730
13.360000             -0.19320522050911165257
13.365000             -0.19177636364315955864
13.370000             -0.19032760620902694493
13.375000             -0.18885760596417655588
13.380000             -0.18736575326380380813
13.385000             -0.18585160197406846994
13.390000             -0.18431571855671730065
13.395000             -0.18275909414948962595
13.400000             -0.18118393715069217031
13.405000             -0.17959307091701434689
13.410000             -0.17799061104284838453
13.415000             -0.17638141014332850420
13.420000             -0.17477155399157515148
13.425000             -0.17316790059216219388
13.430000             -0.17157829400251614627
13.435000             -0.17001125842263375976
13.440000             -0.16847515632325532620
13.445000             -0.16697852462887111114
13.450000             -0.16552902377802500289
13.455000             -0.16413399670295703014
13.460000             -0.16279986764096421314
13.465000             -0.16153249107343883861
13.470000             -0.16033628904148500283
13.475000             -0.15921475979829874392
13.480000             -0.15816984277311726959
13.485000             -0.15720235506390783931
13.490000             -0.15631217066769834134
13.495000             -0.15549822250255215805
13.500000             -0.15475894811660062533
13.505000             -0.15409212823212922738
13.510000             -0.15349516123754222696
13.515000             -0.15296502246664445135
13.520000             -0.15249878369892319596
13.525000             -0.15209346930953457355
13.530000             -0.15174651645031111968
13.535000             -0.15145564987539178459
13.540000             -0.15121906075687840953
13.545000             -0.15103540235132689729
13.550000             -0.15090385921233565036
13.555000             -0.15082414423808965243
13.560000             -0.15079647560471931556
13.565000             -0.15082153494399325178
13.570000             -0.15090025145027627373
13.575000             -0.15103378183694843306
13.580000             -0.15122350425410430175
13.585000             -0.15147081477451410092
13.590000             -0.15177706744627680879
13.595000             -0.15214336599573677344
13.600000             -0.15257059714923315585
13.605000             -0.15305920051323726461
13.610000             -0.15360946353023632871
13.615000             -0.15422120958996865525
13.620000             -0.15489436571727807634
13.625000             -0.15562856632818911073
13.630000             -0.15642325119898572994
13.635000             -0.15727762555969246328
13.640000             -0.15819074015120473953
13.645000             -0.15916157321016030646
13.650000             -0.16018874403354238511
13.655000             -0.16127086633358289625
13.660000             -0.16240634726490396633
13.665000             -0.16359370413810950251
13.670000             -0.16483126162188135866
13.675000             -0.16611746237002045223
13.680000             -0.16745064604137674391
13.685000             -0.16882921980480253277
13.690000             -0.17025152086286371445
13.695000             -0.17171583621575467471
13.700000             -0.17322060075249690048
13.705000             -0.17476413924819300671
13.710000             -0.17634477503791548547
13.715000             -0.17796057809694626473
13.720000             -0.17960896712661783559
13.725000             -0.18128681066641663677
13.730000             -0.18299059188463040471
13.735000             -0.18471631015367967477
13.740000             -0.18645936914809085883
13.745000             -0.18821472223739976748
13.750000             -0.18997644329698151755
13.755000             -0.19173817369819171064
13.760000             -0.19349308028746373123
13.765000             -0.19523416189968115231
13.770000             -0.19695449309974588648
13.775000             -0.19864733499430087260
13.780000             -0.20030654514131657207
13.785000             -0.20192648944822022550
13.790000             -0.20350182833256522108
13.795000             -0.20502768397200266115
13.800000             -0.20650002284601157165
13.805000             -0.20791540596477597891
13.810000             -0.20927126440291635157
13.815000             -0.21056558656902821247
13.820000             -0.21179663380195681843
13.825000             -0.21296290735337516931
13.830000             -0.21406275095669100028
13.835000             -0.21509443773664066457
13.840000             -0.21605610401005212462
13.845000             -0.21694571369141094075
13.850000             -0.21776095682487731087
13.855000             -0.21849929033160200853
13.860000             -0.21915822760696343496
13.865000             -0.21973521662697301227
13.870000             -0.22022792508838739955
13.875000             -0.22063414987832247194
13.880000             -0.22095163596810746265
13.885000             -0.22117829889264670196
13.890000             -0.22131188917507230163
13.895000             -0.22135036323736823061
13.900000             -0.22129213344552575715
13.905000             -0.22113608705023049539
13.910000             -0.22088156460480168342
13.915000             -0.22052843333063140707
13.920000             -0.22007721767727206341
13.925000             -0.21952900097749381003
13.930000             -0.21888547697069418718
13.935000             -0.21814880985498458221
13.940000             -0.21732172521510645380
13.945000             -0.21640729706275821376
13.950000             -0.21540901969391251791
13.955000             -0.21433058940678176296
13.960000             -0.21317586345883454690
13.965000             -0.21194873670339980931
13.970000             -0.21065355116666009683
13.975000             -0.20929476052784645734
13.980000             -0.20787665901090884857
13.985000             -0.20640348650501721961
13.990000             -0.20487908763798368117
13.995000             -0.20330717488325253384
14.000000             -0.20169130787010045025
14.005000             -0.20003503597544436410
14.010000             -0.19834174993282482902
14.015000             -0.19661489347480406997
14.020000             -0.19485808929195236328
14.025000             -0.19307516127243110060
14.030000             -0.19126992863878489182
14.035000             -0.18944635797791326004
14.040000             -0.18760855955722477439
14.045000             -0.18576078375149607247
14.050000             -0.18390755537481248694
14.055000             -0.18205352736195776209
14.060000             -0.18020371533536067021
14.065000             -0.17836323868446632424
14.070000             -0.17653770541091626245
14.075000             -0.17473283207219042490
14.080000             -0.17295474061036011926
14.085000             -0.17120962138202691638
14.090000             -0.16950364221358235617
14.095000             -0.16784287997245447843
14.100000             -0.16623308758839680510
14.105000             -0.16467979556516579298
14.110000             -0.16318789304802466811
14.115000             -0.16176191680049695210
14.120000             -0.16040561752403970086
14.125000             -0.15912231839330640004
14.130000             -0.15791497236779092339
14.135000             -0.15678624177032673970
14.140000             -0.15573830844236613569
14.145000             -0.15477304800071611801
14.150000             -0.15389184814087031317
14.155000             -0.15309576368085103804
14.160000             -0.15238589162860072257
14.165000             -0.15176316828844751972
14.170000             -0.15122871983748248370
14.175000             -0.15078360119668146599
14.180000             -0.15042882546805902422
14.185000             -0.15016526835437846166
14.190000             -0.14999378346376307514
14.195000             -0.14991508235861703002
14.200000             -0.14992985054187560334
14.205000             -0.15003864041281178565
14.210000             -0.15024176863662985770
14.215000             -0.15053935442938687350
14.220000             -0.15093152671495663197
14.225000             -0.15141830127031066788
14.230000             -0.15199990308250982407
14.235000             -0.15267654784547082802
14.240000             -0.15344872274183146699
14.245000             -0.15431695894873595498
14.250000             -0.15528166281966493401
14.255000             -0.15634314571717691789
14.260000             -0.15750126327991986752
14.265000             -0.15875560202094296525
14.270000             -0.16010535461672448232
14.275000             -0.16154940322873873049
14.280000             -0.16308608613286709743
14.285000             -0.16471334619316285730
14.290000             -0.16642800802594293064
14.295000             -0.16822624937873259521
14.300000             -0.17010300073327674908
14.305000             -0.17205242617274538186
14.310000             -0.17406745466766901376
14.315000             -0.17614023198286776761
14.320000             -0.17826195642156150711
14.325000             -0.18042317452633868657
14.330000             -0.18261456637966588801
14.335000             -0.18482665033500284002
14.340000             -0.18705044497532485881
14.345000             -0.18927714251704633175
14.350000             -0.19149860642204530325
14.355000             -0.19370709719832468476
14.360000             -0.19589525165075005741
14.365000             -0.19805610651457522531
14.370000             -0.20018284710999958986
14.375000             -0.20226899536044082306
14.380000             -0.20430819166742444914
14.385000             -0.20629436785724508674
14.390000             -0.20822168269790794493
14.395000             -0.21008456815004916685
14.400000             -0.21187802550491785514
14.405000             -0.21359739471855423987
14.410000             -0.21523879381324845239
14.415000             -0.21679872794445972928
14.420000             -0.21827427791664116841
14.425000             -0.21966282674651216311
14.430000             -0.22096255976973228075
14.435000             -0.22217203728355153225
14.440000             -0.22329051370966129797
14.445000             -0.22431763643216656723
14.450000             -0.22525288717921149173
14.455000             -0.22609587316953169700
14.460000             -0.22684601216327932027
14.465000             -0.22750281066499999927
14.470000             -0.22806568493492668237
14.475000             -0.22853419321264192843
14.480000             -0.22890767503335085475
14.485000             -0.22918557835338593254
14.490000             -0.22936709722434683867
14.495000             -0.22945148838724416240
14.500000             -0.22943861704654755496
14.505000             -0.22932868802695863253
14.510000             -0.22912256496017402441
14.515000             -0.22882151149285359648
14.520000             -0.22842698542869818712
14.525000             -0.22794066171807444987
14.530000             -0.22736465781646014728
14.535000             -0.22670134152363560776
14.540000             -0.22595310929005382738
14.545000             -0.22512246379603484403
14.550000             -0.22421173516351655675
14.555000             -0.22322325508837301267
14.560000             -0.22215909133783645624
14.565000             -0.22102126359468082795
14.570000             -0.21981114112004004890
14.575000             -0.21852989644875955855
14.580000             -0.21717846548814895291
14.585000             -0.21575770730931032038
14.590000             -0.21426862284035708139
14.595000             -0.21271231260778886152
14.600000             -0.21109002462616546780
14.605000             -0.20940315615223836776
14.610000             -0.20765367376115373421
14.615000             -0.20584386467894777439
14.620000             -0.20397640287787249802
14.625000             -0.20205425894832407252
14.630000             -0.20008070732517901913
14.635000             -0.19805927489493982407
14.640000             -0.19599388453944960320
14.645000             -0.19388872234833195995
14.650000             -0.19174832009445599845
14.655000             -0.18957744024352768397
14.660000             -0.18738112509607846023
14.665000             -0.18516459448361419216
14.670000             -0.18293370013829662879
14.675000             -0.18069457132621533080
14.680000             -0.17845357892543026179
14.685000             -0.17621723683089329793
14.690000             -0.17399200785437957117
14.695000             -0.17178433822338054493
14.700000             -0.16960044125362080947
14.705000             -0.16744638952718279845
14.710000             -0.16532793251244759514
14.715000             -0.16325059912660816464
14.720000             -0.16121928185077033513
14.725000             -0.15923850102748068891
14.730000             -0.15731226159636987894
14.735000             -0.15544419138892193177
14.740000             -0.15363742451846171266
14.745000             -0.15189472056453853788
14.750000             -0.15021844842356538163
14.755000             -0.14861064434710408166
14.760000             -0.14707284732608968958
14.765000             -0.14560624310178366114
14.770000             -0.14421178955058056026
14.775000             -0.14289019917817327721
14.780000             -0.14164219845039521806
14.785000             -0.14046840244243333218
14.790000             -0.13936956588817192570
14.795000             -0.13834642826992654685
14.800000             -0.13739975688285119282
14.805000             -0.13653022568548431326
14.810000             -0.13573869919352687941
14.815000             -0.13502592030259141787
14.820000             -0.13439344357495577875
14.825000             -0.13384323376925721938
14.830000             -0.13337811895524462336
14.835000             -0.13300140863749870812
14.840000             -0.13271734461141940220
14.845000             -0.13253064295010025253
14.850000             -0.13244683471661147789
14.855000             -0.13247187144866701125
14.860000             -0.13261133536971678182
14.865000             -0.13287064412965221560
14.870000             -0.13325386830020941042
14.875000             -0.13376460265249526249
14.880000             -0.13440526357256946111
14.885000             -0.13517731904860447179
14.890000             -0.13608071008047531447
14.895000             -0.13711439582077356025
14.900000             -0.13827633630258787112
14.905000             -0.13956360497142777932
14.910000             -0.14097231141132132715
14.915000             -0.14249779427678041510
14.920000             -0.14413436937765949919
14.925000             -0.14587564291833360341
14.930000             -0.14771442420043565114
14.935000             -0.14964298466012124211
14.940000             -0.15165318772316258022
14.945000             -0.15373661986746789410
14.950000             -0.15588469816705280424
14.955000             -0.15808876668342830563
14.960000             -0.16034052631457282323
14.965000             -0.16263188209529763628
14.970000             -0.16495534296364516846
14.975000             -0.16730378567054846051
14.980000             -0.16967103504507574652
14.985000             -0.17205143601387268282
14.990000             -0.17443964548696727634
14.995000             -0.17683060671547445875
15.000000             -0.17921945402842309747
15.005000             -0.18160145985964551429
15.010000             -0.18397221407807040627
15.015000             -0.18632741984628278797
15.020000             -0.18866300516742884330
15.025000             -0.19097495642635686774
15.030000             -0.19325928374610498728
15.035000             -0.19551197503456069215
15.040000             -0.19772895059657030759
15.045000             -0.19990608457140635057
15.050000             -0.20203931847729797444
15.055000             -0.20412463855305437721
15.060000             -0.20615831023168737501
15.065000             -0.20813679849850580394
15.070000             -0.21005665124740682814
15.075000             -0.21191462580445111219
15.080000             -0.21370728557910151357
15.085000             -0.21543132296526704139
15.090000             -0.21708322429184026547
15.095000             -0.21865957319037085393
15.100000             -0.22015690488825884197
15.105000             -0.22157187479599735336
15.110000             -0.22290122492466360460
15.115000             -0.22414183551236355196
15.120000             -0.22529109055838011932
15.125000             -0.22634663994152717792
15.130000             -0.22730643142893650066
15.135000             -0.22816861828785753308
15.140000             -0.22893146743785067199
15.145000             -0.22959336850184486334
15.150000             -0.23015248152678030591
15.155000             -0.23060695768489306023
15.160000             -0.23095483437799782522
15.165000             -0.23119404713289473663
15.170000             -0.23132241424024024834
15.175000             -0.23133787041566727938
15.180000             -0.23123869468296648355
15.185000             -0.23102338279447687253
15.190000             -0.23069107570185798384
15.195000             -0.23024134605721890967
15.200000             -0.22967448611815977078
15.205000             -0.22899136979588083363
15.210000             -0.22819392068703661658
15.215000             -0.22728477865632373822
15.220000             -0.22626720047496190480
15.225000             -0.22514502012632842121
15.230000             -0.22392262174791729978
15.235000             -0.22260485730938656124
15.240000             -0.22119715912683410308
15.245000             -0.21970536533811105273
15.250000             -0.21813536111877951384
15.255000             -0.21649317217095520594
15.260000             -0.21478470417695341710
15.265000             -0.21301583080093527967
15.270000             -0.21119244690582028579
15.275000             -0.20932040011202138197
15.280000             -0.20740531101375767054
15.285000             -0.20545265395085773874
15.290000             -0.20346740843705510282
15.295000             -0.20145429533584890969
15.300000             -0.19941791914928475027
15.305000             -0.19736276414338665974
15.310000             -0.19529339896979561186
15.315000             -0.19321441525058916100
15.320000             -0.19113073618578857449
15.325000             -0.18904746452191670270
15.330000             -0.18697033532695392366
15.335000             -0.18490543101524850589
15.340000             -0.18285922065688989258
15.345000             -0.18083846653487983813
15.350000             -0.17885007611971417973
15.355000             -0.17690111385854018211
15.360000             -0.17499852955701997170
15.365000             -0.17314924417160793002
15.370000             -0.17135996496832778258
15.375000             -0.16963722105932510509
15.380000             -0.16798730243774878668
15.385000             -0.16641621358555952481
15.390000             -0.16492917138379711850
15.395000             -0.16353083187687852962
15.400000             -0.16222509210941490898
15.405000             -0.16101521049163372568
15.410000             -0.15990376961190802541
15.415000             -0.15889273932625680441
15.420000             -0.15798307406045269952
15.425000             -0.15717503438651869718
15.430000             -0.15646784238741107131
15.435000             -0.15586004734923833426
15.440000             -0.15534965076443857379
15.445000             -0.15493422406602372354
15.450000             -0.15461070286975864274
15.455000             -0.15437566628180407480
15.460000             -0.15422581333295751205
15.465000             -0.15415781342110779217
15.470000             -0.15416879197343477670
15.475000             -0.15425606370942712697
15.480000             -0.15441774091684670744
15.485000             -0.15465230015189840307
15.490000             -0.15495939932628377544
15.495000             -0.15533922844487810244
15.500000             -0.15579265443665357704
15.505000             -0.15632090179390273343
15.510000             -0.15692543719251322853
15.515000             -0.15760783956164015063
15.520000             -0.15836949176162176678
15.525000             -0.15921162364657562294
15.530000             -0.16013486403687357540
15.535000             -0.16113943651948309244
15.540000             -0.16222487299683746587
15.545000             -0.16339018269342778233
15.550000             -0.16463353849848125221
15.555000             -0.16595250870084146677
15.560000             -0.16734386717434809877
15.565000             -0.16880380178645756906
15.570000             -0.17032775827316262718
15.575000             -0.17191066344250752196
15.580000             -0.17354660294079579663
15.585000             -0.17522917520167841099
15.590000             -0.17695164958343193029
15.595000             -0.17870705912269260751
15.600000             -0.18048838187137505873
15.605000             -0.18228857139626405970
15.610000             -0.18410064787604540903
15.615000             -0.18591773505231823371
15.620000             -0.18773330931450799008
15.625000             -0.18954109937728186308
15.630000             -0.19133518603585930595
15.635000             -0.19310993192310063615
15.640000             -0.19486033749718761898
15.645000             -0.19658177825560418928
15.650000             -0.19827007573556179598
15.655000             -0.19992135379605732726
15.660000             -0.20153160953053023130
15.665000             -0.20309688346760185196
15.670000             -0.20461353707623733400
15.675000             -0.20607805942569493163
15.680000             -0.20748702473340502328
15.685000             -0.20883707046508825922
15.690000             -0.21012473282136606700
15.695000             -0.21134654041692957360
15.700000             -0.21249905949572750474
15.705000             -0.21357891100701931197
15.710000             -0.21458299476549222429
15.715000             -0.21550840925244074686
15.720000             -0.21635212977594364681
15.725000             -0.21711125104808670638
15.730000             -0.21778322824251530876
15.735000             -0.21836581894473447440
15.740000             -0.21885736814353265456
15.745000             -0.21925666696290177504
15.750000             -0.21956283600096576647
15.755000             -0.21977537648550704574
15.760000             -0.21989408733192389311
15.765000             -0.21991909588703315026
15.770000             -0.21985122627216382996
15.775000             -0.21969173707879227631
15.780000             -0.21944211832863483314
15.785000             -0.21910411721313408084
15.790000             -0.21867935078497635626
15.795000             -0.21816948254099630122
15.800000             -0.21757646020604703985
15.805000             -0.21690236145189920047
15.810000             -0.21614948960894450614
15.815000             -0.21532027886144497475
15.820000             -0.21441710049430529050
15.825000             -0.21344236173909988952
15.830000             -0.21239815543780091178
15.835000             -0.21128651043997689896
15.840000             -0.21010922103130563743
15.845000             -0.20886804001900632910
15.850000             -0.20756467942654932557
15.855000             -0.20620090172193095146
15.860000             -0.20477825683980749316
15.865000             -0.20329830834922027472
15.870000             -0.20176291312523653154
15.875000             -0.20017411540388599378
15.880000             -0.19853418462380831300
15.885000             -0.19684558567523391392
15.890000             -0.19511143323959562190
15.895000             -0.19333518286769932337
15.900000             -0.19152114964814817566
15.905000             -0.18967409291247439018
15.910000             -0.18779963300340282717
15.915000             -0.18590385164799003159
15.920000             -0.18399374884938196617
15.925000             -0.18207680296373579543
15.930000             -0.18016082006413400296
15.935000             -0.17825385606549482009
15.940000             -0.17636371291457528243
15.945000             -0.17449814242013744758
15.950000             -0.17266447496783615678
15.955000             -0.17086981807596243743
15.960000             -0.16912123873259632401
15.965000             -0.16742564622256486673
15.970000             -0.16578977994047167099
15.975000             -0.16422016468289063473
15.980000             -0.16272300382828241982
15.985000             -0.16130419897117445616
15.990000             -0.15996917171964261661
15.995000             -0.15872295614027998045
16.000000             -0.15756993761528520492
16.005000             -0.15651403412317752006
16.010000             -0.15555815872641698405
16.015000             -0.15470461177178257417
16.020000             -0.15395481969011823309
16.025000             -0.15330961632106060444
16.030000             -0.15276896060965131086
16.035000             -0.15233223232426329474
16.040000             -0.15199784178778608101
16.045000             -0.15176359376131356993
16.050000             -0.15162717870698924627
16.055000             -0.15158600241442354850
16.060000             -0.15163758522490553005
16.065000             -0.15177934705211817978
16.070000             -0.15200867849636265361
16.075000             -0.15232287967093099956
16.080000             -0.15271939694261030263
16.085000             -0.15319566878514648267
16.090000             -0.15374926838189728606
16.095000             -0.15437778890110387398
16.100000             -0.15507889432063867718
16.105000             -0.15585025413978481623
16.110000             -0.15668933475515528508
16.115000             -0.15759349469182692971
16.120000             -0.15856023220505885418
16.125000             -0.15958702445225686484
16.130000             -0.16067095382352813981
16.135000             -0.16180889123481048686
16.140000             -0.16299728121261417013
16.145000             -0.16423228303216985680
16.150000             -0.16550982505482864093
16.155000             -0.16682560198198781443
16.160000             -0.16817489248370637300
16.165000             -0.16955269553267154903
16.170000             -0.17095374187952389056
16.175000             -0.17237254658936707052
16.180000             -0.17380338504294101654
16.185000             -0.17524037542458253958
16.190000             -0.17667764891302920049
16.195000             -0.17810932489045716576
16.200000             -0.17953021374288280487
16.205000             -0.18093544316097182056
16.210000             -0.18232064550118678992
16.215000             -0.18368181809231415302
16.220000             -0.18501544633680822027
16.225000             -0.18631840176381980756
16.230000             -0.18758838437160627044
16.235000             -0.18882361174951439731
16.240000             -0.19002313629179334864
16.245000             -0.19118654798532189187
16.250000             -0.19231359514825371870
16.255000             -0.19340428287836697319
16.260000             -0.19445915405482397387
16.265000             -0.19547903782400447015
16.270000             -0.19646505477121903316
16.275000             -0.19741849443503203809
16.280000             -0.19834062321698309184
16.285000             -0.19923270494321543289
16.290000             -0.20009587306650133964
16.295000             -0.20093116613394065850
16.300000             -0.20173930174215662370
16.305000             -0.20252081685962466939
16.310000             -0.20327541062784673653
16.315000             -0.20400240500934968546
16.320000             -0.20470048153881625908
16.325000             -0.20536799142092634907
16.330000             -0.20600275012852295453
16.335000             -0.20660232077075638135
16.340000             -0.20716345948571071589
16.345000             -0.20768260946741540218
16.350000             -0.20815608022026088619
16.355000             -0.20858011867517423088
16.360000             -0.20895141531889285802
16.365000             -0.20926689292412931076
16.370000             -0.20952408062841892944
16.375000             -0.20972088803532612511
16.380000             -0.20985560695297555966
16.385000             -0.20992686798428253359
16.390000             -0.20993430910747348794
16.395000             -0.20987812889343232525
16.400000             -0.20975982039000709567
16.405000             -0.20958159956680805225
16.410000             -0.20934653965355257133
16.415000             -0.20905830545444967217
16.420000             -0.20872114937960345449
16.425000             -0.20833976017231561895
16.430000             -0.20791869046145583511
16.435000             -0.20746258754428323345
16.440000             -0.20697538488236269516
16.445000             -0.20646076395819459859
16.450000             -0.20592176745085671863
16.455000             -0.20536108247371820390
16.460000             -0.20478068676180435914
16.465000             -0.20418212083980524785
16.470000             -0.20356618396648423763
16.475000             -0.20293319702117512682
16.480000             -0.20228293315102924277
16.485000             -0.20161476658979562981
16.490000             -0.20092788633238431451
16.495000             -0.20022128094755184402
16.500000             -0.19949411090080204634
16.505000             -0.19874557881532220471
16.510000             -0.19797519550421652235
16.515000             -0.19718268540985689485
16.520000             -0.19636822509336929188
16.525000             -0.19553234423467674707
16.530000             -0.19467616786249894445
16.535000             -0.19380127723923257221
16.540000             -0.19291019656257935022
16.545000             -0.19200604535916238058
16.550000             -0.19109255465243274452
16.555000             -0.19017391647652806541
16.560000             -0.18925459098384941892
16.565000             -0.18833926752028182228
16.570000             -0.18743266808690309255
16.575000             -0.18653952151760633260
16.580000             -0.18566446475052464371
16.585000             -0.18481197544315977610
16.590000             -0.18398621056072317348
16.595000             -0.18319100355672518488
16.600000             -0.18242978674059517896
16.605000             -0.18170559483815265645
16.610000             -0.18102032234492809737
16.615000             -0.18037519864331830188
16.620000             -0.17977040373717367849
16.625000             -0.17920546374078952234
16.630000             -0.17867905993382021679
16.635000             -0.17818935598058116554
16.640000             -0.17773355493691903040
16.645000             -0.17730838515683816636
16.650000             -0.17690993860709230967
16.655000             -0.17653399868592931088
16.660000             -0.17617664004690483659
16.665000             -0.17583403713023740278
16.670000             -0.17550331834984184143
16.675000             -0.17518207114386782908
16.680000             -0.17486868082755982479
16.685000             -0.17456201740783344745
16.690000             -0.17426149144466496210
16.695000             -0.17396688452113140411
16.700000             -0.17367881098228596382
16.705000             -0.17339830480733867124
16.710000             -0.17312716649572676419
16.715000             -0.17286757359704468806
16.720000             -0.17262176714848734282
16.725000             -0.17239206228038572721
16.730000             -0.17218081267246188037
16.735000             -0.17199033586088302572
16.740000             -0.17182285683749456973
16.745000             -0.17168047816643997039
16.750000             -0.17156503020642666080
16.755000             -0.17147813447746643178
16.760000             -0.17142112627698030680
16.765000             -0.17139511813330507439
16.770000             -0.17140110593376781112
16.775000             -0.17143994483434074616
16.780000             -0.17151209597811284402
16.785000             -0.17161781994518363059
16.790000             -0.17175632970066764815
16.795000             -0.17192638904769788621
16.800000             -0.17212596466306648302
16.805000             -0.17235260154074402705
16.810000             -0.17260338203953740077
16.815000             -0.17287509169602277570
16.820000             -0.17316429525417659230
16.825000             -0.17346737541237416957
16.830000             -0.17378092902903766181
16.835000             -0.17410156277507027323
16.840000             -0.17442635837094797036
16.845000             -0.17475256702464239678
16.850000             -0.17507794962654724125
16.855000             -0.17540051266142656083
16.860000             -0.17571869391895447721
16.865000             -0.17603119139053374775
16.870000             -0.17633701305655111180
16.875000             -0.17663540382921666394
16.880000             -0.17692638368314295150
16.885000             -0.17721038632641120114
16.890000             -0.17748850576377817045
16.895000             -0.17776225040299725721
16.900000             -0.17803310986471287958
16.905000             -0.17830271413874937414
16.910000             -0.17857253029357844643
16.915000             -0.17884400550885701242
16.920000             -0.17911791262863518970
16.925000             -0.17939472998932998182
16.930000             -0.17967431098232025666
16.935000             -0.17995612260920917924
16.940000             -0.18023940054798115451
16.945000             -0.18052309833474636247
16.950000             -0.18080614658452601184
16.955000             -0.18108730859876992492
16.960000             -0.18136503512522630932
16.965000             -0.18163756555955945515
16.970000             -0.18190348698755223755
16.975000             -0.18216146366431576475
16.980000             -0.18241074499658643804
16.985000             -0.18265088257218434209
16.990000             -0.18288156540226979674
16.995000             -0.18310272181980427608
17.000000             -0.18331468171803100287
17.005000             -0.18351811418357591443
17.010000             -0.18371428010613483073
17.015000             -0.18390486426426605471
17.020000             -0.18409181405656963038
17.025000             -0.18427735607588013877
17.030000             -0.18446366024268720518
17.035000             -0.18465295266507175675
17.040000             -0.18484735246063477287
17.045000             -0.18504888856976203781
17.050000             -0.18525926980360646334
17.055000             -0.18547994176779894482
17.060000             -0.18571167425870294121
17.065000             -0.18595476728036483549
17.070000             -0.18620854148710749842
17.075000             -0.18647168507554648387
17.080000             -0.18674217854067357014
17.085000             -0.18701746802430235794
17.090000             -0.18729484250795286338
17.095000             -0.18757135602241439831
17.100000             -0.18784395967143002748
17.105000             -0.18810954810468685783
17.110000             -0.18836512343623143528
17.115000             -0.18860782775223577934
17.120000             -0.18883525809111101346
17.125000             -0.18904537913717803232
17.130000             -0.18923682630205490574
17.135000             -0.18940875297317447123
17.140000             -0.18956034604643262620
17.145000             -0.18969107838845081226
17.150000             -0.18980058258898860335
17.155000             -0.18988869616224612891
17.160000             -0.18995595996174441389
17.165000             -0.19000322481462630919
17.170000             -0.19003192758018952468
17.175000             -0.19004373349207873134
17.180000             -0.19004076308430448150
17.185000             -0.19002525722352295312
17.190000             -0.18999924335910908790
17.195000             -0.18996458738147722900
17.200000             -0.18992261618037617477
17.205000             -0.18987432483489424806
17.210000             -0.18982024144741926897
17.215000             -0.18976059105772113966
17.220000             -0.18969539851391947760
17.225000             -0.18962454893985900006
17.230000             -0.18954782715819479266
17.235000             -0.18946500945063329824
17.240000             -0.18937580597225703305
17.245000             -0.18927999831143080267
17.250000             -0.18917738755537688577
17.255000             -0.18906790552757063439
17.260000             -0.18895150953728515053
17.265000             -0.18882828383612296208
17.270000             -0.18869848514181797317
17.275000             -0.18856250848618924532
17.280000             -0.18842096127942253858
17.285000             -0.18827455671682982730
17.290000             -0.18812429164060745501
17.295000             -0.18797124296888625961
17.300000             -0.18781663896551600845
17.305000             -0.18766170595280828870
17.310000             -0.18750804863133083145
17.315000             -0.18735733256849909645
17.320000             -0.18721107351919161199
17.325000             -0.18707068819372041357
17.330000             -0.18693742485807968157
17.335000             -0.18681241691376279657
17.340000             -0.18669665429708645621
17.345000             -0.18659105352111338139
17.350000             -0.18649628269600218577
17.355000             -0.18641293550406054513
17.360000             -0.18634111642788503405
17.365000             -0.18628077395678077632
17.370000             -0.18623165106984976291
17.375000             -0.18619340980390519658
17.380000             -0.18616545053320718295
17.385000             -0.18614706755189136533
17.390000             -0.18613709364049005335
17.395000             -0.18613414187611507233
17.400000             -0.18613626909586949987
17.405000             -0.18614121660208823861
17.410000             -0.18614664534489935854
17.415000             -0.18615003800160062619
17.420000             -0.18614890218515320330
17.425000             -0.18614064944360098064
17.430000             -0.18612276253624163158
17.435000             -0.18609269508221845668
17.440000             -0.18604813930024052815
17.445000             -0.18598688206918245758
17.450000             -0.18590691753182031487
17.455000             -0.18580640241105009225
17.460000             -0.18568401563037520430
17.465000             -0.18553877229466350651
17.470000             -0.18537004292729708510
17.475000             -0.18517753570221820447
17.480000             -0.18496171436642530606
17.485000             -0.18472352440694050912
17.490000             -0.18446441924964487868
17.495000             -0.18418625062571428175
17.500000             -0.18389092357779435183
17.505000             -0.18358050090119837350
17.510000             -0.18325684070302053486
17.515000             -0.18292174160749538614
17.520000             -0.18257732021848366299
17.525000             -0.18222572468642936339
17.530000             -0.18186868054625127122
17.535000             -0.18150766404783558183
17.540000             -0.18114340841736681353
17.545000             -0.18077619874820088919
17.550000             -0.18040643888806151551
17.555000             -0.18003438024539802909
17.560000             -0.17966011411651000573
17.565000             -0.17928360211080310305
17.570000             -0.17890494298712569798
17.575000             -0.17852427992938130208
17.580000             -0.17814234468836151470
17.585000             -0.17776018249338679245
17.590000             -0.17737912847661754800
17.595000             -0.17700082345857237609
17.600000             -0.17662757811453599910
17.605000             -0.17626214993263922270
17.610000             -0.17590797012512965347
17.615000             -0.17556892535266577227
17.620000             -0.17524914946515735004
17.625000             -0.17495301565939871957
17.630000             -0.17468484412898843683
17.635000             -0.17444894999500176747
17.640000             -0.17424902067327752153
17.645000             -0.17408838443150581599
17.650000             -0.17396952242658783594
17.655000             -0.17389432407067376141
17.660000             -0.17386386436556833246
17.665000             -0.17387855492287190851
17.670000             -0.17393832588653410087
17.675000             -0.17404257104470055584
17.680000             -0.17419044861389146317
17.685000             -0.17438076824745663007
17.690000             -0.17461205340493080040
17.695000             -0.17488259587345003632
17.700000             -0.17519042558604988602
17.705000             -0.17553346643212774936
17.710000             -0.17590978060373546610
17.715000             -0.17631757050876672999
17.720000             -0.17675517902220419519
17.725000             -0.17722117903272596728
17.730000             -0.17771435460052692479
17.735000             -0.17823374825751517325
17.740000             -0.17877840356572144431
17.745000             -0.17934749081250306313
17.750000             -0.17994010033211810251
17.755000             -0.18055530151644252901
17.760000             -0.18119253030146792449
17.765000             -0.18185125221867692868
17.770000             -0.18253121443111791633
17.775000             -0.18323212638076660785
17.780000             -0.18395354968856528211
17.785000             -0.18469481999860828947
17.790000             -0.18545475157443666592
17.795000             -0.18623177276951521919
17.800000             -0.18702375990066080758
17.805000             -0.18782820921622495058
17.810000             -0.18864208518268729686
17.815000             -0.18946205422670023277
17.820000             -0.19028461552064404594
17.825000             -0.19110619765942088444
17.830000             -0.19192324463483959041
17.835000             -0.19273230887124612187
17.840000             -0.19352999224163106029
17.845000             -0.19431308478625158864
17.850000             -0.19507848116336648503
17.855000             -0.19582329130078185431
17.860000             -0.19654490693371909349
17.865000             -0.19724096655825162916
17.870000             -0.19790942077589884773
17.875000             -0.19854843071861982828
17.880000             -0.19915638058865542392
17.885000             -0.19973176883069579390
17.890000             -0.20027314255467384974
17.895000             -0.20077903633282614959
17.900000             -0.20124775144521681036
17.905000             -0.20167742758555337601
17.910000             -0.20206668030532523583
17.915000             -0.20241421208397852860
17.920000             -0.20271917174764153557
17.925000             -0.20298090042393160393
17.930000             -0.20319868901711674036
17.935000             -0.20337192267676887369
17.940000             -0.20350006019053373807
17.945000             -0.20358272699307886078
17.950000             -0.20361996586007760635
17.955000             -0.20361216560179792867
17.960000             -0.20356003052328908165
17.965000             -0.20346462084829911032
17.970000             -0.20332696142607623035
17.975000             -0.20314827171112553872
17.980000             -0.20293006541030544909
17.985000             -0.20267407677772861230
17.990000             -0.20238213620044567809
17.995000             -0.20205616538838580554
18.000000             -0.20169792781481962751
18.005000             -0.20130909401259725056
18.010000             -0.20089064017584953858
18.015000             -0.20044316499702710677
18.020000             -0.19996704961210681750
18.025000             -0.19946239685922481644
18.030000             -0.19892921031279461874
18.035000             -0.19836731609723173841
18.040000             -0.19777633198018895744
18.045000             -0.19715573915646947278
18.050000             -0.19650496327351441028
18.055000             -0.19582342652338199929
18.060000             -0.19511085961145077650
18.065000             -0.19436722060757150032
18.070000             -0.19359291193004479759
18.075000             -0.19278871178919732010
18.080000             -0.19195598286777346142
18.085000             -0.19109655902934427618
18.090000             -0.19021246007135811373
18.095000             -0.18930602011565261789
18.100000             -0.18837938930732706089
18.105000             -0.18743478747915490179
18.110000             -0.18647441703194123086
18.115000             -0.18550046935220065869
18.120000             -0.18451533474411627167
18.125000             -0.18352138395309414154
18.130000             -0.18252093207612363202
18.135000             -0.18151613665704918743
18.140000             -0.18050921435981304164
18.145000             -0.17950222924833902916
18.150000             -0.17849713410275525050
18.155000             -0.17749570306497691741
18.160000             -0.17649965830792377353
18.165000             -0.17551061993891986512
18.170000             -0.17453046215471898495
18.175000             -0.17356116112745789692
18.180000             -0.17260489849900506609
18.185000             -0.17166405017302688307
18.190000             -0.17074117731254279118
18.195000             -0.16983907753334562263
18.200000             -0.16896077864721181783
18.205000             -0.16810955942250677131
18.210000             -0.16728869187361264381
18.215000             -0.16650156285861617000
18.220000             -0.16575142769002274012
18.225000             -0.16504149684334942783
18.230000             -0.16437505145268208051
18.235000             -0.16375528132311470420
18.240000             -0.16318503160516678596
18.245000             -0.16266682565420251261
18.250000             -0.16220263419701591578
18.255000             -0.16179393644007614150
18.260000             -0.16144212944883107319
18.265000             -0.16114826231047035821
18.270000             -0.16091315607136416621
18.275000             -0.16073731867876053792
18.280000             -0.16062111123695999026
18.285000             -0.16056469568139353221
18.290000             -0.16056844510792558922
18.295000             -0.16063277636356232403
18.300000             -0.16075807361743282842
18.305000             -0.16094479673910308537
18.310000             -0.16119355668946755422
18.315000             -0.16150513853033229839
18.320000             -0.16188049561312514713
18.325000             -0.16232076669539366454
18.330000             -0.16282691295189707925
18.335000             -0.16339989420023001698
18.340000             -0.16404049532605211037
18.345000             -0.16474936874418971700
18.350000             -0.16552684409972048818
18.355000             -0.16637294781477535155
18.360000             -0.16728711313456157139
18.365000             -0.16826826613360901241
18.370000             -0.16931454965391221079
18.375000             -0.17042345622419144413
18.380000             -0.17159178486835235944
18.385000             -0.17281570865160988948
18.390000             -0.17409049683813007658
18.395000             -0.17541078837263585077
18.400000             -0.17677045183634063075
18.405000             -0.17816286471923789558
18.410000             -0.17958138403115325721
18.415000             -0.18101928855992122092
18.420000             -0.18246972940536737573
18.425000             -0.18392592573449867421
18.430000             -0.18538142248982295013
18.435000             -0.18683008241086354606
18.440000             -0.18826671509995110410
18.445000             -0.18968674875870539243
18.450000             -0.19108638398553359772
18.455000             -0.19246241801676625127
18.460000             -0.19381218968409791303
18.465000             -0.19513347623951229903
18.470000             -0.19642449851579155129
18.475000             -0.19768376110232319109
18.480000             -0.19890991129477195165
18.485000             -0.20010165975747340461
18.490000             -0.20125724260085953166
18.495000             -0.20237462741885220430
18.500000             -0.20345150783799281768
18.505000             -0.20448529158118844418
18.510000             -0.20547310917881525527
18.515000             -0.20641183654777880974
18.520000             -0.20729816465697362138
18.525000             -0.20812864211664602876
18.530000             -0.20889982855471989076
18.535000             -0.20960832977279195144
18.540000             -0.21025097267365350229
18.545000             -0.21082483907660989897
18.550000             -0.21132740654754528231
18.555000             -0.21175658184023274377
18.560000             -0.21211070676642485022
18.565000             -0.21238862635787600364
18.570000             -0.21258961002892476366
18.575000             -0.21271341515138339484
18.580000             -0.21276029361642159743
18.585000             -0.21273094195137595697
18.590000             -0.21262634388754206305
18.595000             -0.21244775610684882294
18.600000             -0.21219652467835839471
18.605000             -0.21187407092548102283
18.610000             -0.21148187201222662379
18.615000             -0.21102136322930739598
18.620000             -0.21049401590361446757
18.625000             -0.20990120881402829500
18.630000             -0.20924465110935178136
18.635000             -0.20852608775660780305
18.640000             -0.20774751226939711102
18.645000             -0.20691102289964258265
18.650000             -0.20601861666941698181
18.655000             -0.20507235897994569029
18.660000             -0.20407442274251191838
18.665000             -0.20302718175210146545
18.670000             -0.20193334571895454888
18.675000             -0.20079597968545548348
18.680000             -0.19961825236269065131
18.685000             -0.19840363285613490940
18.690000             -0.19715566662687414312
18.695000             -0.19587812420838424110
18.700000             -0.19457493480703294542
18.705000             -0.19325018593826134850
18.710000             -0.19190808410625218028
18.715000             -0.19055287717002375447
18.720000             -0.18918852559043808359
18.725000             -0.18781877715768000026
18.730000             -0.18644722280141923232
18.735000             -0.18507718387419561101
18.740000             -0.18371169168019660378
18.745000             -0.18235344626257646294
18.750000             -0.18100451287384686228
18.755000             -0.17966651973584971125
18.760000             -0.17834068597307412007
18.765000             -0.17702791460450970074
18.770000             -0.17572924218386279382
18.775000             -0.17444569874444371127
18.780000             -0.17317841686356730269
18.785000             -0.17192865570096274586
18.790000             -0.17069780105416790250
18.795000             -0.16948744195363366072
18.800000             -0.16829934759211864770
18.805000             -0.16713552377284957018
18.810000             -0.16599844371668762144
18.815000             -0.16489088943195878700
18.820000             -0.16381598909213021531
18.825000             -0.16277708321953079929
18.830000             -0.16177775656410500749
18.835000             -0.16082166435784953085
18.840000             -0.15991262838612824160
18.845000             -0.15905440851825350390
18.850000             -0.15825050265979592745
18.855000             -0.15750411227512989276
18.860000             -0.15681808754687875940
18.865000             -0.15619488187307725702
18.870000             -0.15563654460248926847
18.875000             -0.15514471179061622985
18.880000             -0.15472053907522656524
18.885000             -0.15436478999650526944
18.890000             -0.15407794260983714851
18.895000             -0.15386022522912354282
18.900000             -0.15371185238206797052
18.905000             -0.15363298591774121604
18.910000             -0.15362363243048118844
18.915000             -0.15368377962533397163
18.920000             -0.15381300033220784984
18.925000             -0.15401076023763718426
18.930000             -0.15427632903497009997
18.935000             -0.15460889489727680512
18.940000             -0.15500761112554603538
18.945000             -0.15547156257785710309
18.950000             -0.15599946275687487374
18.955000             -0.15658977379936214747
18.960000             -0.15724058716448155448
18.965000             -0.15794964621008814043
18.970000             -0.15871472612056741758
18.975000             -0.15953336056827890910
18.980000             -0.16040311382496269532
18.985000             -0.16132135463990615598
18.990000             -0.16228530036551144788
18.995000             -0.16329196591588873710
19.000000             -0.16433814568181245863
19.005000             -0.16542047032205647872
19.010000             -0.16653569791897213093
19.015000             -0.16768063047311052016
19.020000             -0.16885225649013771432
19.025000             -0.17004773596892147625
19.030000             -0.17126448470211350084
19.035000             -0.17250017061130534790
19.040000             -0.17375275766097547647
19.045000             -0.17502048583627294320
19.050000             -0.17630194400126258936
19.055000             -0.17759598201925969052
19.060000             -0.17890163199618211443
19.065000             -0.18021806232288287153
19.070000             -0.18154415523712741365
19.075000             -0.18287865978950690327
19.080000             -0.18421997569418635532
19.085000             -0.18556622755349549969
19.090000             -0.18691516410961386829
19.095000             -0.18826419354785423055
19.100000             -0.18961020840870854154
19.105000             -0.19094970749909634389
19.110000             -0.19227894076185367278
19.115000             -0.19359389968574031160
19.120000             -0.19489052178290258710
19.125000             -0.19616466738894511312
19.130000             -0.19741215106406878599
19.135000             -0.19862883747047924143
19.140000             -0.19981056501415428439
19.145000             -0.20095332308356672613
19.150000             -0.20205320629320883130
19.155000             -0.20310656510950672593
19.160000             -0.20411015373643362492
19.165000             -0.20506111468536655784
19.170000             -0.20595708298488701882
19.175000             -0.20679611195391814360
19.180000             -0.20757670447646597855
19.185000             -0.20829771594343943208
19.190000             -0.20895837581214118939
19.195000             -0.20955816008481489843
19.200000             -0.21009674282303297810
19.205000             -0.21057390377717916108
19.210000             -0.21098940951732619853
19.215000             -0.21134299367226583310
19.220000             -0.21163425431198334969
19.225000             -0.21186268155781817768
19.230000             -0.21202765945550652860
19.235000             -0.21212849032458375165
19.240000             -0.21216426957496953287
19.245000             -0.21213403230831734403
19.250000             -0.21203679832164556984
19.255000             -0.21187166009365315800
19.260000             -0.21163791289013789143
19.265000             -0.21133508696809283345
19.270000             -0.21096308857411091853
19.275000             -0.21052219043600292614
19.280000             -0.21001309152316308126
19.285000             -0.20943690647839321994
19.290000             -0.20879521899837086285
19.295000             -0.20809002607031099052
19.300000             -0.20732372848093719164
19.305000             -0.20649906426669423221
19.310000             -0.20561910636502281347
19.315000             -0.20468716102010503510
19.320000             -0.20370674815661943269
19.325000             -0.20268149719143532805
19.330000             -0.20161504081831366220
19.335000             -0.20051097718273053205
19.340000             -0.19937281746775992186
19.345000             -0.19820395876280036407
19.350000             -0.19700764531177381023
19.355000             -0.19578697883709034189
19.360000             -0.19454488707658612601
19.365000             -0.19328417509974654687
19.370000             -0.19200755879633135681
19.375000             -0.19071771072418988724
19.380000             -0.18941729438873064484
19.385000             -0.18810901773003690929
19.390000             -0.18679563543365598766
19.395000             -0.18548001056512072870
19.400000             -0.18416513111171520234
19.405000             -0.18285413622920657084
19.410000             -0.18155028537852610504
19.415000             -0.18025697200155957334
19.420000             -0.17897771569592485497
19.425000             -0.17771612369089770378
19.430000             -0.17647586853711294541
19.435000             -0.17526062505937656244
19.440000             -0.17407402264529905911
19.445000             -0.17291958428920464752
19.450000             -0.17180072528592280068
19.455000             -0.17072067415183828087
19.460000             -0.16968245974606407933
19.465000             -0.16868886244928127383
19.470000             -0.16774236933501465718
19.475000             -0.16684518342408533043
19.480000             -0.16599922409448361615
19.485000             -0.16520615279069297832
19.490000             -0.16446738719678474783
19.495000             -0.16378414730978188563
19.500000             -0.16315748033529950400
19.505000             -0.16258831208598417684
19.510000             -0.16207748670015301173
19.515000             -0.16162580119009811730
19.520000             -0.16123403458561014201
19.525000             -0.16090296316949032063
19.530000             -0.16063334758742187081
19.535000             -0.16042593989195111370
19.540000             -0.16028147280245436113
19.545000             -0.16020063487758531839
19.550000             -0.16018404346790013348
19.555000             -0.16023220511254754328
19.560000             -0.16034546778323560678
19.565000             -0.16052398543261753305
19.570000             -0.16076766808050851898
19.575000             -0.16107615868056870956
19.580000             -0.16144880676741732439
19.585000             -0.16188465698040793717
19.590000             -0.16238245458169658919
19.595000             -0.16294064715395939480
19.600000             -0.16355740153023370920
19.605000             -0.16423062992356252110
19.610000             -0.16495802570889542271
19.615000             -0.16573710271077518597
19.620000             -0.16656523999582492634
19.625000             -0.16743972546855265260
19.630000             -0.16835779645860715625
19.635000             -0.16931667898248470294
19.640000             -0.17031361575103171058
19.645000             -0.17134589211846201762
19.650000             -0.17241084921939425767
19.655000             -0.17350588967382671313
19.660000             -0.17462847689818364327
19.665000             -0.17577611922343747142
19.670000             -0.17694635107020117992
19.675000             -0.17813670541545947867
19.680000             -0.17934468625087254812
19.685000             -0.18056773786397589676
19.690000             -0.18180321998488715995
19.695000             -0.18304838271612694500
19.700000             -0.18430034754162960553
19.705000             -0.18555609939197145741
19.710000             -0.18681248448994611233
19.715000             -0.18806622124170757626
19.720000             -0.18931391853319443075
19.725000             -0.19055210312832265851
19.730000             -0.19177725212232885066
19.735000             -0.19298583287216158899
19.740000             -0.19417434516770476494
19.745000             -0.19533936355372655269
19.750000             -0.19647757763681197862
19.755000             -0.19758582865377360971
19.760000             -0.19866113877944979738
19.765000             -0.19970073459975845598
19.770000             -0.20070206209606963887
19.775000             -0.20166279138928636105
19.780000             -0.20258081289727936092
19.785000             -0.20345422531644538622
19.790000             -0.20428131627979564944
19.795000             -0.20506053836713783456
19.800000             -0.20579048157012844178
19.805000             -0.20646984485515412766
19.810000             -0.20709740870740087071
19.815000             -0.20767201111527561208
19.820000             -0.20819252888963724057
19.825000             -0.20865786502763725152
19.830000             -0.20906694373202214243
19.835000             -0.20941871345480919664
19.840000             -0.20971215752147218114
19.845000             -0.20994631233510580026
19.850000             -0.21012029140240059966
19.855000             -0.21023331382688864588
19.860000             -0.21028473498517238904
19.865000             -0.21027407811366838342
19.870000             -0.21020106386259335141
19.875000             -0.21006563648827322743
19.880000             -0.20986798435223658066
19.885000             -0.20960855381783435880
19.890000             -0.20928805510645756560
19.895000             -0.20890746018861344746
19.900000             -0.20846799223110856758
19.905000             -0.20797110784901107206
19.910000             -0.20741847256898907070
19.915000             -0.20681193172649267598
19.920000             -0.20615347782259077491
19.925000             -0.20544521709040261537
19.930000             -0.20468933643894876573
19.935000             -0.20388807358495703026
19.940000             -0.20304369113345846487
19.945000             -0.20215845690939171497
19.950000             -0.20123463052326670542
19.955000             -0.20027445760935785879
19.960000             -0.19928017071120671111
19.965000             -0.19825399727781137238
19.970000             -0.19719817278120116422
19.975000             -0.19611495859441147038
19.980000             -0.19500666196982247014
19.985000             -0.19387565730018244126
19.990000             -0.19272338634256608314
19.995000             -0.19155280109524300269
20.000000             -0.19036658153130892046
20.005000             -0.18916755988549871503
20.010000             -0.18795868847872410079
20.015000             -0.18674303819737136934
20.020000             -0.18552378722145312917
20.025000             -0.18430420148440809780
20.030000             -0.18308761002308238108
20.035000             -0.18187737646427484806
20.040000             -0.18067686711765187924
20.045000             -0.17948941746788779628
20.050000             -0.17831829898960727121
20.055000             -0.17716668838862864588
20.060000             -0.17603764051077885888
20.065000             -0.17493406628458749164
20.070000             -0.17385871667807367702
20.075000             -0.17281417336502205573
20.080000             -0.17180284617036625794
20.085000             -0.17082697698998625113
20.090000             -0.16988864945477480384
20.095000             -0.16898980327589627204
20.100000             -0.16813225188223621109
20.105000             -0.16731770177765209473
20.110000             -0.16654777196143014106
20.115000             -0.16582401179173594796
20.120000             -0.16514791580436544161
20.125000             -0.16452093423760447144
20.130000             -0.16394447833449626861
20.135000             -0.16341991987582860091
20.140000             -0.16294858481080684576
20.145000             -0.16253174127219080503
20.150000             -0.16217058265981826315
20.155000             -0.16186620682451352549
20.160000             -0.16161959265990580303
20.165000             -0.16143157559492388176
20.170000             -0.16130282356308317526
20.175000             -0.16123381500141845124
20.180000             -0.16122482030455881352
20.185000             -0.16127588793737829276
20.190000             -0.16138683610872450735
20.195000             -0.16155725054980418776
20.200000             -0.16178648854858246331
20.205000             -0.16207368899258725592
20.210000             -0.16241778779370863450
20.215000             -0.16281753773511262184
20.220000             -0.16327153151428139277
20.225000             -0.16377822657459040201
20.230000             -0.16433597023215792965
20.235000             -0.16494302361973700588
20.240000             -0.16559758308318262010
20.245000             -0.16629779786987511359
20.250000             -0.16704178322783666544
20.255000             -0.16782762836956605090
20.260000             -0.16865339912275240097
20.265000             -0.16951713546587174331
20.270000             -0.17041684450485161673
20.275000             -0.17135048976351452410
20.280000             -0.17231597791447436641
20.285000             -0.17331114425200874751
20.290000             -0.17433373829310838676
20.295000             -0.17538141088255917999
20.300000             -0.17645170407405511015
20.305000             -0.17754204486985736278
20.310000             -0.17864974363988694872
20.315000             -0.17977199772565496949
20.320000             -0.18090590038677661910
20.325000             -0.18204845489167692518
20.330000             -0.18319659321349160419
20.335000             -0.18434719848985361978
20.340000             -0.18549713016121827103
20.345000             -0.18664325053247110553
20.350000             -0.18778245141753890923
20.355000             -0.18891167953149931580
20.360000             -0.19002795938811820053
20.365000             -0.19112841263572644124
20.370000             -0.19221027300836160401
20.375000             -0.19327089636510824677
20.380000             -0.19430776561818036141
20.385000             -0.19531849068721079954
20.390000             -0.19630080394070148486
20.395000             -0.19725255187404683310
20.400000             -0.19817168400791979055
20.405000             -0.19905624015588083142
20.410000             -0.19990433729540549312
20.415000             -0.20071415727717809019
20.420000             -0.20148393652423418621
20.425000             -0.20221195871180064341
20.430000             -0.20289655119203120481
20.435000             -0.20353608565120306917
20.440000             -0.20412898317940283976
20.445000             -0.20467372361536120828
20.450000             -0.20516885872333956442
20.455000             -0.20561302848535625842
20.460000             -0.20600497956872296235
20.465000             -0.20634358487043102937
20.470000             -0.20662786295650281687
20.475000             -0.20685699621095554601
20.480000             -0.20703034658506680454
20.485000             -0.20714746798736774491
20.490000             -0.20720811456751944690
20.495000             -0.20721224440812588408
20.500000             -0.20716001842961859203
20.505000             -0.20705179461485589965
20.510000             -0.20688811795165779062
20.515000             -0.20666970675368867560
20.520000             -0.20639743623560879993
20.525000             -0.20607232037321826512
20.530000             -0.20569549316364035829
20.535000             -0.20526819040945254446
20.540000             -0.20479173308426015798
20.545000             -0.20426751320071656615
20.550000             -0.20369698290532145535
20.555000             -0.20308164728131844479
20.560000             -0.20242306106848337310
20.565000             -0.20172282922519285675
20.570000             -0.20098261098312147910
20.575000             -0.20020412679665763878
20.580000             -0.19938916738419468211
20.585000             -0.19853960391020331056
20.590000             -0.19765739827496187075
20.595000             -0.19674461246789443081
20.600000             -0.19580341600078016162
20.605000             -0.19483609056393730308
20.610000             -0.19384503123273880143
20.615000             -0.19283274378056194931
20.620000             -0.19180183791175506314
20.625000             -0.19075501649682111149
20.630000             -0.18969506115364945242
20.635000             -0.18862481475572182021
20.640000             -0.18754716164509740994
20.645000             -0.18646500647176170173
20.650000             -0.18538125266246191503
20.655000             -0.18429878153651813033
20.660000             -0.18322043303298890526
20.665000             -0.18214898889715672170
20.670000             -0.18108715900301183832
20.675000             -0.18003757127428718365
20.680000             -0.17900276542440546335
20.685000             -0.17798519048200378556
20.690000             -0.17698720582064414453
20.695000             -0.17601108518552432969
20.700000             -0.17505902302142384297
20.705000             -0.17413314226708234700
20.710000             -0.17323550270055368405
20.715000             -0.17236810890269546603
20.720000             -0.17153291695235184378
20.725000             -0.17073183907324809838
20.730000             -0.16996674561136532189
20.735000             -0.16923946392141137052
20.740000             -0.16855177396807788370
20.745000             -0.16790540068650722239
20.750000             -0.16730200338058498488
20.755000             -0.16674316265156044481
20.760000             -0.16623036552884581929
20.765000             -0.16576498960786842374
20.770000             -0.16534828707797655234
20.775000             -0.16498136954185310676
20.780000             -0.16466519448593666675
20.785000             -0.16440055416230447971
20.790000             -0.16418806749351688712
20.795000             -0.16402817542345862756
20.800000             -0.16392113992224568997
20.805000             -0.16386704662647064157
20.810000             -0.16386581087271148705
20.815000             -0.16391718667729646142
20.820000             -0.16402077804235551395
20.825000             -0.16417605183846878392
20.830000             -0.16438235143602730748
20.835000             -0.16463891023547011505
20.840000             -0.16494486428175278436
20.845000             -0.16529926323780202990
20.850000             -0.16570107912871429034
20.855000             -0.16614921244339370121
20.860000             -0.16664249538100406323
20.865000             -0.16717969224223935831
20.870000             -0.16775949717557037122
20.875000             -0.16838052968209835103
20.880000             -0.16904132844658312229
20.885000             -0.16974034418579483918
20.890000             -0.17047593228059262915
20.895000             -0.17124634598042901001
20.900000             -0.17204973093724765243
20.905000             -0.17288412174262146603
20.910000             -0.17374744101347738834
20.915000             -0.17463750140693110047
20.920000             -0.17555201075500123653
20.925000             -0.17648858030826061749
20.930000             -0.17744473587746767418
20.935000             -0.17841793147731682678
20.940000             -0.17940556491895007230
20.945000             -0.18040499467806947465
20.950000             -0.18141355729112029760
20.955000             -0.18242858450759638633
20.960000             -0.18344741945326353827
20.965000             -0.18446743113468669351
20.970000             -0.18548602673435965471
20.975000             -0.18650066129956116567
20.980000             -0.18750884460611785820
20.985000             -0.18850814516836561507
20.990000             -0.18949619155584551677
20.995000             -0.19047067135296216756
21.000000             -0.19142932824827177396
21.005000             -0.19236995785539690029
21.010000             -0.19329040294037311276
21.015000             -0.19418854875601984644
21.020000             -0.19506231916145305716
21.025000             -0.19590967413606760750
21.030000             -0.19672860918733536817
21.035000             -0.19751715700836836032
21.040000             -0.19827339157440165840
21.045000             -0.19899543468860073081
21.050000             -0.19968146480908954832
21.055000             -0.20032972782283572921
21.060000             -0.20093854928916327074
21.065000             -0.20150634756558041816
21.070000             -0.20203164715848526134
21.075000             -0.20251309161549937987
21.080000             -0.20294945529607338885
21.085000             -0.20333965342085835726
21.090000             -0.20368274990350626608
21.095000             -0.20397796260378159294
21.100000             -0.20422466579877734949
21.105000             -0.20442238983886942827
21.110000             -0.20457081812529293030
21.115000             -0.20466978170551594629
21.120000             -0.20471925192031587004
21.125000             -0.20471933164364966573
21.130000             -0.20467024572616163147
21.135000             -0.20457233128119628462
21.140000             -0.20442602843704418825
21.145000             -0.20423187212231033727
21.150000             -0.20399048535700858853
21.155000             -0.20370257439701972002
21.160000             -0.20336892593261104989
21.165000             -0.20299040638296073080
21.170000             -0.20256796316889771892
21.175000             -0.20210262769612616363
21.180000             -0.20159551965113567396
21.185000             -0.20104785211037015658
21.190000             -0.20046093689667529580
21.195000             -0.19983618958974599944
21.200000             -0.19917513361076391587
21.205000             -0.19847940285439347186
21.210000             -0.19775074242991264040
21.215000             -0.19699100719120254954
21.220000             -0.19620215787447345401
21.225000             -0.19538625481338586787
21.230000             -0.19454544935346701484
21.235000             -0.19368197323113778285
21.240000             -0.19279812630776707594
21.245000             -0.19189626314769797633
21.250000             -0.19097877899480503183
21.255000             -0.19004809573074391005
21.260000             -0.18910664838809007615
21.265000             -0.18815687274407044693
21.270000             -0.18720119443911600876
21.275000             -0.18624201995484096495
21.280000             -0.18528172965588160515
21.285000             -0.18432267295830670473
21.290000             -0.18336716554363496900
21.295000             -0.18241748840158789058
21.300000             -0.18147588836559455649
21.305000             -0.18054457971063170296
21.310000             -0.17962574631930414149
21.315000             -0.17872154389318181678
21.320000             -0.17783410169384569754
21.325000             -0.17696552334108095472
21.330000             -0.17611788627087418546
21.335000             -0.17529323955800604762
21.340000             -0.17449359992988114354
21.345000             -0.17372094593145501196
21.350000             -0.17297721033654991918
21.355000             -0.17226427102940200520
21.360000             -0.17158394069327895237
21.365000             -0.17093795573301229229
21.370000             -0.17032796491939547479
21.375000             -0.16975551827174872876
21.380000             -0.16922205668891007746
21.385000             -0.16872890279914573575
21.390000             -0.16827725342896729388
21.395000             -0.16786817399456049893
21.400000             -0.16750259500414887981
21.405000             -0.16718131073305680934
21.410000             -0.16690498000402928525
21.415000             -0.16667412888224084067
21.420000             -0.16648915498549793357
21.425000             -0.16635033302261473254
21.430000             -0.16625782111242665140
21.435000             -0.16621166740618387170
21.440000             -0.16621181653880326423
21.445000             -0.16625811546911445360
21.450000             -0.16635031833314850580
21.455000             -0.16648809002304115756
21.460000             -0.16667100831106596015
21.465000             -0.16689856445622267000
21.470000             -0.16717016235163653648
21.475000             -0.16748511638655658174
21.480000             -0.16784264829921255457
21.485000             -0.16824188337939810500
21.490000             -0.16868184643695893765
21.495000             -0.16916145798074061490
21.500000             -0.16967953105029481842
21.505000             -0.17023476911016313662
21.510000             -0.17082576535628565817
21.515000             -0.17145100370028679149
21.520000             -0.17210886159589672273
21.525000             -0.17279761475954397154
21.530000             -0.17351544372179464326
21.535000             -0.17426044203561447121
21.540000             -0.17503062586871087625
21.545000             -0.17582394462704739602
21.550000             -0.17663829220012192134
21.555000             -0.17747151838941352398
21.560000             -0.17832144008111730504
21.565000             -0.17918585175273896160
21.570000             -0.18006253495801205489
21.575000             -0.18094926651205686663
21.580000             -0.18184382519324196470
21.585000             -0.18274399688332221281
21.590000             -0.18364757817594318245
21.595000             -0.18455237858816705976
21.600000             -0.18545622160330627048
21.605000             -0.18635694484984396957
21.610000             -0.18725239977558766347
21.615000             -0.18814045120501232677
21.620000             -0.18901897716928817150
21.625000             -0.18988586937293458479
21.630000             -0.19073903461036975648
21.635000             -0.19157639737348577946
21.640000             -0.19239590380285162552
21.645000             -0.19319552703634779167
21.650000             -0.19397327390672652880
21.655000             -0.19472719284071018930
21.660000             -0.19545538272343204733
21.665000             -0.19615600241917591218
21.670000             -0.19682728058729304088
21.675000             -0.19746752540416248611
21.680000             -0.19807513379984784119
21.685000             -0.19864859984158414474
21.690000             -0.19918652194366273656
21.695000             -0.19968760865124457471
21.700000             -0.20015068282943151989
21.705000             -0.20057468418279633671
21.710000             -0.20095867012813892205
21.715000             -0.20130181513796843729
21.720000             -0.20160340875775847880
21.725000             -0.20186285257081212907
21.730000             -0.20207965643596773053
21.735000             -0.20225343435219092503
21.740000             -0.20238390030861100333
21.745000             -0.20247086445876111283
21.750000             -0.20251422991526502049
21.755000             -0.20251399039909354083
21.760000             -0.20247022890020036079
21.765000             -0.20238311741922432319
21.770000             -0.20225291776900980456
21.775000             -0.20207998332614215964
21.780000             -0.20186476154250279635
21.785000             -0.20160779696037572917
21.790000             -0.20130973442626179382
21.795000             -0.20097132217142738009
21.800000             -0.20059341442296077518
21.805000             -0.20017697322788871594
21.810000             -0.19972306921323876305
21.815000             -0.19923288106397044062
21.820000             -0.19870769357431367075
21.825000             -0.19814889421121004154
21.830000             -0.19755796821558616050
21.835000             -0.19693649235225443861
21.840000             -0.19628612749664936521
21.845000             -0.19560861031128795595
21.850000             -0.19490574431253882004
21.855000             -0.19417939065603861959
21.860000             -0.19343145897517788345
21.865000             -0.19266389859138249863
21.870000             -0.19187869037864765942
21.875000             -0.19107783951065757111
21.880000             -0.19026336925061623773
21.885000             -0.18943731586639384057
21.890000             -0.18860172467205221780
21.895000             -0.18775864711680451125
21.900000             -0.18691013876933346149
21.905000             -0.18605825798404865279
21.910000             -0.18520506499027331038
21.915000             -0.18435262111848407796
21.920000             -0.18350298787118207722
21.925000             -0.18265822556001881649
21.930000             -0.18182039126429172526
21.935000             -0.18099153591640515515
21.940000             -0.18017370038383584419
21.945000             -0.17936891049006367660
21.950000             -0.17857917099387710103
21.955000             -0.17780645862216717945
21.960000             -0.17705271432072069993
21.965000             -0.17631983494596423223
21.970000             -0.17560966466425800836
21.975000             -0.17492398635136682805
21.980000             -0.17426451329154704628
21.985000             -0.17363288146295649539
21.990000             -0.17303064266485940204
21.995000             -0.17245925869458433866
22.000000             -0.17192009672172983703
22.005000             -0.17141442593784703141
22.010000             -0.17094341548649019669
22.015000             -0.17050813360601740909
22.020000             -0.17010954785071769058
22.025000             -0.16974852619911562357
22.030000             -0.16942583881535486223
22.035000             -0.16914216020310510191
22.040000             -0.16889807148307062201
22.045000             -0.16869406253523844263
22.050000             -0.16853053377462717810
22.055000             -0.16840779737238720237
22.060000             -0.16832607778961675149
22.065000             -0.16828551155525942051
22.070000             -0.16828614628756180527
22.075000             -0.16832793902607390280
22.080000             -0.16841075400356309011
22.085000             -0.16853436004022256944
22.090000             -0.16869842778273305695
22.095000             -0.16890252703540648005
22.100000             -0.16914612443828597188
22.105000             -0.16942858173727987081
22.110000             -0.16974915486495520400
22.115000             -0.17010699400942078108
22.120000             -0.17050114479563419079
22.125000             -0.17093055064213943939
22.130000             -0.17139405629085127658
22.135000             -0.17189041244241734518
22.140000             -0.17241828136930278936
22.145000             -0.17297624332698433025
22.150000             -0.17356280354393990861
22.155000             -0.17417639954593741591
22.160000             -0.17481540856106536630
22.165000             -0.17547815475937522667
22.170000             -0.17616291610428724823
22.175000             -0.17686793063028793949
22.180000             -0.17759140201025799821
22.185000             -0.17833150433260813728
22.190000             -0.17908638606933685589
22.195000             -0.17985417327702712953
22.200000             -0.18063297212953302595
22.205000             -0.18142087092990921704
22.210000             -0.18221594178675659670
22.215000             -0.18301624216419570823
22.220000             -0.18381981652360757096
22.225000             -0.18462469826865995914
22.230000             -0.18542891218353846350
22.235000             -0.18623047751932542138
22.240000             -0.18702741183759424848
22.245000             -0.18781773566670464937
22.250000             -0.18859947796866671776
22.255000             -0.18937068235673032435
22.260000             -0.19012941394992291522
22.265000             -0.19087376670421324354
22.270000             -0.19160187102391032510
22.275000             -0.19231190143363027789
22.280000             -0.19300208408217600642
22.285000             -0.19367070385543005973
22.290000             -0.19431611089539505000
22.295000             -0.19493672635532280357
22.300000             -0.19553104726419950898
22.305000             -0.19609765042467108831
22.310000             -0.19663519532336756757
22.315000             -0.19714242608779608545
22.320000             -0.19761817257585193031
22.325000             -0.19806135072909777928
22.330000             -0.19847096235635799943
22.335000             -0.19884609453760934694
22.340000             -0.19918591884817721249
22.345000             -0.19948969059938245763
22.350000             -0.19975674827440845216
22.355000             -0.19998651330866157316
22.360000             -0.20017849032434797962
22.365000             -0.20033226788224611781
22.370000             -0.20044751976290142714
22.375000             -0.20052400673825745980
22.380000             -0.20056157874650573647
22.385000             -0.20056017734096595606
22.390000             -0.20051983825090419211
22.395000             -0.20044069387050791886
22.400000             -0.20032297548317559710
22.405000             -0.20016701503236306037
22.410000             -0.19997324626711399098
22.415000             -0.19974220511883913898
22.420000             -0.19947452920396702147
22.425000             -0.19917095639209492219
22.430000             -0.19883232242821816116
22.435000             -0.19845955764717845837
22.440000             -0.19805368286536637057
22.445000             -0.19761580457583097226
22.450000             -0.19714710960561279696
22.455000             -0.19664885941624699051
22.460000             -0.19612238423860994807
22.465000             -0.19556907723106672914
22.470000             -0.19499038883550676160
22.475000             -0.19438782148043748377
22.480000             -0.19376292474568454494
22.485000             -0.19311729106184807869
22.490000             -0.19245255197237562395
22.495000             -0.19177037494001417106
22.500000             -0.19107246063564711780
22.505000             -0.19036054060902637963
22.510000             -0.18963637521023807286
22.515000             -0.18890175160990016479
22.520000             -0.18815848175639210416
22.525000             -0.18740840011043263802
22.530000             -0.18665336101079976761
22.535000             -0.18589523554893042090
22.540000             -0.18513590786284006562
22.545000             -0.18437727079997953683
22.550000             -0.18362122094160829300
22.555000             -0.18286965302508131903
22.560000             -0.18212445384216330302
22.565000             -0.18138749572830317747
22.570000             -0.18066062978729269251
22.575000             -0.17994567901596408843
22.580000             -0.17924443150327135088
22.585000             -0.17855863387668649556
22.590000             -0.17788998515650070176
22.595000             -0.17724013115627224035
22.600000             -0.17661065953689272789
22.605000             -0.17600309558467103210
22.610000             -0.17541889874299110286
22.615000             -0.17485945988525963823
22.620000             -0.17432609927680531303
22.625000             -0.17382006513778364143
22.630000             -0.17334253269031008049
22.635000             -0.17289460355283076121
22.640000             -0.17247730533439670220
22.645000             -0.17209159128161494179
22.650000             -0.17173833984145528420
22.655000             -0.17141835402299349100
22.660000             -0.17113236046907132071
22.665000             -0.17088100818281565241
22.670000             -0.17066486689155394019
22.675000             -0.17048442506934172180
22.680000             -0.17034008767639569060
22.685000             -0.17023217370671192561
22.690000             -0.17016091366181312905
22.695000             -0.17012644708714835806
22.700000             -0.17012882031694487317
22.705000             -0.17016798457271400946
22.710000             -0.17024379455024538088
22.715000             -0.17035600761051997165
22.720000             -0.17050428366290437676
22.725000             -0.17068818579609676411
22.730000             -0.17090718167582635845
22.735000             -0.17116064569069691648
22.740000             -0.17144786179133034154
22.745000             -0.17176802693548995360
22.750000             -0.17212025502526873133
22.755000             -0.17250358120340691936
22.760000             -0.17291696636554357291
22.765000             -0.17335930174427524597
22.770000             -0.17382941342924826400
22.775000             -0.17432606670445921493
22.780000             -0.17484797010824848496
22.785000             -0.17539377915139719999
22.790000             -0.17596209966220618948
22.795000             -0.17655149076211876236
22.800000             -0.17716046750900346640
22.805000             -0.17778750327535000619
22.810000             -0.17843103195334950040
22.815000             -0.17908945009650123481
22.820000             -0.17976111911685724309
22.825000             -0.18044436765773683162
22.830000             -0.18113749425370004320
22.835000             -0.18183877037341314442
22.840000             -0.18254644391788693580
22.845000             -0.18325874321806706613
22.850000             -0.18397388154384175518
22.855000             -0.18469006210339519725
22.860000             -0.18540548347970989274
22.865000             -0.18611834542205249465
22.870000             -0.18682685488639999560
22.875000             -0.18752923220151840322
22.880000             -0.18822371722792341497
22.885000             -0.18890857537577063208
22.890000             -0.18958210335489020237
22.895000             -0.19024263454511189386
22.900000             -0.19088854389668399869
22.905000             -0.19151825229744662282
22.910000             -0.19213023037365403733
22.915000             -0.19272300172289011377
22.920000             -0.19329514560827185110
22.925000             -0.19384529917105974839
22.930000             -0.19437215924203632422
22.935000             -0.19487448384910383004
22.940000             -0.19535109352839521990
22.945000             -0.19580087254824940501
22.950000             -0.19622277014959715880
22.955000             -0.19661580189316538170
22.960000             -0.19697905118438763239
22.965000             -0.19731167102242466727
22.970000             -0.19761288599196741300
22.975000             -0.19788199448745269482
22.980000             -0.19811837113094218910
22.985000             -0.19832146931917410404
22.990000             -0.19849082381388538643
22.995000             -0.19862605327389798449
23.000000             -0.19872686261866306934
23.005000             -0.19879304511154394230
23.010000             -0.19882448405713917805
23.015000             -0.19882115401997663140
23.020000             -0.19878312149102370099
23.025000             -0.19871054495236092907
23.030000             -0.19860367431744124778
23.035000             -0.19846284975277272977
23.040000             -0.19828849991474986614
23.045000             -0.19808113966085963420
23.050000             -0.19784136731596860259
23.055000             -0.19756986159044384599
23.060000             -0.19726737825653220537
23.065000             -0.19693474669209373729
23.070000             -0.19657286639643811732
23.075000             -0.19618270357197914455
23.080000             -0.19576528784858013288
23.085000             -0.19532170920599309372
23.090000             -0.19485311512523545430
23.095000             -0.19436070797379567665
23.100000             -0.19384574260399256573
23.105000             -0.19330952412038740484
23.110000             -0.19275340575242147501
23.115000             -0.19217878675375416053
23.120000             -0.19158711024106148124
23.125000             -0.19097986088286530992
23.130000             -0.19035856235341883091
23.135000             -0.18972477447740654366
23.140000             -0.18908009000747610928
23.145000             -0.18842613099726274184
23.150000             -0.18776454475618098439
23.155000             -0.18709699939722795881
23.160000             -0.18642517901369221045
23.165000             -0.18575077854333030269
23.170000             -0.18507549839777406864
23.175000             -0.18440103894938428275
23.180000             -0.18372909497656822464
23.185000             -0.18306135017117214359
23.190000             -0.18239947180783253056
23.195000             -0.18174510566541907108
23.200000             -0.18109987127565543852
23.205000             -0.18046535755467421613
23.210000             -0.17984311885103085316
23.215000             -0.17923467142003665642
23.220000             -0.17864149031078424557
23.225000             -0.17806500663050028876
23.230000             -0.17750660513228019854
23.235000             -0.17696762205806687573
23.240000             -0.17644934315978968997
23.245000             -0.17595300181846157406
23.250000             -0.17547977718382418155
23.255000             -0.17503079226561099602
23.260000             -0.17460711192098554712
23.265000             -0.17420974070025874170
23.270000             -0.17383962053331891706
23.275000             -0.17349762826093173551
23.280000             -0.17318457303665940605
23.285000             -0.17290119364514025535
23.290000             -0.17264815579950340552
23.295000             -0.17242604949361420297
23.300000             -0.17223538649279918067
23.305000             -0.17207659804915306778
23.310000             -0.17195003292437061049
23.315000             -0.17185595579444981618
23.320000             -0.17179454609724773007
23.325000             -0.17176589736657699170
23.330000             -0.17177001707653663520
23.335000             -0.17180682699836835603
23.340000             -0.17187616405076294734
23.345000             -0.17197778160461529851
23.350000             -0.17211135118601147975
23.355000             -0.17227646450786907040
23.360000             -0.17247263575193055862
23.365000             -0.17269930401925917551
23.370000             -0.17295583586919324737
23.375000             -0.17324152787361166150
23.380000             -0.17355560912488476877
23.385000             -0.17389724365112260718
23.390000             -0.17426553271023631497
23.395000             -0.17465951695362602614
23.400000             -0.17507817846966045039
23.405000             -0.17552044273520853168
23.410000             -0.17598518051906339443
23.415000             -0.17647120979315489286
23.420000             -0.17697729771513068253
23.425000             -0.17750216274875696421
23.430000             -0.17804447698641823195
23.435000             -0.17860286873102135252
23.440000             -0.17917592538326290730
23.445000             -0.17976219666535472874
23.450000             -0.18036019819488172122
23.455000             -0.18096841540370967039
23.460000             -0.18158530777801812350
23.465000             -0.18220931337786208659
23.470000             -0.18283885357933274407
23.475000             -0.18347233797041481718
23.480000             -0.18410816932376053434
23.485000             -0.18474474856634454101
23.490000             -0.18538047966747162043
23.495000             -0.18601377437275642968
23.500000             -0.18664305672201378372
23.505000             -0.18726676730276164973
23.510000             -0.18788336720730156038
23.515000             -0.18849134167897305114
23.520000             -0.18908920345101370986
23.525000             -0.18967549579827713835
23.530000             -0.19024879533677582777
23.535000             -0.19080771461765680397
23.540000             -0.19135090457003844922
23.545000             -0.19187705685068726091
23.550000             -0.19238490615756809188
23.555000             -0.19287323255903301988
23.560000             -0.19334086388119278710
23.565000             -0.19378667818354705643
23.570000             -0.19420960633811182316
23.575000             -0.19460863471111958245
23.580000             -0.19498280793000580258
23.585000             -0.19533123170295577098
23.590000             -0.19565307564483089275
23.595000             -0.19594757605272569712
23.600000             -0.19621403856745214811
23.605000             -0.19645184065434648235
23.610000             -0.19666043383815695611
23.615000             -0.19683934563227112324
23.620000             -0.19698818111181801149
23.625000             -0.19710662409259441241
23.630000             -0.19719443789248514154
23.635000             -0.19725146566808982040
23.640000             -0.19727763033557732530
23.645000             -0.19727293410029358989
23.650000             -0.19723745763334046832
23.655000             -0.19717135894435403043
23.660000             -0.19707487200735349098
23.665000             -0.19694830520035799815
23.670000             -0.19679203961927932420
23.675000             -0.19660652732247724250
23.680000             -0.19639228955466669913
23.685000             -0.19614991498814568494
23.690000             -0.19588005800637872666
23.695000             -0.19558343704071237679
23.700000             -0.19526083295644136584
23.705000             -0.19491308747057978223
23.710000             -0.19454110157146717319
23.715000             -0.19414583390061235235
23.720000             -0.19372829905056843103
23.725000             -0.19328956572961739080
23.730000             -0.19283075474476590871
23.735000             -0.19235303675901097020
23.740000             -0.19185762978664835932
23.745000             -0.19134579640108498322
23.750000             -0.19081884064240384191
23.755000             -0.19027810462599040187
23.760000             -0.18972496486789250381
23.765000             -0.18916082835630876335
23.770000             -0.18858712841078317801
23.775000             -0.18800532038050649097
23.780000             -0.18741687724000127835
23.785000             -0.18682328514391602359
23.790000             -0.18622603900253600906
23.795000             -0.18562663813592880646
23.800000             -0.18502658205771646549
23.805000             -0.18442736642974152939
23.810000             -0.18383047921712900030
23.815000             -0.18323739706015459983
23.820000             -0.18264958186590318778
23.825000             -0.18206847760975161665
23.830000             -0.18149550732516034346
23.835000             -0.18093207025083790640
23.840000             -0.18037953909765616634
23.845000             -0.17983925739416667389
23.850000             -0.17931253686938836145
23.855000             -0.17880065483467924570
23.860000             -0.17830485153269487464
23.865000             -0.17782632743024948119
23.870000             -0.17736624044265383859
23.875000             -0.17692570308908434074
23.880000             -0.17650577959088395441
23.885000             -0.17610748293656044994
23.890000             -0.17573177194781364197
23.895000             -0.17537954838947672487
23.900000             -0.17505165417220389101
23.905000             -0.17474886869969957770
23.910000             -0.17447190641204163297
23.915000             -0.17422141457324560876
23.920000             -0.17399797134486932881
23.925000             -0.17380208417859646652
23.930000             -0.17363418854995926743
23.935000             -0.17349464704337932974
23.940000             -0.17338374878630552489
23.945000             -0.17330170921822707353
23.950000             -0.17324867016950287746
23.955000             -0.17322470021597699552
23.960000             -0.17322979526878390377
23.965000             -0.17326387935499951154
23.970000             -0.17332680554403426254
23.975000             -0.17341835697691299067
23.980000             -0.17353824796061725899
23.985000             -0.17368612509709194236
23.990000             -0.17386156842578695536
23.995000             -0.17406409256906182903
24.000000             -0.17429314788065411457
24.005000             -0.17454812160797505971
24.010000             -0.17482833908848002813
24.015000             -0.17513306500815428723
24.020000             -0.17546150475566749116
24.025000             -0.17581280590866801838
24.030000             -0.17618605988877247825
24.035000             -0.17658030381907868778
24.040000             -0.17699452261266399034
24.045000             -0.17742765131290483271
24.050000             -0.17787857769707110522
24.055000             -0.17834614514414889874
24.060000             -0.17882915575691218923
24.065000             -0.17932637371763898715
24.070000             -0.17983652884723896892
24.075000             -0.18035832032954365878
24.080000             -0.18089042055663712150
24.085000             -0.18143147904772202739
24.090000             -0.18198012639332644680
24.095000             -0.18253497817867142539
24.100000             -0.18309463884456592120
24.105000             -0.18365770545095169708
24.110000             -0.18422277131668693406
24.115000             -0.18478842951876317535
24.120000             -0.18535327624423317272
24.125000             -0.18591591399799234363
24.130000             -0.18647495467856398110
24.135000             -0.18702902254157255379
24.140000             -0.18757675707618312599
24.145000             -0.18811681582305689320
24.150000             -0.18864787716316500088
24.155000             -0.18916864310506664726
24.160000             -0.18967784209415108898
24.165000             -0.19017423186118972978
24.170000             -0.19065660231975314898
24.175000             -0.19112377851323053557
24.180000             -0.19157462360288018965
24.185000             -0.19200804187928546818
24.190000             -0.19242298177130912062
24.195000             -0.19281843881979812694
24.200000             -0.19319345857827008306
24.205000             -0.19354713940001588846
24.210000             -0.19387863507063274326
24.215000             -0.19418715724699667224
24.220000             -0.19447197766796583962
24.225000             -0.19473243010836951972
24.230000             -0.19496791205570079830
24.235000             -0.19517788609782577014
24.240000             -0.19536188101942442152
24.245000             -0.19551949261411652459
24.250000             -0.19565038422775832272
24.255000             -0.19575428705564526521
24.260000             -0.19583100022189267597
24.265000             -0.19588039067275450633
24.270000             -0.19590239291689104384
24.275000             -0.19589700864458017837
24.280000             -0.19586430625469045119
24.285000             -0.19580442031316541707
24.290000             -0.19571755096020107545
24.295000             -0.19560396327568788100
24.300000             -0.19546398660442648731
24.305000             -0.19529801383463782360
24.310000             -0.19510650061597747951
24.315000             -0.19488996449711792902
24.320000             -0.19464898395841101486
24.325000             -0.19438419731252051803
24.330000             -0.19409630144537426411
24.335000             -0.19378605037139828848
24.340000             -0.19345425358062889876
24.345000             -0.19310177416073553980
24.350000             -0.19272952668384221719
24.355000             -0.19233847485587987625
24.360000             -0.19192962893449086459
24.365000             -0.19150404292972747489
24.370000             -0.19106281160937130248
24.375000             -0.19060706733719381956
24.380000             -0.19013797677743626835
24.385000             -0.18965673750194084191
24.390000             -0.18916457453749427331
24.395000             -0.18866273689003829062
24.400000             -0.18815249407951831206
24.405000             -0.18763513271453899356
24.410000             -0.18711195312996625750
24.415000             -0.18658426610362241482
24.420000             -0.18605338966072534901
24.425000             -0.18552064596724479606
24.430000             -0.18498735830639684297
24.435000             -0.18445484812653165085
24.440000             -0.18392443214408363272
24.445000             -0.18339741948233867497
24.450000             -0.18287510882571608728
24.455000             -0.18235878557009782552
24.460000             -0.18184971895240936712
24.465000             -0.18134915914692861794
24.470000             -0.18085833432140024923
24.475000             -0.18037844765252936119
24.480000             -0.17991067430738716393
24.485000             -0.17945615840419557041
24.490000             -0.17901600997236874480
24.495000             -0.17859130193718017465
24.500000             -0.17818306715855963818
24.505000             -0.17779229555608516700
24.510000             -0.17741993135299791162
24.515000             -0.17706687047100752586
24.520000             -0.17673395810483508162
24.525000             -0.17642198650103965707
24.530000             -0.17613169295999828168
24.535000             -0.17586375807330706378
24.540000             -0.17561880420180756013
24.545000             -0.17539739419233180140
24.550000             -0.17520003032460240711
24.555000             -0.17502715347389968814
24.560000             -0.17487914247050800887
24.565000             -0.17475631363382568284
24.570000             -0.17465892045756756246
24.575000             -0.17458715342272251858
24.580000             -0.17454113991684486185
24.585000             -0.17452094424163694386
24.590000             -0.17452656769539331982
24.595000             -0.17455794872235000370
24.600000             -0.17461496312693441935
24.605000             -0.17469742435688997984
24.610000             -0.17480508386485338335
24.615000             -0.17493763156275790593
24.620000             -0.17509469638712807371
24.625000             -0.17527584699560383452
24.630000             -0.17548059261577542145
24.635000             -0.17570838406651642649
24.640000             -0.17595861496956266556
24.645000             -0.17623062316522661308
24.650000             -0.17652369234112522123
24.655000             -0.17683705387695899947
24.660000             -0.17716988890208798524
24.665000             -0.17752133055631150182
24.670000             -0.17789046643828992922
24.675000             -0.17827634122082056112
24.680000             -0.17867795940801792232
24.685000             -0.17909428820662787185
24.690000             -0.17952426048235065048
24.695000             -0.17996677777225963957
24.700000             -0.18042071332611819834
24.705000             -0.18088491515246937769
24.710000             -0.18135820904959623623
24.715000             -0.18183940160649361695
24.720000             -0.18232728316451529693
24.725000             -0.18282063073597415448
24.730000             -0.18331821088129482411
24.735000             -0.18381878255098929587
24.740000             -0.18432109990242578901
24.745000             -0.18482391510386098066
24.750000             -0.18532598113933712591
24.755000             -0.18582605462774592908
24.760000             -0.18632289866767309805
24.765000             -0.18681528571667765926
24.770000             -0.18730200050965695180
24.775000             -0.18778184301617309448
24.780000             -0.18825363143141124467
24.785000             -0.18871620519016829576
24.790000             -0.18916842798828467642
24.795000             -0.18960919079158977674
24.800000             -0.19003741480901320537
24.805000             -0.19045205440427348531
24.810000             -0.19085209991961996079
24.815000             -0.19123658038556073935
24.820000             -0.19160456609231849012
24.825000             -0.19195517100179673720
24.830000             -0.19228755498292712800
24.835000             -0.19260092585810731358
24.840000             -0.19289454125376190308
24.845000             -0.19316771025345716439
24.850000             -0.19341979485721078058
24.855000             -0.19365021125524234380
24.860000             -0.19385843092821908318
24.865000             -0.19404398158874586189
24.870000             -0.19420644798036926226
24.875000             -0.19434547255056092152
24.880000             -0.19446075601310836012
24.885000             -0.19455205781312551183
24.890000             -0.19461919650471529164
24.895000             -0.19466205004740635975
24.900000             -0.19468055602313832919
24.905000             -0.19467471177111714264
24.910000             -0.19464457443361762867
24.915000             -0.19459026090207887094
24.920000             -0.19451194764991538988
24.925000             -0.19440987043652807609
24.930000             -0.19428432386622254691
24.935000             -0.19413566078617369715
24.940000             -0.19396429150920854734
24.945000             -0.19377068284990386915
24.950000             -0.19355535696615899788
24.955000             -0.19331889000275184753
24.960000             -0.19306191053815643932
24.965000             -0.19278509784078992628
24.970000             -0.19248917994553649269
24.975000             -0.19217493156560319645
24.980000             -0.19184317185820279339
24.985000             -0.19149476206506535481
24.990000             -0.19113060305016654761
